Date,Open,High,Low,Close,Adj Close,Volume
1992-09-22,2.0,2.0,1.875,1.90625,1.90625,2121200
1992-09-23,1.90625,1.96875,1.875,1.9375,1.9375,402800
1992-09-24,1.9375,1.96875,1.875,1.9375,1.9375,197200
1992-09-25,1.9375,1.96875,1.875,1.90625,1.90625,556000
1992-09-28,1.90625,1.96875,1.875,1.9375,1.9375,69600
1992-09-29,1.9375,2.0,1.875,1.90625,1.90625,734800
1992-09-30,2.0,2.0625,1.90625,2.03125,2.03125,406800
1992-10-01,1.96875,2.0,1.90625,1.90625,1.90625,170800
1992-10-02,1.90625,2.0,1.90625,1.9375,1.9375,248400
1992-10-05,1.96875,1.96875,1.84375,1.90625,1.90625,416000
1992-10-06,1.90625,1.9375,1.84375,1.875,1.875,494400
1992-10-07,1.90625,1.9375,1.90625,1.9375,1.9375,109200
1992-10-08,1.9375,2.03125,1.90625,2.03125,2.03125,274800
1992-10-09,2.03125,2.03125,1.96875,2.0,2.0,102400
1992-10-12,1.96875,2.03125,1.96875,2.03125,2.03125,39200
1992-10-13,1.96875,2.125,1.96875,2.125,2.125,182800
1992-10-14,2.125,2.1875,2.0625,2.0625,2.0625,287200
1992-10-15,2.0625,2.09375,2.0625,2.0625,2.0625,80800
1992-10-16,2.0625,2.09375,2.0625,2.09375,2.09375,71600
1992-10-19,2.0625,2.09375,2.0625,2.09375,2.09375,33600
1992-10-20,2.125,2.125,2.0625,2.125,2.125,28400
1992-10-21,2.0625,2.125,2.0625,2.0625,2.0625,45600
1992-10-22,2.0625,2.125,2.0625,2.09375,2.09375,132400
1992-10-23,2.09375,2.09375,2.0625,2.0625,2.0625,58000
1992-10-26,2.09375,2.09375,2.0625,2.0625,2.0625,4000
1992-10-27,2.0625,2.125,2.0625,2.0625,2.0625,68400
1992-10-28,2.09375,2.15625,2.0625,2.0625,2.0625,143200
1992-10-29,2.09375,2.125,2.09375,2.09375,2.09375,140400
1992-10-30,2.09375,2.09375,2.09375,2.09375,2.09375,1600
1992-11-02,2.09375,2.125,2.09375,2.125,2.125,12800
1992-11-03,2.125,2.125,2.0625,2.0625,2.0625,60400
1992-11-04,2.0625,2.15625,2.0625,2.0625,2.0625,24000
1992-11-05,2.0625,2.125,2.0625,2.0625,2.0625,33200
1992-11-06,2.15625,2.15625,2.0625,2.15625,2.15625,65600
1992-11-09,2.15625,2.15625,2.09375,2.15625,2.15625,43600
1992-11-10,2.15625,2.1875,2.09375,2.1875,2.1875,89600
1992-11-11,2.15625,2.1875,2.15625,2.1875,2.1875,44400
1992-11-12,2.125,2.375,2.125,2.34375,2.34375,320800
1992-11-13,2.375,2.375,2.28125,2.375,2.375,50800
1992-11-16,2.3125,2.40625,2.3125,2.34375,2.34375,64400
1992-11-17,2.34375,2.375,2.3125,2.375,2.375,92000
1992-11-18,2.375,2.375,2.3125,2.3125,2.3125,52000
1992-11-19,2.375,2.375,2.3125,2.3125,2.3125,20000
1992-11-20,2.3125,2.375,2.3125,2.375,2.375,36000
1992-11-23,2.375,2.375,2.3125,2.3125,2.3125,122400
1992-11-24,2.3125,2.375,2.25,2.3125,2.3125,354800
1992-11-25,2.3125,2.375,2.3125,2.3125,2.3125,30000
1992-11-27,2.40625,2.5,2.34375,2.5,2.5,248000
1992-11-30,2.5,2.53125,2.40625,2.5,2.5,360000
1992-12-01,2.46875,2.5,2.40625,2.46875,2.46875,78800
1992-12-02,2.46875,2.46875,2.40625,2.40625,2.40625,67200
1992-12-03,2.46875,2.46875,2.40625,2.40625,2.40625,44400
1992-12-04,2.46875,2.46875,2.34375,2.40625,2.40625,257200
1992-12-07,2.40625,2.4375,2.34375,2.4375,2.4375,48000
1992-12-08,2.4375,2.65625,2.375,2.625,2.625,800000
1992-12-09,2.65625,2.6875,2.5625,2.6875,2.6875,432000
1992-12-10,2.75,2.75,2.65625,2.75,2.75,118000
1992-12-11,2.75,2.8125,2.65625,2.8125,2.8125,279200
1992-12-14,2.78125,3.0,2.75,3.0,3.0,486800
1992-12-15,3.0,3.03125,2.9375,3.0,3.0,277600
1992-12-16,3.0,3.0,2.84375,2.875,2.875,204000
1992-12-17,2.9375,2.96875,2.875,2.875,2.875,59200
1992-12-18,2.96875,2.96875,2.84375,2.9375,2.9375,80800
1992-12-21,2.875,2.9375,2.84375,2.84375,2.84375,76400
1992-12-22,2.9375,2.9375,2.71875,2.71875,2.71875,156000
1992-12-23,2.71875,2.78125,2.5625,2.5625,2.5625,166400
1992-12-24,2.5625,2.6875,2.5625,2.6875,2.6875,44000
1992-12-28,2.6875,2.6875,2.5625,2.5625,2.5625,318800
1992-12-29,2.6875,2.75,2.59375,2.75,2.75,209200
1992-12-30,2.625,2.8125,2.625,2.8125,2.8125,56800
1992-12-31,2.8125,2.8125,2.71875,2.75,2.75,26400
1993-01-04,2.8125,2.8125,2.6875,2.6875,2.6875,36400
1993-01-05,2.75,2.78125,2.6875,2.75,2.75,46000
1993-01-06,2.6875,2.78125,2.6875,2.6875,2.6875,34400
1993-01-07,2.8125,2.96875,2.78125,2.875,2.875,156400
1993-01-08,2.875,2.9375,2.875,2.9375,2.9375,114000
1993-01-11,2.9375,2.9375,2.875,2.90625,2.90625,158000
1993-01-12,2.9375,2.9375,2.875,2.875,2.875,56400
1993-01-13,2.875,2.875,2.6875,2.6875,2.6875,131600
1993-01-14,2.8125,2.8125,2.75,2.8125,2.8125,255200
1993-01-15,2.75,2.9375,2.75,2.9375,2.9375,193600
1993-01-18,2.9375,3.125,2.875,3.0625,3.0625,312400
1993-01-19,3.125,3.125,2.875,3.0,3.0,273200
1993-01-20,3.0,3.0,2.875,3.0,3.0,113200
1993-01-21,3.0,3.0,2.875,2.875,2.875,49200
1993-01-22,3.0,3.0,2.875,3.0,3.0,102000
1993-01-25,3.0,3.0,2.875,2.875,2.875,77200
1993-01-26,2.9375,2.9375,2.8125,2.8125,2.8125,111600
1993-01-27,2.8125,2.9375,2.8125,2.875,2.875,52000
1993-01-28,2.875,3.0,2.8125,3.0,3.0,331600
1993-01-29,2.9375,3.0,2.90625,2.96875,2.96875,46800
1993-02-01,2.96875,2.96875,2.90625,2.96875,2.96875,70000
1993-02-02,2.90625,2.96875,2.90625,2.9375,2.9375,6000
1993-02-03,2.9375,3.0,2.9375,3.0,3.0,72400
1993-02-04,2.9375,3.09375,2.9375,3.0,3.0,128400
1993-02-05,3.09375,3.09375,2.96875,3.09375,3.09375,22800
1993-02-08,3.09375,3.15625,3.0,3.03125,3.03125,74000
1993-02-09,3.09375,3.15625,3.03125,3.09375,3.09375,58800
1993-02-10,3.15625,3.15625,3.03125,3.03125,3.03125,46400
1993-02-11,3.15625,3.15625,3.0625,3.15625,3.15625,213200
1993-02-12,3.15625,3.1875,3.03125,3.1875,3.1875,192400
1993-02-16,3.1875,3.375,3.09375,3.34375,3.34375,404800
1993-02-17,3.375,3.4375,3.25,3.4375,3.4375,266000
1993-02-18,3.5,3.75,3.4375,3.65625,3.65625,1084400
1993-02-19,3.6875,3.75,3.5625,3.59375,3.59375,515600
1993-02-22,3.625,3.625,3.1875,3.25,3.25,314400
1993-02-23,3.125,3.25,2.9375,3.0,3.0,899200
1993-02-24,3.0,3.125,3.0,3.09375,3.09375,230800
1993-02-25,3.125,3.125,3.0625,3.0625,3.0625,79200
1993-02-26,3.125,3.1875,3.0625,3.125,3.125,29200
1993-03-01,3.1875,3.1875,3.125,3.125,3.125,35200
1993-03-02,3.125,3.3125,3.125,3.25,3.25,378400
1993-03-03,3.25,3.4375,3.25,3.3125,3.3125,97600
1993-03-04,3.4375,3.4375,3.3125,3.4375,3.4375,144000
1993-03-05,3.4375,3.4375,3.3125,3.3125,3.3125,67200
1993-03-08,3.4375,3.4375,3.25,3.375,3.375,123200
1993-03-09,3.34375,3.375,3.125,3.3125,3.3125,73200
1993-03-10,3.3125,3.5,3.3125,3.46875,3.46875,130000
1993-03-11,3.5,3.6875,3.4375,3.4375,3.4375,491600
1993-03-12,3.5625,3.5625,3.375,3.5,3.5,32400
1993-03-15,3.5625,3.5625,3.3125,3.375,3.375,74800
1993-03-16,3.375,3.375,3.25,3.25,3.25,26400
1993-03-17,3.1875,3.25,3.125,3.25,3.25,53600
1993-03-18,3.125,3.25,3.125,3.1875,3.1875,11600
1993-03-19,3.1875,3.25,3.0,3.125,3.125,148000
1993-03-22,3.0,3.0625,2.8125,3.0,3.0,163200
1993-03-23,2.9375,3.0625,2.9375,3.0625,3.0625,34400
1993-03-24,3.0625,3.0625,2.9375,3.0625,3.0625,137600
1993-03-25,3.0625,3.125,3.0,3.0625,3.0625,69200
1993-03-26,3.0,3.03125,3.0,3.03125,3.03125,17600
1993-03-29,3.125,3.125,3.0,3.0625,3.0625,87200
1993-03-30,3.0,3.125,3.0,3.09375,3.09375,41200
1993-03-31,3.125,3.1875,3.0625,3.1875,3.1875,34000
1993-04-01,3.125,3.1875,3.125,3.15625,3.15625,87200
1993-04-02,3.1875,3.25,3.0625,3.0625,3.0625,22800
1993-04-05,3.0625,3.1875,3.0,3.125,3.125,32800
1993-04-06,3.0625,3.125,2.9375,3.0,3.0,36400
1993-04-07,2.9375,3.0625,2.9375,3.0625,3.0625,4000
1993-04-08,2.9375,3.0,2.75,2.875,2.875,296800
1993-04-12,2.8125,3.0,2.8125,3.0,3.0,84800
1993-04-13,2.875,3.0,2.875,2.875,2.875,1600
1993-04-14,2.875,3.0,2.875,2.96875,2.96875,14800
1993-04-15,3.0,3.125,2.875,3.0,3.0,154800
1993-04-16,3.0625,3.0625,3.0,3.03125,3.03125,46400
1993-04-19,3.0,3.125,3.0,3.03125,3.03125,266000
1993-04-20,3.125,3.125,3.0,3.0625,3.0625,264800
1993-04-21,2.96875,3.03125,2.9375,3.0,3.0,103600
1993-04-22,3.0625,3.0625,2.9375,2.9375,2.9375,56400
1993-04-23,2.9375,3.0,2.875,2.9375,2.9375,18800
1993-04-26,2.875,3.0,2.875,2.90625,2.90625,23600
1993-04-27,2.875,2.9375,2.875,2.9375,2.9375,19600
1993-04-28,3.0,3.0625,2.875,2.875,2.875,19200
1993-04-29,2.875,3.0625,2.875,3.03125,3.03125,322000
1993-04-30,3.0625,3.0625,2.875,2.9375,2.9375,197200
1993-05-03,2.9375,2.9375,2.8125,2.8125,2.8125,82400
1993-05-04,2.875,2.9375,2.8125,2.9375,2.9375,52800
1993-05-05,2.8125,2.875,2.75,2.875,2.875,96400
1993-05-06,2.8125,2.84375,2.625,2.84375,2.84375,424000
1993-05-07,2.875,2.9375,2.84375,2.84375,2.84375,127600
1993-05-10,2.84375,2.875,2.84375,2.875,2.875,19600
1993-05-11,3.0,3.0,2.84375,2.84375,2.84375,82000
1993-05-12,2.875,2.875,2.8125,2.875,2.875,103600
1993-05-13,2.8125,2.875,2.8125,2.875,2.875,202800
1993-05-14,2.9375,3.0,2.8125,2.9375,2.9375,43200
1993-05-17,3.0,3.0,2.9375,2.96875,2.96875,43200
1993-05-18,3.0625,3.0625,2.9375,3.0625,3.0625,69200
1993-05-19,2.9375,3.0625,2.9375,3.0625,3.0625,47200
1993-05-20,2.9375,3.0,2.9375,2.9375,2.9375,40400
1993-05-21,3.0625,3.0625,2.90625,3.0,3.0,34400
1993-05-24,2.875,3.0,2.875,2.875,2.875,21600
1993-05-25,3.0,3.0,2.9375,3.0,3.0,35200
1993-05-26,3.0,3.0,2.875,3.0,3.0,4400
1993-05-27,3.0,3.125,2.96875,3.0,3.0,163600
1993-05-28,3.125,3.125,3.0,3.0,3.0,12400
1993-06-01,3.125,3.1875,3.0,3.15625,3.15625,238400
1993-06-02,3.25,3.25,3.0625,3.15625,3.15625,116800
1993-06-03,3.25,3.25,3.125,3.25,3.25,263600
1993-06-04,3.25,3.3125,3.125,3.3125,3.3125,277600
1993-06-07,3.1875,3.375,3.1875,3.1875,3.1875,218800
1993-06-08,3.25,3.3125,3.1875,3.3125,3.3125,167200
1993-06-09,3.3125,3.3125,3.1875,3.21875,3.21875,187600
1993-06-10,3.25,3.375,3.21875,3.34375,3.34375,432800
1993-06-11,3.25,3.375,3.25,3.3125,3.3125,184800
1993-06-14,3.25,3.3125,3.25,3.3125,3.3125,103200
1993-06-15,3.25,3.3125,3.125,3.25,3.25,126400
1993-06-16,3.25,3.3125,3.125,3.3125,3.3125,134800
1993-06-17,3.1875,3.25,3.1875,3.25,3.25,106000
1993-06-18,3.25,3.25,3.125,3.25,3.25,35600
1993-06-21,3.125,3.25,3.125,3.25,3.25,28400
1993-06-22,3.125,3.25,3.125,3.15625,3.15625,31200
1993-06-23,3.3125,3.3125,3.125,3.1875,3.1875,161200
1993-06-24,3.1875,3.3125,3.1875,3.3125,3.3125,77600
1993-06-25,3.28125,3.3125,3.1875,3.25,3.25,192800
1993-06-28,3.25,3.3125,3.1875,3.1875,3.1875,40400
1993-06-29,3.1875,3.3125,3.1875,3.28125,3.28125,63200
1993-06-30,3.1875,3.3125,3.1875,3.28125,3.28125,151200
1993-07-01,3.3125,3.3125,3.1875,3.1875,3.1875,12800
1993-07-02,3.1875,3.25,3.1875,3.1875,3.1875,71600
1993-07-06,3.25,3.25,3.1875,3.1875,3.1875,14400
1993-07-07,3.1875,3.25,3.125,3.125,3.125,30800
1993-07-08,3.125,3.25,3.125,3.125,3.125,21200
1993-07-09,3.125,3.25,3.125,3.125,3.125,11600
1993-07-12,3.25,3.25,3.125,3.125,3.125,5200
1993-07-13,3.125,3.1875,3.0625,3.1875,3.1875,40000
1993-07-14,3.15625,3.1875,3.0625,3.0625,3.0625,71600
1993-07-15,3.1875,3.1875,2.9375,2.9375,2.9375,126400
1993-07-16,2.9375,2.9375,2.84375,2.9375,2.9375,72800
1993-07-19,2.875,2.9375,2.8125,2.8125,2.8125,70000
1993-07-20,2.8125,2.875,2.8125,2.8125,2.8125,181600
1993-07-21,2.8125,2.875,2.8125,2.875,2.875,156800
1993-07-22,2.875,2.875,2.625,2.625,2.625,364800
1993-07-23,2.625,2.625,2.375,2.625,2.625,391600
1993-07-26,2.5,2.625,2.5,2.5625,2.5625,186800
1993-07-27,2.5,2.5625,2.4375,2.5625,2.5625,87200
1993-07-28,2.5625,2.5625,2.4375,2.5625,2.5625,98800
1993-07-29,2.5625,2.5625,2.4375,2.4375,2.4375,834400
1993-07-30,2.4375,2.625,2.4375,2.5625,2.5625,205200
1993-08-02,2.5625,2.5625,2.4375,2.4375,2.4375,27600
1993-08-03,2.4375,2.5625,2.4375,2.5625,2.5625,162800
1993-08-04,2.5625,2.5625,2.4375,2.5625,2.5625,26800
1993-08-05,2.5625,2.5625,2.4375,2.4375,2.4375,47200
1993-08-06,2.5,2.625,2.4375,2.59375,2.59375,614800
1993-08-09,2.5625,2.6875,2.5625,2.6875,2.6875,145200
1993-08-10,2.75,2.8125,2.625,2.8125,2.8125,207200
1993-08-11,2.9375,3.0,2.875,3.0,3.0,123600
1993-08-12,3.0,3.0,2.875,2.875,2.875,89200
1993-08-13,2.875,2.9375,2.8125,2.84375,2.84375,230000
1993-08-16,2.8125,2.9375,2.8125,2.9375,2.9375,55600
1993-08-17,2.9375,2.9375,2.8125,2.9375,2.9375,37200
1993-08-18,2.8125,2.9375,2.8125,2.9375,2.9375,127600
1993-08-19,2.8125,2.9375,2.8125,2.8125,2.8125,162400
1993-08-20,2.8125,2.9375,2.8125,2.84375,2.84375,110800
1993-08-23,2.8125,2.875,2.8125,2.84375,2.84375,14800
1993-08-24,2.8125,2.875,2.8125,2.84375,2.84375,108000
1993-08-25,2.8125,2.875,2.75,2.78125,2.78125,171200
1993-08-26,2.75,2.75,2.75,2.75,2.75,20800
1993-08-27,2.6875,2.8125,2.6875,2.75,2.75,8800
1993-08-30,2.6875,2.8125,2.6875,2.6875,2.6875,46400
1993-08-31,2.8125,2.8125,2.6875,2.6875,2.6875,390000
1993-09-01,2.75,2.75,2.6875,2.6875,2.6875,230000
1993-09-02,2.6875,2.75,2.6875,2.6875,2.6875,103200
1993-09-03,2.75,2.75,2.625,2.71875,2.71875,213200
1993-09-07,2.6875,2.75,2.6875,2.71875,2.71875,372400
1993-09-08,2.6875,2.75,2.6875,2.6875,2.6875,183600
1993-09-09,2.6875,2.75,2.6875,2.75,2.75,176000
1993-09-10,2.75,2.8125,2.6875,2.8125,2.8125,184800
1993-09-13,2.8125,2.8125,2.6875,2.6875,2.6875,23200
1993-09-14,2.6875,2.8125,2.6875,2.8125,2.8125,12800
1993-09-15,2.6875,2.8125,2.6875,2.8125,2.8125,111200
1993-09-16,2.6875,2.8125,2.6875,2.75,2.75,38000
1993-09-17,2.6875,2.75,2.6875,2.75,2.75,100800
1993-09-20,2.6875,2.75,2.6875,2.75,2.75,19200
1993-09-21,2.6875,2.6875,2.4375,2.53125,2.53125,318800
1993-09-22,2.5,2.625,2.5,2.59375,2.59375,1042000
1993-09-23,2.5625,2.625,2.5,2.5,2.5,136000
1993-09-24,2.5,2.625,2.5,2.53125,2.53125,294800
1993-09-27,2.5,2.625,2.5,2.625,2.625,15200
1993-09-28,2.5,2.625,2.5,2.5,2.5,153600
1993-09-29,2.5,2.5625,2.5,2.5,2.5,320800
1993-09-30,2.5625,2.625,2.5,2.5,2.5,107200
1993-10-01,2.5,2.5625,2.5,2.5625,2.5625,7600
1993-10-04,2.5,2.625,2.5,2.625,2.625,54800
1993-10-05,2.625,2.625,2.5,2.53125,2.53125,298400
1993-10-06,2.5,2.625,2.5,2.5,2.5,20000
1993-10-07,2.5,2.625,2.5,2.5,2.5,227600
1993-10-08,2.625,2.625,2.5,2.5,2.5,189200
1993-10-11,2.625,2.625,2.5,2.625,2.625,11200
1993-10-12,2.625,2.625,2.5,2.625,2.625,94400
1993-10-13,2.53125,2.625,2.5,2.5,2.5,123200
1993-10-14,2.5,2.625,2.5,2.5625,2.5625,452400
1993-10-15,2.5,2.625,2.5,2.5625,2.5625,261600
1993-10-18,2.625,2.625,2.5625,2.5625,2.5625,30400
1993-10-19,2.625,2.625,2.5,2.5,2.5,1009200
1993-10-20,2.625,2.625,2.5,2.5,2.5,265600
1993-10-21,2.5625,2.625,2.5,2.5625,2.5625,56000
1993-10-22,2.5625,2.625,2.4375,2.625,2.625,71600
1993-10-25,2.625,2.625,2.5,2.5625,2.5625,628800
1993-10-26,2.625,2.6875,2.5625,2.6875,2.6875,387600
1993-10-27,2.5625,2.6875,2.5625,2.625,2.625,64400
1993-10-28,2.59375,2.8125,2.59375,2.71875,2.71875,435600
1993-10-29,2.6875,2.8125,2.6875,2.71875,2.71875,36000
1993-11-01,2.71875,2.71875,2.6875,2.6875,2.6875,48800
1993-11-02,2.875,2.875,2.625,2.625,2.625,24800
1993-11-03,2.625,2.75,2.5625,2.5625,2.5625,76000
1993-11-04,2.625,2.625,2.5625,2.625,2.625,39200
1993-11-05,2.625,2.6875,2.5625,2.5625,2.5625,38400
1993-11-08,2.5625,2.625,2.5625,2.625,2.625,12800
1993-11-09,2.5625,2.6875,2.5625,2.6875,2.6875,64400
1993-11-10,2.65625,2.65625,2.5625,2.625,2.625,21600
1993-11-11,2.6875,2.6875,2.5625,2.6875,2.6875,20000
1993-11-12,2.6875,2.6875,2.5625,2.6875,2.6875,59600
1993-11-15,2.6875,2.6875,2.5625,2.6875,2.6875,24400
1993-11-16,2.6875,2.6875,2.5625,2.5625,2.5625,137200
1993-11-17,2.5625,2.625,2.5625,2.5625,2.5625,34800
1993-11-18,2.625,2.625,2.5,2.5625,2.5625,163600
1993-11-19,2.5,2.625,2.5,2.5,2.5,27600
1993-11-22,2.625,2.625,2.5,2.5625,2.5625,240800
1993-11-23,2.625,2.625,2.5,2.5,2.5,178800
1993-11-24,2.625,2.625,2.5,2.5625,2.5625,8800
1993-11-26,2.5,2.5625,2.5,2.5625,2.5625,12800
1993-11-29,2.5625,2.5625,2.5,2.5625,2.5625,94400
1993-11-30,2.5,2.5625,2.5,2.5625,2.5625,16800
1993-12-01,2.5,2.625,2.5,2.5625,2.5625,48800
1993-12-02,2.5625,2.625,2.5,2.625,2.625,22800
1993-12-03,2.5,2.625,2.5,2.625,2.625,119600
1993-12-06,2.75,2.8125,2.65625,2.6875,2.6875,334800
1993-12-07,2.6875,2.6875,2.625,2.625,2.625,245600
1993-12-08,2.6875,2.8125,2.625,2.8125,2.8125,282400
1993-12-09,2.8125,2.8125,2.6875,2.8125,2.8125,60000
1993-12-10,2.6875,2.8125,2.6875,2.6875,2.6875,11600
1993-12-13,2.6875,2.8125,2.6875,2.75,2.75,63600
1993-12-14,2.6875,2.8125,2.6875,2.71875,2.71875,680000
1993-12-15,2.75,2.75,2.6875,2.6875,2.6875,52800
1993-12-16,2.6875,2.6875,2.625,2.625,2.625,126000
1993-12-17,2.625,2.75,2.625,2.625,2.625,84400
1993-12-20,2.625,2.75,2.625,2.625,2.625,4000
1993-12-21,2.625,2.75,2.625,2.625,2.625,103200
1993-12-22,2.625,2.75,2.625,2.6875,2.6875,36800
1993-12-23,2.625,2.6875,2.625,2.625,2.625,12000
1993-12-27,2.625,2.75,2.625,2.625,2.625,29600
1993-12-28,2.625,2.75,2.625,2.625,2.625,87600
1993-12-29,2.625,2.6875,2.625,2.625,2.625,14400
1993-12-30,2.75,2.75,2.625,2.75,2.75,2000
1993-12-31,2.625,2.6875,2.625,2.625,2.625,38800
1994-01-03,2.75,2.75,2.625,2.625,2.625,16400
1994-01-04,2.625,2.75,2.625,2.6875,2.6875,59600
1994-01-05,2.65625,2.75,2.625,2.75,2.75,89600
1994-01-06,2.75,2.75,2.625,2.625,2.625,33200
1994-01-07,2.625,2.6875,2.625,2.625,2.625,106400
1994-01-10,2.625,2.78125,2.625,2.75,2.75,83600
1994-01-11,2.75,2.90625,2.6875,2.84375,2.84375,466000
1994-01-12,2.875,2.875,2.75,2.8125,2.8125,56800
1994-01-13,2.8125,2.875,2.75,2.8125,2.8125,312800
1994-01-14,2.8125,2.875,2.8125,2.8125,2.8125,12000
1994-01-17,2.8125,2.84375,2.8125,2.8125,2.8125,8400
1994-01-18,2.875,2.875,2.8125,2.8125,2.8125,46800
1994-01-19,2.8125,2.8125,2.75,2.75,2.75,178000
1994-01-20,2.875,2.875,2.75,2.8125,2.8125,307200
1994-01-21,2.75,2.875,2.75,2.875,2.875,288800
1994-01-24,2.8125,3.0625,2.8125,3.03125,3.03125,710000
1994-01-25,3.0,3.125,3.0,3.03125,3.03125,156800
1994-01-26,3.0,3.1875,3.0,3.09375,3.09375,679200
1994-01-27,3.1875,3.1875,3.0625,3.125,3.125,94800
1994-01-28,3.21875,3.3125,3.125,3.1875,3.1875,1165200
1994-01-31,3.125,3.28125,3.125,3.25,3.25,255200
1994-02-01,3.1875,3.3125,3.1875,3.1875,3.1875,66400
1994-02-02,3.1875,3.3125,3.1875,3.3125,3.3125,374000
1994-02-03,3.3125,3.375,3.25,3.25,3.25,42800
1994-02-04,3.25,3.28125,3.125,3.125,3.125,325600
1994-02-07,3.125,3.21875,3.0625,3.21875,3.21875,275600
1994-02-08,3.125,3.1875,3.125,3.1875,3.1875,94000
1994-02-09,3.125,3.21875,3.125,3.21875,3.21875,170400
1994-02-10,3.125,3.25,3.125,3.125,3.125,26800
1994-02-11,3.125,3.1875,3.125,3.1875,3.1875,104000
1994-02-14,3.125,3.1875,3.125,3.125,3.125,94400
1994-02-15,3.125,3.25,3.125,3.1875,3.1875,62000
1994-02-16,3.1875,3.28125,3.1875,3.1875,3.1875,47200
1994-02-17,3.1875,3.3125,3.1875,3.3125,3.3125,8800
1994-02-18,3.1875,3.28125,3.1875,3.25,3.25,193200
1994-02-22,3.25,3.3125,3.25,3.25,3.25,35600
1994-02-23,3.25,3.4375,3.25,3.4375,3.4375,432800
1994-02-24,3.4375,3.4375,3.25,3.34375,3.34375,73600
1994-02-25,3.375,3.375,3.25,3.28125,3.28125,33200
1994-02-28,3.25,3.375,3.25,3.375,3.375,34400
1994-03-01,3.25,3.375,3.25,3.28125,3.28125,65200
1994-03-02,3.25,3.28125,3.25,3.25,3.25,35600
1994-03-03,3.25,3.375,3.25,3.34375,3.34375,113600
1994-03-04,3.25,3.4375,3.25,3.4375,3.4375,212000
1994-03-07,3.3125,3.4375,3.3125,3.375,3.375,138800
1994-03-08,3.375,3.375,3.375,3.375,3.375,28800
1994-03-09,3.3125,3.5,3.3125,3.3125,3.3125,2800
1994-03-10,3.34375,3.375,3.3125,3.3125,3.3125,41600
1994-03-11,3.3125,3.4375,3.3125,3.375,3.375,44800
1994-03-14,3.4375,3.4375,3.375,3.4375,3.4375,530800
1994-03-15,3.375,3.4375,3.375,3.375,3.375,44400
1994-03-16,3.4375,3.4375,3.375,3.375,3.375,63200
1994-03-17,3.375,3.5625,3.375,3.4375,3.4375,433600
1994-03-18,3.5,3.5625,3.4375,3.5625,3.5625,30000
1994-03-21,3.4375,3.5625,3.4375,3.4375,3.4375,12000
1994-03-22,3.4375,3.5,3.4375,3.5,3.5,14000
1994-03-23,3.5625,3.5625,3.4375,3.5,3.5,9600
1994-03-24,3.4375,3.5,3.4375,3.4375,3.4375,122000
1994-03-25,3.4375,3.5,3.4375,3.5,3.5,28800
1994-03-28,3.4375,3.4375,3.375,3.40625,3.40625,31200
1994-03-29,3.375,3.5,3.375,3.46875,3.46875,102000
1994-03-30,3.375,3.4375,3.3125,3.3125,3.3125,297200
1994-03-31,3.3125,3.34375,3.0625,3.125,3.125,214000
1994-04-04,3.1875,3.1875,3.0625,3.0625,3.0625,269600
1994-04-05,3.1875,3.1875,3.0625,3.125,3.125,301600
1994-04-06,3.0625,3.1875,3.0625,3.1875,3.1875,165200
1994-04-07,3.0625,3.125,3.0625,3.125,3.125,459600
1994-04-08,3.0625,3.1875,3.0625,3.0625,3.0625,178800
1994-04-11,3.0625,3.125,3.0625,3.0625,3.0625,135200
1994-04-12,3.0625,3.09375,3.0625,3.09375,3.09375,48800
1994-04-13,3.0625,3.125,3.0625,3.125,3.125,104400
1994-04-14,3.0,3.0625,3.0,3.0,3.0,106400
1994-04-15,3.0,3.03125,3.0,3.0,3.0,20800
1994-04-18,3.0,3.09375,3.0,3.0625,3.0625,139200
1994-04-19,3.0625,3.0625,3.0,3.0,3.0,316400
1994-04-20,3.0,3.0625,2.9375,2.9375,2.9375,264400
1994-04-21,2.9375,3.0,2.875,2.875,2.875,49200
1994-04-22,2.875,2.9375,2.875,2.9375,2.9375,21600
1994-04-25,3.0,3.0,2.875,2.875,2.875,29200
1994-04-26,2.875,3.0,2.875,2.875,2.875,62000
1994-04-28,2.890625,3.0,2.875,3.0,3.0,90800
1994-04-29,2.875,2.90625,2.75,2.875,2.875,215600
1994-05-02,2.9375,2.9375,2.8125,2.875,2.875,12800
1994-05-03,2.875,3.0,2.875,2.984375,2.984375,84400
1994-05-04,2.90625,2.90625,2.875,2.875,2.875,39200
1994-05-05,2.8125,2.9375,2.8125,2.8125,2.8125,32000
1994-05-06,2.8125,2.8125,2.75,2.75,2.75,10000
1994-05-09,2.75,2.875,2.75,2.75,2.75,6800
1994-05-10,2.6875,2.6875,2.625,2.625,2.625,65200
1994-05-11,2.625,2.6875,2.625,2.625,2.625,102400
1994-05-12,2.625,2.75,2.625,2.65625,2.65625,76800
1994-05-13,2.625,2.65625,2.625,2.625,2.625,104400
1994-05-16,2.75,2.75,2.75,2.75,2.75,10000
1994-05-17,2.625,2.625,2.625,2.625,2.625,25200
1994-05-18,2.75,2.75,2.625,2.625,2.625,11600
1994-05-19,2.625,2.75,2.625,2.625,2.625,18000
1994-05-20,2.625,2.75,2.625,2.6875,2.6875,10000
1994-05-23,2.75,2.75,2.6875,2.6875,2.6875,26800
1994-05-24,2.75,2.75,2.625,2.625,2.625,2000
1994-05-25,2.71875,2.71875,2.625,2.6875,2.6875,104400
1994-05-26,2.6875,2.9375,2.625,2.875,2.875,157600
1994-05-27,2.9375,2.9375,2.8125,2.8125,2.8125,64000
1994-05-31,2.8125,2.9375,2.8125,2.8125,2.8125,28000
1994-06-01,2.8125,2.9375,2.8125,2.9375,2.9375,41200
1994-06-02,2.8125,2.9375,2.8125,2.8125,2.8125,5200
1994-06-03,2.8125,2.875,2.8125,2.875,2.875,20400
1994-06-06,2.8125,2.875,2.75,2.8125,2.8125,180000
1994-06-07,2.78125,2.8125,2.75,2.8125,2.8125,4400
1994-06-08,2.875,2.875,2.75,2.75,2.75,1200
1994-06-09,2.75,2.875,2.75,2.875,2.875,4800
1994-06-10,2.75,2.875,2.75,2.78125,2.78125,12000
1994-06-13,2.75,3.125,2.75,3.09375,3.09375,324800
1994-06-14,3.125,3.125,3.0625,3.09375,3.09375,142000
1994-06-15,3.0625,3.3125,3.0625,3.3125,3.3125,55200
1994-06-16,3.1875,3.1875,3.125,3.125,3.125,15600
1994-06-17,3.234375,3.25,3.09375,3.1875,3.1875,114400
1994-06-20,2.9375,3.125,2.9375,3.0,3.0,86800
1994-06-21,3.0,3.0625,3.0,3.0625,3.0625,47200
1994-06-22,3.0,3.125,3.0,3.0625,3.0625,80000
1994-06-23,3.0,3.125,3.0,3.125,3.125,4400
1994-06-24,3.0,3.0625,3.0,3.03125,3.03125,8800
1994-06-27,2.9375,3.0625,2.9375,3.0,3.0,80000
1994-06-28,2.875,2.9375,2.8125,2.8125,2.8125,179600
1994-06-29,2.875,2.875,2.75,2.765625,2.765625,216400
1994-06-30,2.75,2.75,2.625,2.75,2.75,191600
1994-07-01,2.75,2.75,2.75,2.75,2.75,800
1994-07-05,2.6875,2.75,2.6875,2.71875,2.71875,62000
1994-07-06,2.6875,2.75,2.6875,2.71875,2.71875,18000
1994-07-07,2.75,2.875,2.75,2.84375,2.84375,26800
1994-07-08,2.8125,2.875,2.75,2.75,2.75,35600
1994-07-11,2.75,2.875,2.75,2.84375,2.84375,11200
1994-07-12,2.75,3.0,2.75,3.0,3.0,65600
1994-07-13,2.8125,3.09375,2.8125,3.0625,3.0625,222400
1994-07-14,3.0,3.125,2.9375,3.0,3.0,102400
1994-07-15,3.0625,3.09375,2.9375,3.09375,3.09375,104000
1994-07-18,3.0625,3.1875,3.0625,3.0625,3.0625,43200
1994-07-19,3.0625,3.1875,3.0625,3.125,3.125,34000
1994-07-20,3.1875,3.1875,3.0625,3.0625,3.0625,46400
1994-07-21,3.0625,3.21875,3.0625,3.1875,3.1875,64800
1994-07-22,3.1875,3.21875,3.1875,3.21875,3.21875,36400
1994-07-25,3.1875,3.28125,3.125,3.125,3.125,362800
1994-07-26,3.25,3.25,3.1875,3.21875,3.21875,43200
1994-07-27,3.1875,3.25,3.1875,3.25,3.25,100800
1994-07-28,3.25,3.25,3.1875,3.25,3.25,35200
1994-07-29,3.25,3.375,3.25,3.3125,3.3125,256000
1994-08-01,3.359375,3.375,3.3125,3.375,3.375,14000
1994-08-02,3.4375,3.4375,3.3125,3.3125,3.3125,39600
1994-08-03,3.3125,3.40625,3.25,3.25,3.25,81200
1994-08-04,3.25,3.3125,3.25,3.3125,3.3125,6000
1994-08-05,3.125,3.25,3.125,3.125,3.125,82800
1994-08-08,3.25,3.28125,3.125,3.25,3.25,11600
1994-08-09,3.3125,3.3125,3.3125,3.3125,3.3125,4000
1994-08-10,3.3125,3.3125,3.125,3.125,3.125,3200
1994-08-11,3.125,3.125,3.125,3.125,3.125,8400
1994-08-12,3.125,3.25,3.125,3.25,3.25,50000
1994-08-15,3.125,3.25,3.125,3.25,3.25,18800
1994-08-16,3.3125,3.3125,3.3125,3.3125,3.3125,4000
1994-08-17,3.3125,3.3125,3.125,3.3125,3.3125,21600
1994-08-18,3.25,3.25,3.1875,3.25,3.25,56800
1994-08-19,3.125,3.15625,3.125,3.15625,3.15625,14400
1994-08-22,3.125,3.25,3.0625,3.1875,3.1875,53200
1994-08-23,3.125,3.125,2.96875,3.0625,3.0625,102800
1994-08-24,3.0625,3.0625,3.0,3.0625,3.0625,442800
1994-08-25,3.0625,3.1875,3.046875,3.1875,3.1875,141600
1994-08-26,3.125,3.25,3.125,3.1875,3.1875,24400
1994-08-29,3.0625,3.1875,3.0625,3.15625,3.15625,277600
1994-08-30,3.1875,3.1875,3.125,3.125,3.125,82400
1994-08-31,3.15625,3.1875,3.0625,3.0625,3.0625,22800
1994-09-01,3.0625,3.25,3.0625,3.1875,3.1875,85200
1994-09-02,3.1875,3.234375,3.1875,3.21875,3.21875,45200
1994-09-06,3.1875,3.3125,3.1875,3.3125,3.3125,36800
1994-09-07,3.3125,3.3125,3.125,3.3125,3.3125,137200
1994-09-08,3.3125,3.3125,3.1875,3.3125,3.3125,9200
1994-09-09,3.3125,3.4375,3.25,3.4375,3.4375,126800
1994-09-12,3.4375,3.4375,3.3125,3.34375,3.34375,63200
1994-09-13,3.3125,3.4375,3.25,3.375,3.375,13600
1994-09-14,3.25,3.5625,3.25,3.5625,3.5625,153200
1994-09-15,3.4375,3.5625,3.125,3.1875,3.1875,338400
1994-09-16,3.125,3.125,3.0,3.0625,3.0625,236400
1994-09-19,3.125,3.25,3.09375,3.140625,3.140625,193600
1994-09-20,3.125,3.1875,3.125,3.125,3.125,66000
1994-09-21,3.125,3.125,3.125,3.125,3.125,14800
1994-09-22,3.1875,3.1875,3.0625,3.09375,3.09375,63200
1994-09-23,3.0625,3.25,3.0625,3.203125,3.203125,222400
1994-09-26,3.25,3.296875,3.1875,3.25,3.25,167600
1994-09-27,3.3125,3.3125,3.1875,3.3125,3.3125,22800
1994-09-28,3.1875,3.3125,3.125,3.125,3.125,100800
1994-09-29,3.125,3.15625,3.125,3.15625,3.15625,16000
1994-09-30,3.1875,3.25,3.125,3.125,3.125,37200
1994-10-03,3.25,3.25,2.9375,3.09375,3.09375,231600
1994-10-04,2.9375,3.0,2.75,2.9375,2.9375,403600
1994-10-05,2.875,3.0,2.875,3.0,3.0,40400
1994-10-06,2.9375,3.0,2.9375,2.96875,2.96875,16000
1994-10-07,3.0,3.0,2.875,2.875,2.875,125600
1994-10-10,3.0,3.0,2.875,3.0,3.0,73600
1994-10-11,3.0,3.0,2.875,2.90625,2.90625,182400
1994-10-12,2.9375,2.9375,2.875,2.90625,2.90625,257600
1994-10-13,2.9375,2.9375,2.84375,2.9375,2.9375,298800
1994-10-14,2.9375,2.9375,2.875,2.875,2.875,205600
1994-10-17,2.9375,2.9375,2.875,2.9375,2.9375,632400
1994-10-18,3.0,3.0625,2.9375,3.0,3.0,337200
1994-10-19,3.0625,3.0625,2.9375,3.0625,3.0625,138000
1994-10-20,2.9375,3.0625,2.9375,3.0,3.0,98400
1994-10-21,3.0,3.0625,2.9375,3.0625,3.0625,48800
1994-10-24,3.0625,3.0625,2.9375,3.0625,3.0625,26400
1994-10-25,3.0625,3.1875,3.0,3.125,3.125,353200
1994-10-26,3.15625,3.4375,3.125,3.375,3.375,997600
1994-10-27,3.375,3.5625,3.375,3.46875,3.46875,564400
1994-10-28,3.5625,3.5625,3.4375,3.46875,3.46875,111600
1994-10-31,3.4375,3.625,3.4375,3.5,3.5,474400
1994-11-01,3.5625,3.5625,3.4375,3.5,3.5,975200
1994-11-02,3.5625,3.5625,3.4375,3.5,3.5,254000
1994-11-03,3.53125,3.75,3.5,3.625,3.625,434400
1994-11-04,3.75,3.875,3.625,3.75,3.75,1366000
1994-11-07,3.8125,3.875,3.6875,3.75,3.75,560000
1994-11-08,3.875,3.875,3.75,3.75,3.75,275600
1994-11-09,3.6875,3.8125,3.6875,3.75,3.75,362400
1994-11-10,3.75,3.875,3.75,3.75,3.75,169200
1994-11-11,3.78125,3.875,3.6875,3.875,3.875,510000
1994-11-14,3.75,4.125,3.75,3.9375,3.9375,254400
1994-11-15,4.0625,4.125,3.9375,4.03125,4.03125,376400
1994-11-16,4.0625,4.125,4.0,4.125,4.125,302400
1994-11-17,4.125,4.125,3.9375,4.03125,4.03125,475600
1994-11-18,4.0,4.0625,3.9375,4.0,4.0,44400
1994-11-21,3.9375,4.0625,3.75,3.8125,3.8125,142400
1994-11-22,3.75,3.75,3.4375,3.4375,3.4375,144000
1994-11-23,3.3125,3.4375,3.1875,3.40625,3.40625,289200
1994-11-25,3.4375,3.4375,3.375,3.4375,3.4375,66400
1994-11-28,3.4375,3.625,3.4375,3.5625,3.5625,370800
1994-11-29,3.625,3.625,3.5,3.5625,3.5625,50800
1994-11-30,3.625,3.90625,3.625,3.75,3.75,156400
1994-12-01,3.75,3.875,3.6875,3.6875,3.6875,115600
1994-12-02,3.625,3.75,3.625,3.625,3.625,39600
1994-12-05,3.75,3.75,3.625,3.625,3.625,33200
1994-12-06,3.65625,3.75,3.625,3.6875,3.6875,27600
1994-12-07,3.625,3.75,3.625,3.6875,3.6875,50800
1994-12-08,3.625,3.75,3.625,3.6875,3.6875,64000
1994-12-09,3.6875,3.75,3.65625,3.6875,3.6875,164000
1994-12-12,3.8125,3.8125,3.71875,3.75,3.75,98000
1994-12-13,3.75,3.8125,3.71875,3.75,3.75,162400
1994-12-14,3.78125,3.8125,3.71875,3.75,3.75,112000
1994-12-15,3.8125,3.90625,3.75,3.8125,3.8125,266400
1994-12-16,3.8125,3.9375,3.8125,3.8125,3.8125,8400
1994-12-19,3.9375,3.9375,3.8125,3.8125,3.8125,65600
1994-12-20,3.8125,3.9375,3.75,3.75,3.75,164400
1994-12-21,3.75,3.84375,3.6875,3.75,3.75,376000
1994-12-22,3.6875,3.8125,3.6875,3.71875,3.71875,126800
1994-12-23,3.6875,3.8125,3.6875,3.6875,3.6875,13600
1994-12-27,3.8125,3.8125,3.71875,3.71875,3.71875,8800
1994-12-28,3.75,3.8125,3.6875,3.6875,3.6875,13200
1994-12-29,3.6875,4.0,3.625,4.0,4.0,398800
1994-12-30,4.1875,4.1875,3.953125,4.0,4.0,201600
1995-01-03,4.1875,4.1875,4.0,4.03125,4.03125,105600
1995-01-04,4.0,4.4375,4.0,4.15625,4.15625,370800
1995-01-05,4.25,4.3125,4.125,4.125,4.125,119600
1995-01-06,4.125,4.1875,4.0,4.125,4.125,286400
1995-01-09,4.1875,4.1875,4.03125,4.03125,4.03125,23200
1995-01-10,4.03125,4.25,4.03125,4.21875,4.21875,365600
1995-01-11,4.3125,4.375,4.15625,4.28125,4.28125,140000
1995-01-12,4.28125,4.375,4.25,4.375,4.375,142000
1995-01-13,4.375,4.375,4.25,4.3125,4.3125,110800
1995-01-16,4.3125,4.3125,4.125,4.15625,4.15625,329600
1995-01-17,4.15625,4.3125,4.15625,4.15625,4.15625,160800
1995-01-18,4.15625,4.3125,4.15625,4.3125,4.3125,9600
1995-01-19,4.3125,4.3125,4.15625,4.15625,4.15625,27600
1995-01-20,4.3125,4.3125,4.15625,4.15625,4.15625,164400
1995-01-23,4.3125,4.3125,4.15625,4.25,4.25,48000
1995-01-24,4.15625,4.28125,4.125,4.125,4.125,70800
1995-01-25,4.21875,4.25,4.1875,4.21875,4.21875,45600
1995-01-26,4.25,4.25,4.125,4.125,4.125,54000
1995-01-27,4.25,4.4375,4.25,4.28125,4.28125,216000
1995-01-30,4.4375,4.4375,4.25,4.25,4.25,33600
1995-01-31,4.40625,4.40625,4.125,4.375,4.375,644800
1995-02-01,4.25,4.375,4.25,4.375,4.375,50400
1995-02-02,4.375,4.4375,4.25,4.4375,4.4375,83200
1995-02-03,4.4375,4.4375,4.25,4.3125,4.3125,184000
1995-02-06,4.4375,4.4375,4.3125,4.375,4.375,271200
1995-02-07,4.3125,4.4375,4.3125,4.390625,4.390625,420400
1995-02-08,4.4375,4.5,4.3125,4.4375,4.4375,477200
1995-02-09,4.4375,4.5625,4.4375,4.4375,4.4375,347600
1995-02-10,4.5625,4.5625,4.3125,4.375,4.375,124400
1995-02-13,4.375,4.375,4.25,4.25,4.25,54400
1995-02-14,4.25,4.3125,4.1875,4.25,4.25,88000
1995-02-15,4.3125,4.3125,4.1875,4.1875,4.1875,40000
1995-02-16,4.3125,4.3125,4.1875,4.21875,4.21875,20000
1995-02-17,4.3125,4.3125,4.125,4.125,4.125,157200
1995-02-21,4.125,4.25,4.125,4.125,4.125,78800
1995-02-22,4.15625,4.25,4.125,4.125,4.125,87200
1995-02-23,4.25,4.25,4.125,4.125,4.125,48400
1995-02-24,4.125,4.125,3.875,3.875,3.875,276800
1995-02-27,3.75,3.9375,3.75,3.84375,3.84375,258000
1995-02-28,3.9375,4.0,3.8125,3.90625,3.90625,436800
1995-03-01,4.0,4.0,3.875,4.0,4.0,71200
1995-03-02,4.0,4.0,3.875,4.0,4.0,172400
1995-03-03,4.0,4.09375,3.9375,4.09375,4.09375,61600
1995-03-06,4.0,4.125,3.84375,3.96875,3.96875,184400
1995-03-07,3.875,4.0625,3.875,4.0,4.0,256000
1995-03-08,3.9375,4.125,3.9375,4.0625,4.0625,21600
1995-03-09,3.9375,4.125,3.9375,4.125,4.125,40800
1995-03-10,4.125,4.125,3.9375,4.0625,4.0625,73200
1995-03-13,4.125,4.125,3.9375,3.9375,3.9375,25200
1995-03-14,3.9375,4.1875,3.9375,4.15625,4.15625,155200
1995-03-15,4.1875,4.375,4.125,4.3125,4.3125,134800
1995-03-16,4.375,4.4375,4.3125,4.40625,4.40625,363600
1995-03-17,4.4375,4.4375,4.375,4.4375,4.4375,128000
1995-03-20,4.4375,4.5,4.375,4.375,4.375,18000
1995-03-21,4.5,4.625,4.375,4.5,4.5,1115200
1995-03-22,4.507812976837158,5.0,4.5,5.0,5.0,1094800
1995-03-23,4.875,4.9375,4.6875,4.75,4.75,368400
1995-03-24,4.8125,4.8125,4.625,4.625,4.625,196400
1995-03-27,4.6875,4.6875,4.625,4.625,4.625,50400
1995-03-28,4.6875,4.75,4.625,4.75,4.75,274400
1995-03-29,4.8125,4.8125,4.625,4.75,4.75,45600
1995-03-30,4.625,4.8125,4.625,4.8125,4.8125,21600
1995-03-31,4.8125,4.875,4.6875,4.75,4.75,176400
1995-04-03,4.75,4.875,4.75,4.875,4.875,6400
1995-04-04,4.875,4.875,4.6875,4.6875,4.6875,112000
1995-04-05,4.6875,4.8125,4.6875,4.71875,4.71875,97200
1995-04-06,4.8125,4.8125,4.6875,4.6875,4.6875,42400
1995-04-07,4.6875,4.8125,4.6875,4.8125,4.8125,247200
1995-04-10,4.8125,4.8125,4.6875,4.6875,4.6875,1600
1995-04-11,4.6875,4.8125,4.6875,4.6875,4.6875,21200
1995-04-12,4.6875,4.8125,4.625,4.625,4.625,138800
1995-04-13,4.71875,4.75,4.625,4.625,4.625,74000
1995-04-17,4.75,5.09375,4.75,5.0,5.0,293200
1995-04-18,5.0,5.125,4.9375,4.9375,4.9375,884000
1995-04-19,5.125,5.125,4.8125,4.875,4.875,171200
1995-04-20,4.875,4.875,4.6875,4.75,4.75,232000
1995-04-21,4.6875,4.875,4.6875,4.75,4.75,147200
1995-04-24,4.875,4.875,4.6875,4.71875,4.71875,166400
1995-04-25,4.6875,4.8125,4.6875,4.75,4.75,85600
1995-04-26,4.8125,4.875,4.75,4.8125,4.8125,90800
1995-04-27,4.75,4.875,4.75,4.75,4.75,4000
1995-04-28,4.75,4.875,4.75,4.78125,4.78125,20000
1995-05-01,4.75,4.875,4.75,4.875,4.875,1200
1995-05-02,4.875,4.875,4.75,4.875,4.875,644000
1995-05-03,4.875,5.0,4.8125,5.0,5.0,88000
1995-05-04,5.0,5.0625,4.875,5.03125,5.03125,132000
1995-05-05,4.875,5.0,4.4375,4.5,4.5,2052400
1995-05-08,4.5625,4.5625,4.375,4.40625,4.40625,676000
1995-05-09,4.375,4.5,4.25,4.3125,4.3125,279600
1995-05-10,4.25,4.3125,4.0,4.0625,4.0625,367200
1995-05-11,4.0,4.3125,4.0,4.3125,4.3125,372000
1995-05-12,4.3125,4.3125,4.125,4.25,4.25,172800
1995-05-15,4.125,4.25,4.125,4.125,4.125,182800
1995-05-16,4.25,4.25,4.125,4.1875,4.1875,103200
1995-05-17,4.1875,4.4375,4.1875,4.4375,4.4375,314400
1995-05-18,4.4375,4.5,4.375,4.375,4.375,104400
1995-05-19,4.5,4.5,4.375,4.4375,4.4375,112000
1995-05-22,4.40625,4.5625,4.375,4.5,4.5,89600
1995-05-23,4.4375,4.5625,4.4375,4.5625,4.5625,35200
1995-05-24,4.4375,4.5,4.4375,4.4375,4.4375,18000
1995-05-25,4.5,4.625,4.4375,4.5,4.5,110800
1995-05-26,4.4375,4.625,4.4375,4.4375,4.4375,86800
1995-05-30,4.4375,4.5,4.4375,4.4375,4.4375,12400
1995-05-31,4.625,4.625,4.4375,4.46875,4.46875,91600
1995-06-01,4.4375,4.75,4.4375,4.65625,4.65625,65600
1995-06-02,4.5625,4.6875,4.5625,4.59375,4.59375,313600
1995-06-05,4.75,4.75,4.59375,4.65625,4.65625,12000
1995-06-06,4.59375,4.75,4.59375,4.75,4.75,197600
1995-06-07,4.625,4.75,4.625,4.625,4.625,21600
1995-06-08,4.625,4.75,4.59375,4.59375,4.59375,20800
1995-06-09,4.5625,4.5625,4.5625,4.5625,4.5625,2800
1995-06-12,4.5625,4.5625,4.5625,4.5625,4.5625,6000
1995-06-13,4.5625,4.6875,4.5625,4.59375,4.59375,1915600
1995-06-14,4.5625,4.625,4.5625,4.5625,4.5625,2800
1995-06-15,4.6875,4.96875,4.625,4.84375,4.84375,441200
1995-06-16,4.75,4.875,4.75,4.78125,4.78125,29600
1995-06-19,4.75,4.75,4.75,4.75,4.75,6400
1995-06-20,4.75,4.875,4.75,4.75,4.75,102800
1995-06-21,4.75,4.875,4.6875,4.75,4.75,399200
1995-06-22,4.8125,4.8125,4.6875,4.6875,4.6875,46400
1995-06-23,4.6875,4.75,4.625,4.625,4.625,238800
1995-06-26,4.625,4.75,4.625,4.625,4.625,388800
1995-06-27,4.625,4.75,4.5625,4.5625,4.5625,183200
1995-06-28,4.75,4.75,4.5625,4.5625,4.5625,27600
1995-06-29,4.75,4.75,4.5625,4.6875,4.6875,44400
1995-06-30,4.5625,4.75,4.5625,4.75,4.75,28400
1995-07-03,4.5625,4.65625,4.5625,4.65625,4.65625,12000
1995-07-05,4.75,4.875,4.5625,4.75,4.75,120400
1995-07-06,4.75,5.0625,4.75,5.0,5.0,240400
1995-07-07,5.0625,5.125,4.9375,5.125,5.125,378000
1995-07-10,5.1875,5.5625,5.1875,5.5,5.5,452400
1995-07-11,5.5,5.75,5.375,5.75,5.75,490400
1995-07-12,5.75,5.875,5.625,5.75,5.75,184000
1995-07-13,5.875,6.125,5.75,5.9375,5.9375,291600
1995-07-14,6.0,6.0,5.8125,5.8125,5.8125,188800
1995-07-17,5.8125,5.9375,5.5,5.5,5.5,384000
1995-07-18,5.625,5.625,5.5,5.53125,5.53125,665200
1995-07-19,5.5,5.6875,5.453125,5.453125,5.453125,414800
1995-07-20,5.4375,5.5625,5.4375,5.4375,5.4375,122000
1995-07-21,5.5625,5.5625,5.25,5.40625,5.40625,94000
1995-07-24,5.40625,5.40625,5.25,5.25,5.25,164400
1995-07-25,5.375,5.375,5.0,5.1875,5.1875,288400
1995-07-26,5.125,5.25,5.125,5.21875,5.21875,245200
1995-07-27,5.3125,5.375,5.1875,5.3125,5.3125,104800
1995-07-28,5.25,5.375,5.25,5.375,5.375,38000
1995-07-31,5.25,5.375,5.25,5.25,5.25,90800
1995-08-01,5.375,5.375,5.125,5.125,5.125,190800
1995-08-02,5.3125,5.3125,5.125,5.238280773162842,5.238280773162842,16400
1995-08-03,5.1875,5.25,5.125,5.125,5.125,27600
1995-08-04,5.125,5.1875,5.0625,5.0625,5.0625,64400
1995-08-07,5.0,5.1875,5.0,5.125,5.125,235600
1995-08-08,5.1875,5.1875,5.125,5.1875,5.1875,192800
1995-08-09,5.1875,5.3125,5.15625,5.25,5.25,179200
1995-08-10,5.3125,5.4375,5.25,5.25,5.25,111200
1995-08-11,5.375,5.375,5.25,5.3125,5.3125,46400
1995-08-14,5.1875,5.375,5.1875,5.375,5.375,11200
1995-08-15,5.375,5.375,5.1875,5.375,5.375,40800
1995-08-16,5.375,5.375,5.1875,5.1875,5.1875,22400
1995-08-17,5.1875,5.4375,5.1875,5.375,5.375,147200
1995-08-18,5.3125,5.4375,5.3125,5.3125,5.3125,80400
1995-08-21,5.4375,5.4375,5.3125,5.3125,5.3125,19600
1995-08-22,5.4375,5.5625,5.375,5.53125,5.53125,164400
1995-08-23,5.5625,5.75,5.5,5.75,5.75,90000
1995-08-24,5.5625,5.75,5.5625,5.75,5.75,57600
1995-08-25,5.71875,5.71875,5.5625,5.625,5.625,8000
1995-08-28,5.5625,5.5625,5.375,5.375,5.375,82800
1995-08-29,5.375,5.5,5.3125,5.34375,5.34375,38000
1995-08-30,5.4375,6.0625,5.378905773162842,5.8125,5.8125,516400
1995-08-31,5.75,5.9375,5.6875,5.875,5.875,52000
1995-09-01,5.9375,5.9375,5.8125,5.8125,5.8125,7200
1995-09-05,5.8125,6.125,5.8125,6.125,6.125,60800
1995-09-06,6.0625,6.25,6.0625,6.125,6.125,73600
1995-09-07,6.21875,6.25,6.125,6.25,6.25,69200
1995-09-08,6.125,6.25,6.125,6.125,6.125,30400
1995-09-11,6.125,6.25,6.125,6.1875,6.1875,98800
1995-09-12,6.125,6.3125,6.125,6.1875,6.1875,104000
1995-09-13,6.1875,6.3125,6.1875,6.3125,6.3125,134800
1995-09-14,6.3125,6.3125,6.1875,6.28125,6.28125,744000
1995-09-15,6.1875,6.3125,6.1875,6.28125,6.28125,118800
1995-09-18,6.1875,6.3125,6.1875,6.25,6.25,14000
1995-09-19,6.1875,6.3125,6.1875,6.28125,6.28125,25200
1995-09-20,6.3125,6.53125,6.1875,6.5,6.5,154400
1995-09-21,6.375,6.5,6.3125,6.3125,6.3125,34400
1995-09-22,6.3125,6.3125,6.3125,6.3125,6.3125,8000
1995-09-25,6.4375,6.4375,6.25,6.375,6.375,81200
1995-09-26,6.1875,6.3125,6.1875,6.3125,6.3125,206000
1995-09-27,6.21875,6.21875,6.1875,6.1875,6.1875,32000
1995-09-28,6.125,6.3125,6.125,6.21875,6.21875,7600
1995-09-29,6.3125,6.4375,6.3125,6.34375,6.34375,137200
1995-10-02,6.3125,6.4375,6.25,6.25,6.25,134000
1995-10-03,6.375,6.375,6.1875,6.3125,6.3125,141200
1995-10-04,6.25,6.34375,6.25,6.25,6.25,46400
1995-10-05,6.375,6.375,6.25,6.3125,6.3125,8400
1995-10-06,6.34375,6.375,6.25,6.375,6.375,53600
1995-10-09,6.25,6.28125,6.1875,6.28125,6.28125,172400
1995-10-10,6.25,6.3125,6.0625,6.1875,6.1875,414800
1995-10-11,6.1875,6.21875,6.0,6.0,6.0,194000
1995-10-12,6.0,6.0625,5.75,5.875,5.875,182800
1995-10-13,5.9375,6.1875,5.8125,6.15625,6.15625,162400
1995-10-16,6.0,6.375,6.0,6.25,6.25,142000
1995-10-17,6.3125,6.3125,6.1875,6.25,6.25,74000
1995-10-18,6.3125,6.75,6.3125,6.5625,6.5625,278800
1995-10-19,6.5,6.75,6.4375,6.4375,6.4375,377600
1995-10-20,6.4375,6.5625,6.1875,6.1875,6.1875,116000
1995-10-23,6.1875,6.25,5.875,6.03125,6.03125,121200
1995-10-24,6.0625,6.1875,5.96875,6.1875,6.1875,130800
1995-10-25,6.25,6.5,6.25,6.3125,6.3125,586400
1995-10-26,6.4375,6.4375,6.28125,6.28125,6.28125,89600
1995-10-27,6.375,6.375,6.25,6.25,6.25,49200
1995-10-30,6.375,6.75,6.375,6.5625,6.5625,149600
1995-10-31,6.5625,6.75,6.5625,6.75,6.75,48000
1995-11-01,6.5625,6.9375,6.5625,6.875,6.875,226800
1995-11-02,6.8125,7.1875,6.8125,7.0,7.0,192000
1995-11-03,7.15625,7.25,7.125,7.125,7.125,254400
1995-11-06,7.25,7.25,7.125,7.1875,7.1875,51600
1995-11-07,7.125,7.25,7.09375,7.09375,7.09375,308400
1995-11-08,7.1875,7.375,7.125,7.1875,7.1875,620800
1995-11-09,7.375,7.375,7.1875,7.375,7.375,50000
1995-11-10,7.1875,7.3125,7.1875,7.1875,7.1875,35600
1995-11-13,7.25,7.4375,7.1875,7.4375,7.4375,157600
1995-11-14,7.4375,7.4375,7.25,7.25,7.25,42000
1995-11-15,7.25,7.3125,6.875,7.0625,7.0625,108000
1995-11-16,6.9375,7.0625,6.875,7.0625,7.0625,56000
1995-11-17,6.875,7.0625,6.875,6.875,6.875,5600
1995-11-20,7.0625,7.125,6.875,7.0,7.0,98800
1995-11-21,7.0,7.0625,6.9375,7.0625,7.0625,78000
1995-11-22,7.125,7.125,7.0,7.0,7.0,3200
1995-11-24,7.125,7.125,7.125,7.125,7.125,400
1995-11-27,7.0625,7.4375,7.0625,7.3125,7.3125,119200
1995-11-28,7.4375,7.4375,7.25,7.3125,7.3125,749200
1995-11-29,7.25,7.3125,7.25,7.25,7.25,30000
1995-11-30,7.25,7.4375,7.25,7.3125,7.3125,49600
1995-12-01,7.25,7.625,7.25,7.625,7.625,142000
1995-12-04,7.625,7.875,7.5,7.875,7.875,232400
1995-12-05,7.75,8.125,7.75,8.09375,8.09375,190400
1995-12-06,7.9375,8.25,7.9375,8.0625,8.0625,113600
1995-12-07,8.125,8.4375,8.0,8.21875,8.21875,377600
1995-12-08,8.125,8.34375,8.125,8.3125,8.3125,26400
1995-12-11,8.125,8.3125,8.125,8.3125,8.3125,9200
1995-12-12,8.125,8.3125,8.125,8.125,8.125,121200
1995-12-13,8.125,8.25,8.125,8.15625,8.15625,54800
1995-12-14,8.125,8.25,8.125,8.125,8.125,20000
1995-12-15,8.125,8.25,8.125,8.25,8.25,11600
1995-12-18,8.125,8.25,8.125,8.1875,8.1875,474800
1995-12-19,8.25,8.25,8.0625,8.078125,8.078125,37600
1995-12-20,8.0625,8.375,8.0625,8.25,8.25,142400
1995-12-21,8.375,8.375,8.1875,8.1875,8.1875,100000
1995-12-22,8.4375,8.5625,8.375,8.53125,8.53125,137600
1995-12-26,8.5625,8.625,8.375,8.5,8.5,34800
1995-12-27,8.375,8.625,8.3125,8.4375,8.4375,165600
1995-12-28,8.375,8.53125,8.375,8.4375,8.4375,133600
1995-12-29,8.5625,8.5625,8.1875,8.1875,8.1875,79600
1996-01-02,8.375,8.375,7.875,7.90625,7.90625,228400
1996-01-03,7.9375,8.1875,7.9375,8.1875,8.1875,282000
1996-01-04,8.0,8.125,8.0,8.03125,8.03125,119200
1996-01-05,8.0,8.0625,7.25,7.5,7.5,300000
1996-01-08,7.5,7.5625,7.5,7.5625,7.5625,14400
1996-01-09,7.5625,7.59375,7.1875,7.1875,7.1875,79600
1996-01-10,6.9375,7.125,6.84375,7.125,7.125,158800
1996-01-11,7.25,7.5,7.0,7.4375,7.4375,170400
1996-01-12,7.5,7.5625,7.3125,7.5625,7.5625,29600
1996-01-15,7.3125,7.5625,7.3125,7.3125,7.3125,14400
1996-01-16,7.5625,7.5625,7.0,7.0625,7.0625,140800
1996-01-17,7.25,7.25,7.0,7.0,7.0,16800
1996-01-18,7.21875,7.34375,7.15625,7.34375,7.34375,190400
1996-01-19,7.125,7.5625,7.125,7.5,7.5,91200
1996-01-22,7.4375,7.9375,7.4375,7.90625,7.90625,254400
1996-01-23,7.75,7.875,7.6875,7.8125,7.8125,43200
1996-01-24,7.6875,8.0625,7.625,8.0,8.0,207200
1996-01-25,8.1875,8.3125,7.9375,8.28125,8.28125,314000
1996-01-26,8.125,8.1875,8.0,8.046875,8.046875,143600
1996-01-29,8.1875,8.1875,7.875,7.875,7.875,230400
1996-01-30,7.875,8.03125,7.875,8.03125,8.03125,26000
1996-01-31,7.875,8.25,7.875,8.15625,8.15625,252800
1996-02-01,8.0625,8.28125,8.0625,8.25,8.25,34800
1996-02-02,8.3125,8.4375,8.0625,8.25,8.25,142800
1996-02-05,8.4375,8.53125,8.25,8.4375,8.4375,51600
1996-02-06,8.375,8.53125,8.375,8.5,8.5,101200
1996-02-07,8.5,9.1875,8.375,8.875,8.875,290000
1996-02-08,8.75,8.9375,8.4375,8.75,8.75,130800
1996-02-09,8.6875,8.8125,8.5,8.75,8.75,78000
1996-02-12,8.5,8.75,8.5,8.75,8.75,19600
1996-02-13,8.4375,8.625,8.40625,8.484375,8.484375,308800
1996-02-14,8.375,8.625,8.375,8.484375,8.484375,124400
1996-02-15,8.625,8.8125,8.625,8.8125,8.8125,61200
1996-02-16,8.6875,8.75,8.5625,8.65625,8.65625,43600
1996-02-20,8.375,8.6875,8.375,8.5,8.5,39600
1996-02-21,8.4375,8.625,8.375,8.375,8.375,63600
1996-02-22,8.375,8.75,8.375,8.4375,8.4375,166800
1996-02-23,8.375,8.625,8.375,8.375,8.375,14400
1996-02-26,8.375,8.625,8.375,8.625,8.625,38800
1996-02-27,8.375,8.5,8.375,8.375,8.375,15200
1996-02-28,8.625,8.625,8.375,8.375,8.375,10000
1996-02-29,8.5625,8.5625,8.375,8.5,8.5,15600
1996-03-01,8.375,8.8125,8.375,8.5625,8.5625,140400
1996-03-04,8.75,8.75,8.3125,8.5625,8.5625,184400
1996-03-05,8.5625,8.71875,8.5,8.71875,8.71875,134800
1996-03-06,8.71875,8.9375,8.5,8.875,8.875,117200
1996-03-07,8.75,9.625,8.75,9.5625,9.5625,166400
1996-03-08,9.1875,9.75,8.9375,8.9375,8.9375,260400
1996-03-11,9.1875,9.5,8.9375,9.1875,9.1875,160800
1996-03-12,9.375,9.375,9.1875,9.1875,9.1875,47600
1996-03-13,9.1875,9.375,8.875,8.875,8.875,44800
1996-03-14,8.8125,9.0625,8.8125,8.8125,8.8125,3600
1996-03-15,8.8125,9.0625,8.8125,8.8125,8.8125,9200
1996-03-18,8.8125,8.9375,8.75,8.875,8.875,35600
1996-03-19,9.0,9.125,8.875,9.03125,9.03125,56400
1996-03-20,9.0625,9.3125,8.875,9.1875,9.1875,242400
1996-03-21,9.375,9.8125,9.375,9.625,9.625,256800
1996-03-22,9.6875,9.6875,9.4375,9.625,9.625,39200
1996-03-25,9.5,9.875,9.4375,9.625,9.625,208000
1996-03-26,9.3125,9.5,9.1875,9.3125,9.3125,35600
1996-03-27,9.375,9.375,9.0625,9.125,9.125,2800
1996-03-28,9.0625,9.1875,9.0625,9.1875,9.1875,1600
1996-03-29,9.375,9.5,9.0625,9.5,9.5,48800
1996-04-01,9.4375,9.5625,9.25,9.28125,9.28125,324400
1996-04-02,9.25,9.4375,9.125,9.375,9.375,100800
1996-04-03,9.5625,9.5625,9.1875,9.375,9.375,101600
1996-04-04,9.375,9.375,9.0625,9.125,9.125,42400
1996-04-08,9.0625,9.0625,8.4375,8.625,8.625,152000
1996-04-09,8.875,8.9375,8.75,8.90625,8.90625,143200
1996-04-10,8.9375,9.5625,8.875,9.140625,9.140625,252800
1996-04-11,9.4375,9.5,9.3125,9.5,9.5,116400
1996-04-12,9.3125,9.5625,9.3125,9.5,9.5,80400
1996-04-15,9.5625,9.5625,9.375,9.375,9.375,14400
1996-04-16,9.53125,9.75,9.5,9.75,9.75,127600
1996-04-17,9.8125,10.0,8.6875,8.9375,8.9375,405200
1996-04-18,8.75,8.75,8.25,8.6875,8.6875,477200
1996-04-19,8.625,8.6875,8.5625,8.625,8.625,76800
1996-04-22,8.5625,8.8125,8.5625,8.8125,8.8125,245200
1996-04-23,8.8125,8.875,8.6875,8.6875,8.6875,52000
1996-04-24,8.875,8.875,8.6875,8.75,8.75,190800
1996-04-25,8.875,8.9375,8.6875,8.6875,8.6875,57600
1996-04-26,8.9375,8.9375,7.875,8.1875,8.1875,348400
1996-04-29,8.5,8.5,8.1875,8.25,8.25,380800
1996-04-30,8.1875,8.5,8.1875,8.28125,8.28125,153200
1996-05-01,8.34375,8.6875,8.1875,8.625,8.625,295600
1996-05-02,8.4375,8.6875,8.375,8.375,8.375,40400
1996-05-03,8.5625,8.609375,8.25,8.609375,8.609375,75600
1996-05-06,8.25,8.5,8.0,8.0,8.0,252000
1996-05-07,8.03125,8.5,8.0,8.375,8.375,150000
1996-05-08,8.125,8.375,7.9375,7.9375,7.9375,68000
1996-05-09,7.9375,8.5,7.9375,8.4375,8.4375,77200
1996-05-10,8.25,8.75,8.1875,8.4375,8.4375,56000
1996-05-13,8.75,9.0625,8.375,9.0,9.0,169200
1996-05-14,9.25,9.25,8.9375,8.9375,8.9375,41200
1996-05-15,9.1875,9.1875,8.875,9.1875,9.1875,18400
1996-05-16,8.875,9.25,8.875,9.09375,9.09375,360000
1996-05-17,9.25,9.375,9.0,9.3125,9.3125,46000
1996-05-20,9.375,9.375,9.0,9.0,9.0,74400
1996-05-21,9.0,9.375,9.0,9.25,9.25,45200
1996-05-22,9.25,9.25,8.75,9.1875,9.1875,141200
1996-05-23,9.09375,9.5,8.9375,9.4375,9.4375,96400
1996-05-24,9.1875,9.625,9.1875,9.25,9.25,153200
1996-05-28,9.265625,9.625,9.25,9.3125,9.3125,146000
1996-05-29,9.375,9.6875,9.3125,9.625,9.625,36400
1996-05-30,9.375,9.75,9.375,9.75,9.75,20400
1996-05-31,9.75,10.0625,9.5,10.0625,10.0625,286800
1996-06-03,10.0625,10.125,9.8125,10.125,10.125,142800
1996-06-04,10.3125,11.0,10.0,10.625,10.625,271600
1996-06-05,10.6875,10.6875,10.375,10.625,10.625,75600
1996-06-06,10.6875,10.6875,10.4375,10.6875,10.6875,952800
1996-06-07,10.25,10.5,10.1875,10.25,10.25,31600
1996-06-10,10.4375,10.5,10.125,10.125,10.125,92400
1996-06-11,10.125,10.3125,10.0625,10.0625,10.0625,10000
1996-06-12,10.3125,10.3125,10.0,10.25,10.25,148000
1996-06-13,9.875,10.1875,9.875,10.1875,10.1875,15200
1996-06-14,9.875,10.1875,9.875,10.125,10.125,387200
1996-06-17,10.03125,10.1875,9.875,10.1875,10.1875,246000
1996-06-18,10.1875,10.1875,9.4375,9.4375,9.4375,94400
1996-06-19,9.4375,9.625,9.375,9.375,9.375,66800
1996-06-20,9.40625,9.40625,8.9375,9.25,9.25,48800
1996-06-21,9.1875,9.5,9.125,9.375,9.375,34000
1996-06-24,9.125,9.375,9.125,9.125,9.125,73200
1996-06-25,9.3125,9.375,9.140625,9.140625,9.140625,4000
1996-06-26,9.375,9.375,9.125,9.125,9.125,87600
1996-06-27,9.0,9.3125,9.0,9.3125,9.3125,80000
1996-06-28,9.1875,9.3125,9.0,9.3125,9.3125,135200
1996-07-01,9.0,9.375,9.0,9.28125,9.28125,130000
1996-07-02,9.375,9.375,9.1875,9.375,9.375,64000
1996-07-03,9.375,9.375,9.375,9.375,9.375,2400
1996-07-05,9.1875,9.1875,8.75,8.78125,8.78125,88800
1996-07-08,8.3125,8.5,8.0625,8.3125,8.3125,237200
1996-07-09,8.5,8.90625,8.4375,8.6875,8.6875,172800
1996-07-10,8.6875,8.8125,8.3125,8.3125,8.3125,70400
1996-07-11,8.40625,8.71875,8.1875,8.5,8.5,75600
1996-07-12,8.4375,8.5,8.4375,8.4375,8.4375,12800
1996-07-15,8.4375,8.5,7.875,7.875,7.875,132000
1996-07-16,8.1875,8.4375,7.1875,7.25,7.25,168800
1996-07-17,8.0,8.3125,7.5,7.6875,7.6875,248000
1996-07-18,7.4375,8.5,7.4375,8.5,8.5,159600
1996-07-19,8.125,8.3125,8.125,8.3125,8.3125,14400
1996-07-22,8.0625,8.375,8.0625,8.25,8.25,42400
1996-07-23,8.125,8.5,8.125,8.125,8.125,29600
1996-07-24,8.125,8.625,8.125,8.625,8.625,94800
1996-07-25,8.3125,8.3125,8.3125,8.3125,8.3125,2800
1996-07-26,8.3125,8.6875,8.3125,8.3125,8.3125,14400
1996-07-29,8.625,8.6875,8.625,8.6875,8.6875,10800
1996-07-30,8.5,9.0,8.3125,8.8125,8.8125,82800
1996-07-31,8.875,9.71875,8.875,9.65625,9.65625,222000
1996-08-01,9.6875,10.0,9.3125,9.625,9.625,623200
1996-08-02,9.875,10.0625,9.75,10.0625,10.0625,122400
1996-08-05,10.125,10.375,9.3125,9.5,9.5,298400
1996-08-06,9.4375,9.5625,9.3125,9.5,9.5,179200
1996-08-07,9.875,9.875,9.5,9.875,9.875,51600
1996-08-08,9.8125,10.125,9.6875,10.0625,10.0625,46000
1996-08-09,9.75,10.109375,9.75,9.75,9.75,30800
1996-08-12,9.75,10.125,9.5625,9.8125,9.8125,88000
1996-08-13,9.875,9.875,9.5,9.6875,9.6875,52000
1996-08-14,9.5,9.875,9.5,9.5,9.5,11600
1996-08-15,9.640625,9.65625,9.25,9.5625,9.5625,149200
1996-08-16,9.375,9.46875,9.375,9.375,9.375,106400
1996-08-19,9.375,9.5,9.125,9.125,9.125,105600
1996-08-20,9.25,9.25,9.125,9.125,9.125,3600
1996-08-21,9.125,9.5,9.125,9.1875,9.1875,110000
1996-08-22,9.5,9.5,9.125,9.3125,9.3125,31200
1996-08-23,9.15625,9.1875,9.125,9.15625,9.15625,216000
1996-08-26,9.125,9.125,9.125,9.125,9.125,400
1996-08-27,9.125,9.5,9.125,9.5,9.5,172000
1996-08-28,9.5,9.5,9.1875,9.1875,9.1875,126000
1996-08-29,9.25,9.5,9.25,9.3125,9.3125,84000
1996-08-30,9.5,9.5,9.25,9.375,9.375,35200
1996-09-03,9.25,9.3125,9.0,9.25,9.25,27600
1996-09-04,9.0,9.3125,9.0,9.28125,9.28125,10800
1996-09-05,8.9375,9.25,8.9375,9.25,9.25,8800
1996-09-06,8.9375,9.3125,8.9375,9.3125,9.3125,800
1996-09-09,9.3125,9.3125,9.09375,9.21875,9.21875,124400
1996-09-10,9.25,9.28125,9.0625,9.21875,9.21875,24400
1996-09-11,9.0625,9.0625,9.0625,9.0625,9.0625,2400
1996-09-12,9.375,9.375,9.0625,9.375,9.375,31600
1996-09-13,9.125,9.375,9.0,9.0,9.0,189200
1996-09-16,9.09375,9.125,8.4375,8.625,8.625,135200
1996-09-17,8.5625,8.6875,8.3125,8.65625,8.65625,36000
1996-09-18,8.3125,8.5,7.875,8.46875,8.46875,313600
1996-09-19,8.8125,8.8125,8.65625,8.75,8.75,275200
1996-09-20,8.5625,8.65625,8.5625,8.5625,8.5625,584000
1996-09-23,8.65625,8.6875,8.5,8.5,8.5,126400
1996-09-24,8.5,8.5,8.5,8.5,8.5,0
1996-09-25,8.5,8.8125,8.3125,8.5,8.5,31600
1996-09-26,8.25,8.6875,8.25,8.5,8.5,59200
1996-09-27,8.75,8.8125,8.5,8.75,8.75,77600
1996-09-30,8.5,8.75,8.3125,8.5625,8.5625,95600
1996-10-01,8.5,8.53125,8.5,8.5,8.5,89200
1996-10-02,8.34375,8.34375,8.34375,8.34375,8.34375,400
1996-10-03,8.5,8.5,8.25,8.25,8.25,8400
1996-10-04,8.5625,8.5625,8.3125,8.5625,8.5625,30000
1996-10-07,8.25,8.5625,8.25,8.25,8.25,65200
1996-10-08,8.25,8.5,8.0,8.0,8.0,106000
1996-10-09,8.25,8.375,8.0,8.375,8.375,2800
1996-10-10,8.03125,8.1875,8.0,8.03125,8.03125,1574400
1996-10-11,8.0,8.1875,7.875,8.0,8.0,97200
1996-10-14,7.875,7.875,7.75,7.75,7.75,40000
1996-10-15,7.75,7.8125,7.0,7.25,7.25,241200
1996-10-16,7.125,7.5,7.125,7.34375,7.34375,401200
1996-10-17,7.5625,7.5625,7.3125,7.375,7.375,332400
1996-10-18,7.375,7.75,7.375,7.375,7.375,38400
1996-10-21,7.375,7.75,7.375,7.375,7.375,308400
1996-10-22,7.375,7.75,7.0,7.125,7.125,835600
1996-10-23,7.4375,7.9375,7.25,7.84375,7.84375,289600
1996-10-24,7.9375,8.3125,7.90625,8.25,8.25,204800
1996-10-25,8.0,8.3125,8.0,8.3125,8.3125,501200
1996-10-28,8.3125,8.3125,8.0625,8.3125,8.3125,81200
1996-10-29,8.0,8.3125,8.0,8.0625,8.0625,57200
1996-10-30,8.0,8.03125,7.6875,7.9375,7.9375,94000
1996-10-31,7.6875,7.8125,7.5,7.6875,7.6875,370400
1996-11-01,7.625,7.8125,7.4375,7.4375,7.4375,5200
1996-11-04,7.8125,7.8125,7.25,7.25,7.25,192400
1996-11-05,7.25,7.25,7.0,7.25,7.25,84400
1996-11-06,7.3125,7.875,7.3125,7.875,7.875,149200
1996-11-07,7.875,8.6875,7.75,8.25,8.25,437600
1996-11-08,8.5,8.8125,8.0,8.375,8.375,254400
1996-11-11,8.3125,8.375,8.0,8.0,8.0,128000
1996-11-12,7.875,8.3125,7.875,8.25,8.25,120400
1996-11-13,8.3125,8.34375,7.875,8.25,8.25,165200
1996-11-14,8.25,8.25,8.0,8.0,8.0,44400
1996-11-15,8.0,8.6875,8.0,8.59375,8.59375,244000
1996-11-18,8.3125,8.6875,8.3125,8.6875,8.6875,4800
1996-11-19,8.3125,8.46875,8.0625,8.3125,8.3125,90400
1996-11-20,8.0625,8.3125,7.375,7.78125,7.78125,122800
1996-11-21,7.9375,8.0625,7.1875,7.625,7.625,146800
1996-11-22,7.5,8.0,7.4375,7.625,7.625,87600
1996-11-25,7.6875,7.875,7.5,7.5625,7.5625,384000
1996-11-26,7.5,7.75,7.1875,7.25,7.25,44400
1996-11-27,7.25,7.5625,7.25,7.25,7.25,60800
1996-11-29,7.5,7.5,7.5,7.5,7.5,2000
1996-12-02,7.5625,7.75,7.5,7.625,7.625,49200
1996-12-03,7.8125,8.0,7.65625,7.71875,7.71875,292400
1996-12-04,7.8125,7.8125,7.5625,7.59375,7.59375,109200
1996-12-05,7.75,7.75,7.5,7.53125,7.53125,68400
1996-12-06,7.375,7.6875,7.0625,7.5,7.5,83600
1996-12-09,7.5,7.5625,7.3125,7.3125,7.3125,72000
1996-12-10,7.5625,7.5625,7.3125,7.46875,7.46875,35600
1996-12-11,7.125,7.4375,7.125,7.25,7.25,12800
1996-12-12,7.375,7.5,7.25,7.25,7.25,18000
1996-12-13,7.1875,7.4375,7.1875,7.1875,7.1875,73200
1996-12-16,7.3125,7.5625,7.3125,7.53125,7.53125,94000
1996-12-17,7.5,7.6875,7.3125,7.5625,7.5625,12400
1996-12-18,7.46875,7.46875,6.9375,7.25,7.25,356800
1996-12-19,7.1875,7.25,7.0625,7.15625,7.15625,52000
1996-12-20,7.3125,7.4375,7.125,7.375,7.375,78400
1996-12-23,7.25,7.625,7.25,7.28125,7.28125,83600
1996-12-24,7.625,7.625,7.59375,7.625,7.625,60400
1996-12-26,7.625,7.625,7.375,7.375,7.375,8800
1996-12-27,7.375,7.5,7.375,7.46875,7.46875,6000
1996-12-30,7.375,7.625,7.125,7.15625,7.15625,54800
1996-12-31,7.09375,7.4375,7.09375,7.375,7.375,155200
1997-01-02,7.6875,8.0,7.5625,7.875,7.875,348400
1997-01-03,7.625,7.875,7.375,7.6875,7.6875,76000
1997-01-06,7.6875,7.6875,7.40625,7.4375,7.4375,290800
1997-01-07,7.375,7.375,7.0,7.0,7.0,56800
1997-01-08,7.3125,7.5625,7.0625,7.125,7.125,79600
1997-01-09,7.3125,7.5,7.0625,7.5,7.5,40800
1997-01-10,7.4375,7.625,7.25,7.46875,7.46875,84000
1997-01-13,7.375,7.6875,7.375,7.5625,7.5625,44000
1997-01-14,7.4375,8.0625,7.4375,7.9375,7.9375,199600
1997-01-15,7.921875,8.125,7.6875,8.0,8.0,150000
1997-01-16,7.6875,7.9375,7.6875,7.6875,7.6875,20800
1997-01-17,7.875,7.875,7.4375,7.75,7.75,85200
1997-01-20,7.6875,7.75,7.375,7.6875,7.6875,51200
1997-01-21,7.6875,8.4375,7.6875,8.3125,8.3125,227600
1997-01-22,8.0625,8.4375,8.0625,8.0625,8.0625,56000
1997-01-23,8.375,8.375,8.0625,8.0625,8.0625,66400
1997-01-24,8.0625,8.25,8.0,8.0,8.0,40400
1997-01-27,8.125,8.25,8.0,8.25,8.25,170000
1997-01-28,8.0625,8.375,8.0625,8.0625,8.0625,183600
1997-01-29,8.4375,9.4375,8.25,9.4375,9.4375,328000
1997-01-30,9.0625,9.375,8.625,8.625,8.625,163200
1997-01-31,8.9375,8.9375,8.4375,8.8125,8.8125,142400
1997-02-03,8.8125,8.8125,8.625,8.625,8.625,7600
1997-02-04,8.9375,9.25,8.6875,9.0625,9.0625,171600
1997-02-05,9.125,9.21875,8.8125,8.890625,8.890625,141600
1997-02-06,8.875,9.1875,8.875,9.1875,9.1875,3200
1997-02-07,9.1875,9.375,9.0,9.0,9.0,79200
1997-02-10,9.3125,9.3125,8.75,9.125,9.125,83200
1997-02-11,8.8125,8.8125,8.8125,8.8125,8.8125,4000
1997-02-12,8.8125,9.25,8.75,8.9375,8.9375,161600
1997-02-13,8.6875,9.0,8.625,8.6875,8.6875,52000
1997-02-14,8.625,8.875,8.1875,8.625,8.625,132400
1997-02-18,8.5,8.875,8.5,8.6875,8.6875,14400
1997-02-19,8.75,8.75,8.5,8.5,8.5,211600
1997-02-20,8.5,8.84375,8.375,8.375,8.375,71600
1997-02-21,8.5625,8.5625,8.3125,8.4375,8.4375,42400
1997-02-24,8.4375,8.4375,8.125,8.25,8.25,306400
1997-02-25,8.5,8.5,8.21875,8.46875,8.46875,42000
1997-02-26,8.1875,8.5625,8.125,8.3125,8.3125,95200
1997-02-27,8.5,8.5,7.875,7.875,7.875,176800
1997-02-28,7.8125,8.0,7.5625,7.625,7.625,137600
1997-03-03,7.5625,7.625,7.3125,7.3125,7.3125,60000
1997-03-04,7.375,7.5625,7.25,7.3125,7.3125,116800
1997-03-05,7.328125,7.4375,7.125,7.125,7.125,70800
1997-03-06,7.4375,7.4375,7.328125,7.328125,7.328125,3200
1997-03-07,7.1875,7.625,7.1875,7.3125,7.3125,98400
1997-03-10,7.3125,7.625,7.3125,7.625,7.625,8000
1997-03-11,7.6875,7.6875,7.375,7.375,7.375,866800
1997-03-12,7.6875,7.6875,7.375,7.375,7.375,140000
1997-03-13,7.375,7.625,7.375,7.375,7.375,56800
1997-03-14,7.59375,7.6875,7.4375,7.4375,7.4375,148400
1997-03-17,7.4375,7.4375,7.0,7.09375,7.09375,126800
1997-03-18,7.0625,7.0625,6.90625,6.90625,6.90625,24800
1997-03-19,6.90625,6.9375,6.375,6.5625,6.5625,121600
1997-03-20,6.71875,6.71875,6.25,6.53125,6.53125,108000
1997-03-21,6.53125,6.59375,6.25,6.3125,6.3125,260800
1997-03-24,6.5625,6.75,6.375,6.71875,6.71875,74000
1997-03-25,6.875,6.875,6.5,6.625,6.625,86000
1997-03-26,6.46875,6.5,6.375,6.46875,6.46875,61200
1997-03-27,6.375,6.5,6.375,6.5,6.5,10400
1997-03-31,6.40625,6.5,6.3125,6.3125,6.3125,50800
1997-04-01,6.25,6.5,6.25,6.375,6.375,63600
1997-04-02,6.5,6.5,6.0,6.3125,6.3125,109200
1997-04-03,6.15625,6.3125,6.0,6.15625,6.15625,311600
1997-04-04,6.125,6.5,6.125,6.40625,6.40625,315600
1997-04-07,6.8125,7.4375,6.625,7.09375,7.09375,220000
1997-04-08,6.9375,7.25,6.9375,6.96875,6.96875,111600
1997-04-09,7.25,7.25,6.875,7.0,7.0,222800
1997-04-10,6.96875,6.96875,6.75,6.9375,6.9375,140400
1997-04-11,6.75,6.75,6.6875,6.6875,6.6875,16000
1997-04-14,6.9375,6.9375,6.46875,6.46875,6.46875,498800
1997-04-15,6.75,6.875,6.5,6.75,6.75,487600
1997-04-16,6.8125,7.0625,6.5,7.03125,7.03125,132800
1997-04-17,7.1875,8.09375,7.1875,7.5625,7.5625,512800
1997-04-18,7.9375,8.0,7.75,7.75,7.75,72400
1997-04-21,8.0,8.0,7.75,7.75,7.75,71600
1997-04-22,7.75,7.90625,7.75,7.84375,7.84375,88400
1997-04-23,7.75,7.84375,7.5625,7.5625,7.5625,30800
1997-04-24,7.875,7.875,7.5625,7.875,7.875,13600
1997-04-25,7.5625,8.1875,7.5625,8.1875,8.1875,82800
1997-04-28,8.25,8.625,7.875,8.0,8.0,273200
1997-04-29,7.875,8.0,7.5625,8.0,8.0,264400
1997-04-30,7.75,8.0,7.71875,7.75,7.75,92000
1997-05-01,7.875,7.875,7.8125,7.8125,7.8125,3200
1997-05-02,8.0,8.15625,7.75,7.9375,7.9375,88400
1997-05-05,7.9375,8.96875,7.9375,8.40625,8.40625,616400
1997-05-06,8.375,9.0,8.375,8.9375,8.9375,170000
1997-05-07,8.71875,9.0,8.71875,9.0,9.0,34800
1997-05-08,8.71875,9.0,8.71875,8.96875,8.96875,109200
1997-05-09,8.8125,8.875,8.6875,8.875,8.875,90800
1997-05-12,8.6875,9.0,8.6875,8.78125,8.78125,308800
1997-05-13,8.75,9.0,8.6875,8.9375,8.9375,72400
1997-05-14,8.6875,9.1875,8.6875,9.0625,9.0625,366800
1997-05-15,9.0,9.1875,9.0,9.0,9.0,874800
1997-05-16,9.25,9.25,8.96875,9.0625,9.0625,51200
1997-05-19,9.25,9.34375,9.03125,9.28125,9.28125,375600
1997-05-20,9.3125,9.84375,9.0625,9.625,9.625,526000
1997-05-21,9.78125,10.0625,9.5,9.9375,9.9375,260800
1997-05-22,9.71875,9.84375,9.15625,9.40625,9.40625,181200
1997-05-23,9.53125,10.09375,9.40625,9.8125,9.8125,456000
1997-05-27,10.0625,10.0625,9.4375,9.4375,9.4375,156000
1997-05-28,9.4375,9.5,9.4375,9.4375,9.4375,12000
1997-05-29,9.625,9.8125,9.625,9.75,9.75,355200
1997-05-30,9.3125,9.59375,9.3125,9.53125,9.53125,197600
1997-06-02,9.5625,9.65625,9.4375,9.53125,9.53125,247600
1997-06-03,9.4375,9.625,9.4375,9.5,9.5,401600
1997-06-04,9.4375,9.625,9.4375,9.625,9.625,14000
1997-06-05,9.4375,9.59375,9.4375,9.5,9.5,28000
1997-06-06,9.4375,9.53125,9.4375,9.53125,9.53125,13600
1997-06-09,9.53125,9.625,9.4375,9.625,9.625,20400
1997-06-10,9.4375,9.46875,9.25,9.4375,9.4375,135200
1997-06-11,9.5,9.5,9.40625,9.40625,9.40625,1200
1997-06-12,9.3125,9.46875,9.3125,9.34375,9.34375,51200
1997-06-13,9.3125,9.8125,9.3125,9.8125,9.8125,106400
1997-06-16,9.5,9.84375,9.4375,9.8125,9.8125,96000
1997-06-17,9.875,10.15625,9.6875,9.75,9.75,262800
1997-06-18,9.875,9.9375,9.6875,9.6875,9.6875,21600
1997-06-19,9.6875,9.8125,9.6875,9.71875,9.71875,35200
1997-06-20,9.6875,9.84375,9.625,9.65625,9.65625,83600
1997-06-23,9.625,9.84375,9.5625,9.65625,9.65625,38800
1997-06-24,9.71875,9.75,9.671875,9.671875,9.671875,34400
1997-06-25,9.8125,9.8125,9.6875,9.71875,9.71875,207600
1997-06-26,9.6875,9.75,9.6875,9.6875,9.6875,43600
1997-06-27,9.6875,9.8125,9.6875,9.75,9.75,110400
1997-06-30,9.75,9.875,9.6875,9.75,9.75,382800
1997-07-01,9.875,9.875,9.5,9.59375,9.59375,88000
1997-07-02,9.5,9.53125,9.5,9.53125,9.53125,5600
1997-07-03,9.5,9.71875,9.5,9.5,9.5,10800
1997-07-07,9.5,9.8125,9.5,9.5,9.5,42000
1997-07-08,9.5,9.75,9.1875,9.1875,9.1875,218800
1997-07-09,9.125,9.15625,8.6875,9.0,9.0,513200
1997-07-10,9.0625,9.0625,8.875,8.9375,8.9375,162800
1997-07-11,9.1875,9.1875,8.9375,9.09375,9.09375,107600
1997-07-14,8.875,9.5,8.875,9.5,9.5,296800
1997-07-15,9.546875,10.0625,9.546875,9.9375,9.9375,158000
1997-07-16,10.0,10.0,9.71875,9.875,9.875,159200
1997-07-17,9.65625,10.0,9.4375,9.625,9.625,167600
1997-07-18,9.5625,9.6875,9.21875,9.21875,9.21875,76000
1997-07-21,9.21875,9.5625,9.21875,9.25,9.25,66800
1997-07-22,9.21875,9.84375,9.21875,9.6875,9.6875,110400
1997-07-23,9.84375,10.625,9.84375,10.4375,10.4375,381200
1997-07-24,10.4375,10.4375,10.03125,10.21875,10.21875,128000
1997-07-25,10.3125,11.15625,10.3125,10.9375,10.9375,282400
1997-07-28,10.875,11.375,10.8125,11.09375,11.09375,314800
1997-07-29,10.84375,11.375,10.5625,10.96875,10.96875,416400
1997-07-30,10.96875,11.25,10.25,10.3125,10.3125,145600
1997-07-31,10.3125,10.625,10.1875,10.3125,10.3125,49600
1997-08-01,10.1875,10.4375,9.875,10.265625,10.265625,214800
1997-08-04,10.3125,10.3125,10.03125,10.03125,10.03125,36400
1997-08-05,9.875,10.3125,9.875,10.203125,10.203125,65600
1997-08-06,10.0,10.03125,9.6875,9.8125,9.8125,220400
1997-08-07,9.875,9.875,9.4375,9.46875,9.46875,123200
1997-08-08,9.3125,9.625,8.875,9.5,9.5,637600
1997-08-11,9.5,9.8125,9.5,9.8125,9.8125,11600
1997-08-12,9.78125,9.8125,9.71875,9.78125,9.78125,103200
1997-08-13,9.90625,9.96875,9.75,9.84375,9.84375,27600
1997-08-14,10.0,10.625,9.875,10.28125,10.28125,149600
1997-08-15,10.28125,10.625,10.1875,10.1875,10.1875,86400
1997-08-18,10.3125,10.546875,10.25,10.53125,10.53125,58400
1997-08-19,10.25,10.6875,10.25,10.6875,10.6875,7200
1997-08-20,10.5625,10.75,10.375,10.75,10.75,91600
1997-08-21,10.3125,10.375,10.3125,10.375,10.375,200400
1997-08-22,10.3125,10.625,10.3125,10.34375,10.34375,74800
1997-08-25,10.3125,10.375,10.3125,10.375,10.375,2000
1997-08-26,10.625,10.75,10.375,10.375,10.375,20000
1997-08-27,10.40625,10.8125,10.40625,10.75,10.75,115600
1997-08-28,10.734375,11.09375,10.734375,10.8125,10.8125,140000
1997-08-29,11.0625,11.28125,10.78125,11.28125,11.28125,130000
1997-09-02,11.09375,11.125,10.71875,10.875,10.875,150800
1997-09-03,11.03125,11.03125,10.71875,10.75,10.75,38800
1997-09-04,10.71875,10.9375,10.71875,10.71875,10.71875,8800
1997-09-05,10.8125,10.8125,10.71875,10.8125,10.8125,14400
1997-09-08,11.0,11.0,10.71875,10.96875,10.96875,84000
1997-09-09,10.75,11.09375,10.75,11.09375,11.09375,1600
1997-09-10,11.09375,11.09375,10.9375,10.9375,10.9375,2400
1997-09-11,10.8125,11.15625,10.8125,11.15625,11.15625,36400
1997-09-12,10.9375,11.15625,10.8125,11.0625,11.0625,88400
1997-09-15,10.8125,11.125,10.8125,10.8125,10.8125,9200
1997-09-16,11.125,11.5,11.0625,11.5,11.5,136000
1997-09-17,11.5,11.5625,10.96875,11.0625,11.0625,111200
1997-09-18,11.03125,11.125,11.0,11.03125,11.03125,34000
1997-09-19,10.96875,11.125,10.96875,11.0,11.0,34400
1997-09-22,10.96875,11.125,10.96875,11.03125,11.03125,66400
1997-09-23,11.03125,11.125,11.03125,11.0625,11.0625,18000
1997-09-24,11.0625,11.3125,10.75,11.125,11.125,333200
1997-09-25,10.9375,11.21875,10.9375,10.9375,10.9375,14400
1997-09-26,10.9375,11.5,10.9375,11.0,11.0,136000
1997-09-29,11.28125,11.34375,11.0,11.25,11.25,21600
1997-09-30,11.34375,11.53125,11.0,11.375,11.375,68000
1997-10-01,11.5625,11.75,11.375,11.75,11.75,56400
1997-10-02,11.625,12.09375,11.625,11.84375,11.84375,86800
1997-10-03,12.125,12.125,11.84375,12.0625,12.0625,10800
1997-10-06,12.125,12.375,11.8125,12.375,12.375,100000
1997-10-07,12.375,12.40625,12.0,12.15625,12.15625,85200
1997-10-08,12.375,12.375,11.5,11.6875,11.6875,101600
1997-10-09,11.8125,12.25,11.6875,11.90625,11.90625,83200
1997-10-10,12.125,12.25,11.875,12.25,12.25,13600
1997-10-13,12.25,12.25,11.6875,12.0,12.0,44800
1997-10-14,12.0,12.0,11.65625,11.65625,11.65625,2400
1997-10-15,11.5625,11.6875,11.3125,11.6875,11.6875,68800
1997-10-16,11.8125,12.1875,11.75,11.9375,11.9375,198400
1997-10-17,11.875,11.875,11.6875,11.6875,11.6875,32800
1997-10-20,11.6875,11.6875,11.6875,11.6875,11.6875,8400
1997-10-21,12.0,12.0,11.5,11.75,11.75,63600
1997-10-22,11.8125,12.0,11.625,11.625,11.625,14000
1997-10-23,11.625,11.625,10.1875,10.875,10.875,119200
1997-10-24,11.1875,11.4375,11.0,11.25,11.25,128000
1997-10-27,11.1875,11.4375,10.8125,10.8125,10.8125,67200
1997-10-28,10.5,11.5,10.34375,11.5,11.5,169200
1997-10-29,11.625,12.0,11.25,11.828125,11.828125,121600
1997-10-30,11.8125,11.8125,11.125,11.8125,11.8125,19200
1997-10-31,11.125,12.1875,11.125,12.1875,12.1875,60800
1997-11-03,11.875,13.0,11.875,12.53125,12.53125,70400
1997-11-04,12.6875,12.84375,12.3125,12.84375,12.84375,31600
1997-11-05,12.25,12.8125,11.875,11.875,11.875,43600
1997-11-06,11.625,12.4375,11.625,12.1875,12.1875,17400
1997-11-07,12.1875,12.25,11.25,11.6875,11.6875,69800
1997-11-10,11.25,11.625,11.25,11.5,11.5,9200
1997-11-11,11.375,11.625,11.375,11.625,11.625,31600
1997-11-12,11.625,11.625,11.0625,11.4375,11.4375,24800
1997-11-13,11.0,11.625,10.875,11.125,11.125,63400
1997-11-14,11.625,11.625,11.0,11.375,11.375,18200
1997-11-17,11.25,11.75,11.25,11.5625,11.5625,21400
1997-11-18,11.375,11.5,11.375,11.375,11.375,56200
1997-11-19,11.125,11.625,11.125,11.3125,11.3125,21400
1997-11-20,11.25,11.90625,11.25,11.875,11.875,12000
1997-11-21,12.0,12.125,11.75,12.0,12.0,39400
1997-11-24,11.5,11.96875,11.4375,11.96875,11.96875,5200
1997-11-25,12.0,12.0,11.0,11.6875,11.6875,91400
1997-11-26,11.75,12.25,11.125,11.125,11.125,136800
1997-11-28,11.25,11.625,11.0,11.625,11.625,9400
1997-12-01,11.25,11.5,11.125,11.25,11.25,55800
1997-12-02,11.5,12.0,11.5,12.0,12.0,66600
1997-12-03,12.0,12.0,11.8125,12.0,12.0,16800
1997-12-04,12.1875,12.75,12.1875,12.53125,12.53125,47800
1997-12-05,12.5,13.8125,12.5,13.75,13.75,116800
1997-12-08,13.375,14.75,13.375,14.25,14.25,170000
1997-12-09,14.0,14.8125,13.0625,13.5,13.5,331200
1997-12-10,13.3125,13.5625,12.75,12.8125,12.8125,71800
1997-12-11,12.75,13.25,11.75,12.625,12.625,106000
1997-12-12,12.625,13.0,11.5,11.6875,11.6875,87400
1997-12-15,12.0,12.0,11.375,11.625,11.625,38800
1997-12-16,11.4375,11.5625,11.375,11.375,11.375,47000
1997-12-17,12.0625,12.5,11.75,12.5,12.5,43800
1997-12-18,11.9375,12.5,11.75,11.75,11.75,23200
1997-12-19,11.75,12.625,11.75,12.25,12.25,24000
1997-12-22,12.5,12.625,12.1875,12.46875,12.46875,38000
1997-12-23,12.125,12.75,12.125,12.5,12.5,52200
1997-12-24,12.5625,12.5625,12.25,12.25,12.25,30000
1997-12-26,12.25,12.5625,12.25,12.5625,12.5625,3400
1997-12-29,12.625,12.625,12.125,12.25,12.25,33000
1997-12-30,12.25,12.6875,11.625,12.4375,12.4375,156600
1997-12-31,12.1875,13.5,12.1875,13.25,13.25,163600
1998-01-02,13.4375,13.4375,12.875,12.875,12.875,17800
1998-01-05,13.0,13.5,12.875,13.1875,13.1875,17000
1998-01-06,12.75,13.125,12.75,13.125,13.125,6000
1998-01-07,13.1875,13.1875,12.1875,12.5,12.5,39800
1998-01-08,12.3125,12.5,12.125,12.125,12.125,36600
1998-01-09,12.15625,12.15625,10.9375,11.3125,11.3125,52800
1998-01-12,10.75,11.125,10.5,10.6875,10.6875,24000
1998-01-13,10.5,11.5,10.5,11.0625,11.0625,106000
1998-01-14,11.5625,11.5625,11.0,11.25,11.25,119400
1998-01-15,11.375,11.375,10.3125,10.75,10.75,178200
1998-01-16,10.75,11.0625,10.6875,11.0625,11.0625,168600
1998-01-20,11.0625,12.0,10.9375,11.8125,11.8125,54000
1998-01-21,12.0,12.125,11.4375,11.75,11.75,27800
1998-01-22,11.75,12.5625,11.4375,12.0,12.0,72000
1998-01-23,11.75,12.25,11.5625,12.125,12.125,65000
1998-01-26,12.125,12.125,11.75,11.875,11.875,104200
1998-01-27,11.875,12.375,11.875,12.1875,12.1875,121800
1998-01-28,12.375,12.75,12.1875,12.6875,12.6875,265000
1998-01-29,12.75,12.875,12.375,12.40625,12.40625,339600
1998-01-30,12.5,12.625,12.3125,12.375,12.375,215000
1998-02-02,12.375,12.75,12.0,12.625,12.625,565200
1998-02-03,12.5625,13.875,12.375,13.5,13.5,270600
1998-02-04,13.75,14.375,13.125,13.875,13.875,305800
1998-02-05,13.9375,14.125,13.375,14.0,14.0,118800
1998-02-06,14.0,14.0,12.875,13.0,13.0,146000
1998-02-09,13.140625,13.203125,12.875,13.125,13.125,190800
1998-02-10,13.0625,13.0625,13.0,13.0,13.0,165000
1998-02-11,13.0625,13.0625,13.0,13.0625,13.0625,111600
1998-02-12,13.0,13.5,13.0,13.5,13.5,140800
1998-02-13,13.5,14.375,13.5,14.3125,14.3125,173200
1998-02-17,14.0,14.3125,14.0,14.0625,14.0625,79600
1998-02-18,14.1875,14.1875,13.5625,13.5625,13.5625,40200
1998-02-19,13.875,13.875,12.75,13.1875,13.1875,121800
1998-02-20,13.1875,13.25,12.75,12.75,12.75,195400
1998-02-23,13.0,14.0,12.75,14.0,14.0,117800
1998-02-24,14.125,14.25,13.5625,14.0,14.0,122200
1998-02-25,14.125,14.375,14.0,14.125,14.125,80400
1998-02-26,14.125,14.125,13.875,13.875,13.875,42000
1998-02-27,14.1875,14.6875,14.125,14.6875,14.6875,113800
1998-03-02,14.4375,14.75,14.375,14.625,14.625,107000
1998-03-03,14.5625,15.375,14.5625,15.375,15.375,287000
1998-03-04,15.0,15.8125,15.0,15.375,15.375,188800
1998-03-05,15.375,15.5625,14.5,14.5,14.5,188600
1998-03-06,14.875,15.125,14.5,14.875,14.875,113600
1998-03-09,14.5,15.0625,14.25,15.0625,15.0625,142800
1998-03-10,15.0,15.375,14.6875,15.25,15.25,63000
1998-03-11,15.5,15.875,15.1875,15.375,15.375,30000
1998-03-12,15.375,16.125,15.3125,15.8125,15.8125,85800
1998-03-13,16.125,16.125,15.6875,16.0625,16.0625,11400
1998-03-16,16.0625,16.0625,15.25,15.65625,15.65625,81400
1998-03-17,15.5,15.5625,14.125,14.875,14.875,111000
1998-03-18,15.0625,15.0625,14.625,14.6875,14.6875,61400
1998-03-19,15.0,15.0,14.46875,14.46875,14.46875,57200
1998-03-20,14.25,15.0,14.25,14.9375,14.9375,41400
1998-03-23,14.5,15.0,14.5,14.75,14.75,30000
1998-03-24,15.0,15.0,14.25,14.375,14.375,18400
1998-03-25,14.8125,14.875,14.125,14.625,14.625,12800
1998-03-26,14.625,14.625,13.6875,13.9375,13.9375,53800
1998-03-27,13.6875,14.1875,13.4375,13.5,13.5,40400
1998-03-30,13.5,14.4375,13.5,14.25,14.25,65600
1998-03-31,14.25,15.0625,14.25,14.8125,14.8125,78800
1998-04-01,15.0,15.0,14.375,14.5,14.5,131800
1998-04-02,14.75,14.75,14.125,14.125,14.125,24800
1998-04-03,14.125,15.0,14.125,15.0,15.0,135600
1998-04-06,15.0625,15.0625,14.625,14.625,14.625,208400
1998-04-07,14.75,14.75,14.25,14.328125,14.328125,62800
1998-04-08,14.25,14.6875,14.25,14.5,14.5,33600
1998-04-09,14.75,15.0625,14.6875,14.75,14.75,63200
1998-04-13,14.875,15.0625,14.5,14.625,14.625,53800
1998-04-14,14.8125,15.0625,14.6875,15.0,15.0,90000
1998-04-15,15.1875,16.25,14.875,16.0,16.0,218800
1998-04-16,15.8125,16.125,15.3125,15.5,15.5,167400
1998-04-17,15.5,15.5,14.6875,15.0,15.0,51800
1998-04-20,15.375,15.625,15.25,15.375,15.375,46800
1998-04-21,15.625,15.6875,14.5625,15.6875,15.6875,128200
1998-04-22,15.6875,17.0,15.6875,16.25,16.25,221600
1998-04-23,16.25,16.5,15.9375,16.421875,16.421875,99400
1998-04-24,16.4375,16.75,15.9375,16.0625,16.0625,84600
1998-04-27,16.25,16.5,15.6875,16.0,16.0,308000
1998-04-28,16.25,16.25,15.1875,15.6875,15.6875,40200
1998-04-29,15.5625,15.75,15.375,15.75,15.75,40200
1998-04-30,15.9375,16.1875,15.5625,16.125,16.125,224000
1998-05-01,16.125,17.5,16.125,16.625,16.625,315800
1998-05-04,17.125,17.3125,16.875,17.0,17.0,159600
1998-05-05,16.75,17.0,16.5,16.625,16.625,70800
1998-05-06,16.5,16.875,16.5,16.734375,16.734375,19600
1998-05-07,16.5,16.875,16.125,16.5,16.5,68600
1998-05-08,16.5,16.8125,16.375,16.5625,16.5625,137600
1998-05-11,16.8125,17.125,16.75,17.0625,17.0625,24000
1998-05-12,16.75,16.9375,16.4375,16.4375,16.4375,33800
1998-05-13,16.9375,16.9375,16.0,16.0,16.0,37400
1998-05-14,15.8125,16.0,15.5,15.71875,15.71875,31200
1998-05-15,15.6875,15.875,14.4375,15.0,15.0,64400
1998-05-18,14.75,16.0,14.75,15.78125,15.78125,193200
1998-05-19,15.6875,16.0625,15.6875,15.75,15.75,18600
1998-05-20,15.8125,16.46875,15.625,16.1875,16.1875,98800
1998-05-21,16.4375,17.25,16.25,16.875,16.875,56800
1998-05-22,16.75,17.0,16.1875,16.4375,16.4375,29600
1998-05-26,16.4375,16.4375,15.75,15.75,15.75,20200
1998-05-27,15.5625,16.25,15.375,15.875,15.875,61400
1998-05-28,15.875,16.875,15.875,16.5625,16.5625,108600
1998-05-29,16.6875,17.0,16.625,16.875,16.875,154000
1998-06-01,16.875,16.9375,16.5,16.9375,16.9375,19800
1998-06-02,16.5625,17.1875,16.5,16.625,16.625,89800
1998-06-03,16.5,16.875,16.0625,16.0625,16.0625,49800
1998-06-04,16.5,16.5,15.5,15.75,15.75,71800
1998-06-05,15.75,15.8125,15.25,15.5,15.5,283200
1998-06-08,15.5,16.0,15.5,15.90625,15.90625,114200
1998-06-09,15.625,16.0,15.625,15.84375,15.84375,7400
1998-06-10,16.125,16.125,15.5,15.75,15.75,11400
1998-06-11,15.8125,16.21875,15.5,15.890625,15.890625,64200
1998-06-12,16.3125,16.375,15.5,16.1875,16.1875,42600
1998-06-15,16.125,16.75,16.0625,16.0625,16.0625,170000
1998-06-16,16.6875,16.6875,16.1875,16.1875,16.1875,13400
1998-06-17,16.71875,16.71875,16.1875,16.3125,16.3125,80200
1998-06-18,16.5625,16.5625,15.625,15.6875,15.6875,229800
1998-06-19,15.5625,15.8125,14.3125,15.125,15.125,346800
1998-06-22,15.0,15.8125,15.0,15.3125,15.3125,198600
1998-06-23,15.75,16.125,15.625,15.875,15.875,98000
1998-06-24,15.75,16.625,15.75,16.625,16.625,89800
1998-06-25,16.5,17.0625,16.5,17.0,17.0,105000
1998-06-26,16.5,17.0,16.5,16.8125,16.8125,93000
1998-06-29,16.875,17.375,16.6875,17.375,17.375,74400
1998-06-30,17.5,18.1875,17.375,17.46875,17.46875,121200
1998-07-01,17.625,18.125,17.375,18.0625,18.0625,226000
1998-07-02,18.25,19.0625,18.0,18.25,18.25,211600
1998-07-06,18.25,18.625,17.4375,17.875,17.875,181200
1998-07-07,17.875,18.125,17.5,17.5,17.5,37600
1998-07-08,18.25,18.5,17.875,18.1875,18.1875,66200
1998-07-09,17.875,18.4375,17.5,18.0625,18.0625,50000
1998-07-10,18.0625,18.0625,17.46875,17.9375,17.9375,8000
1998-07-13,18.0625,18.0625,17.75,17.75,17.75,1400
1998-07-14,17.8125,18.125,17.8125,17.8125,17.8125,21400
1998-07-15,17.8125,18.3125,17.8125,17.9375,17.9375,50800
1998-07-16,17.875,18.65625,17.8125,18.375,18.375,462400
1998-07-17,18.5,18.625,17.8125,17.8125,17.8125,107600
1998-07-20,18.125,18.375,17.8125,18.375,18.375,42800
1998-07-21,17.8125,18.5625,17.8125,18.1875,18.1875,57400
1998-07-22,18.375,18.5625,18.0625,18.25,18.25,148600
1998-07-23,18.4375,18.875,18.1875,18.3125,18.3125,293000
1998-07-24,18.3125,18.40625,18.0625,18.0625,18.0625,46600
1998-07-27,18.0625,18.5,17.9375,18.0,18.0,114800
1998-07-28,17.6875,17.96875,17.5625,17.5625,17.5625,128800
1998-07-29,18.0625,18.1875,17.5,18.0,18.0,42200
1998-07-30,17.6875,18.8125,17.6875,18.25,18.25,102800
1998-07-31,18.75,18.75,17.9375,17.9375,17.9375,37200
1998-08-03,17.875,18.5,17.0,17.03125,17.03125,61600
1998-08-04,17.3125,17.3125,16.75,16.9375,16.9375,107800
1998-08-05,16.875,17.25,16.125,17.25,17.25,71400
1998-08-06,17.0625,17.625,16.6875,17.0,17.0,100800
1998-08-07,17.0,17.5,17.0,17.015625,17.015625,59600
1998-08-10,17.0,17.75,16.90625,17.375,17.375,15200
1998-08-11,17.0,17.0,16.0,16.6875,16.6875,143200
1998-08-12,16.8125,17.484375,16.75,17.3125,17.3125,106000
1998-08-13,16.75,17.125,16.5625,17.125,17.125,36600
1998-08-14,17.0,17.125,16.5,16.75,16.75,64600
1998-08-17,16.5,17.6875,16.0,17.5625,17.5625,123400
1998-08-18,17.0625,18.0,17.0625,17.53125,17.53125,31400
1998-08-19,18.0,18.0,17.125,17.5,17.5,12800
1998-08-20,17.25,17.375,16.875,17.0,17.0,20000
1998-08-21,17.375,17.375,16.4375,17.0625,17.0625,23600
1998-08-24,16.8125,17.0,16.375,16.375,16.375,28600
1998-08-25,16.875,16.875,16.4375,16.5625,16.5625,28000
1998-08-26,16.25,16.59375,16.0,16.59375,16.59375,36200
1998-08-27,16.0,16.75,15.5625,16.5,16.5,141600
1998-08-28,16.03125,16.5625,15.9375,16.03125,16.03125,97600
1998-08-31,16.0,16.5,15.75,16.125,16.125,218600
1998-09-01,16.0,16.5,15.8125,16.5,16.5,131800
1998-09-02,16.125,16.875,16.125,16.25,16.25,19400
1998-09-03,16.25,16.375,16.1875,16.1875,16.1875,96800
1998-09-04,16.375,16.375,16.0,16.125,16.125,83400
1998-09-08,16.625,18.25,16.5,18.25,18.25,210800
1998-09-09,17.8125,18.375,17.8125,18.1875,18.1875,163200
1998-09-10,18.0,18.3125,17.5,18.09375,18.09375,103800
1998-09-11,18.125,18.75,18.09375,18.75,18.75,77000
1998-09-14,18.75,19.75,18.75,18.8125,18.8125,169200
1998-09-15,19.0,19.0,18.5625,18.875,18.875,87000
1998-09-16,18.9375,18.9375,18.5,18.5,18.5,85200
1998-09-17,18.5,18.5,17.125,17.5,17.5,180800
1998-09-18,17.875,18.0,17.0625,17.5,17.5,141400
1998-09-21,17.0,17.359375,16.875,17.0,17.0,56400
1998-09-22,17.5,17.5,16.9375,17.375,17.375,249600
1998-09-23,17.375,18.0625,17.25,17.4375,17.4375,74400
1998-09-24,17.796875,18.0,17.4375,17.75,17.75,72800
1998-09-25,17.5,17.9375,17.4375,17.6875,17.6875,31200
1998-09-28,18.0,18.0,17.4375,17.96875,17.96875,22800
1998-09-29,17.4375,18.125,17.4375,18.125,18.125,47400
1998-09-30,18.125,18.5,17.53125,18.5,18.5,62800
1998-10-01,18.0,18.15625,17.5625,17.6875,17.6875,28800
1998-10-02,18.0,18.0,16.0625,16.375,16.375,227000
1998-10-05,15.75,16.3125,13.75,14.0,14.0,376400
1998-10-06,13.0,13.625,12.25,12.5,12.5,339800
1998-10-07,12.375,12.75,12.375,12.5625,12.5625,460400
1998-10-08,12.3125,12.625,11.1875,11.3125,11.3125,314800
1998-10-09,11.5,11.9375,11.125,11.5,11.5,42800
1998-10-12,13.0,13.25,12.4375,12.75,12.75,50200
1998-10-13,13.0,13.1875,12.5,13.0,13.0,8000
1998-10-14,13.1875,13.4375,12.671875,13.4375,13.4375,7400
1998-10-15,13.0,13.5625,13.0,13.25,13.25,40800
1998-10-16,13.0625,16.3671875,13.0625,16.0,16.0,339600
1998-10-19,15.4375,16.5,15.25,16.125,16.125,228400
1998-10-20,16.5,16.9375,15.6875,15.75,15.75,92600
1998-10-21,15.5,15.5,14.6875,15.3125,15.3125,129200
1998-10-22,15.0,15.0625,14.5625,14.96875,14.96875,119400
1998-10-23,15.25,15.25,14.9375,15.25,15.25,26800
1998-10-26,15.375,15.875,14.5,15.625,15.625,36000
1998-10-27,15.625,16.5,15.625,16.0,16.0,30600
1998-10-28,16.0,16.5,15.65625,16.375,16.375,81400
1998-10-29,16.125,16.375,16.0,16.0625,16.0625,32000
1998-10-30,16.375,17.0,16.25,17.0,17.0,256200
1998-11-02,16.9375,17.8125,16.6875,17.625,17.625,110800
1998-11-03,17.75,17.75,16.9375,17.1875,17.1875,115000
1998-11-04,17.5,17.75,17.0,17.25,17.25,59200
1998-11-05,17.375,17.875,17.15625,17.5,17.5,13800
1998-11-06,17.625,17.75,17.5625,17.5625,17.5625,10200
1998-11-09,17.3125,17.625,17.0625,17.5625,17.5625,41000
1998-11-10,17.75,17.75,17.375,17.625,17.625,32200
1998-11-11,18.0,18.46875,17.75,18.375,18.375,65000
1998-11-12,18.125,18.5,18.125,18.25,18.25,176800
1998-11-13,18.125,18.75,18.0,18.125,18.125,16400
1998-11-16,18.3125,18.484375,17.9375,17.9375,17.9375,106600
1998-11-17,17.9375,18.0,17.875,17.875,17.875,20600
1998-11-18,18.0,18.4375,17.9375,18.0,18.0,14000
1998-11-19,18.4375,19.25,18.0625,18.75,18.75,174200
1998-11-20,18.5,18.5625,18.375,18.375,18.375,72200
1998-11-23,18.5,18.5,18.3125,18.3125,18.3125,13800
1998-11-24,18.5,18.875,18.25,18.25,18.25,130800
1998-11-25,18.25,18.6875,17.625,17.6875,17.6875,78800
1998-11-27,17.75,17.75,17.75,17.75,17.75,400
1998-11-30,17.6875,18.3125,17.6875,17.78125,17.78125,40600
1998-12-01,17.5,17.875,17.1875,17.625,17.625,31000
1998-12-02,17.375,17.75,17.3125,17.6875,17.6875,24000
1998-12-03,17.25,17.875,17.1875,17.375,17.375,41200
1998-12-04,17.25,17.25,16.75,16.90625,16.90625,71200
1998-12-07,16.8125,17.0625,16.125,16.3125,16.3125,58200
1998-12-08,16.125,16.3125,15.5,15.5625,15.5625,33600
1998-12-09,16.0,16.25,15.5625,16.21875,16.21875,282000
1998-12-10,16.375,17.34375,16.3125,17.34375,17.34375,77000
1998-12-11,16.875,17.25,16.875,17.0,17.0,143000
1998-12-14,16.9375,17.09375,16.5625,16.625,16.625,7800
1998-12-15,16.6875,16.875,16.125,16.125,16.125,68600
1998-12-16,16.03125,16.25,14.9375,15.875,15.875,507400
1998-12-17,15.875,15.9375,15.625,15.9375,15.9375,458400
1998-12-18,16.09375,16.625,15.75,15.78125,15.78125,74400
1998-12-21,15.75,16.25,14.5,15.25,15.25,165800
1998-12-22,14.875,15.8125,14.875,15.8125,15.8125,39800
1998-12-23,15.75,16.125,15.75,16.0,16.0,101400
1998-12-24,15.875,15.875,15.4375,15.625,15.625,17400
1998-12-28,16.0625,16.5,15.75,15.875,15.875,91400
1998-12-29,16.0,16.5,15.9375,16.5,16.5,146800
1998-12-30,16.5625,16.5625,16.25,16.3125,16.3125,267400
1998-12-31,17.0,17.5,16.9375,17.25,17.25,278200
1999-01-04,15.875,17.0625,15.875,16.625,16.625,29000
1999-01-05,17.0,17.0,16.5625,16.5625,16.5625,40200
1999-01-06,17.0,17.375,16.3125,17.0,17.0,97200
1999-01-07,17.375,17.5,16.5,16.5625,16.5625,31800
1999-01-08,16.5,17.125,15.6875,15.6875,15.6875,47400
1999-01-11,15.625,16.3125,15.625,16.125,16.125,94600
1999-01-12,15.875,16.25,15.875,15.875,15.875,89200
1999-01-13,15.0625,16.125,14.8125,15.5,15.5,23600
1999-01-14,15.8125,16.25,15.8125,16.0,16.0,10600
1999-01-15,15.8125,16.5,15.8125,16.5,16.5,16000
1999-01-19,16.1875,16.625,16.1875,16.5,16.5,14200
1999-01-20,16.5,17.25,16.5,16.90625,16.90625,200000
1999-01-21,16.625,17.25,16.625,17.25,17.25,33600
1999-01-22,17.34375,18.6875,17.125,18.34375,18.34375,174400
1999-01-25,18.125,19.5,18.0,19.25,19.25,285400
1999-01-26,19.25,19.625,18.34375,18.625,18.625,250200
1999-01-27,18.5,19.0,18.25,18.4375,18.4375,144600
1999-01-28,18.375,18.375,17.75,18.25,18.25,69600
1999-01-29,18.0,18.5,17.6875,18.4375,18.4375,55200
1999-02-01,17.875,18.5,17.75,18.125,18.125,95600
1999-02-02,17.8125,18.25,17.5,17.6875,17.6875,147000
1999-02-03,17.5,17.9375,17.28125,17.9375,17.9375,55400
1999-02-04,17.9375,18.4375,17.5,18.15625,18.15625,69600
1999-02-05,17.8125,18.125,17.4375,17.4375,17.4375,5400
1999-02-08,17.5,17.5,16.4375,16.4375,16.4375,184200
1999-02-09,16.3125,16.375,15.75,15.75,15.75,45200
1999-02-10,15.75,16.3125,15.75,16.25,16.25,27200
1999-02-11,16.3125,16.3125,16.0,16.15625,16.15625,167400
1999-02-12,16.4375,16.4375,16.0,16.046875,16.046875,7800
1999-02-16,16.4375,16.625,15.75,15.9375,15.9375,24800
1999-02-17,15.6875,16.0,15.6875,15.875,15.875,28000
1999-02-18,16.125,16.875,15.875,16.3125,16.3125,42000
1999-02-19,16.875,16.875,16.1875,16.25,16.25,12600
1999-02-22,16.5625,16.5625,15.9375,16.1875,16.1875,13800
1999-02-23,16.0,16.625,16.0,16.625,16.625,60600
1999-02-24,16.75,17.375,16.5,17.1875,17.1875,31200
1999-02-25,17.09375,18.25,17.0,18.0625,18.0625,61600
1999-02-26,18.0625,18.0625,17.6875,17.75,17.75,123200
1999-03-01,17.75,17.828125,17.625,17.75,17.75,211200
1999-03-02,17.75,18.5,17.625,18.5,18.5,66000
1999-03-03,17.75,17.75,17.5,17.5,17.5,14400
1999-03-04,17.5,18.5,17.5,17.6875,17.6875,27000
1999-03-05,18.21875,18.21875,16.4375,16.75,16.75,500800
1999-03-08,16.625,16.65625,15.6875,16.3125,16.3125,126200
1999-03-09,16.1875,16.25,15.6875,15.875,15.875,55400
1999-03-10,15.875,16.4375,15.875,16.0625,16.0625,71200
1999-03-11,16.0625,16.0625,15.8125,15.9375,15.9375,82600
1999-03-12,15.875,15.9375,15.375,15.375,15.375,181200
1999-03-15,15.3125,15.3125,14.0,14.625,14.625,63200
1999-03-16,14.6875,14.6875,14.0,14.25,14.25,94200
1999-03-17,14.0625,14.5,14.03125,14.15625,14.15625,21600
1999-03-18,14.28125,14.28125,12.5625,12.8125,12.8125,397400
1999-03-19,12.75,12.78125,11.90625,11.96875,11.96875,366600
1999-03-22,12.125,12.125,11.90625,12.0,12.0,625400
1999-03-23,12.0,12.3125,11.84375,12.25,12.25,475800
1999-03-24,12.1875,12.4375,12.125,12.25,12.25,115600
1999-03-25,12.25,12.6875,12.25,12.6875,12.6875,312200
1999-03-26,12.5625,12.6875,12.40625,12.5625,12.5625,75200
1999-03-29,12.5,12.875,12.5,12.625,12.625,301600
1999-03-30,12.75,13.125,12.75,13.0,13.0,25600
1999-03-31,13.1875,13.3125,12.8125,12.8125,12.8125,107800
1999-04-01,12.8125,13.0625,12.25,12.375,12.375,130600
1999-04-05,12.25,12.5625,12.25,12.5,12.5,231400
1999-04-06,12.5,12.5,12.21875,12.21875,12.21875,36400
1999-04-07,12.375,12.375,11.96875,11.96875,11.96875,44600
1999-04-08,12.1875,12.1875,10.8125,11.0,11.0,322600
1999-04-09,11.0625,11.0625,10.875,10.9375,10.9375,371600
1999-04-12,11.125,11.125,10.84375,10.96875,10.96875,354600
1999-04-13,11.125,11.125,10.65625,10.78125,10.78125,201400
1999-04-14,10.78125,10.9375,10.75,10.78125,10.78125,364400
1999-04-15,10.9375,10.9375,10.75,10.9375,10.9375,179600
1999-04-16,10.78125,12.4375,10.75,11.6875,11.6875,291400
1999-04-19,11.9375,12.25,11.5625,11.6875,11.6875,381000
1999-04-20,12.125,12.125,11.0,11.125,11.125,60600
1999-04-21,11.0625,12.0,11.0625,11.625,11.625,298400
1999-04-22,12.0,13.1875,11.375,11.4375,11.4375,172400
1999-04-23,11.375,12.5625,11.375,12.25,12.25,118200
1999-04-26,12.25,13.0,12.25,12.5,12.5,120200
1999-04-27,12.40625,12.6875,12.25,12.625,12.625,177800
1999-04-28,12.6875,13.625,12.59375,13.5,13.5,174800
1999-04-29,13.25,15.625,13.25,14.25,14.25,239600
1999-04-30,14.375,15.75,14.375,15.15625,15.15625,210000
1999-05-03,15.4375,16.71875,15.4375,15.9375,15.9375,331000
1999-05-04,16.0,16.09375,15.4375,15.46875,15.46875,159200
1999-05-05,15.375,15.375,14.21875,14.40625,14.40625,173200
1999-05-06,14.53125,14.53125,14.4375,14.4375,14.4375,11000
1999-05-07,14.5625,14.5625,14.125,14.125,14.125,6400
1999-05-10,14.40625,14.40625,14.09375,14.125,14.125,18800
1999-05-11,14.25,14.5,14.0,14.0,14.0,222800
1999-05-12,14.0625,14.125,13.9375,13.96875,13.96875,36800
1999-05-13,13.96875,14.125,13.96875,14.0625,14.0625,23000
1999-05-14,14.0,14.0625,13.90625,13.96875,13.96875,61000
1999-05-17,13.875,13.9375,13.75,13.84375,13.84375,71600
1999-05-18,13.625,13.875,13.5625,13.5625,13.5625,21000
1999-05-19,13.5,13.6875,13.375,13.375,13.375,14400
1999-05-20,13.375,13.8125,13.125,13.5,13.5,33400
1999-05-21,13.3125,13.8125,13.25,13.25,13.25,48600
1999-05-24,13.75,13.8125,13.5,13.8125,13.8125,45200
1999-05-25,13.6875,13.8125,13.1875,13.4375,13.4375,95200
1999-05-26,13.65625,13.6875,13.25,13.28125,13.28125,19000
1999-05-27,13.25,13.25,12.75,13.0,13.0,232600
1999-05-28,13.125,13.125,12.8125,12.8125,12.8125,112000
1999-06-01,12.75,13.125,12.75,13.125,13.125,39600
1999-06-02,13.28125,13.3125,12.875,13.25,13.25,46800
1999-06-03,13.3125,13.3125,12.875,13.0625,13.0625,170600
1999-06-04,12.75,13.125,12.75,13.0625,13.0625,57200
1999-06-07,13.0625,13.125,12.9375,12.9375,12.9375,76800
1999-06-08,12.875,12.9375,12.5,12.5625,12.5625,66200
1999-06-09,12.5,12.5,12.0,12.125,12.125,228000
1999-06-10,12.125,12.3125,11.875,12.0625,12.0625,330800
1999-06-11,11.9375,12.0,11.71875,11.9375,11.9375,89200
1999-06-14,11.90625,12.0625,11.625,11.90625,11.90625,192200
1999-06-15,11.8125,11.8125,11.734375,11.78125,11.78125,751000
1999-06-16,12.0,12.0625,11.9375,12.0625,12.0625,44200
1999-06-17,12.0,12.0625,11.6875,11.6875,11.6875,126400
1999-06-18,11.78125,11.875,11.6875,11.8125,11.8125,171000
1999-06-21,11.875,11.875,11.6875,11.8125,11.8125,122400
1999-06-22,11.6875,11.8125,11.4375,11.4375,11.4375,332400
1999-06-23,11.625,11.625,11.15625,11.1875,11.1875,130200
1999-06-24,11.3125,11.5625,11.125,11.3125,11.3125,257400
1999-06-25,11.3125,11.625,11.3125,11.5,11.5,544000
1999-06-28,11.5625,12.625,11.5625,12.4375,12.4375,173200
1999-06-29,12.375,13.0,11.5625,13.0,13.0,85000
1999-06-30,13.125,13.5625,12.9375,13.0625,13.0625,99200
1999-07-01,13.5625,14.0,13.125,14.0,14.0,86000
1999-07-02,14.0,14.0,13.4375,13.5,13.5,88600
1999-07-06,13.53125,14.6875,13.53125,14.375,14.375,166600
1999-07-07,14.5,14.5,12.4375,12.75,12.75,154800
1999-07-08,12.9375,14.0625,12.75,14.0,14.0,158200
1999-07-09,14.0,14.0625,13.875,14.0625,14.0625,155400
1999-07-12,13.875,14.3125,13.875,14.25,14.25,70000
1999-07-13,14.375,14.4375,14.15625,14.4375,14.4375,94400
1999-07-14,14.4375,16.1875,14.40625,15.875,15.875,500400
1999-07-15,15.5625,16.9375,15.375,16.75,16.75,494000
1999-07-16,16.5625,17.375,16.1875,16.5,16.5,178200
1999-07-19,16.296875,16.53125,15.125,15.625,15.625,226200
1999-07-20,15.75,15.75,15.0,15.3125,15.3125,106400
1999-07-21,15.375,15.375,14.5625,15.0,15.0,277000
1999-07-22,15.03125,15.3125,14.8125,15.25,15.25,162600
1999-07-23,15.15625,15.234375,14.84375,15.0,15.0,62000
1999-07-26,15.03125,15.1875,14.84375,15.0625,15.0625,180200
1999-07-27,15.0625,15.1875,13.5,14.1875,14.1875,462800
1999-07-28,14.6875,14.75,14.25,14.6875,14.6875,176200
1999-07-29,14.75,14.8125,12.875,13.375,13.375,531000
1999-07-30,13.5,14.5625,13.25,14.25,14.25,89600
1999-08-02,14.25,14.9375,14.0625,14.875,14.875,41200
1999-08-03,14.8125,15.0,14.65625,15.0,15.0,63200
1999-08-04,15.0625,15.125,14.5625,14.875,14.875,103600
1999-08-05,14.75,14.75,14.5,14.6875,14.6875,55600
1999-08-06,14.5,14.6875,13.625,13.625,13.625,60800
1999-08-09,14.0625,14.0625,12.875,13.0,13.0,158400
1999-08-10,12.75,13.0,12.75,13.0,13.0,69600
1999-08-11,12.875,13.09375,12.5,12.75,12.75,98200
1999-08-12,13.1875,13.25,12.8125,12.875,12.875,25600
1999-08-13,13.125,13.125,12.375,12.375,12.375,42400
1999-08-16,12.5,13.0,12.5,12.5625,12.5625,42000
1999-08-17,12.375,13.0,12.375,13.0,13.0,212600
1999-08-18,13.0625,14.125,12.75,13.625,13.625,51200
1999-08-19,13.375,13.84375,13.1875,13.84375,13.84375,33600
1999-08-20,13.96875,14.125,13.34375,13.5,13.5,32000
1999-08-23,13.65625,15.25,13.5,14.34375,14.34375,75200
1999-08-24,14.5,15.125,14.5,14.9375,14.9375,40800
1999-08-25,15.1875,15.25,14.0,15.125,15.125,232000
1999-08-26,15.1875,15.3125,14.9375,15.28125,15.28125,57200
1999-08-27,15.015625,15.625,14.96875,15.125,15.125,53600
1999-08-30,14.875,15.0,14.78125,14.9375,14.9375,144800
1999-08-31,15.25,15.5,14.9375,14.9375,14.9375,36800
1999-09-01,14.96875,15.0,14.5625,14.71875,14.71875,46000
1999-09-02,14.5,14.5,14.0,14.0,14.0,126800
1999-09-03,14.125,14.5,14.0625,14.0625,14.0625,5000
1999-09-07,14.25,14.5625,13.96875,14.53125,14.53125,187600
1999-09-08,14.375,14.59375,14.0625,14.5,14.5,82600
1999-09-09,14.5,14.5625,14.3125,14.40625,14.40625,41000
1999-09-10,14.328125,14.4375,13.5625,14.0,14.0,35000
1999-09-13,13.90625,14.0625,13.8125,14.0,14.0,21200
1999-09-14,14.0625,14.0625,13.75,14.0625,14.0625,4200
1999-09-15,13.90625,14.1875,13.875,14.0,14.0,136200
1999-09-16,13.90625,14.375,13.875,14.21875,14.21875,66000
1999-09-17,14.5,15.25,14.5,14.90625,14.90625,53600
1999-09-20,14.75,14.875,14.4375,14.65625,14.65625,49800
1999-09-21,14.625,14.625,14.0,14.25,14.25,70800
1999-09-22,14.375,14.375,13.9375,14.1875,14.1875,58400
1999-09-23,14.125,14.25,12.9375,12.9375,12.9375,98400
1999-09-24,13.375,13.375,12.4375,13.0,13.0,90200
1999-09-27,13.09375,13.125,12.9375,12.9375,12.9375,223000
1999-09-28,13.03125,13.125,12.8125,12.9375,12.9375,232800
1999-09-29,12.96875,13.03125,12.4375,12.625,12.625,248200
1999-09-30,12.6875,12.875,11.75,12.0,12.0,284600
1999-10-01,11.96875,12.125,11.5,11.6875,11.6875,397000
1999-10-04,11.65625,11.8125,11.625,11.75,11.75,97000
1999-10-05,11.65625,12.0,11.65625,11.9375,11.9375,200000
1999-10-06,11.875,12.0,11.6875,11.6875,11.6875,101200
1999-10-07,11.96875,11.96875,11.625,11.6875,11.6875,90800
1999-10-08,11.6875,11.6875,11.625,11.625,11.625,39600
1999-10-11,11.6875,11.6875,11.40625,11.5,11.5,13400
1999-10-12,11.484375,11.6875,11.484375,11.6875,11.6875,49400
1999-10-13,11.6875,12.5,11.625,11.9375,11.9375,37000
1999-10-14,13.0625,13.4375,12.5,12.875,12.875,98000
1999-10-15,12.5,12.78125,12.0625,12.375,12.375,65000
1999-10-18,12.125,12.25,11.6875,12.0,12.0,58600
1999-10-19,12.25,12.875,12.1875,12.5625,12.5625,181000
1999-10-20,13.0,13.625,12.75,13.375,13.375,48200
1999-10-21,13.3125,14.5,13.0,14.5,14.5,87600
1999-10-22,14.21875,14.5,13.875,14.25,14.25,46000
1999-10-25,14.09375,14.09375,14.0,14.0,14.0,40200
1999-10-26,14.1875,14.625,14.109375,14.625,14.625,77800
1999-10-27,14.6875,15.0,14.1875,14.4375,14.4375,54600
1999-10-28,14.5,14.90625,14.375,14.78125,14.78125,55000
1999-10-29,14.90625,15.0,14.375,14.375,14.375,42400
1999-11-01,14.84375,14.875,14.5,14.5,14.5,10600
1999-11-02,14.4375,14.875,14.4375,14.5,14.5,10800
1999-11-03,14.625,14.625,14.25,14.5625,14.5625,13200
1999-11-04,14.15625,14.46875,13.875,13.875,13.875,88200
1999-11-05,13.875,14.5,13.09375,13.28125,13.28125,60400
1999-11-08,13.0,13.6875,12.9375,13.25,13.25,68000
1999-11-09,13.375,14.25,13.3125,14.25,14.25,48400
1999-11-10,14.125,14.6875,14.125,14.5,14.5,25600
1999-11-11,14.5,14.875,14.40625,14.5625,14.5625,72000
1999-11-12,14.4375,14.75,14.3125,14.5,14.5,39000
1999-11-15,14.375,14.75,14.28125,14.75,14.75,130600
1999-11-16,14.75,14.75,14.25,14.5,14.5,97600
1999-11-17,14.25,14.75,14.25,14.25,14.25,51800
1999-11-18,14.59375,14.59375,14.03125,14.3125,14.3125,51000
1999-11-19,14.46875,14.46875,14.0,14.1875,14.1875,95000
1999-11-22,14.21875,14.25,14.125,14.125,14.125,137000
1999-11-23,14.171875,14.1875,14.0,14.0,14.0,40400
1999-11-24,14.03125,14.0625,13.96875,14.0,14.0,36600
1999-11-26,14.28125,14.28125,14.1875,14.28125,14.28125,2000
1999-11-29,14.3125,14.3125,14.0,14.03125,14.03125,245200
1999-11-30,14.0,14.0625,13.5,14.03125,14.03125,144400
1999-12-01,14.0,14.1875,13.75,13.75,13.75,235200
1999-12-02,13.75,14.0,13.75,13.875,13.875,57400
1999-12-03,13.90625,14.0625,13.90625,13.90625,13.90625,9600
1999-12-06,13.78125,14.3125,13.78125,14.0,14.0,84000
1999-12-07,13.96875,13.96875,13.75,13.8125,13.8125,120000
1999-12-08,13.875,14.40625,13.875,14.0,14.0,58400
1999-12-09,14.4375,14.4375,13.6875,13.6875,13.6875,38200
1999-12-10,13.84375,13.84375,13.5625,13.75,13.75,97600
1999-12-13,13.8125,13.8125,13.53125,13.734375,13.734375,8200
1999-12-14,13.78125,13.875,13.5,13.875,13.875,84000
1999-12-15,13.6875,14.125,13.5,13.75,13.75,66600
1999-12-16,14.0,14.375,13.875,14.3125,14.3125,54600
1999-12-17,14.625,15.1875,14.625,14.8125,14.8125,78400
1999-12-20,14.84375,15.0,14.625,14.90625,14.90625,39000
1999-12-21,14.625,14.90625,14.375,14.375,14.375,79200
1999-12-22,14.40625,14.5625,14.28125,14.40625,14.40625,89400
1999-12-23,14.5,14.5625,13.875,14.125,14.125,209400
1999-12-27,14.0,14.125,13.8125,13.96875,13.96875,121400
1999-12-28,13.875,14.75,13.6875,14.5,14.5,52400
1999-12-29,14.625,15.0,14.25,14.9375,14.9375,10000
1999-12-30,14.6875,14.9375,14.375,14.9375,14.9375,20000
1999-12-31,14.84375,14.9375,14.6875,14.9375,14.9375,13000
2000-01-03,14.90625,14.90625,14.25,14.5,14.5,44000
2000-01-04,14.25,14.375,14.25,14.25,14.25,90400
2000-01-05,14.265625,14.59375,14.25,14.5,14.5,54200
2000-01-06,14.40625,14.6875,14.25,14.4375,14.4375,49600
2000-01-07,14.4375,14.8125,14.4375,14.5,14.5,542400
2000-01-10,14.5,14.8125,14.46875,14.65625,14.65625,236000
2000-01-11,14.84375,14.875,14.3125,14.3125,14.3125,93200
2000-01-12,14.25,14.28125,13.6875,13.875,13.875,64000
2000-01-13,14.0625,14.0625,13.5625,13.75,13.75,377800
2000-01-14,13.75,15.0,13.75,14.625,14.625,129200
2000-01-18,14.5,15.0625,14.4375,14.9375,14.9375,169200
2000-01-19,14.875,15.0,14.6875,14.6875,14.6875,53000
2000-01-20,14.875,14.875,14.1875,14.28125,14.28125,36200
2000-01-21,14.484375,14.5,14.25,14.3125,14.3125,259200
2000-01-24,14.3125,14.375,13.6875,13.75,13.75,45600
2000-01-25,13.875,14.125,13.546875,14.0625,14.0625,169800
2000-01-26,13.875,14.1875,13.875,14.0,14.0,64000
2000-01-27,14.375,14.5625,14.0,14.375,14.375,163600
2000-01-28,14.40625,14.6875,14.40625,14.6875,14.6875,231000
2000-01-31,14.59375,15.9375,14.5,15.625,15.625,394000
2000-02-01,15.671875,15.9375,14.5625,14.875,14.875,89000
2000-02-02,15.0,15.25,14.9375,15.0625,15.0625,34800
2000-02-03,15.0,16.0,15.0,15.9375,15.9375,502600
2000-02-04,16.125,16.3125,16.0,16.15625,16.15625,197000
2000-02-07,16.15625,16.1875,15.875,15.96875,15.96875,30400
2000-02-08,16.0,16.25,13.75,14.125,14.125,231400
2000-02-09,14.0,16.9375,14.0,16.75,16.75,547600
2000-02-10,16.46875,16.8125,16.3125,16.75,16.75,205600
2000-02-11,16.75,17.09375,16.5,16.9375,16.9375,236400
2000-02-14,16.875,17.5,16.75,17.5,17.5,141200
2000-02-15,16.96875,17.75,16.96875,17.75,17.75,270800
2000-02-16,17.640625,17.9375,17.5,17.5,17.5,63600
2000-02-17,17.96875,18.0,17.5,18.0,18.0,190400
2000-02-18,17.8125,17.9375,17.625,17.625,17.625,70000
2000-02-22,17.734375,18.0625,17.25,17.5,17.5,158600
2000-02-23,17.203125,17.5625,17.125,17.125,17.125,67200
2000-02-24,17.0625,17.25,16.5,16.90625,16.90625,150400
2000-02-25,16.765625,17.3125,16.75,17.0625,17.0625,33000
2000-02-28,16.8125,18.5,16.8125,18.0,18.0,47600
2000-02-29,17.8125,19.1875,17.8125,18.6875,18.6875,186600
2000-03-01,18.515625,19.1875,18.515625,19.1875,19.1875,112200
2000-03-02,19.109375,20.125,18.9375,19.1875,19.1875,120400
2000-03-03,19.328125,20.0625,19.1875,19.625,19.625,136200
2000-03-06,19.90625,20.5,17.25,18.9375,18.9375,248200
2000-03-07,19.546875,19.8125,18.875,19.125,19.125,74200
2000-03-08,19.3125,21.0,19.125,20.0625,20.0625,269000
2000-03-09,20.0625,21.375,19.8125,21.0625,21.0625,488400
2000-03-10,21.25,21.8125,21.21875,21.53125,21.53125,453600
2000-03-13,21.4375,22.375,21.4375,21.71875,21.71875,234400
2000-03-14,21.765625,22.4375,21.71875,22.1875,22.1875,306400
2000-03-15,22.15625,22.75,21.875,22.4375,22.4375,545800
2000-03-16,22.28125,22.3125,20.8125,21.3125,21.3125,115600
2000-03-17,20.09375,20.3125,19.4375,20.3125,20.3125,271000
2000-03-20,20.0625,21.6875,20.0625,21.0625,21.0625,245400
2000-03-21,21.078125,21.625,20.875,21.46875,21.46875,113600
2000-03-22,21.125,22.5,21.125,22.0,22.0,53600
2000-03-23,22.0625,22.28125,21.25,21.78125,21.78125,86400
2000-03-24,21.625,21.96875,21.375,21.4375,21.4375,181000
2000-03-27,21.375,22.0,21.03125,21.125,21.125,237400
2000-03-28,21.234375,21.96875,21.1875,21.3125,21.3125,76200
2000-03-29,21.3125,22.0,20.9375,21.25,21.25,305000
2000-03-30,21.0625,22.25,21.0625,22.09375,22.09375,93600
2000-03-31,21.5,22.625,21.4375,22.5,22.5,423000
2000-04-03,22.484375,23.0,21.75,22.84375,22.84375,376400
2000-04-04,23.25,25.875,23.25,25.0,25.0,415200
2000-04-05,24.3125,25.375,23.375,23.875,23.875,183100
2000-04-06,24.46875,25.3125,24.0,24.375,24.375,128600
2000-04-07,24.875,25.3125,22.5,24.1875,24.1875,173800
2000-04-10,24.0625,24.1875,23.625,23.625,23.625,166400
2000-04-11,23.625,24.0,22.875,23.9375,23.9375,30900
2000-04-12,23.625,25.25,23.625,25.0,25.0,43300
2000-04-13,23.8125,25.8125,22.75,22.8125,22.8125,179100
2000-04-14,22.4375,22.4375,21.0625,22.25,22.25,94300
2000-04-17,21.625,22.5,21.375,22.5,22.5,251600
2000-04-18,22.25,24.125,21.875,24.125,24.125,267700
2000-04-19,23.875,25.1875,23.875,25.0,25.0,262600
2000-04-20,24.59375,25.5,24.25,25.25,25.25,65300
2000-04-24,24.03125,29.9375,23.5,29.875,29.875,662100
2000-04-25,29.4375,29.4375,26.625,28.75,28.75,426400
2000-04-26,28.21875,29.125,27.75,28.875,28.875,244000
2000-04-27,29.21875,33.0,28.375,32.125,32.125,319800
2000-04-28,31.90625,32.125,31.1875,31.375,31.375,479500
2000-05-01,31.375,31.875,30.375,31.1875,31.1875,366600
2000-05-02,29.75,31.125,28.0,30.25,30.25,379500
2000-05-03,29.9375,30.0,28.0,28.375,28.375,226400
2000-05-04,30.0,30.0,28.75,29.5,29.5,116100
2000-05-05,29.53125,29.75,28.25,28.5,28.5,96300
2000-05-08,28.8125,29.375,27.9375,28.625,28.625,79100
2000-05-09,30.125,31.0,29.5,30.125,30.125,431000
2000-05-10,30.0625,30.625,29.5,30.5,30.5,308700
2000-05-11,30.59375,30.75,29.5,29.75,29.75,250600
2000-05-12,29.75,30.75,28.75,28.9375,28.9375,879900
2000-05-15,28.25,28.5625,27.5,28.25,28.25,180100
2000-05-16,28.0,28.875,27.8125,28.0,28.0,165200
2000-05-17,27.9375,28.5,27.5,28.4375,28.4375,50100
2000-05-18,28.5,29.0,28.1875,28.6875,28.6875,103400
2000-05-19,28.5,29.0,28.5,29.0,29.0,128100
2000-05-22,28.6875,29.0,28.0,29.0,29.0,42900
2000-05-23,28.5,29.375,28.5,28.6875,28.6875,131000
2000-05-24,28.6875,28.6875,27.25,27.875,27.875,65400
2000-05-25,27.5,28.375,27.5,27.75,27.75,55500
2000-05-26,26.875,27.0625,25.0,25.75,25.75,171200
2000-05-30,26.0625,26.75,24.75,25.625,25.625,202600
2000-05-31,25.75,26.0,25.375,26.0,26.0,64000
2000-06-01,26.9375,27.375,26.5,27.0,27.0,32100
2000-06-02,29.0,30.25,24.625,25.5,25.5,118200
2000-06-05,25.125,27.0,25.125,26.9375,26.9375,57800
2000-06-06,27.125,28.1875,27.125,27.5625,27.5625,39900
2000-06-07,27.375,27.625,26.5625,27.125,27.125,17100
2000-06-08,27.0,28.375,26.25,26.375,26.375,71600
2000-06-09,26.0625,28.25,26.0625,27.625,27.625,38400
2000-06-12,27.4375,27.78125,22.0,23.25,23.25,247600
2000-06-13,23.125,24.25,23.0,23.75,23.75,300200
2000-06-14,24.25,26.875,23.75,26.375,26.375,88900
2000-06-15,25.8125,27.375,25.328125,27.1875,27.1875,74700
2000-06-16,27.28125,29.5,22.0,29.4375,29.4375,192100
2000-06-19,28.96875,29.875,28.5,29.8125,29.8125,143800
2000-06-20,29.25,30.109375,29.0625,29.625,29.625,116800
2000-06-21,29.3125,30.25,29.125,30.0,30.0,51100
2000-06-22,29.5,30.9375,29.25,30.0625,30.0625,135500
2000-06-23,30.3125,30.34375,29.375,29.625,29.625,75100
2000-06-26,30.5,31.0,29.5625,31.0,31.0,105200
2000-06-27,30.875,32.875,30.625,32.0,32.0,137700
2000-06-28,31.75,34.9375,31.75,34.3125,34.3125,220600
2000-06-29,34.25,34.25,30.4375,31.3125,31.3125,76800
2000-06-30,31.25,32.75,28.75,30.5,30.5,230800
2000-07-03,31.0,32.0,30.5,30.75,30.75,19800
2000-07-05,32.25,32.25,29.75,29.75,29.75,150600
2000-07-06,30.75,31.0,30.0,30.3125,30.3125,149300
2000-07-07,30.4375,31.3125,30.1875,30.203125,30.203125,72900
2000-07-10,31.0,32.0,30.375,31.0,31.0,220700
2000-07-11,31.0625,31.0625,29.75,30.25,30.25,129000
2000-07-12,30.03125,30.0625,29.25,29.875,29.875,84000
2000-07-13,29.5,30.375,29.0,30.0,30.0,96200
2000-07-14,29.625,30.375,29.625,29.75,29.75,26500
2000-07-17,29.625,30.8125,29.25,30.0,30.0,63700
2000-07-18,30.0625,30.8125,27.625,28.4375,28.4375,104600
2000-07-19,28.875,28.875,25.75,27.5,27.5,175500
2000-07-20,27.625,29.125,27.125,28.5,28.5,62200
2000-07-21,28.0625,28.5,24.5,26.25,26.25,180900
2000-07-24,27.125,27.125,25.25,25.625,25.625,73700
2000-07-25,25.625,26.125,25.3125,25.9375,25.9375,124700
2000-07-26,26.25,27.875,25.75,26.75,26.75,35500
2000-07-27,26.0625,27.125,24.625,26.5,26.5,150700
2000-07-28,25.25,26.0,24.625,25.0625,25.0625,228900
2000-07-31,25.0,27.75,24.875,27.5625,27.5625,77100
2000-08-01,26.125,29.5,26.125,27.390625,27.390625,28100
2000-08-02,27.375,28.0,26.640625,27.9375,27.9375,34100
2000-08-03,27.375,29.6875,27.375,29.0,29.0,92100
2000-08-04,29.0,29.125,27.5625,27.6875,27.6875,38800
2000-08-07,27.6875,28.75,26.265625,26.5,26.5,34900
2000-08-08,27.625,27.8125,26.125,26.625,26.625,29300
2000-08-09,27.5,28.0,26.25,26.75,26.75,28200
2000-08-10,27.1875,27.1875,25.375,26.0,26.0,40900
2000-08-11,26.0,28.0,26.0,28.0,28.0,41000
2000-08-14,26.875,28.0,26.75,27.9375,27.9375,18300
2000-08-15,26.75,28.0,25.5625,25.5625,25.5625,144700
2000-08-16,26.34375,27.5,26.0,26.0,26.0,57400
2000-08-17,26.75,28.0,25.0625,28.0,28.0,35500
2000-08-18,28.0,28.75,27.328125,27.4375,27.4375,32300
2000-08-21,27.5,28.625,27.5,28.375,28.375,42000
2000-08-22,28.375,28.375,27.875,28.375,28.375,36000
2000-08-23,27.875,29.25,27.8125,29.125,29.125,85300
2000-08-24,29.0,29.125,27.8125,28.6875,28.6875,53500
2000-08-25,28.6875,29.125,27.8125,29.0,29.0,38900
2000-08-28,29.0625,29.375,27.8125,28.5,28.5,34900
2000-08-29,28.0,29.0,28.0,28.625,28.625,28500
2000-08-30,28.25,28.875,27.875,28.625,28.625,51000
2000-08-31,28.625,30.0,28.375,29.875,29.875,36300
2000-09-01,29.5,30.25,29.0,29.875,29.875,51800
2000-09-05,30.0,30.25,28.5,28.5,28.5,89800
2000-09-06,29.6875,29.75,27.625,28.6875,28.6875,15400
2000-09-07,27.5625,29.5,27.5625,29.5,29.5,30400
2000-09-08,29.40625,29.5,27.0,27.625,27.625,49800
2000-09-11,27.625,28.1875,26.125,26.3125,26.3125,47800
2000-09-12,26.4375,27.125,25.96875,25.96875,25.96875,23400
2000-09-13,26.3125,26.3125,25.625,26.25,26.25,92700
2000-09-14,25.75,28.375,25.75,27.625,27.625,55900
2000-09-15,27.4375,27.625,26.8125,27.25,27.25,115800
2000-09-18,26.9375,26.9375,25.625,26.6875,26.6875,47900
2000-09-19,25.6875,27.75,25.5625,27.75,27.75,43200
2000-09-20,27.71875,29.0,27.125,28.3125,28.3125,49600
2000-09-21,28.1875,30.109375,27.8125,29.1875,29.1875,36600
2000-09-22,28.25,32.0,28.25,32.0,32.0,109900
2000-09-25,31.03125,32.0,27.6875,27.6875,27.6875,53900
2000-09-26,28.3125,28.875,26.875,27.875,27.875,24400
2000-09-27,27.3125,31.0,27.3125,30.25,30.25,82500
2000-09-28,30.1875,33.0625,30.1875,33.0,33.0,121700
2000-09-29,31.3125,32.75,30.75,31.375,31.375,132300
2000-10-02,31.125,33.6875,30.9375,32.25,32.25,114800
2000-10-03,32.5,33.125,29.875,30.4375,30.4375,57400
2000-10-04,31.0,31.875,30.140625,30.875,30.875,59300
2000-10-05,31.109375,31.375,28.9375,30.5,30.5,36000
2000-10-06,30.125,30.75,28.625,30.4375,30.4375,90400
2000-10-09,30.265625,30.984375,30.25,30.984375,30.984375,57400
2000-10-10,31.0625,31.125,26.25,26.25,26.25,97800
2000-10-11,26.1875,27.5625,25.375,25.875,25.875,97100
2000-10-12,26.5,27.0,25.0,25.5,25.5,59500
2000-10-13,25.625,26.125,24.375,25.5,25.5,71300
2000-10-16,25.625,26.0,23.25,23.25,23.25,131800
2000-10-17,23.25,23.8125,21.875,22.25,22.25,172000
2000-10-18,22.0625,25.375,21.75,24.6875,24.6875,40700
2000-10-19,24.75,27.9375,24.265625,27.4375,27.4375,69600
2000-10-20,27.75,27.75,25.6875,26.0625,26.0625,37700
2000-10-23,25.9375,26.3125,23.75,24.125,24.125,66000
2000-10-24,24.25,25.75,24.0,24.0,24.0,74900
2000-10-25,23.9375,24.125,23.125,23.625,23.625,180300
2000-10-26,24.125,26.9375,23.5625,26.25,26.25,219400
2000-10-27,26.9375,26.9375,25.4375,26.0,26.0,34200
2000-10-30,25.390625,26.125,24.875,25.0,25.0,84700
2000-10-31,25.5,25.5,24.375,25.1875,25.1875,160200
2000-11-01,24.25,25.859375,24.25,24.6875,24.6875,41900
2000-11-02,23.5,25.375,23.375,25.25,25.25,204800
2000-11-03,25.25,25.375,24.875,25.25,25.25,43000
2000-11-06,25.25,25.25,23.375,23.5,23.5,153000
2000-11-07,23.6875,24.5,23.5,24.25,24.25,238800
2000-11-08,24.5,24.625,24.1875,24.3125,24.3125,402400
2000-11-09,24.3125,24.4375,22.5,23.4375,23.4375,176700
2000-11-10,23.25,23.625,21.75,21.75,21.75,164400
2000-11-13,21.75,23.0,21.5625,22.8125,22.8125,161700
2000-11-14,22.0,27.625,22.0,27.1875,27.1875,251400
2000-11-15,27.0,28.125,26.5,27.25,27.25,76100
2000-11-16,26.5625,28.5,26.5,27.1875,27.1875,60900
2000-11-17,27.3125,28.0,26.625,26.8125,26.8125,70700
2000-11-20,26.375,29.0625,26.125,27.5,27.5,50200
2000-11-21,27.5625,28.0,25.9375,26.3125,26.3125,59000
2000-11-22,26.0625,26.3125,25.375,25.9375,25.9375,53700
2000-11-24,25.3125,27.0625,25.3125,27.0625,27.0625,10000
2000-11-27,26.1875,26.984375,24.0625,25.5,25.5,66600
2000-11-28,26.0,27.125,24.9375,24.9375,24.9375,92900
2000-11-29,24.875,25.1875,24.0,24.6875,24.6875,41800
2000-11-30,24.5625,25.0625,23.875,25.0625,25.0625,27500
2000-12-01,25.046875,25.6875,23.875,24.0625,24.0625,36200
2000-12-04,24.0625,25.625,23.75,23.75,23.75,43300
2000-12-05,23.875,25.875,23.75,25.875,25.875,23700
2000-12-06,25.8125,26.0,23.875,24.0,24.0,21900
2000-12-07,24.4375,25.375,23.75,24.625,24.625,29000
2000-12-08,24.625,26.25,24.625,26.25,26.25,52000
2000-12-11,26.0,27.375,25.5,26.875,26.875,50900
2000-12-12,25.3125,26.875,24.875,25.875,25.875,134700
2000-12-13,26.25,26.875,25.875,26.3125,26.3125,68900
2000-12-14,26.4375,27.0,24.375,25.25,25.25,31700
2000-12-15,25.3125,27.25,25.25,26.4375,26.4375,53700
2000-12-18,26.75,27.25,25.5625,26.875,26.875,74100
2000-12-19,26.203125,28.0,26.0,26.0,26.0,36400
2000-12-20,25.4375,26.9375,24.5,26.125,26.125,105200
2000-12-21,25.1875,27.5625,24.875,26.875,26.875,72600
2000-12-22,26.5,28.875,26.25,28.0625,28.0625,64800
2000-12-26,27.9375,28.5,27.4375,27.875,27.875,29500
2000-12-27,27.625,29.25,27.125,28.5,28.5,78000
2000-12-28,28.5,30.6875,28.5,29.5,29.5,65400
2000-12-29,30.5,30.9375,27.25,28.5,28.5,61400
2001-01-02,28.375,29.75,28.25,28.875,28.875,55900
2001-01-03,28.5,29.625,27.5,28.6875,28.6875,231300
2001-01-04,28.9375,29.1875,27.25,27.625,27.625,63000
2001-01-05,27.375,27.5,24.5,25.0625,25.0625,176600
2001-01-08,25.015625,25.5,24.8125,25.375,25.375,52900
2001-01-09,25.4375,25.75,23.75,24.1875,24.1875,105300
2001-01-10,24.671875,26.0,24.53125,25.625,25.625,100900
2001-01-11,25.625,26.625,25.0,26.1875,26.1875,49300
2001-01-12,25.5,27.5,25.3125,26.875,26.875,19100
2001-01-16,26.125,29.0,24.875,28.6875,28.6875,78900
2001-01-17,29.0,29.25,26.25,26.6875,26.6875,100400
2001-01-18,27.0,28.125,26.5,28.0,28.0,117900
2001-01-19,27.5625,28.0625,27.0625,27.4375,27.4375,28900
2001-01-22,27.5625,27.5625,25.6875,27.0,27.0,52300
2001-01-23,26.75,28.5,26.3125,28.0625,28.0625,58700
2001-01-24,27.875,28.8125,27.0,28.0,28.0,21700
2001-01-25,26.9375,28.0625,26.75,27.3125,27.3125,39400
2001-01-26,27.0,28.4375,25.875,28.0,28.0,97100
2001-01-29,28.25,29.75,27.828125,29.6875,29.6875,79000
2001-01-30,29.875,29.875,26.625,27.0625,27.0625,128200
2001-01-31,26.625,27.125,26.125,26.875,26.875,80200
2001-02-01,26.875,27.125,26.3125,27.0,27.0,147500
2001-02-02,27.375,28.25,26.0,27.25,27.25,49000
2001-02-05,27.25,28.6875,26.125,27.25,27.25,49700
2001-02-06,26.25,28.4375,26.25,27.3125,27.3125,39600
2001-02-07,26.5,28.9375,26.1875,27.8125,27.8125,59900
2001-02-08,27.9375,29.0,27.0,28.5,28.5,84600
2001-02-09,27.71875,28.0,26.125,26.34375,26.34375,52600
2001-02-12,26.25,27.109375,26.1875,26.9375,26.9375,82000
2001-02-13,26.640625,27.625,26.625,26.625,26.625,52100
2001-02-14,26.625,27.125,26.625,26.875,26.875,72500
2001-02-15,26.25,26.625,23.5,23.75,23.75,325100
2001-02-16,23.8125,25.1875,23.0,25.125,25.125,664500
2001-02-20,24.875,25.375,24.375,25.3125,25.3125,207600
2001-02-21,24.6875,25.375,24.125,24.125,24.125,203200
2001-02-22,24.359375,24.5,23.625,23.75,23.75,152200
2001-02-23,23.75,23.75,22.5,23.125,23.125,73800
2001-02-26,22.8125,23.25,21.75,22.9375,22.9375,92000
2001-02-27,23.25,23.25,22.5,22.6875,22.6875,61100
2001-02-28,22.6875,22.75,22.0,22.0625,22.0625,125500
2001-03-01,22.4375,23.140625,22.0,23.140625,23.140625,153000
2001-03-02,23.0,23.75,22.9375,23.0625,23.0625,385300
2001-03-05,23.25,24.375,23.25,23.875,23.875,353000
2001-03-06,24.0625,24.5,23.75,24.0,24.0,482900
2001-03-07,24.0625,24.234375,23.8125,24.234375,24.234375,407600
2001-03-08,24.125,24.125,23.8125,23.875,23.875,36800
2001-03-09,23.8125,24.0,21.75,21.75,21.75,152000
2001-03-12,21.75,22.25,20.4375,20.5,20.5,190300
2001-03-13,20.5625,21.875,20.5625,21.75,21.75,213600
2001-03-14,21.5625,22.6875,21.25,22.5,22.5,212400
2001-03-15,22.734375,23.4375,20.9375,21.5,21.5,568200
2001-03-16,21.1875,21.875,18.75,18.875,18.875,265100
2001-03-19,20.0,21.4375,18.0,18.375,18.375,565000
2001-03-20,18.5,20.0625,18.3125,19.5,19.5,303100
2001-03-21,18.5625,19.5,18.5,19.1875,19.1875,317700
2001-03-22,18.875,19.375,18.3125,18.625,18.625,202300
2001-03-23,18.75,20.125,18.5,19.625,19.625,116000
2001-03-26,20.0,20.5625,19.625,20.0,20.0,150500
2001-03-27,20.0,20.6875,19.75,20.3125,20.3125,371900
2001-03-28,20.1875,20.265625,19.75,19.75,19.75,142400
2001-03-29,19.984375,20.3125,19.6875,20.0,20.0,184600
2001-03-30,20.0625,20.9375,19.8125,20.875,20.875,533700
2001-04-02,20.34375,20.75,20.0,20.3125,20.3125,217100
2001-04-03,20.0,20.671875,20.0,20.4375,20.4375,258600
2001-04-04,20.3125,20.625,19.75,19.75,19.75,264400
2001-04-05,20.03125,20.625,20.03125,20.625,20.625,483700
2001-04-06,20.0,21.0,20.0,20.3125,20.3125,304500
2001-04-09,20.25,20.600000381469727,19.600000381469727,19.700000762939453,19.700000762939453,102600
2001-04-10,20.0,20.0,18.93000030517578,19.200000762939453,19.200000762939453,143800
2001-04-11,19.760000228881836,19.780000686645508,19.0,19.459999084472656,19.459999084472656,102200
2001-04-12,19.600000381469727,20.06999969482422,19.299999237060547,19.350000381469727,19.350000381469727,95900
2001-04-16,19.299999237060547,19.739999771118164,18.459999084472656,18.719999313354492,18.719999313354492,59400
2001-04-17,18.59000015258789,19.520000457763672,18.049999237060547,19.520000457763672,19.520000457763672,155700
2001-04-18,19.100000381469727,21.959999084472656,19.100000381469727,21.920000076293945,21.920000076293945,405700
2001-04-19,21.75,21.8700008392334,16.850000381469727,17.030000686645508,17.030000686645508,815400
2001-04-20,17.510000228881836,17.75,16.90999984741211,17.100000381469727,17.100000381469727,2376700
2001-04-23,17.489999771118164,17.5,16.399999618530273,16.399999618530273,16.399999618530273,483800
2001-04-24,16.450000762939453,16.969999313354492,16.299999237060547,16.5,16.5,1228600
2001-04-25,16.440000534057617,16.450000762939453,16.0,16.299999237060547,16.299999237060547,466200
2001-04-26,16.010000228881836,17.200000762939453,16.0,16.309999465942383,16.309999465942383,637400
2001-04-27,16.389999389648438,17.200000762939453,16.389999389648438,16.950000762939453,16.950000762939453,201900
2001-04-30,17.149999618530273,17.790000915527344,16.75,17.110000610351562,17.110000610351562,345600
2001-05-01,17.899999618530273,18.989999771118164,17.600000381469727,18.649999618530273,18.649999618530273,1282800
2001-05-02,18.739999771118164,20.25,18.610000610351562,20.049999237060547,20.049999237060547,632400
2001-05-03,19.260000228881836,20.0,19.25,19.600000381469727,19.600000381469727,211800
2001-05-04,19.299999237060547,20.450000762939453,19.299999237060547,20.229999542236328,20.229999542236328,149000
2001-05-07,20.3700008392334,20.81999969482422,19.959999084472656,20.649999618530273,20.649999618530273,816800
2001-05-08,20.75,20.950000762939453,20.280000686645508,20.399999618530273,20.399999618530273,452400
2001-05-09,20.5,20.899999618530273,19.670000076293945,19.81999969482422,19.81999969482422,92200
2001-05-10,19.950000762939453,20.75,19.600000381469727,20.100000381469727,20.100000381469727,82400
2001-05-11,20.18000030517578,21.020000457763672,20.0,20.790000915527344,20.790000915527344,389800
2001-05-14,20.0,20.540000915527344,20.0,20.059999465942383,20.059999465942383,271900
2001-05-15,20.399999618530273,20.739999771118164,20.059999465942383,20.360000610351562,20.360000610351562,144500
2001-05-16,20.059999465942383,21.200000762939453,19.5,20.479999542236328,20.479999542236328,200200
2001-05-17,20.399999618530273,20.940000534057617,20.1200008392334,20.5,20.5,90100
2001-05-18,20.770000457763672,21.940000534057617,20.520000457763672,21.899999618530273,21.899999618530273,176700
2001-05-21,22.399999618530273,22.399999618530273,21.649999618530273,22.0,22.0,95700
2001-05-22,22.0,22.549999237060547,21.700000762939453,22.549999237060547,22.549999237060547,122200
2001-05-23,21.979999542236328,22.270000457763672,21.709999084472656,21.93000030517578,21.93000030517578,136700
2001-05-24,22.0,22.3700008392334,21.200000762939453,21.899999618530273,21.899999618530273,337500
2001-05-25,21.860000610351562,22.1200008392334,20.760000228881836,21.0,21.0,167900
2001-05-29,21.049999237060547,21.049999237060547,20.280000686645508,20.280000686645508,20.280000686645508,246600
2001-05-30,20.25,20.850000381469727,20.25,20.729999542236328,20.729999542236328,388000
2001-05-31,20.729999542236328,21.549999237060547,20.489999771118164,21.299999237060547,21.299999237060547,433400
2001-06-01,21.5,21.59000015258789,20.700000762939453,21.469999313354492,21.469999313354492,151900
2001-06-04,21.3700008392334,22.270000457763672,21.25,22.239999771118164,22.239999771118164,657400
2001-06-05,22.290000915527344,23.200000762939453,22.260000228881836,22.850000381469727,22.850000381469727,158300
2001-06-06,23.100000381469727,23.100000381469727,22.299999237060547,22.649999618530273,22.649999618530273,74200
2001-06-07,22.639999389648438,23.6299991607666,22.610000610351562,23.010000228881836,23.010000228881836,87100
2001-06-08,22.959999084472656,23.489999771118164,22.850000381469727,23.200000762939453,23.200000762939453,61300
2001-06-11,22.700000762939453,22.8799991607666,22.399999618530273,22.6200008392334,22.6200008392334,437800
2001-06-12,22.549999237060547,23.110000610351562,22.010000228881836,22.799999237060547,22.799999237060547,123400
2001-06-13,23.020000457763672,23.18000030517578,22.709999084472656,22.8700008392334,22.8700008392334,92900
2001-06-14,22.8799991607666,22.8799991607666,22.31999969482422,22.450000762939453,22.450000762939453,98200
2001-06-15,22.510000228881836,22.850000381469727,22.18000030517578,22.200000762939453,22.200000762939453,129900
2001-06-18,21.489999771118164,22.40999984741211,21.149999618530273,21.75,21.75,163100
2001-06-19,18.229999542236328,18.260000228881836,15.0,17.649999618530273,17.649999618530273,2495900
2001-06-20,17.81999969482422,18.559999465942383,17.690000534057617,18.010000228881836,18.010000228881836,2084300
2001-06-21,18.010000228881836,18.010000228881836,17.200000762939453,17.700000762939453,17.700000762939453,365200
2001-06-22,17.700000762939453,18.0,17.200000762939453,17.649999618530273,17.649999618530273,183200
2001-06-25,17.610000610351562,18.399999618530273,17.610000610351562,17.969999313354492,17.969999313354492,293700
2001-06-26,17.899999618530273,17.979999542236328,17.389999389648438,17.90999984741211,17.90999984741211,305300
2001-06-27,17.90999984741211,18.0,17.649999618530273,17.850000381469727,17.850000381469727,271600
2001-06-28,18.0,18.100000381469727,17.760000228881836,18.0,18.0,406900
2001-06-29,18.0,18.049999237060547,17.850000381469727,18.0,18.0,299900
2001-07-02,18.239999771118164,18.25,17.719999313354492,17.969999313354492,17.969999313354492,169800
2001-07-03,17.969999313354492,18.040000915527344,17.850000381469727,18.020000457763672,18.020000457763672,80200
2001-07-05,17.90999984741211,18.100000381469727,17.899999618530273,18.0,18.0,107800
2001-07-06,17.940000534057617,18.049999237060547,17.899999618530273,17.959999084472656,17.959999084472656,84400
2001-07-09,17.979999542236328,18.100000381469727,17.899999618530273,18.040000915527344,18.040000915527344,463600
2001-07-10,18.040000915527344,18.049999237060547,17.829999923706055,17.959999084472656,17.959999084472656,281600
2001-07-11,17.950000762939453,18.040000915527344,17.649999618530273,17.75,17.75,168800
2001-07-12,17.950000762939453,18.030000686645508,17.700000762939453,18.020000457763672,18.020000457763672,177200
2001-07-13,17.989999771118164,18.0,17.950000762939453,18.0,18.0,55400
2001-07-16,17.700000762939453,17.700000762939453,17.0,17.25,17.25,57400
2001-07-17,17.229999542236328,17.229999542236328,16.899999618530273,17.049999237060547,17.049999237060547,200400
2001-07-18,17.139999389648438,17.149999618530273,16.799999237060547,16.950000762939453,16.950000762939453,131800
2001-07-19,17.049999237060547,18.18000030517578,17.049999237060547,17.760000228881836,17.760000228881836,145500
2001-07-20,17.950000762939453,18.0,17.420000076293945,17.420000076293945,17.420000076293945,151900
2001-07-23,17.3799991607666,18.049999237060547,17.3799991607666,18.030000686645508,18.030000686645508,295600
2001-07-24,18.059999465942383,18.100000381469727,17.950000762939453,17.969999313354492,17.969999313354492,149900
2001-07-25,18.020000457763672,18.1200008392334,17.899999618530273,18.049999237060547,18.049999237060547,454800
2001-07-26,17.920000076293945,18.799999237060547,17.920000076293945,18.399999618530273,18.399999618530273,272200
2001-07-27,18.600000381469727,18.739999771118164,18.559999465942383,18.6299991607666,18.6299991607666,281500
2001-07-30,18.790000915527344,18.790000915527344,18.0,18.0,18.0,273000
2001-07-31,18.010000228881836,18.920000076293945,18.010000228881836,18.770000457763672,18.770000457763672,144800
2001-08-01,18.889999389648438,18.979999542236328,18.549999237060547,18.809999465942383,18.809999465942383,44900
2001-08-02,18.739999771118164,19.1200008392334,18.729999542236328,19.1200008392334,19.1200008392334,36000
2001-08-03,18.780000686645508,19.31999969482422,18.649999618530273,19.049999237060547,19.049999237060547,68600
2001-08-06,18.799999237060547,19.34000015258789,18.610000610351562,18.899999618530273,18.899999618530273,119500
2001-08-07,18.65999984741211,19.260000228881836,18.5,18.950000762939453,18.950000762939453,96400
2001-08-08,19.049999237060547,19.389999389648438,18.75,18.950000762939453,18.950000762939453,437000
2001-08-09,18.780000686645508,18.920000076293945,18.649999618530273,18.920000076293945,18.920000076293945,30900
2001-08-10,19.049999237060547,19.049999237060547,18.700000762939453,19.049999237060547,19.049999237060547,52800
2001-08-13,18.690000534057617,19.049999237060547,18.520000457763672,18.709999084472656,18.709999084472656,65700
2001-08-14,18.709999084472656,19.049999237060547,18.600000381469727,18.950000762939453,18.950000762939453,36100
2001-08-15,19.0,19.0,18.5,18.799999237060547,18.799999237060547,120700
2001-08-16,18.850000381469727,19.049999237060547,18.530000686645508,19.040000915527344,19.040000915527344,113100
2001-08-17,19.049999237060547,19.049999237060547,18.700000762939453,19.040000915527344,19.040000915527344,90800
2001-08-20,19.100000381469727,19.25,18.81999969482422,19.170000076293945,19.170000076293945,205700
2001-08-21,19.299999237060547,19.59000015258789,19.100000381469727,19.59000015258789,19.59000015258789,339600
2001-08-22,19.649999618530273,19.809999465942383,19.25,19.809999465942383,19.809999465942383,71000
2001-08-23,19.799999237060547,19.84000015258789,19.360000610351562,19.360000610351562,19.360000610351562,43200
2001-08-24,19.299999237060547,20.079999923706055,19.299999237060547,20.06999969482422,20.06999969482422,120000
2001-08-27,20.030000686645508,20.06999969482422,19.610000610351562,19.809999465942383,19.809999465942383,29000
2001-08-28,19.969999313354492,20.239999771118164,19.360000610351562,19.940000534057617,19.940000534057617,48100
2001-08-29,20.200000762939453,20.200000762939453,19.360000610351562,19.649999618530273,19.649999618530273,33000
2001-08-30,19.700000762939453,19.799999237060547,19.420000076293945,19.790000915527344,19.790000915527344,57300
2001-08-31,19.799999237060547,19.799999237060547,19.270000457763672,19.350000381469727,19.350000381469727,160100
2001-09-04,19.389999389648438,19.450000762939453,19.049999237060547,19.25,19.25,226200
2001-09-05,19.15999984741211,19.239999771118164,18.8799991607666,19.049999237060547,19.049999237060547,360700
2001-09-06,18.959999084472656,19.0,17.670000076293945,18.0,18.0,142200
2001-09-07,18.0,18.0,17.030000686645508,17.239999771118164,17.239999771118164,270300
2001-09-10,17.200000762939453,17.25,16.770000457763672,17.149999618530273,17.149999618530273,129800
2001-09-17,16.239999771118164,16.93000030517578,12.75,15.800000190734863,15.800000190734863,129600
2001-09-18,15.800000190734863,15.8100004196167,15.100000381469727,15.350000381469727,15.350000381469727,107700
2001-09-19,15.25,15.479999542236328,14.899999618530273,15.399999618530273,15.399999618530273,302700
2001-09-20,15.0,15.229999542236328,14.260000228881836,15.0,15.0,323400
2001-09-21,15.0,15.0,12.899999618530273,13.449999809265137,13.449999809265137,965400
2001-09-24,13.789999961853027,14.829999923706055,13.180000305175781,14.829999923706055,14.829999923706055,240900
2001-09-25,14.829999923706055,16.600000381469727,14.829999923706055,16.190000534057617,16.190000534057617,205100
2001-09-26,16.110000610351562,16.549999237060547,15.800000190734863,15.949999809265137,15.949999809265137,134100
2001-09-27,15.949999809265137,16.850000381469727,14.550000190734863,15.930000305175781,15.930000305175781,103200
2001-09-28,16.149999618530273,16.3700008392334,15.699999809265137,16.079999923706055,16.079999923706055,116600
2001-10-01,16.079999923706055,16.079999923706055,15.5,15.65999984741211,15.65999984741211,126600
2001-10-02,15.649999618530273,16.399999618530273,15.600000381469727,15.9399995803833,15.9399995803833,155000
2001-10-03,16.040000915527344,16.639999389648438,15.6899995803833,16.6200008392334,16.6200008392334,106300
2001-10-04,16.649999618530273,17.06999969482422,16.329999923706055,16.610000610351562,16.610000610351562,108900
2001-10-05,16.700000762939453,16.700000762939453,15.399999618530273,15.899999618530273,15.899999618530273,123000
2001-10-08,15.789999961853027,16.399999618530273,15.279999732971191,16.399999618530273,16.399999618530273,79800
2001-10-09,16.1299991607666,17.020000457763672,15.6899995803833,16.59000015258789,16.59000015258789,78600
2001-10-10,16.510000228881836,17.8700008392334,16.510000228881836,17.510000228881836,17.510000228881836,65100
2001-10-11,17.5,19.059999465942383,17.5,18.709999084472656,18.709999084472656,129800
2001-10-12,18.649999618530273,19.170000076293945,18.649999618530273,19.049999237060547,19.049999237060547,64300
2001-10-15,19.149999618530273,19.75,18.809999465942383,19.520000457763672,19.520000457763672,59300
2001-10-16,19.459999084472656,19.989999771118164,19.3700008392334,19.989999771118164,19.989999771118164,134000
2001-10-17,20.0,20.0,19.260000228881836,19.399999618530273,19.399999618530273,293600
2001-10-18,19.25,19.450000762939453,17.850000381469727,17.850000381469727,17.850000381469727,374600
2001-10-19,18.0,18.0,15.899999618530273,16.049999237060547,16.049999237060547,3517900
2001-10-22,16.020000457763672,16.5,15.449999809265137,16.0,16.0,147300
2001-10-23,16.18000030517578,16.25,15.600000381469727,16.079999923706055,16.079999923706055,82800
2001-10-24,15.800000190734863,16.299999237060547,15.800000190734863,16.170000076293945,16.170000076293945,125800
2001-10-25,16.270000457763672,16.399999618530273,15.800000190734863,16.389999389648438,16.389999389648438,109600
2001-10-26,16.059999465942383,16.670000076293945,16.059999465942383,16.670000076293945,16.670000076293945,78100
2001-10-29,16.350000381469727,16.549999237060547,16.049999237060547,16.149999618530273,16.149999618530273,270400
2001-10-30,16.049999237060547,16.399999618530273,16.010000228881836,16.18000030517578,16.18000030517578,73100
2001-10-31,16.100000381469727,16.739999771118164,16.100000381469727,16.209999084472656,16.209999084472656,196900
2001-11-01,16.049999237060547,16.940000534057617,16.0,16.549999237060547,16.549999237060547,262000
2001-11-02,16.5,17.100000381469727,16.100000381469727,16.780000686645508,16.780000686645508,75500
2001-11-05,16.389999389648438,17.510000228881836,16.389999389648438,17.209999084472656,17.209999084472656,65300
2001-11-06,17.040000915527344,17.8799991607666,17.040000915527344,17.75,17.75,40600
2001-11-07,17.579999923706055,17.899999618530273,17.299999237060547,17.549999237060547,17.549999237060547,75100
2001-11-08,17.549999237060547,17.979999542236328,17.5,17.65999984741211,17.65999984741211,92400
2001-11-09,18.0,18.799999237060547,17.65999984741211,18.799999237060547,18.799999237060547,151600
2001-11-12,18.3799991607666,18.8700008392334,18.3700008392334,18.510000228881836,18.510000228881836,99700
2001-11-13,18.350000381469727,18.440000534057617,18.049999237060547,18.139999389648438,18.139999389648438,361200
2001-11-14,18.559999465942383,18.799999237060547,18.280000686645508,18.649999618530273,18.649999618530273,67200
2001-11-15,18.700000762939453,18.950000762939453,18.200000762939453,18.3700008392334,18.3700008392334,94400
2001-11-16,18.489999771118164,19.479999542236328,18.280000686645508,18.979999542236328,18.979999542236328,73700
2001-11-19,19.170000076293945,19.520000457763672,18.6299991607666,18.979999542236328,18.979999542236328,106200
2001-11-20,19.149999618530273,19.149999618530273,18.149999618530273,18.34000015258789,18.34000015258789,53400
2001-11-21,18.170000076293945,18.739999771118164,18.110000610351562,18.739999771118164,18.739999771118164,28200
2001-11-23,18.899999618530273,19.299999237060547,18.770000457763672,19.299999237060547,19.299999237060547,5400
2001-11-26,18.799999237060547,19.68000030517578,18.700000762939453,19.68000030517578,19.68000030517578,63100
2001-11-27,19.459999084472656,19.459999084472656,18.280000686645508,18.770000457763672,18.770000457763672,83000
2001-11-28,18.780000686645508,18.950000762939453,18.25,18.43000030517578,18.43000030517578,73900
2001-11-29,18.479999542236328,18.899999618530273,18.40999984741211,18.899999618530273,18.899999618530273,41900
2001-11-30,18.899999618530273,19.100000381469727,18.479999542236328,18.969999313354492,18.969999313354492,135100
2001-12-03,18.8799991607666,19.079999923706055,18.559999465942383,18.670000076293945,18.670000076293945,56100
2001-12-04,18.90999984741211,19.209999084472656,18.600000381469727,19.0,19.0,104400
2001-12-05,19.139999389648438,19.450000762939453,19.0,19.450000762939453,19.450000762939453,136100
2001-12-06,19.459999084472656,20.959999084472656,19.459999084472656,20.959999084472656,20.959999084472656,57400
2001-12-07,20.969999313354492,21.299999237060547,20.520000457763672,21.299999237060547,21.299999237060547,210000
2001-12-10,21.25,21.860000610351562,21.25,21.709999084472656,21.709999084472656,127500
2001-12-11,21.510000228881836,21.8700008392334,21.049999237060547,21.559999465942383,21.559999465942383,81500
2001-12-12,21.549999237060547,22.0,21.450000762939453,22.0,22.0,70400
2001-12-13,21.739999771118164,22.170000076293945,21.25,22.059999465942383,22.059999465942383,116700
2001-12-14,22.1299991607666,22.440000534057617,21.93000030517578,22.399999618530273,22.399999618530273,216500
2001-12-17,22.200000762939453,23.40999984741211,22.200000762939453,23.40999984741211,23.40999984741211,884500
2001-12-18,23.399999618530273,23.610000610351562,23.010000228881836,23.459999084472656,23.459999084472656,211500
2001-12-19,23.5,23.799999237060547,23.09000015258789,23.709999084472656,23.709999084472656,182500
2001-12-20,23.459999084472656,23.799999237060547,23.100000381469727,23.110000610351562,23.110000610351562,211700
2001-12-21,23.110000610351562,23.440000534057617,23.06999969482422,23.190000534057617,23.190000534057617,299600
2001-12-24,23.299999237060547,23.549999237060547,23.149999618530273,23.450000762939453,23.450000762939453,58900
2001-12-26,23.15999984741211,23.459999084472656,23.06999969482422,23.280000686645508,23.280000686645508,114000
2001-12-27,23.459999084472656,24.0,23.239999771118164,23.709999084472656,23.709999084472656,643800
2001-12-28,24.06999969482422,24.90999984741211,23.34000015258789,24.0,24.0,534100
2001-12-31,24.239999771118164,24.440000534057617,22.649999618530273,22.969999313354492,22.969999313354492,132800
2002-01-02,23.0,23.649999618530273,22.25,23.360000610351562,23.360000610351562,142500
2002-01-03,23.56999969482422,24.360000610351562,23.059999465942383,24.100000381469727,24.100000381469727,352300
2002-01-04,24.100000381469727,25.260000228881836,24.100000381469727,24.549999237060547,24.549999237060547,193400
2002-01-07,24.540000915527344,25.0,24.040000915527344,24.540000915527344,24.540000915527344,103400
2002-01-08,23.899999618530273,24.899999618530273,23.649999618530273,24.530000686645508,24.530000686645508,304800
2002-01-09,23.950000762939453,24.600000381469727,23.93000030517578,24.489999771118164,24.489999771118164,212000
2002-01-10,24.489999771118164,24.5,23.399999618530273,23.549999237060547,23.549999237060547,399100
2002-01-11,23.489999771118164,23.889999389648438,22.75,22.959999084472656,22.959999084472656,178000
2002-01-14,22.950000762939453,24.100000381469727,22.75,23.729999542236328,23.729999542236328,104300
2002-01-15,23.889999389648438,24.0,23.5,23.760000228881836,23.760000228881836,37700
2002-01-16,23.899999618530273,23.899999618530273,22.43000030517578,22.479999542236328,22.479999542236328,78300
2002-01-17,22.43000030517578,22.950000762939453,22.3799991607666,22.950000762939453,22.950000762939453,70200
2002-01-18,22.950000762939453,22.950000762939453,21.860000610351562,22.1200008392334,22.1200008392334,80800
2002-01-22,22.010000228881836,22.299999237060547,21.81999969482422,22.049999237060547,22.049999237060547,269100
2002-01-23,22.049999237060547,22.049999237060547,21.420000076293945,21.899999618530273,21.899999618530273,112400
2002-01-24,21.90999984741211,22.079999923706055,20.75,22.0,22.0,175300
2002-01-25,21.5,21.770000457763672,20.690000534057617,20.959999084472656,20.959999084472656,190400
2002-01-28,21.049999237060547,21.049999237060547,20.350000381469727,20.610000610351562,20.610000610351562,75500
2002-01-29,20.850000381469727,21.030000686645508,20.360000610351562,20.479999542236328,20.479999542236328,44600
2002-01-30,20.75,20.75,20.350000381469727,20.5,20.5,64700
2002-01-31,20.59000015258789,20.600000381469727,19.799999237060547,19.860000610351562,19.860000610351562,88300
2002-02-01,20.09000015258789,20.850000381469727,19.950000762939453,20.610000610351562,20.610000610351562,362800
2002-02-04,20.350000381469727,20.5,19.600000381469727,20.09000015258789,20.09000015258789,127600
2002-02-05,19.899999618530273,20.100000381469727,19.5,19.799999237060547,19.799999237060547,87600
2002-02-06,19.84000015258789,19.850000381469727,19.110000610351562,19.5,19.5,44500
2002-02-07,19.59000015258789,19.59000015258789,18.170000076293945,18.700000762939453,18.700000762939453,113900
2002-02-08,18.510000228881836,20.739999771118164,18.239999771118164,19.8700008392334,19.8700008392334,126800
2002-02-11,20.1200008392334,20.209999084472656,19.690000534057617,19.81999969482422,19.81999969482422,88200
2002-02-12,19.940000534057617,19.940000534057617,19.239999771118164,19.709999084472656,19.709999084472656,130700
2002-02-13,19.649999618530273,20.100000381469727,19.649999618530273,20.049999237060547,20.049999237060547,140100
2002-02-14,20.049999237060547,21.31999969482422,20.040000915527344,20.5,20.5,401200
2002-02-15,20.479999542236328,20.5,19.75,19.75,19.75,124300
2002-02-19,20.010000228881836,20.049999237060547,19.549999237060547,19.6299991607666,19.6299991607666,106000
2002-02-20,19.719999313354492,21.15999984741211,18.850000381469727,21.15999984741211,21.15999984741211,174300
2002-02-21,20.8799991607666,21.219999313354492,18.600000381469727,18.75,18.75,107100
2002-02-22,19.200000762939453,19.5,18.8799991607666,19.5,19.5,102000
2002-02-25,19.450000762939453,19.56999969482422,18.899999618530273,19.040000915527344,19.040000915527344,44200
2002-02-26,19.049999237060547,19.530000686645508,18.700000762939453,19.0,19.0,79700
2002-02-27,18.81999969482422,19.049999237060547,18.700000762939453,18.75,18.75,40000
2002-02-28,19.100000381469727,19.350000381469727,18.6299991607666,18.829999923706055,18.829999923706055,66700
2002-03-01,18.84000015258789,19.1200008392334,18.799999237060547,18.850000381469727,18.850000381469727,57600
2002-03-04,18.809999465942383,19.110000610351562,18.799999237060547,18.940000534057617,18.940000534057617,210800
2002-03-05,18.959999084472656,19.700000762939453,18.610000610351562,18.610000610351562,18.610000610351562,87100
2002-03-06,18.799999237060547,18.799999237060547,18.59000015258789,18.75,18.75,715600
2002-03-07,18.75,18.75,17.81999969482422,18.200000762939453,18.200000762939453,216300
2002-03-08,18.190000534057617,19.489999771118164,18.010000228881836,19.100000381469727,19.100000381469727,283000
2002-03-11,19.100000381469727,19.899999618530273,18.790000915527344,19.729999542236328,19.729999542236328,225100
2002-03-12,19.579999923706055,20.649999618530273,19.40999984741211,20.15999984741211,20.15999984741211,427300
2002-03-13,19.889999389648438,20.3799991607666,18.899999618530273,19.479999542236328,19.479999542236328,99800
2002-03-14,19.1200008392334,19.600000381469727,19.100000381469727,19.200000762939453,19.200000762939453,35100
2002-03-15,18.649999618530273,19.200000762939453,18.5,18.8799991607666,18.8799991607666,122400
2002-03-18,18.690000534057617,19.600000381469727,18.600000381469727,19.420000076293945,19.420000076293945,84700
2002-03-19,19.540000915527344,20.18000030517578,19.40999984741211,19.989999771118164,19.989999771118164,72700
2002-03-20,19.84000015258789,20.139999389648438,19.040000915527344,19.56999969482422,19.56999969482422,64100
2002-03-21,19.84000015258789,19.84000015258789,18.700000762939453,19.540000915527344,19.540000915527344,92300
2002-03-22,19.200000762939453,19.600000381469727,19.100000381469727,19.25,19.25,59700
2002-03-25,19.579999923706055,19.639999389648438,18.09000015258789,18.25,18.25,246700
2002-03-26,18.25,18.799999237060547,18.25,18.6200008392334,18.6200008392334,192900
2002-03-27,18.829999923706055,19.170000076293945,18.399999618530273,19.15999984741211,19.15999984741211,123600
2002-03-28,18.520000457763672,19.229999542236328,17.75,17.899999618530273,17.899999618530273,360500
2002-04-01,17.899999618530273,19.030000686645508,17.649999618530273,18.6299991607666,18.6299991607666,692700
2002-04-02,18.709999084472656,19.899999618530273,18.59000015258789,19.65999984741211,19.65999984741211,228700
2002-04-03,19.43000030517578,19.860000610351562,19.270000457763672,19.639999389648438,19.639999389648438,261800
2002-04-04,19.600000381469727,19.899999618530273,19.5,19.600000381469727,19.600000381469727,199500
2002-04-05,19.899999618530273,19.899999618530273,19.450000762939453,19.559999465942383,19.559999465942383,201300
2002-04-08,19.360000610351562,19.90999984741211,19.280000686645508,19.84000015258789,19.84000015258789,244400
2002-04-09,19.600000381469727,19.600000381469727,19.209999084472656,19.489999771118164,19.489999771118164,136100
2002-04-10,19.290000915527344,20.350000381469727,19.290000915527344,20.1200008392334,20.1200008392334,174500
2002-04-11,20.040000915527344,20.350000381469727,19.850000381469727,19.8700008392334,19.8700008392334,110900
2002-04-12,20.0,20.280000686645508,19.520000457763672,20.1299991607666,20.1299991607666,531500
2002-04-15,20.020000457763672,20.829999923706055,19.639999389648438,19.719999313354492,19.719999313354492,278100
2002-04-16,20.049999237060547,21.290000915527344,19.760000228881836,21.290000915527344,21.290000915527344,364600
2002-04-17,21.18000030517578,21.290000915527344,19.899999618530273,20.350000381469727,20.350000381469727,135100
2002-04-18,20.290000915527344,20.860000610351562,19.75,20.579999923706055,20.579999923706055,263100
2002-04-19,20.270000457763672,20.75,20.229999542236328,20.600000381469727,20.600000381469727,181800
2002-04-22,20.600000381469727,20.889999389648438,19.5,20.8700008392334,20.8700008392334,397500
2002-04-23,20.959999084472656,20.989999771118164,20.059999465942383,20.549999237060547,20.549999237060547,168800
2002-04-24,20.719999313354492,20.719999313354492,19.889999389648438,20.3799991607666,20.3799991607666,96900
2002-04-25,20.459999084472656,20.479999542236328,19.84000015258789,20.1299991607666,20.1299991607666,94500
2002-04-26,20.200000762939453,20.270000457763672,19.65999984741211,19.979999542236328,19.979999542236328,198000
2002-04-29,19.8799991607666,20.239999771118164,19.5,20.09000015258789,20.09000015258789,95400
2002-04-30,20.059999465942383,20.34000015258789,19.850000381469727,20.329999923706055,20.329999923706055,128900
2002-05-01,20.329999923706055,20.329999923706055,19.899999618530273,20.25,20.25,201300
2002-05-02,20.280000686645508,20.850000381469727,19.920000076293945,20.6200008392334,20.6200008392334,122700
2002-05-03,20.34000015258789,20.709999084472656,19.84000015258789,20.420000076293945,20.420000076293945,195700
2002-05-06,20.3799991607666,20.59000015258789,20.079999923706055,20.399999618530273,20.399999618530273,77100
2002-05-07,20.280000686645508,20.56999969482422,20.25,20.260000228881836,20.260000228881836,117800
2002-05-08,20.260000228881836,20.8700008392334,20.149999618530273,20.670000076293945,20.670000076293945,85700
2002-05-09,20.6200008392334,21.889999389648438,20.56999969482422,21.1200008392334,21.1200008392334,263300
2002-05-10,21.020000457763672,23.09000015258789,21.020000457763672,22.360000610351562,22.360000610351562,778900
2002-05-13,22.350000381469727,23.0,21.84000015258789,22.989999771118164,22.989999771118164,199300
2002-05-14,23.06999969482422,23.959999084472656,22.600000381469727,23.0,23.0,252500
2002-05-15,22.920000076293945,22.950000762939453,22.34000015258789,22.760000228881836,22.760000228881836,108900
2002-05-16,22.530000686645508,22.65999984741211,21.190000534057617,21.190000534057617,21.190000534057617,635800
2002-05-17,21.18000030517578,22.700000762939453,21.110000610351562,22.43000030517578,22.43000030517578,191900
2002-05-20,22.25,22.25,21.290000915527344,21.579999923706055,21.579999923706055,114700
2002-05-21,21.600000381469727,21.600000381469727,20.649999618530273,20.739999771118164,20.739999771118164,419300
2002-05-22,20.770000457763672,21.690000534057617,20.600000381469727,21.690000534057617,21.690000534057617,375300
2002-05-23,21.6299991607666,21.68000030517578,21.0,21.25,21.25,303300
2002-05-24,21.139999389648438,21.989999771118164,20.81999969482422,21.6299991607666,21.6299991607666,241800
2002-05-28,21.639999389648438,21.690000534057617,20.700000762939453,20.790000915527344,20.790000915527344,280700
2002-05-29,20.700000762939453,21.0,19.8700008392334,21.0,21.0,277300
2002-05-30,20.8700008392334,21.049999237060547,20.270000457763672,20.979999542236328,20.979999542236328,254900
2002-05-31,20.75,21.65999984741211,20.75,21.450000762939453,21.450000762939453,225100
2002-06-03,21.420000076293945,21.59000015258789,20.59000015258789,20.59000015258789,20.59000015258789,110500
2002-06-04,20.549999237060547,21.0,20.059999465942383,21.0,21.0,116800
2002-06-05,21.010000228881836,21.149999618530273,20.549999237060547,21.0,21.0,193200
2002-06-06,20.75,21.579999923706055,20.75,21.020000457763672,21.020000457763672,118000
2002-06-07,21.0,21.25,20.350000381469727,21.25,21.25,138600
2002-06-10,21.219999313354492,21.5,20.600000381469727,20.65999984741211,20.65999984741211,117000
2002-06-11,20.81999969482422,21.25,20.450000762939453,20.5,20.5,74200
2002-06-12,20.700000762939453,20.700000762939453,19.459999084472656,20.239999771118164,20.239999771118164,90900
2002-06-13,20.010000228881836,20.5,19.829999923706055,19.889999389648438,19.889999389648438,73600
2002-06-14,19.829999923706055,20.149999618530273,19.290000915527344,19.989999771118164,19.989999771118164,125800
2002-06-17,19.93000030517578,20.389999389648438,19.920000076293945,20.0,20.0,77300
2002-06-18,19.989999771118164,20.1299991607666,19.729999542236328,19.780000686645508,19.780000686645508,98400
2002-06-19,19.649999618530273,20.049999237060547,19.1299991607666,19.360000610351562,19.360000610351562,135500
2002-06-20,19.209999084472656,19.389999389648438,18.649999618530273,18.899999618530273,18.899999618530273,101100
2002-06-21,18.799999237060547,19.0,18.469999313354492,18.579999923706055,18.579999923706055,146600
2002-06-24,18.459999084472656,18.899999618530273,18.15999984741211,18.219999313354492,18.219999313354492,217800
2002-06-25,18.43000030517578,18.440000534057617,17.940000534057617,18.0,18.0,274000
2002-06-26,17.940000534057617,17.940000534057617,16.049999237060547,17.65999984741211,17.65999984741211,474000
2002-06-27,17.520000457763672,17.850000381469727,16.700000762939453,17.639999389648438,17.639999389648438,337500
2002-06-28,17.649999618530273,17.8799991607666,16.719999313354492,17.799999237060547,17.799999237060547,388400
2002-07-01,17.510000228881836,17.8700008392334,16.170000076293945,17.290000915527344,17.290000915527344,150100
2002-07-02,17.209999084472656,17.360000610351562,15.699999809265137,15.90999984741211,15.90999984741211,295200
2002-07-03,16.059999465942383,16.809999465942383,16.049999237060547,16.469999313354492,16.469999313354492,270500
2002-07-05,16.420000076293945,17.510000228881836,16.420000076293945,17.299999237060547,17.299999237060547,57800
2002-07-08,17.239999771118164,17.350000381469727,16.68000030517578,16.690000534057617,16.690000534057617,76200
2002-07-09,16.719999313354492,16.889999389648438,16.0,16.010000228881836,16.010000228881836,197700
2002-07-10,16.030000686645508,16.329999923706055,15.6899995803833,15.960000038146973,15.960000038146973,195500
2002-07-11,16.0,16.100000381469727,14.739999771118164,15.279999732971191,15.279999732971191,112700
2002-07-12,15.229999542236328,15.399999618530273,15.229999542236328,15.300000190734863,15.300000190734863,90000
2002-07-15,15.119999885559082,15.300000190734863,14.460000038146973,14.630000114440918,14.630000114440918,336600
2002-07-16,14.550000190734863,14.989999771118164,8.319999694824219,9.0,9.0,5236300
2002-07-17,9.199999809265137,9.75,9.1899995803833,9.510000228881836,9.510000228881836,2532400
2002-07-18,9.40999984741211,9.5,8.760000228881836,8.850000381469727,8.850000381469727,596000
2002-07-19,8.84000015258789,9.0,8.5600004196167,8.680000305175781,8.680000305175781,645400
2002-07-22,9.25,9.260000228881836,8.300000190734863,8.699999809265137,8.699999809265137,346400
2002-07-23,8.699999809265137,8.75,7.960000038146973,8.100000381469727,8.100000381469727,811600
2002-07-24,8.0,8.170000076293945,7.760000228881836,8.130000114440918,8.130000114440918,602500
2002-07-25,8.079999923706055,8.149999618530273,6.900000095367432,7.03000020980835,7.03000020980835,663600
2002-07-26,7.210000038146973,7.21999979019165,6.809999942779541,6.900000095367432,6.900000095367432,1221400
2002-07-29,7.0,7.900000095367432,6.949999809265137,7.789999961853027,7.789999961853027,1791200
2002-07-30,7.550000190734863,8.0,7.440000057220459,7.840000152587891,7.840000152587891,786500
2002-07-31,7.949999809265137,8.149999618530273,7.760000228881836,7.989999771118164,7.989999771118164,669300
2002-08-01,8.0,8.100000381469727,7.690000057220459,7.699999809265137,7.699999809265137,516300
2002-08-02,7.800000190734863,7.800000190734863,7.039999961853027,7.25,7.25,297100
2002-08-05,7.5,7.760000228881836,7.179999828338623,7.199999809265137,7.199999809265137,632300
2002-08-06,7.400000095367432,7.690000057220459,7.21999979019165,7.21999979019165,7.21999979019165,511400
2002-08-07,7.599999904632568,7.599999904632568,7.139999866485596,7.449999809265137,7.449999809265137,516500
2002-08-08,7.449999809265137,7.989999771118164,7.400000095367432,7.929999828338623,7.929999828338623,347000
2002-08-09,7.960000038146973,8.4399995803833,7.659999847412109,8.380000114440918,8.380000114440918,195200
2002-08-12,8.420000076293945,8.59000015258789,8.050000190734863,8.539999961853027,8.539999961853027,271300
2002-08-13,8.510000228881836,8.619999885559082,8.3100004196167,8.470000267028809,8.470000267028809,142300
2002-08-14,8.350000381469727,8.680000305175781,8.300000190734863,8.520000457763672,8.520000457763672,135300
2002-08-15,8.550000190734863,9.40999984741211,8.550000190734863,9.319999694824219,9.319999694824219,134300
2002-08-16,9.4399995803833,9.520000457763672,9.029999732971191,9.399999618530273,9.399999618530273,236700
2002-08-19,9.359999656677246,9.829999923706055,9.229999542236328,9.529999732971191,9.529999732971191,209000
2002-08-20,9.550000190734863,9.949999809265137,9.350000381469727,9.619999885559082,9.619999885559082,166400
2002-08-21,9.75,10.8100004196167,9.75,10.8100004196167,10.8100004196167,357400
2002-08-22,10.75,11.0600004196167,10.300000190734863,10.710000038146973,10.710000038146973,290200
2002-08-23,10.960000038146973,11.0,10.199999809265137,10.239999771118164,10.239999771118164,136100
2002-08-26,10.5,10.899999618530273,10.0600004196167,10.899999618530273,10.899999618530273,125600
2002-08-27,10.930000305175781,11.100000381469727,10.399999618530273,10.399999618530273,10.399999618530273,298200
2002-08-28,10.40999984741211,10.479999542236328,9.970000267028809,10.300000190734863,10.300000190734863,695800
2002-08-29,10.079999923706055,10.399999618530273,10.0600004196167,10.260000228881836,10.260000228881836,150400
2002-08-30,10.270000457763672,10.300000190734863,10.039999961853027,10.100000381469727,10.100000381469727,93500
2002-09-03,10.100000381469727,10.100000381469727,9.9399995803833,9.949999809265137,9.949999809265137,239900
2002-09-04,9.949999809265137,10.399999618530273,9.680000305175781,10.399999618530273,10.399999618530273,127300
2002-09-05,10.020000457763672,10.020000457763672,9.520000457763672,9.739999771118164,9.739999771118164,225900
2002-09-06,9.75,10.1899995803833,9.649999618530273,10.010000228881836,10.010000228881836,153500
2002-09-09,9.859999656677246,10.100000381469727,9.859999656677246,9.989999771118164,9.989999771118164,203700
2002-09-10,10.050000190734863,10.100000381469727,9.670000076293945,10.100000381469727,10.100000381469727,267300
2002-09-11,9.9399995803833,10.050000190734863,9.819999694824219,9.989999771118164,9.989999771118164,66000
2002-09-12,9.989999771118164,10.0,9.59000015258789,9.75,9.75,56500
2002-09-13,9.65999984741211,10.029999732971191,9.25,9.989999771118164,9.989999771118164,115200
2002-09-16,9.859999656677246,9.930000305175781,9.550000190734863,9.569999694824219,9.569999694824219,85200
2002-09-17,9.550000190734863,9.75,9.300000190734863,9.3100004196167,9.3100004196167,108300
2002-09-18,9.149999618530273,9.3100004196167,8.699999809265137,8.739999771118164,8.739999771118164,184900
2002-09-19,8.510000228881836,8.520000457763672,8.069999694824219,8.220000267028809,8.220000267028809,163000
2002-09-20,8.350000381469727,8.350000381469727,7.5,7.699999809265137,7.699999809265137,276000
2002-09-23,7.75,7.75,7.269999980926514,7.420000076293945,7.420000076293945,152000
2002-09-24,7.420000076293945,7.889999866485596,7.25,7.480000019073486,7.480000019073486,311300
2002-09-25,7.489999771118164,7.869999885559082,7.409999847412109,7.699999809265137,7.699999809265137,198000
2002-09-26,7.639999866485596,8.399999618530273,7.639999866485596,8.3100004196167,8.3100004196167,132700
2002-09-27,8.199999809265137,8.300000190734863,7.900000095367432,8.020000457763672,8.020000457763672,136100
2002-09-30,8.050000190734863,8.510000228881836,7.239999771118164,8.270000457763672,8.270000457763672,228200
2002-10-01,8.220000267028809,8.380000114440918,8.010000228881836,8.3100004196167,8.3100004196167,110700
2002-10-02,8.329999923706055,8.399999618530273,8.0600004196167,8.119999885559082,8.119999885559082,85700
2002-10-03,8.100000381469727,8.550000190734863,8.100000381469727,8.220000267028809,8.220000267028809,117700
2002-10-04,8.399999618530273,8.399999618530273,8.0,8.140000343322754,8.140000343322754,103400
2002-10-07,8.25,8.25,7.739999771118164,7.949999809265137,7.949999809265137,105700
2002-10-08,7.949999809265137,8.010000228881836,6.489999771118164,6.559999942779541,6.559999942779541,495500
2002-10-09,6.550000190734863,6.769999980926514,5.769999980926514,6.239999771118164,6.239999771118164,337700
2002-10-10,6.300000190734863,6.539999961853027,5.949999809265137,6.489999771118164,6.489999771118164,226500
2002-10-11,6.610000133514404,6.650000095367432,5.849999904632568,5.949999809265137,5.949999809265137,279000
2002-10-14,5.900000095367432,6.119999885559082,5.829999923706055,6.010000228881836,6.010000228881836,239600
2002-10-15,6.150000095367432,7.099999904632568,6.010000228881836,6.980000019073486,6.980000019073486,585500
2002-10-16,6.900000095367432,7.179999828338623,6.789999961853027,7.139999866485596,7.139999866485596,258800
2002-10-17,7.139999866485596,7.5,7.0,7.090000152587891,7.090000152587891,415900
2002-10-18,7.139999866485596,7.150000095367432,6.989999771118164,7.090000152587891,7.090000152587891,251100
2002-10-21,7.090000152587891,7.420000076293945,6.989999771118164,7.380000114440918,7.380000114440918,158900
2002-10-22,7.429999828338623,7.639999866485596,7.0,7.019999980926514,7.019999980926514,152500
2002-10-23,7.0,7.550000190734863,6.800000190734863,7.190000057220459,7.190000057220459,229700
2002-10-24,7.190000057220459,7.71999979019165,7.150000095367432,7.679999828338623,7.679999828338623,864900
2002-10-25,7.699999809265137,8.399999618530273,7.610000133514404,7.889999866485596,7.889999866485596,168300
2002-10-28,7.889999866485596,8.25,7.659999847412109,7.760000228881836,7.760000228881836,109400
2002-10-29,7.760000228881836,8.329999923706055,7.760000228881836,8.289999961853027,8.289999961853027,102700
2002-10-30,8.050000190734863,8.5,8.0,8.479999542236328,8.479999542236328,155800
2002-10-31,8.479999542236328,8.75,8.4399995803833,8.5,8.5,90200
2002-11-01,8.510000228881836,8.899999618530273,8.359999656677246,8.899999618530273,8.899999618530273,101700
2002-11-04,8.90999984741211,8.90999984741211,8.380000114440918,8.600000381469727,8.600000381469727,164700
2002-11-05,8.479999542236328,8.699999809265137,8.289999961853027,8.350000381469727,8.350000381469727,159600
2002-11-06,8.350000381469727,8.770000457763672,8.350000381469727,8.430000305175781,8.430000305175781,150800
2002-11-07,8.390000343322754,8.619999885559082,8.09000015258789,8.100000381469727,8.100000381469727,31700
2002-11-08,8.0600004196167,8.40999984741211,7.980000019073486,8.020000457763672,8.020000457763672,53700
2002-11-11,8.109999656677246,8.550000190734863,7.449999809265137,7.5,7.5,209700
2002-11-12,7.5,7.679999828338623,7.420000076293945,7.579999923706055,7.579999923706055,195400
2002-11-13,7.590000152587891,8.229999542236328,7.590000152587891,7.869999885559082,7.869999885559082,165700
2002-11-14,8.149999618530273,8.149999618530273,7.800000190734863,8.029999732971191,8.029999732971191,72500
2002-11-15,8.479999542236328,8.670000076293945,8.010000228881836,8.529999732971191,8.529999732971191,290900
2002-11-18,8.5,8.739999771118164,7.739999771118164,7.849999904632568,7.849999904632568,209000
2002-11-19,7.869999885559082,7.869999885559082,7.5,7.53000020980835,7.53000020980835,280600
2002-11-20,7.550000190734863,7.599999904632568,7.449999809265137,7.5,7.5,453700
2002-11-21,7.480000019073486,7.820000171661377,7.449999809265137,7.650000095367432,7.650000095367432,464700
2002-11-22,7.590000152587891,7.800000190734863,7.590000152587891,7.679999828338623,7.679999828338623,81600
2002-11-25,7.699999809265137,8.079999923706055,7.590000152587891,7.96999979019165,7.96999979019165,268800
2002-11-26,8.100000381469727,8.100000381469727,7.840000152587891,8.010000228881836,8.010000228881836,78300
2002-11-27,7.96999979019165,8.59000015258789,7.840000152587891,8.40999984741211,8.40999984741211,111600
2002-11-29,8.25,8.75,8.25,8.3100004196167,8.3100004196167,40400
2002-12-02,8.199999809265137,9.050000190734863,8.199999809265137,8.920000076293945,8.920000076293945,209600
2002-12-03,8.930000305175781,9.109999656677246,8.75,9.029999732971191,9.029999732971191,185600
2002-12-04,9.050000190734863,9.390000343322754,8.880000114440918,9.369999885559082,9.369999885559082,370700
2002-12-05,9.300000190734863,9.579999923706055,9.15999984741211,9.34000015258789,9.34000015258789,528500
2002-12-06,9.5,9.5,8.760000228881836,9.029999732971191,9.029999732971191,122700
2002-12-09,9.109999656677246,9.109999656677246,8.529999732971191,8.600000381469727,8.600000381469727,159300
2002-12-10,8.619999885559082,9.170000076293945,8.529999732971191,8.899999618530273,8.899999618530273,180400
2002-12-11,8.899999618530273,9.09000015258789,8.800000190734863,8.989999771118164,8.989999771118164,175100
2002-12-12,9.0,9.050000190734863,8.75,8.989999771118164,8.989999771118164,117500
2002-12-13,9.0,9.039999961853027,8.75,9.0,9.0,91800
2002-12-16,9.020000457763672,9.079999923706055,8.6899995803833,8.989999771118164,8.989999771118164,220800
2002-12-17,9.109999656677246,9.109999656677246,8.859999656677246,9.050000190734863,9.050000190734863,235700
2002-12-18,9.010000228881836,9.050000190734863,8.869999885559082,8.979999542236328,8.979999542236328,146200
2002-12-19,8.979999542236328,9.210000038146973,8.899999618530273,8.989999771118164,8.989999771118164,237500
2002-12-20,9.100000381469727,9.229999542236328,8.710000038146973,9.170000076293945,9.170000076293945,645800
2002-12-23,9.050000190734863,9.050000190734863,8.640000343322754,8.84000015258789,8.84000015258789,138100
2002-12-24,8.649999618530273,8.9399995803833,8.5,8.649999618530273,8.649999618530273,56500
2002-12-26,8.75,9.0600004196167,8.5,8.949999809265137,8.949999809265137,44000
2002-12-27,8.789999961853027,8.899999618530273,8.699999809265137,8.760000228881836,8.760000228881836,109500
2002-12-30,8.710000038146973,8.8100004196167,8.550000190734863,8.569999694824219,8.569999694824219,85200
2002-12-31,8.6899995803833,9.0,8.5,8.520000457763672,8.520000457763672,109600
2003-01-02,8.640000343322754,9.0,8.5,8.829999923706055,8.829999923706055,70300
2003-01-03,8.84000015258789,9.020000457763672,8.649999618530273,8.850000381469727,8.850000381469727,80800
2003-01-06,8.850000381469727,8.989999771118164,8.75,8.930000305175781,8.930000305175781,363100
2003-01-07,8.880000114440918,9.020000457763672,8.8100004196167,8.960000038146973,8.960000038146973,184200
2003-01-08,8.880000114440918,9.140000343322754,8.880000114440918,9.0,9.0,330900
2003-01-09,9.050000190734863,9.140000343322754,9.0,9.029999732971191,9.029999732971191,118500
2003-01-10,9.029999732971191,9.050000190734863,8.84000015258789,8.930000305175781,8.930000305175781,114100
2003-01-13,8.829999923706055,9.050000190734863,8.800000190734863,9.050000190734863,9.050000190734863,287800
2003-01-14,9.0,9.039999961853027,8.899999618530273,8.899999618530273,8.899999618530273,165600
2003-01-15,8.899999618530273,8.899999618530273,8.300000190734863,8.300000190734863,8.300000190734863,174500
2003-01-16,8.399999618530273,8.579999923706055,8.399999618530273,8.40999984741211,8.40999984741211,123600
2003-01-17,8.380000114440918,8.489999771118164,8.279999732971191,8.279999732971191,8.279999732971191,164000
2003-01-21,8.25,8.489999771118164,7.900000095367432,8.0,8.0,157200
2003-01-22,8.0,8.050000190734863,7.840000152587891,7.849999904632568,7.849999904632568,53900
2003-01-23,7.800000190734863,7.989999771118164,7.590000152587891,7.940000057220459,7.940000057220459,115000
2003-01-24,7.809999942779541,7.960000038146973,7.53000020980835,7.539999961853027,7.539999961853027,110300
2003-01-27,7.539999961853027,7.699999809265137,7.309999942779541,7.389999866485596,7.389999866485596,150000
2003-01-28,7.550000190734863,7.579999923706055,7.170000076293945,7.389999866485596,7.389999866485596,204900
2003-01-29,7.5,7.630000114440918,6.96999979019165,7.329999923706055,7.329999923706055,99700
2003-01-30,6.800000190734863,6.809999942779541,5.900000095367432,6.150000095367432,6.150000095367432,473500
2003-01-31,6.139999866485596,6.21999979019165,5.949999809265137,6.0,6.0,174400
2003-02-03,6.0,6.25,5.630000114440918,6.0,6.0,285400
2003-02-04,6.0,6.130000114440918,5.449999809265137,5.519999980926514,5.519999980926514,278600
2003-02-05,5.679999828338623,5.800000190734863,5.300000190734863,5.369999885559082,5.369999885559082,104200
2003-02-06,5.5,5.659999847412109,5.309999942779541,5.380000114440918,5.380000114440918,152100
2003-02-07,5.510000228881836,5.510000228881836,5.179999828338623,5.199999809265137,5.199999809265137,97800
2003-02-10,5.199999809265137,5.300000190734863,4.980000019073486,5.099999904632568,5.099999904632568,81700
2003-02-11,5.199999809265137,5.199999809265137,5.0,5.039999961853027,5.039999961853027,127500
2003-02-12,5.199999809265137,5.25,4.920000076293945,5.0,5.0,137100
2003-02-13,4.949999809265137,4.960000038146973,3.8299999237060547,4.0,4.0,1003800
2003-02-14,4.050000190734863,4.199999809265137,3.680000066757202,3.680000066757202,3.680000066757202,640600
2003-02-18,3.8499999046325684,3.890000104904175,3.450000047683716,3.859999895095825,3.859999895095825,1152200
2003-02-19,3.869999885559082,4.090000152587891,3.8399999141693115,4.0,4.0,625000
2003-02-20,4.019999980926514,4.079999923706055,3.930000066757202,4.010000228881836,4.010000228881836,629400
2003-02-21,4.019999980926514,4.289999961853027,4.0,4.159999847412109,4.159999847412109,97700
2003-02-24,4.289999961853027,4.289999961853027,4.0,4.019999980926514,4.019999980926514,102700
2003-02-25,4.0,4.320000171661377,3.9800000190734863,4.050000190734863,4.050000190734863,141900
2003-02-26,4.0,4.079999923706055,3.9800000190734863,4.010000228881836,4.010000228881836,179000
2003-02-27,4.0,4.050000190734863,4.0,4.03000020980835,4.03000020980835,314300
2003-02-28,4.010000228881836,4.070000171661377,4.010000228881836,4.039999961853027,4.039999961853027,188000
2003-03-03,4.0,4.170000076293945,4.0,4.119999885559082,4.119999885559082,157500
2003-03-04,4.079999923706055,4.159999847412109,4.039999961853027,4.099999904632568,4.099999904632568,203300
2003-03-05,4.099999904632568,4.179999828338623,4.099999904632568,4.150000095367432,4.150000095367432,126300
2003-03-06,4.039999961853027,4.119999885559082,4.0,4.099999904632568,4.099999904632568,223500
2003-03-07,4.070000171661377,4.099999904632568,4.0,4.03000020980835,4.03000020980835,411900
2003-03-10,4.099999904632568,4.099999904632568,4.0,4.019999980926514,4.019999980926514,86700
2003-03-11,4.0,4.179999828338623,4.0,4.179999828338623,4.179999828338623,166200
2003-03-12,4.130000114440918,4.210000038146973,4.0,4.039999961853027,4.039999961853027,191600
2003-03-13,4.010000228881836,4.139999866485596,3.9000000953674316,3.930000066757202,3.930000066757202,121200
2003-03-14,3.9000000953674316,4.050000190734863,3.9000000953674316,3.950000047683716,3.950000047683716,121200
2003-03-17,3.9000000953674316,4.079999923706055,3.9000000953674316,4.070000171661377,4.070000171661377,194000
2003-03-18,4.010000228881836,4.159999847412109,4.010000228881836,4.099999904632568,4.099999904632568,200300
2003-03-19,4.099999904632568,4.389999866485596,4.099999904632568,4.21999979019165,4.21999979019165,58000
2003-03-20,4.159999847412109,4.489999771118164,4.110000133514404,4.360000133514404,4.360000133514404,89500
2003-03-21,4.559999942779541,4.579999923706055,4.130000114440918,4.190000057220459,4.190000057220459,248600
2003-03-24,4.150000095367432,4.25,4.050000190734863,4.099999904632568,4.099999904632568,84600
2003-03-25,4.150000095367432,4.199999809265137,4.03000020980835,4.139999866485596,4.139999866485596,234500
2003-03-26,4.190000057220459,4.199999809265137,4.0,4.150000095367432,4.150000095367432,160100
2003-03-27,4.199999809265137,4.369999885559082,4.150000095367432,4.329999923706055,4.329999923706055,226200
2003-03-28,4.400000095367432,4.400000095367432,4.139999866485596,4.159999847412109,4.159999847412109,107300
2003-03-31,4.099999904632568,4.5,4.0,4.230000019073486,4.230000019073486,124300
2003-04-01,4.239999771118164,4.329999923706055,4.150000095367432,4.260000228881836,4.260000228881836,70000
2003-04-02,4.239999771118164,4.670000076293945,4.210000038146973,4.650000095367432,4.650000095367432,121600
2003-04-03,4.630000114440918,5.300000190734863,4.599999904632568,4.820000171661377,4.820000171661377,294000
2003-04-04,5.0,5.0,4.670000076293945,4.670000076293945,4.670000076293945,193100
2003-04-07,4.710000038146973,5.090000152587891,4.670000076293945,4.900000095367432,4.900000095367432,649900
2003-04-08,4.989999771118164,5.03000020980835,4.769999980926514,4.869999885559082,4.869999885559082,107800
2003-04-09,4.869999885559082,5.0,4.78000020980835,4.800000190734863,4.800000190734863,69900
2003-04-10,4.820000171661377,4.880000114440918,4.539999961853027,4.550000190734863,4.550000190734863,62700
2003-04-11,4.639999866485596,4.760000228881836,4.53000020980835,4.550000190734863,4.550000190734863,43100
2003-04-14,4.699999809265137,4.699999809265137,4.510000228881836,4.599999904632568,4.599999904632568,27200
2003-04-15,4.630000114440918,4.860000133514404,4.579999923706055,4.800000190734863,4.800000190734863,95000
2003-04-16,4.869999885559082,4.869999885559082,4.599999904632568,4.599999904632568,4.599999904632568,90600
2003-04-17,4.840000152587891,4.880000114440918,4.460000038146973,4.619999885559082,4.619999885559082,137400
2003-04-21,4.599999904632568,4.730000019073486,4.550000190734863,4.730000019073486,4.730000019073486,51300
2003-04-22,4.679999828338623,4.900000095367432,4.53000020980835,4.829999923706055,4.829999923706055,52300
2003-04-23,4.78000020980835,5.099999904632568,4.78000020980835,4.889999866485596,4.889999866485596,89800
2003-04-24,4.949999809265137,5.03000020980835,4.75,5.0,5.0,41300
2003-04-25,4.989999771118164,4.989999771118164,4.730000019073486,4.75,4.75,66000
2003-04-28,4.75,4.900000095367432,4.679999828338623,4.869999885559082,4.869999885559082,87800
2003-04-29,5.0,5.019999980926514,4.550000190734863,4.869999885559082,4.869999885559082,192400
2003-04-30,4.869999885559082,4.980000019073486,4.800000190734863,4.800000190734863,4.800000190734863,217700
2003-05-01,4.800000190734863,4.900000095367432,4.659999847412109,4.679999828338623,4.679999828338623,328400
2003-05-02,4.78000020980835,4.78000020980835,4.510000228881836,4.550000190734863,4.550000190734863,209900
2003-05-05,4.559999942779541,4.849999904632568,4.550000190734863,4.670000076293945,4.670000076293945,291400
2003-05-06,4.679999828338623,5.309999942779541,4.679999828338623,4.960000038146973,4.960000038146973,227500
2003-05-07,4.869999885559082,4.900000095367432,4.28000020980835,4.449999809265137,4.449999809265137,1091300
2003-05-08,4.519999980926514,4.539999961853027,4.130000114440918,4.199999809265137,4.199999809265137,639200
2003-05-09,4.519999980926514,4.519999980926514,3.9700000286102295,3.9700000286102295,3.9700000286102295,1002200
2003-05-12,3.9700000286102295,4.0,3.7899999618530273,3.9600000381469727,3.9600000381469727,287800
2003-05-13,4.0,4.039999961853027,3.940000057220459,3.9700000286102295,3.9700000286102295,234400
2003-05-14,3.9800000190734863,3.9800000190734863,3.8499999046325684,3.940000057220459,3.940000057220459,227500
2003-05-15,3.990000009536743,4.170000076293945,3.9100000858306885,4.0,4.0,591700
2003-05-16,4.53000020980835,4.53000020980835,3.799999952316284,3.809999942779541,3.809999942779541,449400
2003-05-19,3.809999942779541,3.869999885559082,3.7300000190734863,3.799999952316284,3.799999952316284,500100
2003-05-20,3.8499999046325684,3.8499999046325684,3.680000066757202,3.7300000190734863,3.7300000190734863,320400
2003-05-21,3.75,3.75,3.569999933242798,3.6700000762939453,3.6700000762939453,130800
2003-05-22,3.690000057220459,3.690000057220459,3.4700000286102295,3.5299999713897705,3.5299999713897705,472500
2003-05-23,3.5399999618530273,3.5399999618530273,3.440000057220459,3.450000047683716,3.450000047683716,194200
2003-05-27,3.450000047683716,3.5,3.4000000953674316,3.440000057220459,3.440000057220459,456200
2003-05-28,3.4200000762939453,3.4700000286102295,3.299999952316284,3.359999895095825,3.359999895095825,393800
2003-05-29,3.4000000953674316,3.4000000953674316,3.0999999046325684,3.1600000858306885,3.1600000858306885,652900
2003-05-30,3.200000047683716,3.390000104904175,3.1700000762939453,3.3499999046325684,3.3499999046325684,796600
2003-06-02,3.5,4.059999942779541,3.4700000286102295,3.5999999046325684,3.5999999046325684,713200
2003-06-03,3.75,3.75,3.6500000953674316,3.690000057220459,3.690000057220459,671100
2003-06-04,3.7300000190734863,3.7300000190734863,3.5799999237060547,3.640000104904175,3.640000104904175,725300
2003-06-05,3.700000047683716,4.050000190734863,3.5799999237060547,4.010000228881836,4.010000228881836,1113400
2003-06-06,4.480000019073486,4.789999961853027,4.139999866485596,4.349999904632568,4.349999904632568,763400
2003-06-09,4.5,4.5,4.099999904632568,4.139999866485596,4.139999866485596,457800
2003-06-10,4.150000095367432,4.460000038146973,3.819999933242798,4.400000095367432,4.400000095367432,510300
2003-06-11,4.360000133514404,4.480000019073486,4.269999980926514,4.369999885559082,4.369999885559082,437500
2003-06-12,4.320000171661377,4.380000114440918,4.289999961853027,4.329999923706055,4.329999923706055,270900
2003-06-13,4.349999904632568,4.349999904632568,4.210000038146973,4.25,4.25,553300
2003-06-16,4.25,4.409999847412109,4.25,4.349999904632568,4.349999904632568,409100
2003-06-17,4.349999904632568,4.739999771118164,4.300000190734863,4.5,4.5,603300
2003-06-18,4.53000020980835,4.619999885559082,4.360000133514404,4.429999828338623,4.429999828338623,508600
2003-06-19,4.409999847412109,4.570000171661377,4.230000019073486,4.289999961853027,4.289999961853027,746700
2003-06-20,4.400000095367432,4.449999809265137,4.099999904632568,4.210000038146973,4.210000038146973,917700
2003-06-23,4.0,4.300000190734863,4.0,4.28000020980835,4.28000020980835,417900
2003-06-24,4.28000020980835,4.340000152587891,4.210000038146973,4.25,4.25,327100
2003-06-25,4.300000190734863,4.300000190734863,4.110000133514404,4.170000076293945,4.170000076293945,102200
2003-06-26,4.170000076293945,4.199999809265137,4.070000171661377,4.070000171661377,4.070000171661377,163800
2003-06-27,4.050000190734863,4.099999904632568,3.9700000286102295,4.03000020980835,4.03000020980835,622200
2003-06-30,4.099999904632568,4.150000095367432,3.9800000190734863,4.039999961853027,4.039999961853027,2448200
2003-07-01,4.099999904632568,4.21999979019165,4.0,4.139999866485596,4.139999866485596,278500
2003-07-02,4.150000095367432,4.429999828338623,4.139999866485596,4.349999904632568,4.349999904632568,393200
2003-07-03,4.440000057220459,4.440000057220459,4.269999980926514,4.320000171661377,4.320000171661377,139700
2003-07-07,4.190000057220459,4.349999904632568,4.099999904632568,4.349999904632568,4.349999904632568,335800
2003-07-08,4.429999828338623,4.429999828338623,4.300000190734863,4.400000095367432,4.400000095367432,248100
2003-07-09,4.190000057220459,4.599999904632568,4.190000057220459,4.360000133514404,4.360000133514404,549500
2003-07-10,4.539999961853027,4.730000019073486,4.400000095367432,4.730000019073486,4.730000019073486,379000
2003-07-11,4.739999771118164,5.230000019073486,4.699999809265137,5.010000228881836,5.010000228881836,789200
2003-07-14,5.050000190734863,5.21999979019165,4.940000057220459,5.039999961853027,5.039999961853027,296000
2003-07-15,5.03000020980835,5.199999809265137,5.0,5.159999847412109,5.159999847412109,288900
2003-07-16,5.239999771118164,5.539999961853027,5.199999809265137,5.329999923706055,5.329999923706055,553900
2003-07-17,5.440000057220459,5.449999809265137,5.179999828338623,5.25,5.25,301200
2003-07-18,5.400000095367432,5.400000095367432,5.239999771118164,5.380000114440918,5.380000114440918,153800
2003-07-21,5.389999866485596,5.389999866485596,4.71999979019165,4.889999866485596,4.889999866485596,390600
2003-07-22,5.039999961853027,5.050000190734863,4.75,4.849999904632568,4.849999904632568,110800
2003-07-23,4.829999923706055,4.960000038146973,4.769999980926514,4.860000133514404,4.860000133514404,176700
2003-07-24,4.650000095367432,5.320000171661377,4.650000095367432,4.929999828338623,4.929999828338623,295400
2003-07-25,5.0,5.28000020980835,5.0,5.199999809265137,5.199999809265137,187900
2003-07-28,5.239999771118164,5.389999866485596,5.199999809265137,5.239999771118164,5.239999771118164,286200
2003-07-29,5.239999771118164,5.369999885559082,5.159999847412109,5.320000171661377,5.320000171661377,149300
2003-07-30,5.329999923706055,5.400000095367432,5.25,5.360000133514404,5.360000133514404,179300
2003-07-31,5.320000171661377,5.599999904632568,5.25,5.440000057220459,5.440000057220459,234600
2003-08-01,5.409999847412109,5.75,5.409999847412109,5.559999942779541,5.559999942779541,346400
2003-08-04,5.210000038146973,5.480000019073486,4.78000020980835,5.239999771118164,5.239999771118164,636700
2003-08-05,5.340000152587891,5.340000152587891,4.909999847412109,5.050000190734863,5.050000190734863,310200
2003-08-06,4.920000076293945,5.260000228881836,4.920000076293945,5.179999828338623,5.179999828338623,161900
2003-08-07,5.179999828338623,5.300000190734863,4.75,4.78000020980835,4.78000020980835,580600
2003-08-08,4.599999904632568,4.599999904632568,4.389999866485596,4.440000057220459,4.440000057220459,350300
2003-08-11,4.440000057220459,4.440000057220459,4.110000133514404,4.150000095367432,4.150000095367432,665200
2003-08-12,4.130000114440918,4.380000114440918,4.130000114440918,4.21999979019165,4.21999979019165,650300
2003-08-13,4.340000152587891,4.389999866485596,4.159999847412109,4.260000228881836,4.260000228881836,661900
2003-08-14,4.429999828338623,4.429999828338623,4.300000190734863,4.309999942779541,4.309999942779541,412400
2003-08-15,4.300000190734863,4.489999771118164,4.260000228881836,4.349999904632568,4.349999904632568,142700
2003-08-18,4.5,4.659999847412109,4.429999828338623,4.46999979019165,4.46999979019165,393500
2003-08-19,4.46999979019165,4.489999771118164,4.260000228881836,4.349999904632568,4.349999904632568,451000
2003-08-20,4.349999904632568,4.5,4.349999904632568,4.449999809265137,4.449999809265137,407600
2003-08-21,4.539999961853027,4.639999866485596,4.440000057220459,4.519999980926514,4.519999980926514,249000
2003-08-22,4.480000019073486,4.630000114440918,4.420000076293945,4.449999809265137,4.449999809265137,110800
2003-08-25,4.5,4.820000171661377,4.449999809265137,4.53000020980835,4.53000020980835,143300
2003-08-26,4.489999771118164,4.570000171661377,4.440000057220459,4.5,4.5,75500
2003-08-27,4.510000228881836,4.559999942779541,4.449999809265137,4.449999809265137,4.449999809265137,220500
2003-08-28,4.539999961853027,4.590000152587891,4.449999809265137,4.539999961853027,4.539999961853027,97600
2003-08-29,4.53000020980835,4.900000095367432,4.510000228881836,4.800000190734863,4.800000190734863,210800
2003-09-02,4.800000190734863,5.050000190734863,4.800000190734863,5.03000020980835,5.03000020980835,136800
2003-09-03,5.050000190734863,5.21999979019165,5.03000020980835,5.21999979019165,5.21999979019165,194000
2003-09-04,5.190000057220459,5.429999828338623,5.190000057220459,5.309999942779541,5.309999942779541,210100
2003-09-05,5.53000020980835,5.53000020980835,5.25,5.5,5.5,137400
2003-09-08,5.5,5.5,5.260000228881836,5.320000171661377,5.320000171661377,160600
2003-09-09,5.199999809265137,5.420000076293945,5.0,5.400000095367432,5.400000095367432,158100
2003-09-10,5.389999866485596,5.46999979019165,5.179999828338623,5.25,5.25,217400
2003-09-11,5.269999980926514,5.550000190734863,5.199999809265137,5.389999866485596,5.389999866485596,148700
2003-09-12,5.360000133514404,5.389999866485596,5.320000171661377,5.389999866485596,5.389999866485596,29800
2003-09-15,5.389999866485596,5.449999809265137,5.289999961853027,5.400000095367432,5.400000095367432,113800
2003-09-16,5.440000057220459,5.440000057220459,5.340000152587891,5.400000095367432,5.400000095367432,117400
2003-09-17,5.5,5.96999979019165,5.46999979019165,5.96999979019165,5.96999979019165,888200
2003-09-18,5.940000057220459,6.099999904632568,5.829999923706055,5.880000114440918,5.880000114440918,338900
2003-09-19,6.090000152587891,6.090000152587891,5.550000190734863,5.690000057220459,5.690000057220459,210400
2003-09-22,5.610000133514404,5.800000190734863,5.28000020980835,5.369999885559082,5.369999885559082,209400
2003-09-23,5.539999961853027,5.800000190734863,5.5,5.739999771118164,5.739999771118164,166600
2003-09-24,5.650000095367432,5.71999979019165,5.610000133514404,5.659999847412109,5.659999847412109,156800
2003-09-25,5.630000114440918,5.75,5.5,5.599999904632568,5.599999904632568,179100
2003-09-26,5.429999828338623,5.590000152587891,5.25,5.25,5.25,196300
2003-09-29,5.260000228881836,5.380000114440918,5.25,5.289999961853027,5.289999961853027,111400
2003-09-30,5.289999961853027,5.349999904632568,5.25,5.28000020980835,5.28000020980835,146300
2003-10-01,5.289999961853027,5.420000076293945,5.25,5.300000190734863,5.300000190734863,184200
2003-10-02,5.25,5.380000114440918,5.25,5.289999961853027,5.289999961853027,242600
2003-10-03,5.300000190734863,5.460000038146973,5.300000190734863,5.340000152587891,5.340000152587891,323800
2003-10-06,5.429999828338623,5.769999980926514,5.409999847412109,5.610000133514404,5.610000133514404,146800
2003-10-07,5.650000095367432,5.710000038146973,5.519999980926514,5.590000152587891,5.590000152587891,112200
2003-10-08,5.590000152587891,5.789999961853027,5.550000190734863,5.610000133514404,5.610000133514404,111100
2003-10-09,5.619999885559082,5.739999771118164,5.5,5.590000152587891,5.590000152587891,145700
2003-10-10,5.599999904632568,5.599999904632568,5.400000095367432,5.409999847412109,5.409999847412109,186000
2003-10-13,5.449999809265137,5.800000190734863,5.409999847412109,5.610000133514404,5.610000133514404,322500
2003-10-14,5.71999979019165,5.75,5.5,5.53000020980835,5.53000020980835,189000
2003-10-15,5.5,5.570000171661377,5.480000019073486,5.519999980926514,5.519999980926514,68500
2003-10-16,5.409999847412109,5.900000095367432,5.409999847412109,5.550000190734863,5.550000190734863,150500
2003-10-17,5.579999923706055,5.619999885559082,5.5,5.519999980926514,5.519999980926514,95300
2003-10-20,5.519999980926514,5.599999904632568,5.489999771118164,5.5,5.5,93700
2003-10-21,5.559999942779541,5.559999942779541,5.349999904632568,5.349999904632568,5.349999904632568,90500
2003-10-22,5.300000190734863,5.309999942779541,5.25,5.25,5.25,83600
2003-10-23,5.25,5.269999980926514,5.239999771118164,5.25,5.25,79000
2003-10-24,5.25,5.289999961853027,4.5,4.96999979019165,4.96999979019165,285400
2003-10-27,5.110000133514404,5.110000133514404,4.900000095367432,5.0,5.0,62400
2003-10-28,4.909999847412109,5.210000038146973,4.909999847412109,5.139999866485596,5.139999866485596,59500
2003-10-29,5.199999809265137,5.199999809265137,4.980000019073486,5.019999980926514,5.019999980926514,38900
2003-10-30,5.0,5.260000228881836,4.989999771118164,5.199999809265137,5.199999809265137,54300
2003-10-31,5.28000020980835,5.349999904632568,5.199999809265137,5.230000019073486,5.230000019073486,61500
2003-11-03,5.210000038146973,5.679999828338623,5.210000038146973,5.449999809265137,5.449999809265137,119700
2003-11-04,5.480000019073486,5.53000020980835,5.369999885559082,5.489999771118164,5.489999771118164,119900
2003-11-05,5.25,5.460000038146973,5.21999979019165,5.429999828338623,5.429999828338623,106700
2003-11-06,5.389999866485596,5.409999847412109,5.25,5.400000095367432,5.400000095367432,72300
2003-11-07,5.300000190734863,5.400000095367432,5.210000038146973,5.28000020980835,5.28000020980835,86700
2003-11-10,5.230000019073486,5.349999904632568,5.230000019073486,5.320000171661377,5.320000171661377,75200
2003-11-11,5.25,5.309999942779541,5.199999809265137,5.21999979019165,5.21999979019165,71500
2003-11-12,5.28000020980835,5.420000076293945,5.150000095367432,5.25,5.25,185100
2003-11-13,5.21999979019165,5.25,5.099999904632568,5.110000133514404,5.110000133514404,92400
2003-11-14,5.130000114440918,5.190000057220459,5.039999961853027,5.070000171661377,5.070000171661377,81100
2003-11-17,5.050000190734863,5.170000076293945,5.050000190734863,5.150000095367432,5.150000095367432,49400
2003-11-18,5.119999885559082,5.190000057220459,5.119999885559082,5.150000095367432,5.150000095367432,56700
2003-11-19,5.130000114440918,5.25,5.130000114440918,5.199999809265137,5.199999809265137,45400
2003-11-20,5.199999809265137,5.25,5.119999885559082,5.239999771118164,5.239999771118164,94000
2003-11-21,5.119999885559082,5.230000019073486,5.099999904632568,5.130000114440918,5.130000114440918,69700
2003-11-24,5.159999847412109,5.199999809265137,5.110000133514404,5.199999809265137,5.199999809265137,70800
2003-11-25,5.260000228881836,5.289999961853027,5.079999923706055,5.150000095367432,5.150000095367432,127700
2003-11-26,5.179999828338623,5.179999828338623,4.789999961853027,5.019999980926514,5.019999980926514,285000
2003-11-28,5.0,5.179999828338623,5.0,5.059999942779541,5.059999942779541,51900
2003-12-01,5.059999942779541,5.239999771118164,5.019999980926514,5.130000114440918,5.130000114440918,90700
2003-12-02,5.099999904632568,5.179999828338623,5.099999904632568,5.139999866485596,5.139999866485596,59000
2003-12-03,5.150000095367432,5.300000190734863,5.119999885559082,5.119999885559082,5.119999885559082,174600
2003-12-04,5.110000133514404,5.21999979019165,5.099999904632568,5.150000095367432,5.150000095367432,81900
2003-12-05,5.159999847412109,5.159999847412109,4.980000019073486,5.039999961853027,5.039999961853027,42200
2003-12-08,5.050000190734863,5.110000133514404,4.96999979019165,4.980000019073486,4.980000019073486,36200
2003-12-09,4.980000019073486,5.099999904632568,4.980000019073486,5.03000020980835,5.03000020980835,17300
2003-12-10,5.03000020980835,5.03000020980835,4.710000038146973,4.900000095367432,4.900000095367432,123300
2003-12-11,4.869999885559082,5.199999809265137,4.860000133514404,5.199999809265137,5.199999809265137,129500
2003-12-12,5.190000057220459,5.210000038146973,5.0,5.199999809265137,5.199999809265137,128700
2003-12-15,5.059999942779541,5.349999904632568,5.059999942779541,5.329999923706055,5.329999923706055,99100
2003-12-16,5.300000190734863,5.559999942779541,5.300000190734863,5.440000057220459,5.440000057220459,82800
2003-12-17,5.349999904632568,5.559999942779541,5.349999904632568,5.550000190734863,5.550000190734863,119400
2003-12-18,5.539999961853027,5.550000190734863,5.309999942779541,5.320000171661377,5.320000171661377,88300
2003-12-19,5.309999942779541,5.389999866485596,5.0,5.110000133514404,5.110000133514404,85300
2003-12-22,5.050000190734863,5.170000076293945,4.949999809265137,5.0,5.0,280200
2003-12-23,4.989999771118164,5.130000114440918,4.989999771118164,5.059999942779541,5.059999942779541,94200
2003-12-24,4.989999771118164,5.139999866485596,4.989999771118164,5.099999904632568,5.099999904632568,54200
2003-12-26,5.130000114440918,5.150000095367432,5.099999904632568,5.150000095367432,5.150000095367432,43100
2003-12-29,5.150000095367432,5.170000076293945,5.110000133514404,5.150000095367432,5.150000095367432,123300
2003-12-30,5.159999847412109,5.289999961853027,5.119999885559082,5.269999980926514,5.269999980926514,144200
2003-12-31,5.239999771118164,5.289999961853027,5.059999942779541,5.210000038146973,5.210000038146973,134100
2004-01-02,5.159999847412109,5.550000190734863,5.159999847412109,5.340000152587891,5.340000152587891,156700
2004-01-05,5.119999885559082,5.650000095367432,5.119999885559082,5.619999885559082,5.619999885559082,298100
2004-01-06,5.53000020980835,6.0,5.449999809265137,5.75,5.75,578600
2004-01-07,5.599999904632568,5.789999961853027,5.400000095367432,5.71999979019165,5.71999979019165,342600
2004-01-08,5.800000190734863,5.96999979019165,5.75,5.920000076293945,5.920000076293945,215900
2004-01-09,5.96999979019165,6.300000190734863,5.599999904632568,5.949999809265137,5.949999809265137,580800
2004-01-12,5.769999980926514,6.519999980926514,5.710000038146973,6.519999980926514,6.519999980926514,654800
2004-01-13,6.519999980926514,6.599999904632568,6.050000190734863,6.5,6.5,546700
2004-01-14,6.670000076293945,6.739999771118164,6.449999809265137,6.699999809265137,6.699999809265137,655900
2004-01-15,6.670000076293945,7.260000228881836,6.449999809265137,6.760000228881836,6.760000228881836,597400
2004-01-16,6.760000228881836,7.260000228881836,6.75,7.010000228881836,7.010000228881836,303700
2004-01-20,6.96999979019165,7.070000171661377,6.75,6.829999923706055,6.829999923706055,127000
2004-01-21,6.820000171661377,6.960000038146973,6.75,6.829999923706055,6.829999923706055,97600
2004-01-22,6.900000095367432,7.96999979019165,6.78000020980835,7.920000076293945,7.920000076293945,625900
2004-01-23,7.800000190734863,8.100000381469727,7.170000076293945,8.0600004196167,8.0600004196167,496200
2004-01-26,8.239999771118164,8.239999771118164,7.639999866485596,7.710000038146973,7.710000038146973,304800
2004-01-27,7.539999961853027,7.900000095367432,7.510000228881836,7.800000190734863,7.800000190734863,142600
2004-01-28,7.789999961853027,7.900000095367432,7.320000171661377,7.5,7.5,80500
2004-01-29,7.5,7.539999961853027,7.400000095367432,7.400000095367432,7.400000095367432,142700
2004-01-30,7.400000095367432,7.5,7.400000095367432,7.440000057220459,7.440000057220459,52800
2004-02-02,7.260000228881836,7.5,7.019999980926514,7.440000057220459,7.440000057220459,173000
2004-02-03,7.679999828338623,7.75,7.289999961853027,7.400000095367432,7.400000095367432,157200
2004-02-04,7.429999828338623,7.440000057220459,6.989999771118164,7.03000020980835,7.03000020980835,157100
2004-02-05,7.0,7.21999979019165,6.900000095367432,7.099999904632568,7.099999904632568,96800
2004-02-06,7.099999904632568,7.5,7.099999904632568,7.5,7.5,63000
2004-02-09,7.489999771118164,7.690000057220459,7.190000057220459,7.449999809265137,7.449999809265137,119000
2004-02-10,7.449999809265137,7.5,7.25,7.489999771118164,7.489999771118164,234600
2004-02-11,7.489999771118164,7.559999942779541,7.340000152587891,7.5,7.5,109400
2004-02-12,7.300000190734863,7.429999828338623,7.269999980926514,7.269999980926514,7.269999980926514,69000
2004-02-13,7.050000190734863,7.460000038146973,6.96999979019165,7.0,7.0,117200
2004-02-17,6.820000171661377,7.449999809265137,6.75,7.449999809265137,7.449999809265137,268800
2004-02-18,7.519999980926514,7.570000171661377,7.409999847412109,7.420000076293945,7.420000076293945,134800
2004-02-19,7.230000019073486,7.519999980926514,7.0,7.019999980926514,7.019999980926514,200100
2004-02-20,6.650000095367432,7.059999942779541,6.650000095367432,7.019999980926514,7.019999980926514,95400
2004-02-23,7.21999979019165,7.360000133514404,7.0,7.090000152587891,7.090000152587891,120800
2004-02-24,6.900000095367432,6.940000057220459,6.75,6.889999866485596,6.889999866485596,111700
2004-02-25,6.639999866485596,6.690000057220459,5.599999904632568,6.099999904632568,6.099999904632568,645200
2004-02-26,6.159999847412109,6.170000076293945,5.809999942779541,6.0,6.0,153100
2004-02-27,6.0,6.019999980926514,5.679999828338623,5.690000057220459,5.690000057220459,99000
2004-03-01,5.769999980926514,5.840000152587891,5.679999828338623,5.789999961853027,5.789999961853027,159500
2004-03-02,5.78000020980835,5.820000171661377,5.650000095367432,5.670000076293945,5.670000076293945,93000
2004-03-03,5.739999771118164,6.0,5.650000095367432,5.980000019073486,5.980000019073486,97900
2004-03-04,6.050000190734863,6.050000190734863,5.900000095367432,6.0,6.0,88800
2004-03-05,6.050000190734863,6.050000190734863,5.829999923706055,5.889999866485596,5.889999866485596,61900
2004-03-08,5.949999809265137,6.0,5.710000038146973,5.75,5.75,123000
2004-03-09,5.809999942779541,6.0,5.690000057220459,5.829999923706055,5.829999923706055,147100
2004-03-10,5.800000190734863,6.039999961853027,5.28000020980835,5.380000114440918,5.380000114440918,151500
2004-03-11,5.260000228881836,5.989999771118164,5.260000228881836,5.860000133514404,5.860000133514404,109800
2004-03-12,5.840000152587891,5.989999771118164,5.739999771118164,5.869999885559082,5.869999885559082,62500
2004-03-15,5.840000152587891,5.909999847412109,5.409999847412109,5.510000228881836,5.510000228881836,92500
2004-03-16,5.840000152587891,5.840000152587891,5.349999904632568,5.360000133514404,5.360000133514404,194900
2004-03-17,5.480000019073486,5.550000190734863,5.400000095367432,5.519999980926514,5.519999980926514,314400
2004-03-18,5.550000190734863,5.590000152587891,5.400000095367432,5.480000019073486,5.480000019073486,143100
2004-03-19,5.46999979019165,5.519999980926514,5.260000228881836,5.260000228881836,5.260000228881836,120600
2004-03-22,5.260000228881836,5.360000133514404,5.050000190734863,5.110000133514404,5.110000133514404,150400
2004-03-23,5.150000095367432,5.449999809265137,5.090000152587891,5.300000190734863,5.300000190734863,71600
2004-03-24,5.289999961853027,5.460000038146973,5.289999961853027,5.349999904632568,5.349999904632568,45800
2004-03-25,5.349999904632568,5.5,5.349999904632568,5.409999847412109,5.409999847412109,70100
2004-03-26,5.409999847412109,5.559999942779541,5.360000133514404,5.510000228881836,5.510000228881836,56200
2004-03-29,5.519999980926514,5.519999980926514,5.300000190734863,5.5,5.5,75900
2004-03-30,5.349999904632568,5.5,5.349999904632568,5.420000076293945,5.420000076293945,64800
2004-03-31,5.400000095367432,5.590000152587891,5.400000095367432,5.590000152587891,5.590000152587891,84100
2004-04-01,5.630000114440918,5.639999866485596,5.440000057220459,5.5,5.5,180800
2004-04-02,5.590000152587891,5.789999961853027,5.570000171661377,5.789999961853027,5.789999961853027,201200
2004-04-05,5.900000095367432,5.96999979019165,5.650000095367432,5.96999979019165,5.96999979019165,98500
2004-04-06,5.820000171661377,6.0,5.820000171661377,6.0,6.0,145500
2004-04-07,5.989999771118164,6.079999923706055,5.800000190734863,5.920000076293945,5.920000076293945,94200
2004-04-08,5.699999809265137,6.050000190734863,5.699999809265137,5.96999979019165,5.96999979019165,156100
2004-04-12,6.050000190734863,6.179999828338623,6.0,6.079999923706055,6.079999923706055,158200
2004-04-13,6.050000190734863,6.150000095367432,5.909999847412109,6.0,6.0,89200
2004-04-14,6.03000020980835,6.21999979019165,5.920000076293945,6.0,6.0,88600
2004-04-15,5.940000057220459,6.070000171661377,5.920000076293945,6.059999942779541,6.059999942779541,139100
2004-04-16,6.03000020980835,6.110000133514404,6.03000020980835,6.099999904632568,6.099999904632568,228800
2004-04-19,6.019999980926514,6.239999771118164,6.019999980926514,6.110000133514404,6.110000133514404,57900
2004-04-20,6.019999980926514,6.230000019073486,6.019999980926514,6.079999923706055,6.079999923706055,147400
2004-04-21,6.059999942779541,6.210000038146973,6.019999980926514,6.210000038146973,6.210000038146973,127900
2004-04-22,6.289999961853027,6.300000190734863,5.860000133514404,6.170000076293945,6.170000076293945,81800
2004-04-23,6.309999942779541,6.340000152587891,6.139999866485596,6.210000038146973,6.210000038146973,45100
2004-04-26,6.059999942779541,6.170000076293945,6.019999980926514,6.079999923706055,6.079999923706055,335900
2004-04-27,6.309999942779541,6.349999904632568,5.71999979019165,5.71999979019165,5.71999979019165,125100
2004-04-28,5.570000171661377,6.099999904632568,5.570000171661377,5.940000057220459,5.940000057220459,87100
2004-04-29,5.789999961853027,5.789999961853027,5.340000152587891,5.369999885559082,5.369999885559082,79200
2004-04-30,5.349999904632568,5.610000133514404,5.090000152587891,5.099999904632568,5.099999904632568,135800
2004-05-03,5.349999904632568,5.53000020980835,5.28000020980835,5.349999904632568,5.349999904632568,96900
2004-05-04,5.340000152587891,5.340000152587891,5.190000057220459,5.260000228881836,5.260000228881836,81500
2004-05-05,5.25,5.570000171661377,5.070000171661377,5.449999809265137,5.449999809265137,121900
2004-05-06,5.409999847412109,5.940000057220459,5.400000095367432,5.710000038146973,5.710000038146973,145800
2004-05-07,5.53000020980835,6.0,5.53000020980835,5.75,5.75,142800
2004-05-10,5.699999809265137,5.789999961853027,5.579999923706055,5.619999885559082,5.619999885559082,127100
2004-05-11,5.53000020980835,5.699999809265137,5.510000228881836,5.659999847412109,5.659999847412109,76600
2004-05-12,5.699999809265137,5.789999961853027,5.650000095367432,5.679999828338623,5.679999828338623,90500
2004-05-13,5.78000020980835,5.829999923706055,5.659999847412109,5.78000020980835,5.78000020980835,91700
2004-05-14,6.019999980926514,6.050000190734863,5.789999961853027,5.989999771118164,5.989999771118164,1066200
2004-05-17,5.769999980926514,6.0,5.690000057220459,5.900000095367432,5.900000095367432,76900
2004-05-18,6.019999980926514,6.019999980926514,5.900000095367432,5.929999828338623,5.929999828338623,50800
2004-05-19,5.769999980926514,5.949999809265137,5.760000228881836,5.909999847412109,5.909999847412109,46500
2004-05-20,6.019999980926514,6.03000020980835,5.849999904632568,5.849999904632568,5.849999904632568,79500
2004-05-21,5.769999980926514,5.949999809265137,5.75,5.949999809265137,5.949999809265137,21800
2004-05-24,6.019999980926514,6.03000020980835,5.800000190734863,5.989999771118164,5.989999771118164,75700
2004-05-25,5.809999942779541,6.050000190734863,5.809999942779541,6.03000020980835,6.03000020980835,104200
2004-05-26,6.0,6.050000190734863,5.809999942779541,6.050000190734863,6.050000190734863,149100
2004-05-27,5.860000133514404,5.929999828338623,5.769999980926514,5.900000095367432,5.900000095367432,149100
2004-05-28,6.010000228881836,6.230000019073486,5.78000020980835,5.869999885559082,5.869999885559082,78300
2004-06-01,5.699999809265137,5.699999809265137,5.03000020980835,5.179999828338623,5.179999828338623,744300
2004-06-02,5.059999942779541,5.28000020980835,5.059999942779541,5.28000020980835,5.28000020980835,267600
2004-06-03,5.300000190734863,5.300000190734863,5.130000114440918,5.199999809265137,5.199999809265137,138500
2004-06-04,5.179999828338623,5.349999904632568,5.159999847412109,5.199999809265137,5.199999809265137,150500
2004-06-07,5.150000095367432,5.25,5.150000095367432,5.21999979019165,5.21999979019165,70500
2004-06-08,5.179999828338623,5.53000020980835,5.179999828338623,5.53000020980835,5.53000020980835,133500
2004-06-09,5.289999961853027,5.550000190734863,5.150000095367432,5.389999866485596,5.389999866485596,146700
2004-06-10,5.409999847412109,5.539999961853027,5.260000228881836,5.329999923706055,5.329999923706055,90400
2004-06-14,5.340000152587891,5.5,5.28000020980835,5.28000020980835,5.28000020980835,80900
2004-06-15,5.289999961853027,5.449999809265137,5.289999961853027,5.369999885559082,5.369999885559082,47800
2004-06-16,5.360000133514404,5.550000190734863,5.309999942779541,5.550000190734863,5.550000190734863,49300
2004-06-17,5.590000152587891,6.019999980926514,5.199999809265137,5.739999771118164,5.739999771118164,124000
2004-06-18,5.650000095367432,5.889999866485596,5.650000095367432,5.889999866485596,5.889999866485596,50800
2004-06-21,5.929999828338623,5.949999809265137,5.820000171661377,5.869999885559082,5.869999885559082,53600
2004-06-22,5.889999866485596,5.940000057220459,5.760000228881836,5.869999885559082,5.869999885559082,55800
2004-06-23,5.800000190734863,5.929999828338623,5.75,5.880000114440918,5.880000114440918,44800
2004-06-24,5.849999904632568,5.860000133514404,5.579999923706055,5.619999885559082,5.619999885559082,30900
2004-06-25,5.659999847412109,5.690000057220459,5.579999923706055,5.650000095367432,5.650000095367432,32300
2004-06-28,5.75,5.75,5.340000152587891,5.369999885559082,5.369999885559082,83300
2004-06-29,5.46999979019165,5.599999904632568,5.329999923706055,5.5,5.5,54500
2004-06-30,5.619999885559082,5.909999847412109,5.590000152587891,5.900000095367432,5.900000095367432,61000
2004-07-01,5.889999866485596,5.889999866485596,5.25,5.25,5.25,214500
2004-07-02,5.260000228881836,5.460000038146973,5.25,5.460000038146973,5.460000038146973,25400
2004-07-06,5.420000076293945,5.610000133514404,5.420000076293945,5.460000038146973,5.460000038146973,36700
2004-07-07,5.519999980926514,5.619999885559082,5.349999904632568,5.460000038146973,5.460000038146973,66200
2004-07-08,5.409999847412109,5.46999979019165,5.300000190734863,5.409999847412109,5.409999847412109,61700
2004-07-09,5.389999866485596,5.409999847412109,5.269999980926514,5.269999980926514,5.269999980926514,131800
2004-07-12,5.260000228881836,5.400000095367432,5.260000228881836,5.329999923706055,5.329999923706055,38300
2004-07-13,5.309999942779541,5.449999809265137,5.309999942779541,5.380000114440918,5.380000114440918,384400
2004-07-14,5.320000171661377,5.389999866485596,5.119999885559082,5.190000057220459,5.190000057220459,75900
2004-07-15,5.139999866485596,5.230000019073486,5.079999923706055,5.170000076293945,5.170000076293945,72500
2004-07-16,5.179999828338623,5.199999809265137,5.110000133514404,5.139999866485596,5.139999866485596,34300
2004-07-19,5.110000133514404,5.119999885559082,5.019999980926514,5.059999942779541,5.059999942779541,73800
2004-07-20,5.010000228881836,5.5,5.010000228881836,5.440000057220459,5.440000057220459,81500
2004-07-21,5.429999828338623,5.5,5.170000076293945,5.170000076293945,5.170000076293945,83800
2004-07-22,5.210000038146973,5.550000190734863,5.070000171661377,5.070000171661377,5.070000171661377,74700
2004-07-23,5.050000190734863,5.449999809265137,5.050000190734863,5.150000095367432,5.150000095367432,65400
2004-07-26,5.159999847412109,5.25,5.050000190734863,5.090000152587891,5.090000152587891,53200
2004-07-27,5.079999923706055,5.239999771118164,5.010000228881836,5.190000057220459,5.190000057220459,22800
2004-07-28,5.130000114440918,5.21999979019165,5.039999961853027,5.070000171661377,5.070000171661377,42000
2004-07-29,5.059999942779541,5.150000095367432,5.019999980926514,5.139999866485596,5.139999866485596,69500
2004-07-30,5.119999885559082,5.119999885559082,4.78000020980835,5.010000228881836,5.010000228881836,124700
2004-08-02,4.980000019073486,5.039999961853027,4.900000095367432,4.96999979019165,4.96999979019165,57100
2004-08-03,5.0,5.079999923706055,4.849999904632568,5.059999942779541,5.059999942779541,73000
2004-08-04,4.869999885559082,5.110000133514404,4.75,4.889999866485596,4.889999866485596,79700
2004-08-05,4.949999809265137,5.090000152587891,4.840000152587891,4.929999828338623,4.929999828338623,40600
2004-08-06,4.960000038146973,4.960000038146973,4.610000133514404,4.650000095367432,4.650000095367432,76700
2004-08-09,4.579999923706055,4.670000076293945,4.5,4.510000228881836,4.510000228881836,108700
2004-08-10,4.650000095367432,5.0,4.650000095367432,4.760000228881836,4.760000228881836,57200
2004-08-11,4.829999923706055,4.860000133514404,4.760000228881836,4.820000171661377,4.820000171661377,92000
2004-08-12,4.75,4.849999904632568,4.670000076293945,4.71999979019165,4.71999979019165,96800
2004-08-13,4.75,4.869999885559082,4.710000038146973,4.78000020980835,4.78000020980835,68900
2004-08-16,4.699999809265137,4.989999771118164,4.699999809265137,4.980000019073486,4.980000019073486,44900
2004-08-17,4.989999771118164,5.090000152587891,4.980000019073486,5.03000020980835,5.03000020980835,128000
2004-08-18,4.909999847412109,5.079999923706055,4.900000095367432,5.059999942779541,5.059999942779541,35500
2004-08-19,4.989999771118164,5.150000095367432,4.980000019073486,4.989999771118164,4.989999771118164,33100
2004-08-20,5.0,5.139999866485596,5.0,5.139999866485596,5.139999866485596,29300
2004-08-23,5.079999923706055,5.190000057220459,4.909999847412109,5.0,5.0,94100
2004-08-24,5.0,5.070000171661377,4.989999771118164,5.050000190734863,5.050000190734863,88200
2004-08-25,4.949999809265137,5.039999961853027,4.920000076293945,5.010000228881836,5.010000228881836,225000
2004-08-26,5.0,5.010000228881836,4.849999904632568,4.980000019073486,4.980000019073486,59800
2004-08-27,5.019999980926514,5.03000020980835,4.860000133514404,4.96999979019165,4.96999979019165,25700
2004-08-30,5.0,5.0,4.769999980926514,4.769999980926514,4.769999980926514,54100
2004-08-31,4.820000171661377,5.0,4.539999961853027,4.639999866485596,4.639999866485596,142200
2004-09-01,4.510000228881836,4.599999904632568,4.449999809265137,4.5,4.5,109200
2004-09-02,4.5,4.53000020980835,4.340000152587891,4.53000020980835,4.53000020980835,90400
2004-09-03,4.5,4.619999885559082,4.409999847412109,4.570000171661377,4.570000171661377,117200
2004-09-07,4.599999904632568,4.699999809265137,4.559999942779541,4.670000076293945,4.670000076293945,48900
2004-09-08,4.440000057220459,4.449999809265137,4.360000133514404,4.409999847412109,4.409999847412109,71900
2004-09-09,4.550000190734863,4.550000190734863,4.369999885559082,4.429999828338623,4.429999828338623,147600
2004-09-10,4.5,4.5,4.369999885559082,4.400000095367432,4.400000095367432,15400
2004-09-13,4.349999904632568,4.46999979019165,4.349999904632568,4.409999847412109,4.409999847412109,38100
2004-09-14,4.440000057220459,4.440000057220459,4.139999866485596,4.239999771118164,4.239999771118164,62900
2004-09-15,4.139999866485596,4.309999942779541,4.099999904632568,4.309999942779541,4.309999942779541,148300
2004-09-16,4.360000133514404,4.460000038146973,4.320000171661377,4.449999809265137,4.449999809265137,24700
2004-09-17,4.400000095367432,4.489999771118164,4.400000095367432,4.489999771118164,4.489999771118164,54800
2004-09-20,4.380000114440918,4.449999809265137,4.380000114440918,4.440000057220459,4.440000057220459,40100
2004-09-21,4.360000133514404,4.440000057220459,4.059999942779541,4.440000057220459,4.440000057220459,63700
2004-09-22,4.349999904632568,4.420000076293945,4.179999828338623,4.389999866485596,4.389999866485596,35900
2004-09-23,4.380000114440918,4.46999979019165,4.380000114440918,4.46999979019165,4.46999979019165,39600
2004-09-24,4.400000095367432,4.480000019073486,4.400000095367432,4.449999809265137,4.449999809265137,129500
2004-09-27,4.489999771118164,4.489999771118164,4.400000095367432,4.440000057220459,4.440000057220459,162400
2004-09-28,4.389999866485596,4.46999979019165,4.380000114440918,4.409999847412109,4.409999847412109,79300
2004-09-29,4.389999866485596,4.46999979019165,4.369999885559082,4.400000095367432,4.400000095367432,73400
2004-09-30,4.369999885559082,4.449999809265137,4.369999885559082,4.449999809265137,4.449999809265137,26100
2004-10-01,4.489999771118164,4.489999771118164,4.400000095367432,4.460000038146973,4.460000038146973,59300
2004-10-04,4.400000095367432,4.579999923706055,4.400000095367432,4.550000190734863,4.550000190734863,150700
2004-10-05,4.5,4.53000020980835,4.389999866485596,4.440000057220459,4.440000057220459,165500
2004-10-06,4.400000095367432,4.46999979019165,4.389999866485596,4.449999809265137,4.449999809265137,171400
2004-10-07,4.349999904632568,4.75,4.349999904632568,4.579999923706055,4.579999923706055,150200
2004-10-08,4.519999980926514,4.519999980926514,4.449999809265137,4.5,4.5,90700
2004-10-11,4.590000152587891,4.619999885559082,4.539999961853027,4.570000171661377,4.570000171661377,92600
2004-10-12,4.5,4.670000076293945,4.5,4.659999847412109,4.659999847412109,24500
2004-10-13,4.679999828338623,4.679999828338623,4.579999923706055,4.579999923706055,4.579999923706055,10200
2004-10-14,4.610000133514404,4.610000133514404,4.53000020980835,4.550000190734863,4.550000190734863,28500
2004-10-15,4.510000228881836,4.579999923706055,4.5,4.550000190734863,4.550000190734863,25000
2004-10-18,4.510000228881836,4.78000020980835,4.510000228881836,4.75,4.75,98400
2004-10-19,4.650000095367432,4.809999942779541,4.650000095367432,4.760000228881836,4.760000228881836,41800
2004-10-20,4.699999809265137,5.070000171661377,4.699999809265137,4.849999904632568,4.849999904632568,82100
2004-10-21,4.760000228881836,4.909999847412109,4.760000228881836,4.880000114440918,4.880000114440918,146500
2004-10-22,4.840000152587891,4.929999828338623,4.829999923706055,4.909999847412109,4.909999847412109,12100
2004-10-25,4.809999942779541,4.949999809265137,4.800000190734863,4.880000114440918,4.880000114440918,25600
2004-10-26,4.809999942779541,5.0,4.809999942779541,4.940000057220459,4.940000057220459,34600
2004-10-27,4.849999904632568,5.099999904632568,4.849999904632568,5.039999961853027,5.039999961853027,67500
2004-10-28,4.980000019073486,5.079999923706055,4.980000019073486,5.059999942779541,5.059999942779541,68300
2004-10-29,4.96999979019165,5.099999904632568,4.96999979019165,5.019999980926514,5.019999980926514,69500
2004-11-01,4.980000019073486,5.130000114440918,4.980000019073486,5.099999904632568,5.099999904632568,80600
2004-11-02,5.010000228881836,5.230000019073486,5.010000228881836,5.159999847412109,5.159999847412109,26400
2004-11-03,5.079999923706055,5.269999980926514,5.050000190734863,5.260000228881836,5.260000228881836,20100
2004-11-04,5.159999847412109,5.199999809265137,5.159999847412109,5.170000076293945,5.170000076293945,22200
2004-11-05,5.320000171661377,5.880000114440918,5.199999809265137,5.519999980926514,5.519999980926514,331800
2004-11-08,5.650000095367432,5.75,5.480000019073486,5.550000190734863,5.550000190734863,59500
2004-11-09,5.550000190734863,5.599999904632568,5.440000057220459,5.570000171661377,5.570000171661377,74500
2004-11-10,5.5,5.610000133514404,5.460000038146973,5.559999942779541,5.559999942779541,64200
2004-11-11,5.789999961853027,5.789999961853027,5.489999771118164,5.650000095367432,5.650000095367432,24400
2004-11-12,5.789999961853027,5.860000133514404,5.550000190734863,5.71999979019165,5.71999979019165,71900
2004-11-15,5.730000019073486,5.730000019073486,5.25,5.400000095367432,5.400000095367432,65000
2004-11-16,5.369999885559082,5.710000038146973,5.059999942779541,5.550000190734863,5.550000190734863,141100
2004-11-17,5.670000076293945,5.699999809265137,5.389999866485596,5.550000190734863,5.550000190734863,80600
2004-11-18,5.539999961853027,5.539999961853027,5.300000190734863,5.400000095367432,5.400000095367432,226900
2004-11-19,5.409999847412109,5.429999828338623,5.260000228881836,5.289999961853027,5.289999961853027,37300
2004-11-22,5.199999809265137,5.320000171661377,5.03000020980835,5.289999961853027,5.289999961853027,81100
2004-11-23,5.139999866485596,5.5,5.139999866485596,5.480000019073486,5.480000019073486,47300
2004-11-24,5.300000190734863,5.409999847412109,5.300000190734863,5.360000133514404,5.360000133514404,58300
2004-11-26,5.300000190734863,5.349999904632568,5.289999961853027,5.289999961853027,5.289999961853027,6200
2004-11-29,5.349999904632568,5.400000095367432,5.28000020980835,5.400000095367432,5.400000095367432,43100
2004-11-30,5.269999980926514,5.269999980926514,5.199999809265137,5.21999979019165,5.21999979019165,21400
2004-12-01,5.199999809265137,5.429999828338623,5.199999809265137,5.360000133514404,5.360000133514404,58600
2004-12-02,5.199999809265137,5.440000057220459,5.199999809265137,5.309999942779541,5.309999942779541,52000
2004-12-03,5.190000057220459,5.28000020980835,5.150000095367432,5.170000076293945,5.170000076293945,27700
2004-12-06,5.130000114440918,5.300000190734863,5.130000114440918,5.170000076293945,5.170000076293945,43900
2004-12-07,5.130000114440918,5.130000114440918,4.920000076293945,4.940000057220459,4.940000057220459,81500
2004-12-08,4.989999771118164,5.0,4.869999885559082,4.900000095367432,4.900000095367432,36200
2004-12-09,4.960000038146973,5.0,4.869999885559082,4.960000038146973,4.960000038146973,12000
2004-12-10,5.0,5.03000020980835,4.909999847412109,4.989999771118164,4.989999771118164,43500
2004-12-13,4.900000095367432,5.090000152587891,4.900000095367432,4.960000038146973,4.960000038146973,59700
2004-12-14,4.949999809265137,5.050000190734863,4.929999828338623,4.949999809265137,4.949999809265137,237700
2004-12-15,5.0,5.019999980926514,4.929999828338623,5.019999980926514,5.019999980926514,170000
2004-12-16,5.03000020980835,5.099999904632568,4.980000019073486,4.989999771118164,4.989999771118164,220300
2004-12-17,5.070000171661377,5.099999904632568,4.980000019073486,5.079999923706055,5.079999923706055,142500
2004-12-20,5.010000228881836,5.110000133514404,4.96999979019165,4.980000019073486,4.980000019073486,145500
2004-12-21,5.019999980926514,5.039999961853027,4.989999771118164,5.019999980926514,5.019999980926514,234900
2004-12-22,5.050000190734863,5.050000190734863,4.980000019073486,5.0,5.0,114000
2004-12-23,4.920000076293945,5.03000020980835,4.909999847412109,4.960000038146973,4.960000038146973,140800
2004-12-27,4.929999828338623,5.050000190734863,4.800000190734863,4.949999809265137,4.949999809265137,124100
2004-12-28,4.989999771118164,5.25,4.989999771118164,5.019999980926514,5.019999980926514,173200
2004-12-29,5.269999980926514,5.269999980926514,4.960000038146973,5.050000190734863,5.050000190734863,423800
2004-12-30,5.050000190734863,5.139999866485596,5.0,5.039999961853027,5.039999961853027,755600
2004-12-31,5.039999961853027,5.190000057220459,5.039999961853027,5.190000057220459,5.190000057220459,101100
2005-01-03,5.099999904632568,5.21999979019165,5.099999904632568,5.150000095367432,5.150000095367432,65900
2005-01-04,5.110000133514404,5.269999980926514,5.110000133514404,5.269999980926514,5.269999980926514,125000
2005-01-05,5.300000190734863,5.300000190734863,5.150000095367432,5.159999847412109,5.159999847412109,99900
2005-01-06,5.190000057220459,5.210000038146973,4.96999979019165,5.0,5.0,250800
2005-01-07,5.03000020980835,5.150000095367432,5.0,5.059999942779541,5.059999942779541,60700
2005-01-10,4.960000038146973,5.130000114440918,4.960000038146973,5.119999885559082,5.119999885559082,43100
2005-01-11,5.0,5.110000133514404,5.0,5.019999980926514,5.019999980926514,49000
2005-01-12,4.900000095367432,5.070000171661377,4.900000095367432,5.059999942779541,5.059999942779541,55200
2005-01-13,4.909999847412109,5.139999866485596,4.909999847412109,4.960000038146973,4.960000038146973,41100
2005-01-14,4.949999809265137,5.099999904632568,4.949999809265137,5.099999904632568,5.099999904632568,53700
2005-01-18,5.010000228881836,5.239999771118164,5.0,5.210000038146973,5.210000038146973,63800
2005-01-19,5.239999771118164,5.25,5.110000133514404,5.210000038146973,5.210000038146973,165600
2005-01-20,5.190000057220459,5.289999961853027,5.190000057220459,5.199999809265137,5.199999809265137,84100
2005-01-21,5.170000076293945,5.239999771118164,5.150000095367432,5.159999847412109,5.159999847412109,73900
2005-01-24,5.159999847412109,5.159999847412109,5.099999904632568,5.099999904632568,5.099999904632568,81000
2005-01-25,5.139999866485596,5.179999828338623,5.079999923706055,5.099999904632568,5.099999904632568,128500
2005-01-26,5.050000190734863,5.230000019073486,5.050000190734863,5.190000057220459,5.190000057220459,33700
2005-01-27,5.079999923706055,5.239999771118164,5.079999923706055,5.239999771118164,5.239999771118164,20700
2005-01-28,5.170000076293945,5.300000190734863,5.099999904632568,5.139999866485596,5.139999866485596,53400
2005-01-31,5.320000171661377,5.539999961853027,5.28000020980835,5.5,5.5,103700
2005-02-01,5.5,5.739999771118164,5.429999828338623,5.650000095367432,5.650000095367432,86400
2005-02-02,5.639999866485596,6.039999961853027,5.519999980926514,5.840000152587891,5.840000152587891,245700
2005-02-03,5.789999961853027,5.809999942779541,5.610000133514404,5.71999979019165,5.71999979019165,89100
2005-02-04,5.579999923706055,5.699999809265137,5.5,5.659999847412109,5.659999847412109,87500
2005-02-07,5.679999828338623,5.809999942779541,5.599999904632568,5.730000019073486,5.730000019073486,76800
2005-02-08,5.590000152587891,5.650000095367432,5.409999847412109,5.650000095367432,5.650000095367432,47300
2005-02-09,5.679999828338623,5.679999828338623,5.360000133514404,5.369999885559082,5.369999885559082,145000
2005-02-10,5.389999866485596,5.449999809265137,5.360000133514404,5.389999866485596,5.389999866485596,174800
2005-02-11,5.389999866485596,5.650000095367432,5.380000114440918,5.579999923706055,5.579999923706055,40800
2005-02-14,5.650000095367432,5.650000095367432,5.400000095367432,5.550000190734863,5.550000190734863,18400
2005-02-15,5.429999828338623,5.670000076293945,5.400000095367432,5.599999904632568,5.599999904632568,23800
2005-02-16,5.539999961853027,5.590000152587891,5.460000038146973,5.550000190734863,5.550000190734863,23800
2005-02-17,5.679999828338623,5.699999809265137,5.190000057220459,5.210000038146973,5.210000038146973,176400
2005-02-18,5.159999847412109,5.349999904632568,5.090000152587891,5.349999904632568,5.349999904632568,180600
2005-02-22,5.289999961853027,5.739999771118164,5.269999980926514,5.480000019073486,5.480000019073486,113100
2005-02-23,5.599999904632568,5.659999847412109,5.550000190734863,5.550000190734863,5.550000190734863,23100
2005-02-24,5.409999847412109,5.659999847412109,5.409999847412109,5.630000114440918,5.630000114440918,23900
2005-02-25,5.730000019073486,5.800000190734863,5.610000133514404,5.800000190734863,5.800000190734863,33500
2005-02-28,5.650000095367432,5.949999809265137,5.650000095367432,5.940000057220459,5.940000057220459,63000
2005-03-01,5.989999771118164,6.300000190734863,5.96999979019165,6.260000228881836,6.260000228881836,105200
2005-03-02,6.190000057220459,6.199999809265137,6.110000133514404,6.139999866485596,6.139999866485596,70000
2005-03-03,6.050000190734863,6.260000228881836,5.949999809265137,6.019999980926514,6.019999980926514,91400
2005-03-04,5.880000114440918,5.900000095367432,5.230000019073486,5.25,5.25,137500
2005-03-07,5.409999847412109,5.409999847412109,5.199999809265137,5.21999979019165,5.21999979019165,41900
2005-03-08,5.25,5.25,5.0,5.119999885559082,5.119999885559082,95500
2005-03-09,5.0,5.119999885559082,5.0,5.090000152587891,5.090000152587891,101400
2005-03-10,5.0,5.170000076293945,5.0,5.170000076293945,5.170000076293945,51500
2005-03-11,5.190000057220459,5.190000057220459,5.050000190734863,5.099999904632568,5.099999904632568,70100
2005-03-14,5.0,5.159999847412109,5.0,5.099999904632568,5.099999904632568,97700
2005-03-15,5.039999961853027,5.119999885559082,5.010000228881836,5.090000152587891,5.090000152587891,105900
2005-03-16,5.010000228881836,5.159999847412109,5.010000228881836,5.159999847412109,5.159999847412109,44600
2005-03-17,5.139999866485596,5.179999828338623,5.0,5.010000228881836,5.010000228881836,51100
2005-03-18,5.099999904632568,5.239999771118164,5.019999980926514,5.110000133514404,5.110000133514404,133100
2005-03-21,5.090000152587891,5.21999979019165,5.039999961853027,5.110000133514404,5.110000133514404,51900
2005-03-22,5.159999847412109,5.170000076293945,5.0,5.050000190734863,5.050000190734863,28500
2005-03-23,5.050000190734863,5.199999809265137,5.019999980926514,5.139999866485596,5.139999866485596,26100
2005-03-24,5.070000171661377,5.170000076293945,4.940000057220459,5.059999942779541,5.059999942779541,45500
2005-03-28,5.079999923706055,5.090000152587891,4.929999828338623,5.0,5.0,58000
2005-03-29,4.949999809265137,5.159999847412109,4.820000171661377,4.880000114440918,4.880000114440918,118200
2005-03-30,4.920000076293945,5.039999961853027,4.920000076293945,5.039999961853027,5.039999961853027,38800
2005-03-31,4.940000057220459,5.150000095367432,4.940000057220459,5.099999904632568,5.099999904632568,66000
2005-04-01,5.150000095367432,5.150000095367432,4.889999866485596,5.010000228881836,5.010000228881836,63000
2005-04-04,5.0,5.059999942779541,4.880000114440918,4.900000095367432,4.900000095367432,89000
2005-04-05,4.980000019073486,4.980000019073486,4.610000133514404,4.630000114440918,4.630000114440918,90600
2005-04-06,4.71999979019165,5.190000057220459,4.690000057220459,5.03000020980835,5.03000020980835,135300
2005-04-07,4.940000057220459,5.269999980926514,4.849999904632568,5.090000152587891,5.090000152587891,24100
2005-04-08,5.010000228881836,5.070000171661377,4.949999809265137,5.059999942779541,5.059999942779541,36400
2005-04-11,5.039999961853027,5.110000133514404,4.929999828338623,4.949999809265137,4.949999809265137,46300
2005-04-12,4.829999923706055,5.050000190734863,4.820000171661377,4.989999771118164,4.989999771118164,41900
2005-04-13,4.940000057220459,5.059999942779541,4.940000057220459,5.0,5.0,14500
2005-04-14,5.0,5.050000190734863,4.96999979019165,4.96999979019165,4.96999979019165,40600
2005-04-15,4.880000114440918,5.070000171661377,4.559999942779541,4.630000114440918,4.630000114440918,80900
2005-04-18,4.519999980926514,4.610000133514404,4.420000076293945,4.559999942779541,4.559999942779541,48400
2005-04-19,4.670000076293945,4.670000076293945,4.309999942779541,4.460000038146973,4.460000038146973,38800
2005-04-20,4.5,4.699999809265137,4.389999866485596,4.400000095367432,4.400000095367432,42800
2005-04-21,4.360000133514404,4.5,4.349999904632568,4.46999979019165,4.46999979019165,19900
2005-04-22,4.380000114440918,4.449999809265137,4.260000228881836,4.309999942779541,4.309999942779541,62900
2005-04-25,4.369999885559082,4.409999847412109,4.260000228881836,4.360000133514404,4.360000133514404,61800
2005-04-26,4.340000152587891,4.400000095367432,4.309999942779541,4.389999866485596,4.389999866485596,16200
2005-04-27,4.409999847412109,4.409999847412109,4.28000020980835,4.289999961853027,4.289999961853027,44200
2005-04-28,4.300000190734863,4.349999904632568,4.289999961853027,4.289999961853027,4.289999961853027,39400
2005-04-29,4.300000190734863,4.309999942779541,4.289999961853027,4.300000190734863,4.300000190734863,23700
2005-05-02,4.309999942779541,4.380000114440918,4.289999961853027,4.300000190734863,4.300000190734863,77600
2005-05-03,4.320000171661377,4.320000171661377,4.150000095367432,4.159999847412109,4.159999847412109,64000
2005-05-04,4.199999809265137,4.28000020980835,3.990000009536743,4.019999980926514,4.019999980926514,136300
2005-05-05,4.380000114440918,4.380000114440918,4.010000228881836,4.099999904632568,4.099999904632568,120600
2005-05-06,4.139999866485596,4.5,4.139999866485596,4.380000114440918,4.380000114440918,80100
2005-05-09,4.440000057220459,5.079999923706055,4.429999828338623,4.829999923706055,4.829999923706055,138400
2005-05-10,4.840000152587891,5.159999847412109,4.840000152587891,5.010000228881836,5.010000228881836,65300
2005-05-11,5.03000020980835,5.03000020980835,4.699999809265137,4.880000114440918,4.880000114440918,101500
2005-05-12,4.909999847412109,4.989999771118164,4.849999904632568,4.949999809265137,4.949999809265137,138400
2005-05-13,5.0,5.300000190734863,4.989999771118164,5.079999923706055,5.079999923706055,114000
2005-05-16,5.159999847412109,5.21999979019165,5.039999961853027,5.059999942779541,5.059999942779541,29300
2005-05-17,5.050000190734863,5.099999904632568,5.050000190734863,5.079999923706055,5.079999923706055,16800
2005-05-18,5.099999904632568,5.289999961853027,5.050000190734863,5.28000020980835,5.28000020980835,95600
2005-05-19,5.349999904632568,5.389999866485596,5.0,5.070000171661377,5.070000171661377,62000
2005-05-20,5.079999923706055,5.260000228881836,5.039999961853027,5.260000228881836,5.260000228881836,36200
2005-05-23,5.25,5.25,5.059999942779541,5.199999809265137,5.199999809265137,16700
2005-05-24,5.070000171661377,5.170000076293945,5.03000020980835,5.070000171661377,5.070000171661377,14600
2005-05-25,5.039999961853027,5.150000095367432,5.03000020980835,5.03000020980835,5.03000020980835,22200
2005-05-26,5.099999904632568,5.25,5.099999904632568,5.239999771118164,5.239999771118164,84500
2005-05-27,5.170000076293945,5.210000038146973,5.110000133514404,5.150000095367432,5.150000095367432,8000
2005-05-31,5.170000076293945,5.309999942779541,5.099999904632568,5.300000190734863,5.300000190734863,125900
2005-06-01,5.300000190734863,5.440000057220459,5.289999961853027,5.420000076293945,5.420000076293945,44900
2005-06-02,5.320000171661377,5.559999942779541,5.139999866485596,5.460000038146973,5.460000038146973,87400
2005-06-03,5.46999979019165,5.610000133514404,5.369999885559082,5.429999828338623,5.429999828338623,30000
2005-06-06,5.440000057220459,5.440000057220459,5.170000076293945,5.269999980926514,5.269999980926514,97500
2005-06-07,5.340000152587891,5.630000114440918,5.230000019073486,5.480000019073486,5.480000019073486,113800
2005-06-08,5.519999980926514,5.559999942779541,5.460000038146973,5.480000019073486,5.480000019073486,82200
2005-06-09,5.5,5.539999961853027,5.389999866485596,5.480000019073486,5.480000019073486,46600
2005-06-10,5.5,5.510000228881836,5.369999885559082,5.440000057220459,5.440000057220459,25400
2005-06-13,5.28000020980835,5.489999771118164,5.269999980926514,5.489999771118164,5.489999771118164,29500
2005-06-14,5.5,5.610000133514404,5.400000095367432,5.599999904632568,5.599999904632568,63300
2005-06-15,5.599999904632568,5.599999904632568,5.360000133514404,5.440000057220459,5.440000057220459,74700
2005-06-16,5.480000019073486,5.5,5.239999771118164,5.289999961853027,5.289999961853027,41900
2005-06-17,5.289999961853027,5.300000190734863,4.960000038146973,4.980000019073486,4.980000019073486,119700
2005-06-20,4.980000019073486,5.050000190734863,4.920000076293945,4.960000038146973,4.960000038146973,99300
2005-06-21,4.989999771118164,5.019999980926514,4.860000133514404,5.010000228881836,5.010000228881836,50100
2005-06-22,4.980000019073486,5.0,4.889999866485596,4.889999866485596,4.889999866485596,33300
2005-06-23,4.940000057220459,5.019999980926514,4.860000133514404,5.0,5.0,104500
2005-06-24,5.039999961853027,5.039999961853027,4.889999866485596,5.0,5.0,143300
2005-06-27,5.0,5.070000171661377,4.960000038146973,5.010000228881836,5.010000228881836,218400
2005-06-28,5.019999980926514,5.039999961853027,4.949999809265137,4.949999809265137,4.949999809265137,204900
2005-06-29,4.889999866485596,5.050000190734863,4.789999961853027,4.880000114440918,4.880000114440918,79800
2005-06-30,4.949999809265137,5.0,4.75,4.980000019073486,4.980000019073486,157000
2005-07-01,4.96999979019165,5.039999961853027,4.900000095367432,5.039999961853027,5.039999961853027,87900
2005-07-05,5.039999961853027,5.119999885559082,4.929999828338623,5.0,5.0,46700
2005-07-06,4.920000076293945,5.070000171661377,4.920000076293945,4.929999828338623,4.929999828338623,29900
2005-07-07,4.980000019073486,5.0,4.889999866485596,4.980000019073486,4.980000019073486,18300
2005-07-08,4.909999847412109,4.940000057220459,4.71999979019165,4.920000076293945,4.920000076293945,33100
2005-07-11,4.849999904632568,5.010000228881836,4.71999979019165,4.96999979019165,4.96999979019165,81100
2005-07-12,4.909999847412109,5.0,4.880000114440918,4.880000114440918,4.880000114440918,35700
2005-07-13,4.829999923706055,5.380000114440918,4.829999923706055,5.309999942779541,5.309999942779541,467800
2005-07-14,5.329999923706055,5.349999904632568,5.210000038146973,5.210000038146973,5.210000038146973,21700
2005-07-15,5.269999980926514,5.480000019073486,5.210000038146973,5.329999923706055,5.329999923706055,37000
2005-07-18,5.309999942779541,5.400000095367432,5.25,5.309999942779541,5.309999942779541,21600
2005-07-19,5.320000171661377,5.400000095367432,5.300000190734863,5.349999904632568,5.349999904632568,23600
2005-07-20,5.300000190734863,5.400000095367432,5.03000020980835,5.21999979019165,5.21999979019165,35800
2005-07-21,5.139999866485596,5.21999979019165,5.110000133514404,5.170000076293945,5.170000076293945,21000
2005-07-22,5.090000152587891,5.260000228881836,5.090000152587891,5.179999828338623,5.179999828338623,18600
2005-07-25,5.21999979019165,5.349999904632568,5.21999979019165,5.309999942779541,5.309999942779541,31900
2005-07-26,5.400000095367432,5.489999771118164,5.309999942779541,5.460000038146973,5.460000038146973,21400
2005-07-27,5.5,5.5,5.239999771118164,5.369999885559082,5.369999885559082,60100
2005-07-28,5.429999828338623,5.559999942779541,5.369999885559082,5.369999885559082,5.369999885559082,55400
2005-07-29,5.289999961853027,5.449999809265137,5.239999771118164,5.389999866485596,5.389999866485596,38000
2005-08-01,5.340000152587891,5.550000190734863,5.309999942779541,5.389999866485596,5.389999866485596,50100
2005-08-02,5.309999942779541,5.440000057220459,5.260000228881836,5.420000076293945,5.420000076293945,37200
2005-08-03,5.550000190734863,5.619999885559082,5.380000114440918,5.480000019073486,5.480000019073486,68400
2005-08-04,5.599999904632568,5.599999904632568,5.260000228881836,5.300000190734863,5.300000190734863,90400
2005-08-05,5.889999866485596,6.349999904632568,5.800000190734863,6.309999942779541,6.309999942779541,512600
2005-08-08,6.329999923706055,6.539999961853027,6.0,6.389999866485596,6.389999866485596,254000
2005-08-09,6.380000114440918,6.619999885559082,6.300000190734863,6.510000228881836,6.510000228881836,299000
2005-08-10,6.599999904632568,6.690000057220459,6.480000019073486,6.630000114440918,6.630000114440918,162600
2005-08-11,6.650000095367432,6.889999866485596,6.650000095367432,6.800000190734863,6.800000190734863,113000
2005-08-12,6.800000190734863,6.940000057220459,6.53000020980835,6.860000133514404,6.860000133514404,186700
2005-08-15,6.949999809265137,6.949999809265137,6.820000171661377,6.820000171661377,6.820000171661377,176000
2005-08-16,6.960000038146973,6.989999771118164,6.760000228881836,6.789999961853027,6.789999961853027,63600
2005-08-17,6.889999866485596,6.889999866485596,6.5,6.730000019073486,6.730000019073486,111600
2005-08-18,6.809999942779541,6.809999942779541,6.550000190734863,6.75,6.75,145900
2005-08-19,6.760000228881836,6.789999961853027,6.550000190734863,6.599999904632568,6.599999904632568,125500
2005-08-22,6.630000114440918,6.630000114440918,6.199999809265137,6.599999904632568,6.599999904632568,147400
2005-08-23,6.590000152587891,6.739999771118164,6.480000019073486,6.590000152587891,6.590000152587891,77900
2005-08-24,6.579999923706055,6.650000095367432,6.519999980926514,6.570000171661377,6.570000171661377,101700
2005-08-25,6.599999904632568,6.630000114440918,6.519999980926514,6.550000190734863,6.550000190734863,59700
2005-08-26,6.539999961853027,6.710000038146973,6.5,6.679999828338623,6.679999828338623,98300
2005-08-29,6.670000076293945,7.130000114440918,6.539999961853027,6.920000076293945,6.920000076293945,252800
2005-08-30,6.900000095367432,7.0,6.699999809265137,6.949999809265137,6.949999809265137,87200
2005-08-31,6.929999828338623,6.96999979019165,6.860000133514404,6.929999828338623,6.929999828338623,34600
2005-09-01,6.900000095367432,7.039999961853027,6.800000190734863,7.0,7.0,92700
2005-09-02,7.059999942779541,7.170000076293945,6.949999809265137,7.050000190734863,7.050000190734863,144100
2005-09-06,7.050000190734863,7.619999885559082,6.710000038146973,6.909999847412109,6.909999847412109,318300
2005-09-07,7.110000133514404,7.409999847412109,6.949999809265137,7.090000152587891,7.090000152587891,166600
2005-09-08,7.139999866485596,7.139999866485596,7.019999980926514,7.079999923706055,7.079999923706055,87800
2005-09-09,7.130000114440918,7.130000114440918,7.0,7.070000171661377,7.070000171661377,105000
2005-09-12,7.150000095367432,7.320000171661377,7.059999942779541,7.289999961853027,7.289999961853027,199600
2005-09-13,7.480000019073486,8.0,7.349999904632568,7.849999904632568,7.849999904632568,428200
2005-09-14,7.699999809265137,7.849999904632568,7.5,7.570000171661377,7.570000171661377,272700
2005-09-15,7.53000020980835,7.650000095367432,7.510000228881836,7.510000228881836,7.510000228881836,107100
2005-09-16,7.550000190734863,7.78000020980835,7.519999980926514,7.650000095367432,7.650000095367432,131800
2005-09-19,7.519999980926514,7.639999866485596,7.199999809265137,7.289999961853027,7.289999961853027,99500
2005-09-20,7.309999942779541,7.840000152587891,7.260000228881836,7.75,7.75,133000
2005-09-21,7.650000095367432,7.849999904632568,7.480000019073486,7.670000076293945,7.670000076293945,106700
2005-09-22,7.630000114440918,8.100000381469727,7.550000190734863,8.0,8.0,182700
2005-09-23,8.100000381469727,8.229999542236328,7.869999885559082,8.199999809265137,8.199999809265137,493000
2005-09-26,8.199999809265137,8.5,8.199999809265137,8.430000305175781,8.430000305175781,321200
2005-09-27,8.260000228881836,8.65999984741211,8.260000228881836,8.619999885559082,8.619999885559082,339100
2005-09-28,8.619999885559082,8.649999618530273,8.5600004196167,8.630000114440918,8.630000114440918,327900
2005-09-29,8.649999618530273,8.65999984741211,7.940000057220459,8.520000457763672,8.520000457763672,193300
2005-09-30,8.5,8.680000305175781,8.300000190734863,8.550000190734863,8.550000190734863,141500
2005-10-03,8.739999771118164,8.859999656677246,8.600000381469727,8.729999542236328,8.729999542236328,322900
2005-10-04,8.819999694824219,8.829999923706055,8.640000343322754,8.729999542236328,8.729999542236328,129100
2005-10-05,8.600000381469727,8.75,8.319999694824219,8.539999961853027,8.539999961853027,83500
2005-10-06,8.449999809265137,8.579999923706055,8.279999732971191,8.3100004196167,8.3100004196167,84400
2005-10-07,8.270000457763672,8.550000190734863,8.25,8.380000114440918,8.380000114440918,94700
2005-10-10,8.5,8.5,8.359999656677246,8.399999618530273,8.399999618530273,133700
2005-10-11,8.359999656677246,8.579999923706055,8.359999656677246,8.579999923706055,8.579999923706055,452800
2005-10-12,8.5,8.779999732971191,8.319999694824219,8.479999542236328,8.479999542236328,157000
2005-10-13,8.529999732971191,8.699999809265137,8.399999618530273,8.649999618530273,8.649999618530273,197200
2005-10-14,8.75,9.34000015258789,8.699999809265137,9.260000228881836,9.260000228881836,773700
2005-10-17,9.300000190734863,9.399999618530273,8.710000038146973,9.100000381469727,9.100000381469727,313100
2005-10-18,9.020000457763672,9.149999618530273,8.930000305175781,9.020000457763672,9.020000457763672,214100
2005-10-19,8.930000305175781,9.140000343322754,8.930000305175781,9.100000381469727,9.100000381469727,332900
2005-10-20,9.100000381469727,9.380000114440918,8.890000343322754,8.9399995803833,8.9399995803833,145900
2005-10-21,8.899999618530273,9.25,8.720000267028809,9.1899995803833,9.1899995803833,193400
2005-10-24,9.229999542236328,9.289999961853027,9.0,9.149999618530273,9.149999618530273,167800
2005-10-25,9.130000114440918,9.380000114440918,9.119999885559082,9.199999809265137,9.199999809265137,228400
2005-10-26,9.130000114440918,9.300000190734863,8.859999656677246,9.029999732971191,9.029999732971191,163500
2005-10-27,9.0,9.0600004196167,8.949999809265137,9.0,9.0,85300
2005-10-28,8.979999542236328,9.09000015258789,8.600000381469727,8.699999809265137,8.699999809265137,190400
2005-10-31,8.609999656677246,8.699999809265137,8.319999694824219,8.510000228881836,8.510000228881836,294800
2005-11-01,9.800000190734863,9.979999542236328,9.170000076293945,9.1899995803833,9.1899995803833,649000
2005-11-02,9.130000114440918,9.289999961853027,9.130000114440918,9.229999542236328,9.229999542236328,348800
2005-11-03,9.350000381469727,9.800000190734863,9.180000305175781,9.6899995803833,9.6899995803833,486100
2005-11-04,9.890000343322754,9.890000343322754,9.5,9.680000305175781,9.680000305175781,474800
2005-11-07,9.920000076293945,10.0,9.739999771118164,9.9399995803833,9.9399995803833,382000
2005-11-08,9.899999618530273,9.970000267028809,9.84000015258789,9.869999885559082,9.869999885559082,154800
2005-11-09,9.9399995803833,10.430000305175781,9.850000381469727,10.420000076293945,10.420000076293945,436100
2005-11-10,10.420000076293945,10.75,10.420000076293945,10.520000457763672,10.520000457763672,660100
2005-11-11,10.640000343322754,10.640000343322754,10.15999984741211,10.40999984741211,10.40999984741211,249900
2005-11-14,10.329999923706055,10.489999771118164,10.199999809265137,10.260000228881836,10.260000228881836,156300
2005-11-15,10.260000228881836,10.289999961853027,9.75,10.029999732971191,10.029999732971191,213800
2005-11-16,9.989999771118164,10.149999618530273,9.770000457763672,9.890000343322754,9.890000343322754,81600
2005-11-17,10.0,10.649999618530273,9.899999618530273,10.260000228881836,10.260000228881836,284500
2005-11-18,10.34000015258789,10.34000015258789,9.90999984741211,9.989999771118164,9.989999771118164,158900
2005-11-21,9.9399995803833,10.319999694824219,9.800000190734863,9.989999771118164,9.989999771118164,324800
2005-11-22,10.050000190734863,10.829999923706055,9.90999984741211,10.789999961853027,10.789999961853027,350400
2005-11-23,10.890000343322754,10.989999771118164,10.4399995803833,10.489999771118164,10.489999771118164,166800
2005-11-25,10.789999961853027,10.789999961853027,10.399999618530273,10.529999732971191,10.529999732971191,111800
2005-11-28,10.40999984741211,11.0,10.40999984741211,10.770000457763672,10.770000457763672,276400
2005-11-29,10.949999809265137,11.039999961853027,10.75,11.0,11.0,248000
2005-11-30,11.0,11.050000190734863,10.84000015258789,11.050000190734863,11.050000190734863,189400
2005-12-01,11.199999809265137,11.430000305175781,10.960000038146973,11.300000190734863,11.300000190734863,440400
2005-12-02,11.239999771118164,11.449999809265137,11.020000457763672,11.229999542236328,11.229999542236328,371700
2005-12-05,11.460000038146973,11.869999885559082,11.270000457763672,11.789999961853027,11.789999961853027,484400
2005-12-06,11.9399995803833,12.130000114440918,11.670000076293945,12.010000228881836,12.010000228881836,432000
2005-12-07,12.0,12.039999961853027,10.930000305175781,11.100000381469727,11.100000381469727,422200
2005-12-08,11.050000190734863,11.670000076293945,11.050000190734863,11.630000114440918,11.630000114440918,193000
2005-12-09,11.720000267028809,11.880000114440918,11.350000381469727,11.449999809265137,11.449999809265137,128700
2005-12-12,11.5,11.760000228881836,11.5,11.699999809265137,11.699999809265137,119300
2005-12-13,11.770000457763672,11.960000038146973,11.300000190734863,11.739999771118164,11.739999771118164,90500
2005-12-14,11.699999809265137,12.0,11.510000228881836,11.930000305175781,11.930000305175781,153800
2005-12-15,12.0,12.09000015258789,11.760000228881836,11.979999542236328,11.979999542236328,215300
2005-12-16,11.920000076293945,12.199999809265137,11.510000228881836,11.5600004196167,11.5600004196167,172700
2005-12-19,11.5600004196167,11.5600004196167,10.600000381469727,11.039999961853027,11.039999961853027,356000
2005-12-20,10.90999984741211,11.819999694824219,10.75,11.449999809265137,11.449999809265137,140300
2005-12-21,11.5,11.5,11.210000038146973,11.479999542236328,11.479999542236328,94700
2005-12-22,11.460000038146973,11.460000038146973,10.84000015258789,10.890000343322754,10.890000343322754,332900
2005-12-23,10.890000343322754,11.010000228881836,10.600000381469727,10.720000267028809,10.720000267028809,165000
2005-12-27,10.5,10.8100004196167,9.930000305175781,10.170000076293945,10.170000076293945,429700
2005-12-28,10.270000457763672,10.600000381469727,10.180000305175781,10.460000038146973,10.460000038146973,177200
2005-12-29,10.460000038146973,10.760000228881836,10.260000228881836,10.6899995803833,10.6899995803833,143600
2005-12-30,10.6899995803833,10.979999542236328,10.260000228881836,10.90999984741211,10.90999984741211,131200
2006-01-03,10.869999885559082,11.0,10.3100004196167,10.350000381469727,10.350000381469727,303100
2006-01-04,10.319999694824219,10.6899995803833,10.149999618530273,10.59000015258789,10.59000015258789,252000
2006-01-05,10.720000267028809,10.720000267028809,10.5,10.5,10.5,225200
2006-01-06,10.670000076293945,11.020000457763672,10.5600004196167,10.989999771118164,10.989999771118164,217700
2006-01-09,11.119999885559082,11.199999809265137,10.8100004196167,10.84000015258789,10.84000015258789,263200
2006-01-10,10.920000076293945,11.0,10.65999984741211,10.75,10.75,223300
2006-01-11,10.869999885559082,10.869999885559082,10.609999656677246,10.699999809265137,10.699999809265137,183800
2006-01-12,10.739999771118164,10.75,10.0,10.25,10.25,359000
2006-01-13,10.25,10.859999656677246,10.25,10.779999732971191,10.779999732971191,112300
2006-01-17,10.630000114440918,10.949999809265137,10.25,10.569999694824219,10.569999694824219,107400
2006-01-18,10.619999885559082,10.739999771118164,10.010000228881836,10.739999771118164,10.739999771118164,175600
2006-01-19,10.779999732971191,10.829999923706055,10.449999809265137,10.789999961853027,10.789999961853027,136400
2006-01-20,10.850000381469727,11.0,10.729999542236328,10.800000190734863,10.800000190734863,180200
2006-01-23,10.850000381469727,11.039999961853027,10.470000267028809,10.869999885559082,10.869999885559082,232700
2006-01-24,10.9399995803833,11.1899995803833,10.890000343322754,11.109999656677246,11.109999656677246,265300
2006-01-25,11.199999809265137,11.609999656677246,10.899999618530273,11.5,11.5,155900
2006-01-26,11.5,12.399999618530273,11.5,12.399999618530273,12.399999618530273,382400
2006-01-27,12.430000305175781,12.510000228881836,11.539999961853027,12.010000228881836,12.010000228881836,267600
2006-01-30,12.130000114440918,12.5,12.09000015258789,12.430000305175781,12.430000305175781,121100
2006-01-31,12.489999771118164,12.5,12.25,12.430000305175781,12.430000305175781,107100
2006-02-01,12.4399995803833,12.5600004196167,12.34000015258789,12.380000114440918,12.380000114440918,150300
2006-02-02,12.300000190734863,12.470000267028809,12.050000190734863,12.40999984741211,12.40999984741211,107800
2006-02-03,12.420000076293945,12.5,12.130000114440918,12.289999961853027,12.289999961853027,302600
2006-02-06,12.350000381469727,12.380000114440918,11.760000228881836,12.079999923706055,12.079999923706055,162100
2006-02-07,12.029999732971191,12.09000015258789,11.770000457763672,11.84000015258789,11.84000015258789,147000
2006-02-08,11.880000114440918,12.079999923706055,11.760000228881836,12.079999923706055,12.079999923706055,94100
2006-02-09,12.029999732971191,12.100000381469727,11.960000038146973,12.029999732971191,12.029999732971191,54800
2006-02-10,12.09000015258789,12.149999618530273,11.460000038146973,11.979999542236328,11.979999542236328,228600
2006-02-13,12.0,12.069999694824219,11.920000076293945,11.9399995803833,11.9399995803833,127500
2006-02-14,12.0,12.109999656677246,11.84000015258789,12.0600004196167,12.0600004196167,134400
2006-02-15,12.100000381469727,12.100000381469727,11.930000305175781,12.0,12.0,91400
2006-02-16,11.989999771118164,12.449999809265137,11.989999771118164,12.039999961853027,12.039999961853027,321100
2006-02-17,11.880000114440918,12.100000381469727,11.880000114440918,12.050000190734863,12.050000190734863,130300
2006-02-21,11.880000114440918,12.15999984741211,11.859999656677246,12.050000190734863,12.050000190734863,192100
2006-02-22,12.359999656677246,12.399999618530273,11.989999771118164,12.029999732971191,12.029999732971191,362600
2006-02-23,11.960000038146973,12.050000190734863,11.600000381469727,11.800000190734863,11.800000190734863,194900
2006-02-24,11.850000381469727,11.899999618530273,11.25,11.390000343322754,11.390000343322754,274400
2006-02-27,11.449999809265137,11.640000343322754,10.9399995803833,11.020000457763672,11.020000457763672,289600
2006-02-28,10.9399995803833,11.270000457763672,10.9399995803833,11.09000015258789,11.09000015258789,148600
2006-03-01,10.989999771118164,11.010000228881836,10.430000305175781,10.579999923706055,10.579999923706055,235800
2006-03-02,10.579999923706055,10.600000381469727,10.09000015258789,10.319999694824219,10.319999694824219,321500
2006-03-03,10.319999694824219,10.40999984741211,10.15999984741211,10.260000228881836,10.260000228881836,311700
2006-03-06,10.199999809265137,10.3100004196167,10.180000305175781,10.25,10.25,446800
2006-03-07,10.1899995803833,10.350000381469727,10.1899995803833,10.350000381469727,10.350000381469727,130300
2006-03-08,10.300000190734863,10.359999656677246,10.170000076293945,10.220000267028809,10.220000267028809,317700
2006-03-09,10.260000228881836,10.779999732971191,10.25,10.699999809265137,10.699999809265137,272100
2006-03-10,10.699999809265137,10.970000267028809,10.699999809265137,10.9399995803833,10.9399995803833,148200
2006-03-13,11.0,11.079999923706055,10.869999885559082,11.029999732971191,11.029999732971191,118000
2006-03-14,11.050000190734863,11.050000190734863,10.819999694824219,11.0,11.0,60800
2006-03-15,11.029999732971191,11.09000015258789,10.960000038146973,11.010000228881836,11.010000228881836,80600
2006-03-16,11.0,11.149999618530273,10.970000267028809,11.0,11.0,63000
2006-03-17,10.989999771118164,11.420000076293945,10.5600004196167,11.380000114440918,11.380000114440918,592400
2006-03-20,11.40999984741211,11.600000381469727,11.350000381469727,11.550000190734863,11.550000190734863,105100
2006-03-21,11.550000190734863,11.75,11.5,11.550000190734863,11.550000190734863,73200
2006-03-22,11.460000038146973,11.619999885559082,11.100000381469727,11.149999618530273,11.149999618530273,226800
2006-03-23,11.180000305175781,11.25,10.899999618530273,11.039999961853027,11.039999961853027,127600
2006-03-24,11.010000228881836,11.1899995803833,10.850000381469727,10.880000114440918,10.880000114440918,155700
2006-03-27,10.90999984741211,11.0,10.800000190734863,10.869999885559082,10.869999885559082,272600
2006-03-28,10.869999885559082,10.869999885559082,10.420000076293945,10.510000228881836,10.510000228881836,243900
2006-03-29,10.510000228881836,11.0,10.5,10.920000076293945,10.920000076293945,273800
2006-03-30,10.960000038146973,10.960000038146973,10.579999923706055,10.729999542236328,10.729999542236328,152700
2006-03-31,10.720000267028809,10.979999542236328,10.6899995803833,10.979999542236328,10.979999542236328,310500
2006-04-03,11.0,11.15999984741211,10.699999809265137,10.770000457763672,10.770000457763672,95100
2006-04-04,10.800000190734863,10.850000381469727,10.600000381469727,10.640000343322754,10.640000343322754,143500
2006-04-05,10.619999885559082,10.8100004196167,10.25,10.5,10.5,277600
2006-04-06,10.460000038146973,10.5600004196167,10.369999885559082,10.5,10.5,99600
2006-04-07,10.539999961853027,11.050000190734863,10.539999961853027,10.90999984741211,10.90999984741211,306600
2006-04-10,10.880000114440918,10.989999771118164,10.670000076293945,10.729999542236328,10.729999542236328,70700
2006-04-11,10.720000267028809,11.0,10.720000267028809,10.850000381469727,10.850000381469727,163500
2006-04-12,10.9399995803833,11.020000457763672,10.869999885559082,10.949999809265137,10.949999809265137,224900
2006-04-13,11.0,11.460000038146973,10.90999984741211,11.270000457763672,11.270000457763672,347200
2006-04-17,11.239999771118164,11.239999771118164,11.029999732971191,11.0600004196167,11.0600004196167,96300
2006-04-18,11.010000228881836,11.34000015258789,11.010000228881836,11.289999961853027,11.289999961853027,157600
2006-04-19,11.34000015258789,13.25,11.34000015258789,12.550000190734863,12.550000190734863,606500
2006-04-20,12.550000190734863,12.84000015258789,12.260000228881836,12.5,12.5,230300
2006-04-21,12.5,12.569999694824219,12.329999923706055,12.529999732971191,12.529999732971191,217300
2006-04-24,12.5600004196167,12.729999542236328,12.149999618530273,12.550000190734863,12.550000190734863,89400
2006-04-25,12.550000190734863,12.829999923706055,12.260000228881836,12.8100004196167,12.8100004196167,132000
2006-04-26,12.789999961853027,13.350000381469727,12.600000381469727,13.039999961853027,13.039999961853027,176200
2006-04-27,13.020000457763672,13.4399995803833,12.569999694824219,13.0600004196167,13.0600004196167,120000
2006-04-28,13.100000381469727,13.119999885559082,12.5600004196167,13.0,13.0,124000
2006-05-01,13.100000381469727,13.25,12.930000305175781,13.039999961853027,13.039999961853027,103600
2006-05-02,13.180000305175781,13.319999694824219,12.90999984741211,13.069999694824219,13.069999694824219,179800
2006-05-03,13.449999809265137,13.449999809265137,12.010000228881836,12.699999809265137,12.699999809265137,305000
2006-05-04,12.699999809265137,12.880000114440918,12.0,12.670000076293945,12.670000076293945,303500
2006-05-05,12.649999618530273,13.600000381469727,12.649999618530273,13.319999694824219,13.319999694824219,172500
2006-05-08,13.270000457763672,13.289999961853027,13.050000190734863,13.09000015258789,13.09000015258789,189700
2006-05-09,13.050000190734863,13.100000381469727,12.819999694824219,12.989999771118164,12.989999771118164,107200
2006-05-10,13.0,13.210000038146973,12.880000114440918,13.140000343322754,13.140000343322754,98100
2006-05-11,13.170000076293945,13.170000076293945,12.470000267028809,12.90999984741211,12.90999984741211,174400
2006-05-12,12.899999618530273,12.899999618530273,12.100000381469727,12.399999618530273,12.399999618530273,154600
2006-05-15,12.0600004196167,12.65999984741211,11.90999984741211,12.539999961853027,12.539999961853027,182600
2006-05-16,12.579999923706055,12.819999694824219,12.430000305175781,12.619999885559082,12.619999885559082,149200
2006-05-17,12.520000457763672,12.600000381469727,12.119999885559082,12.25,12.25,100400
2006-05-18,12.25,12.5,11.869999885559082,12.0,12.0,173100
2006-05-19,11.989999771118164,12.119999885559082,11.859999656677246,11.979999542236328,11.979999542236328,100200
2006-05-22,11.979999542236328,11.979999542236328,11.300000190734863,11.390000343322754,11.390000343322754,264300
2006-05-23,11.300000190734863,11.430000305175781,11.220000267028809,11.380000114440918,11.380000114440918,146800
2006-05-24,11.399999618530273,11.489999771118164,11.039999961853027,11.399999618530273,11.399999618530273,75300
2006-05-25,11.4399995803833,11.59000015258789,11.289999961853027,11.59000015258789,11.59000015258789,71000
2006-05-26,11.350000381469727,11.600000381469727,11.3100004196167,11.479999542236328,11.479999542236328,122200
2006-05-30,11.430000305175781,11.760000228881836,11.210000038146973,11.510000228881836,11.510000228881836,190200
2006-05-31,11.5,11.880000114440918,11.489999771118164,11.819999694824219,11.819999694824219,82100
2006-06-01,11.8100004196167,12.050000190734863,11.680000305175781,11.90999984741211,11.90999984741211,94600
2006-06-02,11.979999542236328,12.130000114440918,11.880000114440918,12.09000015258789,12.09000015258789,97400
2006-06-05,12.039999961853027,12.329999923706055,12.010000228881836,12.239999771118164,12.239999771118164,116400
2006-06-06,12.220000267028809,12.260000228881836,11.619999885559082,11.979999542236328,11.979999542236328,105800
2006-06-07,11.979999542236328,12.199999809265137,11.84000015258789,12.069999694824219,12.069999694824219,134100
2006-06-08,12.039999961853027,12.1899995803833,11.399999618530273,11.5,11.5,145300
2006-06-09,11.5,11.5,11.039999961853027,11.079999923706055,11.079999923706055,81300
2006-06-12,11.0600004196167,11.109999656677246,10.40999984741211,10.4399995803833,10.4399995803833,180700
2006-06-13,10.4399995803833,10.600000381469727,9.770000457763672,9.850000381469727,9.850000381469727,128900
2006-06-14,9.850000381469727,9.899999618530273,9.449999809265137,9.899999618530273,9.899999618530273,212200
2006-06-15,9.920000076293945,10.289999961853027,9.779999732971191,9.850000381469727,9.850000381469727,196700
2006-06-16,9.859999656677246,9.859999656677246,9.420000076293945,9.6899995803833,9.6899995803833,204600
2006-06-19,9.699999809265137,9.90999984741211,9.569999694824219,9.619999885559082,9.619999885559082,75000
2006-06-20,9.630000114440918,9.850000381469727,9.4399995803833,9.4399995803833,9.4399995803833,175100
2006-06-21,9.430000305175781,9.699999809265137,9.399999618530273,9.600000381469727,9.600000381469727,81700
2006-06-22,9.609999656677246,9.619999885559082,9.239999771118164,9.619999885559082,9.619999885559082,195600
2006-06-23,9.569999694824219,9.880000114440918,9.510000228881836,9.720000267028809,9.720000267028809,189300
2006-06-26,9.75,9.800000190734863,9.600000381469727,9.649999618530273,9.649999618530273,73900
2006-06-27,9.680000305175781,9.680000305175781,9.210000038146973,9.220000267028809,9.220000267028809,90300
2006-06-28,9.270000457763672,9.550000190734863,9.239999771118164,9.460000038146973,9.460000038146973,144000
2006-06-29,9.5,9.520000457763672,9.449999809265137,9.489999771118164,9.489999771118164,215600
2006-06-30,9.470000267028809,9.989999771118164,9.1899995803833,9.1899995803833,9.1899995803833,2958900
2006-07-03,9.1899995803833,9.670000076293945,9.1899995803833,9.640000343322754,9.640000343322754,160500
2006-07-05,9.5600004196167,9.710000038146973,9.239999771118164,9.4399995803833,9.4399995803833,158200
2006-07-06,9.479999542236328,9.899999618530273,9.40999984741211,9.65999984741211,9.65999984741211,191100
2006-07-07,9.619999885559082,9.920000076293945,9.210000038146973,9.239999771118164,9.239999771118164,127800
2006-07-10,9.220000267028809,9.609999656677246,9.1899995803833,9.289999961853027,9.289999961853027,124500
2006-07-11,9.199999809265137,9.369999885559082,9.029999732971191,9.369999885559082,9.369999885559082,93500
2006-07-12,9.380000114440918,9.40999984741211,9.170000076293945,9.25,9.25,204400
2006-07-13,9.210000038146973,9.239999771118164,8.949999809265137,8.949999809265137,8.949999809265137,82300
2006-07-14,8.9399995803833,8.979999542236328,8.680000305175781,8.770000457763672,8.770000457763672,133100
2006-07-17,8.75,9.010000228881836,8.729999542236328,8.729999542236328,8.729999542236328,104800
2006-07-18,8.800000190734863,9.0,8.699999809265137,8.829999923706055,8.829999923706055,254000
2006-07-19,8.800000190734863,9.90999984741211,8.800000190734863,9.75,9.75,169700
2006-07-20,9.739999771118164,9.930000305175781,9.100000381469727,9.15999984741211,9.15999984741211,105800
2006-07-21,9.100000381469727,9.170000076293945,8.800000190734863,8.9399995803833,8.9399995803833,102400
2006-07-24,8.9399995803833,9.109999656677246,8.8100004196167,9.010000228881836,9.010000228881836,117100
2006-07-25,8.979999542236328,9.220000267028809,8.84000015258789,9.0,9.0,153200
2006-07-26,8.949999809265137,9.130000114440918,8.579999923706055,8.699999809265137,8.699999809265137,222900
2006-07-27,8.699999809265137,9.0,8.649999618530273,8.680000305175781,8.680000305175781,183200
2006-07-28,8.6899995803833,8.899999618530273,8.40999984741211,8.600000381469727,8.600000381469727,239500
2006-07-31,8.760000228881836,8.800000190734863,8.479999542236328,8.550000190734863,8.550000190734863,127900
2006-08-01,8.5,8.699999809265137,8.359999656677246,8.539999961853027,8.539999961853027,306500
2006-08-02,8.699999809265137,10.3100004196167,8.699999809265137,10.0,10.0,469000
2006-08-03,9.930000305175781,10.170000076293945,9.550000190734863,9.970000267028809,9.970000267028809,191500
2006-08-04,10.069999694824219,10.270000457763672,9.989999771118164,10.270000457763672,10.270000457763672,142100
2006-08-07,10.210000038146973,10.210000038146973,9.8100004196167,9.979999542236328,9.979999542236328,110600
2006-08-08,10.029999732971191,10.050000190734863,9.789999961853027,9.859999656677246,9.859999656677246,98900
2006-08-09,9.9399995803833,9.989999771118164,9.25,9.279999732971191,9.279999732971191,146500
2006-08-10,9.210000038146973,9.470000267028809,8.8100004196167,9.40999984741211,9.40999984741211,94300
2006-08-11,9.369999885559082,9.399999618530273,9.069999694824219,9.15999984741211,9.15999984741211,83200
2006-08-14,9.229999542236328,9.390000343322754,8.989999771118164,9.050000190734863,9.050000190734863,143400
2006-08-15,9.15999984741211,9.40999984741211,9.050000190734863,9.390000343322754,9.390000343322754,108600
2006-08-16,9.449999809265137,10.039999961853027,9.4399995803833,9.649999618530273,9.649999618530273,83700
2006-08-17,9.59000015258789,10.0,9.449999809265137,9.920000076293945,9.920000076293945,113300
2006-08-18,9.970000267028809,10.180000305175781,9.609999656677246,9.989999771118164,9.989999771118164,150800
2006-08-21,9.899999618530273,9.899999618530273,9.550000190734863,9.6899995803833,9.6899995803833,106100
2006-08-22,9.649999618530273,9.770000457763672,9.100000381469727,9.25,9.25,274500
2006-08-23,9.300000190734863,9.300000190734863,8.75,8.779999732971191,8.779999732971191,280000
2006-08-24,8.779999732971191,8.779999732971191,8.430000305175781,8.479999542236328,8.479999542236328,258800
2006-08-25,8.520000457763672,8.84000015258789,8.449999809265137,8.760000228881836,8.760000228881836,230100
2006-08-28,8.760000228881836,9.109999656677246,8.710000038146973,8.970000267028809,8.970000267028809,224200
2006-08-29,9.029999732971191,9.350000381469727,8.970000267028809,9.34000015258789,9.34000015258789,292700
2006-08-30,9.329999923706055,9.6899995803833,9.180000305175781,9.550000190734863,9.550000190734863,400100
2006-08-31,9.59000015258789,9.619999885559082,9.460000038146973,9.529999732971191,9.529999732971191,99400
2006-09-01,9.550000190734863,9.710000038146973,9.550000190734863,9.609999656677246,9.609999656677246,166500
2006-09-05,9.649999618530273,9.670000076293945,9.479999542236328,9.640000343322754,9.640000343322754,85500
2006-09-06,9.609999656677246,9.699999809265137,9.5,9.640000343322754,9.640000343322754,210900
2006-09-07,9.630000114440918,9.710000038146973,9.399999618530273,9.489999771118164,9.489999771118164,297700
2006-09-08,9.550000190734863,9.550000190734863,8.949999809265137,9.0600004196167,9.0600004196167,326000
2006-09-11,8.989999771118164,9.100000381469727,8.949999809265137,8.949999809265137,8.949999809265137,147200
2006-09-12,8.989999771118164,9.619999885559082,8.930000305175781,9.5600004196167,9.5600004196167,331200
2006-09-13,9.600000381469727,10.279999732971191,9.5600004196167,10.020000457763672,10.020000457763672,205500
2006-09-14,9.9399995803833,10.119999885559082,9.829999923706055,9.880000114440918,9.880000114440918,76300
2006-09-15,9.949999809265137,9.960000038146973,9.710000038146973,9.75,9.75,171200
2006-09-18,9.699999809265137,10.069999694824219,9.5600004196167,9.75,9.75,120800
2006-09-19,9.789999961853027,10.0,9.550000190734863,9.90999984741211,9.90999984741211,128800
2006-09-20,10.010000228881836,10.239999771118164,9.8100004196167,9.949999809265137,9.949999809265137,151200
2006-09-21,10.020000457763672,10.039999961853027,9.720000267028809,9.90999984741211,9.90999984741211,55300
2006-09-22,9.90999984741211,9.90999984741211,9.0600004196167,9.420000076293945,9.420000076293945,642000
2006-09-25,9.390000343322754,9.579999923706055,9.329999923706055,9.40999984741211,9.40999984741211,98500
2006-09-26,9.430000305175781,9.779999732971191,9.300000190734863,9.300000190734863,9.300000190734863,278300
2006-09-27,9.289999961853027,9.65999984741211,9.289999961853027,9.649999618530273,9.649999618530273,165500
2006-09-28,9.640000343322754,9.979999542236328,9.5600004196167,9.970000267028809,9.970000267028809,132900
2006-09-29,10.0,10.0,9.600000381469727,9.850000381469727,9.850000381469727,180700
2006-10-02,9.789999961853027,9.850000381469727,9.489999771118164,9.680000305175781,9.680000305175781,140900
2006-10-03,9.6899995803833,10.220000267028809,9.600000381469727,9.770000457763672,9.770000457763672,276800
2006-10-04,9.779999732971191,10.489999771118164,9.649999618530273,10.4399995803833,10.4399995803833,185100
2006-10-05,10.3100004196167,10.619999885559082,10.1899995803833,10.4399995803833,10.4399995803833,221800
2006-10-06,10.399999618530273,10.59000015258789,10.130000114440918,10.489999771118164,10.489999771118164,165900
2006-10-09,10.430000305175781,10.579999923706055,10.289999961853027,10.579999923706055,10.579999923706055,132600
2006-10-10,10.640000343322754,10.640000343322754,10.430000305175781,10.460000038146973,10.460000038146973,124600
2006-10-11,10.449999809265137,10.569999694824219,10.3100004196167,10.5,10.5,291600
2006-10-12,10.510000228881836,10.720000267028809,10.510000228881836,10.710000038146973,10.710000038146973,349700
2006-10-13,10.75,11.220000267028809,10.479999542236328,11.149999618530273,11.149999618530273,249100
2006-10-16,11.180000305175781,11.180000305175781,10.9399995803833,11.0,11.0,205000
2006-10-17,10.890000343322754,11.529999732971191,10.720000267028809,11.350000381469727,11.350000381469727,400900
2006-10-18,11.470000267028809,11.520000457763672,11.319999694824219,11.460000038146973,11.460000038146973,195900
2006-10-19,11.470000267028809,11.680000305175781,11.319999694824219,11.390000343322754,11.390000343322754,234800
2006-10-20,11.449999809265137,11.449999809265137,11.0600004196167,11.210000038146973,11.210000038146973,89600
2006-10-23,11.140000343322754,11.460000038146973,11.010000228881836,11.369999885559082,11.369999885559082,104500
2006-10-24,11.369999885559082,11.5600004196167,11.220000267028809,11.510000228881836,11.510000228881836,98300
2006-10-25,11.550000190734863,11.550000190734863,11.170000076293945,11.40999984741211,11.40999984741211,109000
2006-10-26,11.4399995803833,11.5,11.100000381469727,11.430000305175781,11.430000305175781,154900
2006-10-27,11.350000381469727,11.6899995803833,11.239999771118164,11.65999984741211,11.65999984741211,400900
2006-10-30,11.649999618530273,11.800000190734863,11.149999618530273,11.779999732971191,11.779999732971191,152400
2006-10-31,11.399999618530273,11.859999656677246,10.579999923706055,11.350000381469727,11.350000381469727,676800
2006-11-01,11.359999656677246,11.369999885559082,10.609999656677246,10.949999809265137,10.949999809265137,482200
2006-11-02,10.84000015258789,10.84000015258789,10.149999618530273,10.199999809265137,10.199999809265137,382900
2006-11-03,10.170000076293945,10.460000038146973,10.170000076293945,10.420000076293945,10.420000076293945,228500
2006-11-06,10.34000015258789,10.399999618530273,10.130000114440918,10.1899995803833,10.1899995803833,182000
2006-11-07,10.220000267028809,10.8100004196167,10.210000038146973,10.4399995803833,10.4399995803833,189200
2006-11-08,10.390000343322754,10.6899995803833,10.300000190734863,10.600000381469727,10.600000381469727,287200
2006-11-09,10.609999656677246,10.640000343322754,10.069999694824219,10.15999984741211,10.15999984741211,316100
2006-11-10,10.369999885559082,11.119999885559082,10.300000190734863,11.079999923706055,11.079999923706055,1786000
2006-11-13,11.109999656677246,11.390000343322754,10.989999771118164,11.239999771118164,11.239999771118164,425600
2006-11-14,11.199999809265137,11.479999542236328,10.859999656677246,11.270000457763672,11.270000457763672,471100
2006-11-15,11.319999694824219,11.75,11.199999809265137,11.600000381469727,11.600000381469727,320800
2006-11-16,11.680000305175781,11.6899995803833,11.319999694824219,11.329999923706055,11.329999923706055,135800
2006-11-17,11.34000015258789,11.609999656677246,11.25,11.5,11.5,239600
2006-11-20,11.4399995803833,11.5,10.970000267028809,11.390000343322754,11.390000343322754,301800
2006-11-21,11.4399995803833,11.600000381469727,11.25,11.260000228881836,11.260000228881836,361400
2006-11-22,11.260000228881836,11.420000076293945,11.0600004196167,11.359999656677246,11.359999656677246,130000
2006-11-24,11.289999961853027,11.460000038146973,11.0,11.399999618530273,11.399999618530273,99900
2006-11-27,11.3100004196167,11.319999694824219,10.789999961853027,11.010000228881836,11.010000228881836,316300
2006-11-28,10.960000038146973,11.25,10.850000381469727,11.130000114440918,11.130000114440918,309900
2006-11-29,11.220000267028809,11.300000190734863,10.899999618530273,11.0,11.0,348800
2006-11-30,10.890000343322754,11.079999923706055,10.890000343322754,10.920000076293945,10.920000076293945,320900
2006-12-01,10.930000305175781,11.039999961853027,10.5,10.800000190734863,10.800000190734863,274200
2006-12-04,10.789999961853027,11.270000457763672,10.760000228881836,11.09000015258789,11.09000015258789,241600
2006-12-05,11.069999694824219,11.470000267028809,11.0,11.1899995803833,11.1899995803833,247900
2006-12-06,11.119999885559082,11.350000381469727,11.119999885559082,11.300000190734863,11.300000190734863,180600
2006-12-07,11.300000190734863,11.4399995803833,10.970000267028809,11.199999809265137,11.199999809265137,196700
2006-12-08,11.149999618530273,11.289999961853027,10.90999984741211,11.0,11.0,229000
2006-12-11,11.0600004196167,11.329999923706055,10.920000076293945,10.930000305175781,10.930000305175781,440800
2006-12-12,10.930000305175781,11.130000114440918,10.899999618530273,11.09000015258789,11.09000015258789,285800
2006-12-13,11.170000076293945,11.279999732971191,11.079999923706055,11.180000305175781,11.180000305175781,195300
2006-12-14,11.220000267028809,11.579999923706055,11.010000228881836,11.390000343322754,11.390000343322754,302900
2006-12-15,11.430000305175781,11.460000038146973,10.880000114440918,11.069999694824219,11.069999694824219,448000
2006-12-18,11.079999923706055,11.109999656677246,10.380000114440918,10.510000228881836,10.510000228881836,459800
2006-12-19,10.5,10.8100004196167,10.470000267028809,10.6899995803833,10.6899995803833,240600
2006-12-20,10.670000076293945,10.9399995803833,10.649999618530273,10.789999961853027,10.789999961853027,202500
2006-12-21,11.5,11.550000190734863,10.960000038146973,10.989999771118164,10.989999771118164,667400
2006-12-22,10.9399995803833,11.1899995803833,10.9399995803833,11.109999656677246,11.109999656677246,282400
2006-12-26,11.079999923706055,11.550000190734863,11.010000228881836,11.489999771118164,11.489999771118164,141900
2006-12-27,11.539999961853027,12.199999809265137,11.489999771118164,11.899999618530273,11.899999618530273,367000
2006-12-28,11.899999618530273,12.050000190734863,11.630000114440918,11.979999542236328,11.979999542236328,206400
2006-12-29,11.979999542236328,12.210000038146973,11.59000015258789,11.75,11.75,563900
2007-01-03,11.850000381469727,12.100000381469727,11.470000267028809,11.75,11.75,238500
2007-01-04,11.789999961853027,12.069999694824219,11.789999961853027,11.899999618530273,11.899999618530273,1364900
2007-01-05,11.899999618530273,12.670000076293945,11.899999618530273,12.520000457763672,12.520000457763672,756500
2007-01-08,12.520000457763672,12.720000267028809,12.34000015258789,12.539999961853027,12.539999961853027,487000
2007-01-09,12.569999694824219,13.050000190734863,12.550000190734863,12.850000381469727,12.850000381469727,322400
2007-01-10,12.75,12.960000038146973,12.619999885559082,12.739999771118164,12.739999771118164,323600
2007-01-11,12.729999542236328,13.0,12.649999618530273,12.949999809265137,12.949999809265137,313500
2007-01-12,12.920000076293945,13.0,12.520000457763672,12.90999984741211,12.90999984741211,248800
2007-01-16,12.9399995803833,13.050000190734863,12.579999923706055,12.800000190734863,12.800000190734863,693200
2007-01-17,12.770000457763672,12.850000381469727,12.5,12.649999618530273,12.649999618530273,239700
2007-01-18,12.609999656677246,12.739999771118164,12.109999656677246,12.470000267028809,12.470000267028809,289400
2007-01-19,12.479999542236328,12.600000381469727,12.229999542236328,12.449999809265137,12.449999809265137,226600
2007-01-22,12.520000457763672,12.579999923706055,12.260000228881836,12.40999984741211,12.40999984741211,140500
2007-01-23,12.359999656677246,12.569999694824219,12.260000228881836,12.449999809265137,12.449999809265137,228200
2007-01-24,12.489999771118164,12.65999984741211,12.350000381469727,12.600000381469727,12.600000381469727,170700
2007-01-25,12.59000015258789,12.670000076293945,12.34000015258789,12.449999809265137,12.449999809265137,165600
2007-01-26,12.449999809265137,12.59000015258789,12.279999732971191,12.550000190734863,12.550000190734863,125400
2007-01-29,12.449999809265137,12.550000190734863,12.319999694824219,12.369999885559082,12.369999885559082,187900
2007-01-30,12.4399995803833,12.609999656677246,12.3100004196167,12.59000015258789,12.59000015258789,164800
2007-01-31,12.550000190734863,13.020000457763672,12.470000267028809,12.899999618530273,12.899999618530273,322300
2007-02-01,12.970000267028809,13.4399995803833,12.869999885559082,12.899999618530273,12.899999618530273,386600
2007-02-02,12.899999618530273,13.25,12.880000114440918,13.069999694824219,13.069999694824219,162100
2007-02-05,13.079999923706055,13.119999885559082,12.920000076293945,13.039999961853027,13.039999961853027,264100
2007-02-06,13.069999694824219,13.130000114440918,13.0,13.0,13.0,137000
2007-02-07,13.09000015258789,13.100000381469727,12.899999618530273,13.029999732971191,13.029999732971191,152700
2007-02-08,13.039999961853027,13.270000457763672,13.039999961853027,13.130000114440918,13.130000114440918,82400
2007-02-09,13.100000381469727,13.170000076293945,12.90999984741211,13.109999656677246,13.109999656677246,136800
2007-02-12,13.100000381469727,13.210000038146973,13.0,13.130000114440918,13.130000114440918,104800
2007-02-13,13.130000114440918,13.180000305175781,13.0,13.170000076293945,13.170000076293945,206000
2007-02-14,13.15999984741211,13.479999542236328,13.149999618530273,13.289999961853027,13.289999961853027,201900
2007-02-15,13.329999923706055,13.350000381469727,12.989999771118164,12.989999771118164,12.989999771118164,257700
2007-02-16,13.0,13.140000343322754,12.899999618530273,13.140000343322754,13.140000343322754,180800
2007-02-20,13.140000343322754,13.359999656677246,13.050000190734863,13.3100004196167,13.3100004196167,93500
2007-02-21,13.270000457763672,13.59000015258789,13.149999618530273,13.430000305175781,13.430000305175781,123800
2007-02-22,13.420000076293945,13.430000305175781,13.289999961853027,13.430000305175781,13.430000305175781,163100
2007-02-23,13.359999656677246,13.4399995803833,13.180000305175781,13.300000190734863,13.300000190734863,104700
2007-02-26,13.390000343322754,13.779999732971191,13.289999961853027,13.289999961853027,13.289999961853027,186400
2007-02-27,13.270000457763672,13.270000457763672,12.5,12.619999885559082,12.619999885559082,641300
2007-02-28,12.670000076293945,12.859999656677246,12.229999542236328,12.260000228881836,12.260000228881836,444000
2007-03-01,12.430000305175781,13.399999618530273,11.550000190734863,12.1899995803833,12.1899995803833,639300
2007-03-02,11.9399995803833,12.050000190734863,11.5600004196167,11.760000228881836,11.760000228881836,647500
2007-03-05,11.649999618530273,11.8100004196167,11.350000381469727,11.609999656677246,11.609999656677246,352200
2007-03-06,11.699999809265137,12.3100004196167,11.579999923706055,12.25,12.25,286200
2007-03-07,12.180000305175781,12.430000305175781,11.930000305175781,12.15999984741211,12.15999984741211,203400
2007-03-08,12.260000228881836,13.180000305175781,12.130000114440918,13.119999885559082,13.119999885559082,833000
2007-03-09,12.989999771118164,13.180000305175781,12.579999923706055,12.579999923706055,12.579999923706055,444700
2007-03-12,12.59000015258789,12.920000076293945,12.5,12.789999961853027,12.789999961853027,282900
2007-03-13,12.649999618530273,12.720000267028809,12.270000457763672,12.430000305175781,12.430000305175781,226200
2007-03-14,12.390000343322754,12.550000190734863,11.989999771118164,12.1899995803833,12.1899995803833,293700
2007-03-15,12.15999984741211,12.359999656677246,11.84000015258789,12.0600004196167,12.0600004196167,279600
2007-03-16,12.050000190734863,12.319999694824219,11.8100004196167,12.3100004196167,12.3100004196167,428900
2007-03-19,12.449999809265137,12.84000015258789,12.239999771118164,12.34000015258789,12.34000015258789,278500
2007-03-20,12.359999656677246,12.550000190734863,12.289999961853027,12.510000228881836,12.510000228881836,129100
2007-03-21,12.550000190734863,12.5600004196167,12.119999885559082,12.539999961853027,12.539999961853027,224900
2007-03-22,12.479999542236328,12.739999771118164,12.479999542236328,12.609999656677246,12.609999656677246,225200
2007-03-23,12.579999923706055,13.029999732971191,12.470000267028809,12.710000038146973,12.710000038146973,281200
2007-03-26,12.6899995803833,12.970000267028809,12.229999542236328,12.479999542236328,12.479999542236328,104300
2007-03-27,12.430000305175781,12.4399995803833,12.100000381469727,12.210000038146973,12.210000038146973,106100
2007-03-28,12.119999885559082,12.399999618530273,11.829999923706055,11.90999984741211,11.90999984741211,191100
2007-03-29,12.010000228881836,12.09000015258789,11.6899995803833,11.84000015258789,11.84000015258789,238800
2007-03-30,11.949999809265137,12.449999809265137,11.949999809265137,12.40999984741211,12.40999984741211,643700
2007-04-02,12.4399995803833,12.479999542236328,11.920000076293945,12.239999771118164,12.239999771118164,289000
2007-04-03,12.270000457763672,12.680000305175781,12.180000305175781,12.640000343322754,12.640000343322754,193100
2007-04-04,12.670000076293945,12.710000038146973,12.180000305175781,12.380000114440918,12.380000114440918,214600
2007-04-05,12.420000076293945,12.550000190734863,12.15999984741211,12.369999885559082,12.369999885559082,107600
2007-04-09,12.359999656677246,12.720000267028809,12.140000343322754,12.289999961853027,12.289999961853027,84700
2007-04-10,12.260000228881836,12.359999656677246,12.079999923706055,12.180000305175781,12.180000305175781,83000
2007-04-11,12.229999542236328,12.25,11.850000381469727,11.979999542236328,11.979999542236328,196000
2007-04-12,11.949999809265137,12.119999885559082,11.770000457763672,12.010000228881836,12.010000228881836,271300
2007-04-13,11.989999771118164,12.479999542236328,11.859999656677246,12.09000015258789,12.09000015258789,212600
2007-04-16,12.140000343322754,12.470000267028809,12.079999923706055,12.109999656677246,12.109999656677246,162300
2007-04-17,12.100000381469727,12.210000038146973,11.899999618530273,11.970000267028809,11.970000267028809,159500
2007-04-18,11.930000305175781,12.039999961853027,11.699999809265137,11.760000228881836,11.760000228881836,280600
2007-04-19,11.65999984741211,12.039999961853027,11.5600004196167,11.699999809265137,11.699999809265137,210700
2007-04-20,11.890000343322754,11.890000343322754,11.649999618530273,11.829999923706055,11.829999923706055,205600
2007-04-23,11.829999923706055,11.829999923706055,11.640000343322754,11.649999618530273,11.649999618530273,137200
2007-04-24,11.649999618530273,11.819999694824219,11.550000190734863,11.640000343322754,11.640000343322754,147200
2007-04-25,11.739999771118164,11.789999961853027,11.460000038146973,11.600000381469727,11.600000381469727,262300
2007-04-26,11.569999694824219,11.609999656677246,11.319999694824219,11.510000228881836,11.510000228881836,239800
2007-04-27,11.4399995803833,11.710000038146973,11.390000343322754,11.449999809265137,11.449999809265137,178400
2007-04-30,11.460000038146973,11.489999771118164,10.9399995803833,11.180000305175781,11.180000305175781,275200
2007-05-01,11.210000038146973,11.420000076293945,11.180000305175781,11.369999885559082,11.369999885559082,248000
2007-05-02,11.380000114440918,11.800000190734863,11.180000305175781,11.760000228881836,11.760000228881836,304400
2007-05-03,11.670000076293945,12.050000190734863,11.5600004196167,11.729999542236328,11.729999542236328,447200
2007-05-04,11.829999923706055,11.859999656677246,11.569999694824219,11.59000015258789,11.59000015258789,308100
2007-05-07,11.569999694824219,11.949999809265137,11.479999542236328,11.930000305175781,11.930000305175781,545000
2007-05-08,11.880000114440918,11.9399995803833,11.449999809265137,11.75,11.75,353700
2007-05-09,11.649999618530273,11.859999656677246,11.649999618530273,11.84000015258789,11.84000015258789,200500
2007-05-10,11.789999961853027,11.880000114440918,11.600000381469727,11.600000381469727,11.600000381469727,361900
2007-05-11,11.619999885559082,11.789999961853027,11.5600004196167,11.5600004196167,11.5600004196167,147900
2007-05-14,11.550000190734863,11.640000343322754,11.239999771118164,11.279999732971191,11.279999732971191,152200
2007-05-15,11.25,11.390000343322754,10.890000343322754,10.9399995803833,10.9399995803833,329000
2007-05-16,10.949999809265137,11.100000381469727,10.90999984741211,11.079999923706055,11.079999923706055,427700
2007-05-17,11.029999732971191,11.170000076293945,10.699999809265137,10.8100004196167,10.8100004196167,791700
2007-05-18,10.819999694824219,11.039999961853027,10.699999809265137,10.949999809265137,10.949999809265137,148700
2007-05-21,10.960000038146973,11.260000228881836,10.90999984741211,11.069999694824219,11.069999694824219,117100
2007-05-22,11.100000381469727,11.100000381469727,10.819999694824219,10.859999656677246,10.859999656677246,150400
2007-05-23,10.90999984741211,11.170000076293945,10.75,10.770000457763672,10.770000457763672,189700
2007-05-24,10.789999961853027,10.869999885559082,10.300000190734863,10.350000381469727,10.350000381469727,211100
2007-05-25,10.430000305175781,10.75,10.390000343322754,10.479999542236328,10.479999542236328,256300
2007-05-29,10.539999961853027,10.720000267028809,10.479999542236328,10.649999618530273,10.649999618530273,353700
2007-05-30,10.609999656677246,11.229999542236328,10.609999656677246,11.039999961853027,11.039999961853027,529000
2007-05-31,11.039999961853027,11.229999542236328,10.800000190734863,10.899999618530273,10.899999618530273,210900
2007-06-01,10.989999771118164,11.100000381469727,10.9399995803833,11.0600004196167,11.0600004196167,154000
2007-06-04,10.970000267028809,11.0,10.720000267028809,10.850000381469727,10.850000381469727,322900
2007-06-05,10.770000457763672,11.0,10.470000267028809,10.75,10.75,249600
2007-06-06,10.710000038146973,10.710000038146973,10.069999694824219,10.460000038146973,10.460000038146973,443200
2007-06-07,10.4399995803833,10.4399995803833,10.300000190734863,10.329999923706055,10.329999923706055,289300
2007-06-08,10.34000015258789,10.460000038146973,10.329999923706055,10.369999885559082,10.369999885559082,209800
2007-06-11,10.369999885559082,10.369999885559082,9.850000381469727,9.890000343322754,9.890000343322754,371800
2007-06-12,9.850000381469727,10.0600004196167,9.630000114440918,9.699999809265137,9.699999809265137,255500
2007-06-13,9.789999961853027,10.029999732971191,9.699999809265137,9.90999984741211,9.90999984741211,388900
2007-06-14,9.949999809265137,10.289999961853027,9.869999885559082,10.239999771118164,10.239999771118164,313900
2007-06-15,10.649999618530273,11.130000114440918,10.5,11.010000228881836,11.010000228881836,829000
2007-06-18,11.020000457763672,11.180000305175781,10.920000076293945,11.09000015258789,11.09000015258789,389300
2007-06-19,11.010000228881836,11.220000267028809,10.9399995803833,11.020000457763672,11.020000457763672,288200
2007-06-20,11.069999694824219,11.1899995803833,10.869999885559082,11.0600004196167,11.0600004196167,228100
2007-06-21,10.970000267028809,11.1899995803833,10.800000190734863,11.050000190734863,11.050000190734863,891600
2007-06-22,11.010000228881836,11.109999656677246,10.720000267028809,10.880000114440918,10.880000114440918,1004700
2007-06-25,10.880000114440918,11.029999732971191,10.720000267028809,10.770000457763672,10.770000457763672,439100
2007-06-26,10.829999923706055,10.829999923706055,10.489999771118164,10.630000114440918,10.630000114440918,365500
2007-06-27,10.550000190734863,10.920000076293945,10.489999771118164,10.90999984741211,10.90999984741211,189800
2007-06-28,10.930000305175781,11.119999885559082,10.829999923706055,10.90999984741211,10.90999984741211,168200
2007-06-29,10.970000267028809,11.15999984741211,10.699999809265137,10.720000267028809,10.720000267028809,167300
2007-07-02,10.829999923706055,11.029999732971191,10.720000267028809,10.930000305175781,10.930000305175781,121200
2007-07-03,10.930000305175781,10.979999542236328,10.770000457763672,10.960000038146973,10.960000038146973,72300
2007-07-05,10.960000038146973,10.979999542236328,10.600000381469727,10.760000228881836,10.760000228881836,235200
2007-07-06,10.779999732971191,10.979999542236328,10.619999885559082,10.6899995803833,10.6899995803833,179900
2007-07-09,10.6899995803833,10.770000457763672,10.579999923706055,10.680000305175781,10.680000305175781,232400
2007-07-10,10.569999694824219,10.6899995803833,10.4399995803833,10.5,10.5,299200
2007-07-11,10.479999542236328,10.5,10.25,10.420000076293945,10.420000076293945,238900
2007-07-12,10.5,10.640000343322754,10.4399995803833,10.600000381469727,10.600000381469727,135500
2007-07-13,10.5600004196167,10.609999656677246,10.350000381469727,10.449999809265137,10.449999809265137,112200
2007-07-16,10.399999618530273,10.479999542236328,10.260000228881836,10.34000015258789,10.34000015258789,149700
2007-07-17,10.350000381469727,10.430000305175781,10.1899995803833,10.289999961853027,10.289999961853027,191900
2007-07-18,10.239999771118164,10.430000305175781,9.90999984741211,10.390000343322754,10.390000343322754,254000
2007-07-19,10.470000267028809,10.470000267028809,10.220000267028809,10.40999984741211,10.40999984741211,158300
2007-07-20,10.390000343322754,10.449999809265137,10.069999694824219,10.09000015258789,10.09000015258789,216800
2007-07-23,10.140000343322754,10.34000015258789,10.0,10.039999961853027,10.039999961853027,179300
2007-07-24,10.0,10.109999656677246,9.5600004196167,9.770000457763672,9.770000457763672,361800
2007-07-25,9.850000381469727,9.979999542236328,9.720000267028809,9.90999984741211,9.90999984741211,193900
2007-07-26,9.6899995803833,9.930000305175781,9.170000076293945,9.430000305175781,9.430000305175781,398900
2007-07-27,9.380000114440918,9.569999694824219,9.199999809265137,9.359999656677246,9.359999656677246,185100
2007-07-30,9.34000015258789,9.739999771118164,9.210000038146973,9.65999984741211,9.65999984741211,200000
2007-07-31,9.770000457763672,10.149999618530273,9.510000228881836,10.029999732971191,10.029999732971191,340900
2007-08-01,10.050000190734863,10.380000114440918,9.720000267028809,10.329999923706055,10.329999923706055,459100
2007-08-02,10.5,11.630000114440918,10.300000190734863,11.479999542236328,11.479999542236328,1567400
2007-08-03,11.449999809265137,11.5,10.65999984741211,10.859999656677246,10.859999656677246,675200
2007-08-06,10.970000267028809,11.460000038146973,10.770000457763672,11.100000381469727,11.100000381469727,493500
2007-08-07,10.979999542236328,11.380000114440918,10.729999542236328,11.0,11.0,507800
2007-08-08,11.079999923706055,11.270000457763672,10.970000267028809,11.239999771118164,11.239999771118164,982300
2007-08-09,10.899999618530273,11.149999618530273,10.529999732971191,10.619999885559082,10.619999885559082,629600
2007-08-10,10.489999771118164,11.449999809265137,10.029999732971191,11.069999694824219,11.069999694824219,457200
2007-08-13,11.34000015258789,11.520000457763672,10.800000190734863,10.84000015258789,10.84000015258789,353200
2007-08-14,10.859999656677246,11.010000228881836,10.3100004196167,10.399999618530273,10.399999618530273,209500
2007-08-15,10.40999984741211,10.720000267028809,10.109999656677246,10.149999618530273,10.149999618530273,221900
2007-08-16,10.3100004196167,10.5,9.8100004196167,10.25,10.25,373400
2007-08-17,10.949999809265137,11.100000381469727,10.550000190734863,10.970000267028809,10.970000267028809,310800
2007-08-20,11.029999732971191,11.109999656677246,10.649999618530273,10.9399995803833,10.9399995803833,172700
2007-08-21,10.989999771118164,11.180000305175781,10.609999656677246,11.050000190734863,11.050000190734863,199300
2007-08-22,11.199999809265137,11.420000076293945,10.970000267028809,11.180000305175781,11.180000305175781,276000
2007-08-23,11.279999732971191,11.3100004196167,10.920000076293945,11.039999961853027,11.039999961853027,207500
2007-08-24,11.029999732971191,11.119999885559082,10.699999809265137,10.829999923706055,10.829999923706055,354900
2007-08-27,10.819999694824219,10.859999656677246,9.84000015258789,10.680000305175781,10.680000305175781,207500
2007-08-28,10.59000015258789,10.800000190734863,10.5,10.640000343322754,10.640000343322754,293900
2007-08-29,10.720000267028809,10.9399995803833,10.520000457763672,10.770000457763672,10.770000457763672,179500
2007-08-30,10.640000343322754,10.800000190734863,10.479999542236328,10.5600004196167,10.5600004196167,191200
2007-08-31,10.770000457763672,10.859999656677246,10.550000190734863,10.579999923706055,10.579999923706055,123800
2007-09-04,10.470000267028809,10.84000015258789,10.420000076293945,10.6899995803833,10.6899995803833,220900
2007-09-05,10.579999923706055,10.699999809265137,10.260000228881836,10.3100004196167,10.3100004196167,199500
2007-09-06,10.329999923706055,10.460000038146973,10.210000038146973,10.380000114440918,10.380000114440918,167900
2007-09-07,10.15999984741211,10.260000228881836,9.880000114440918,10.010000228881836,10.010000228881836,276900
2007-09-10,10.109999656677246,10.109999656677246,9.430000305175781,9.880000114440918,9.880000114440918,269500
2007-09-11,9.960000038146973,10.3100004196167,9.819999694824219,10.3100004196167,10.3100004196167,237600
2007-09-12,10.260000228881836,10.380000114440918,9.739999771118164,9.770000457763672,9.770000457763672,217900
2007-09-13,9.850000381469727,9.979999542236328,9.479999542236328,9.510000228881836,9.510000228881836,392900
2007-09-14,9.369999885559082,9.489999771118164,9.0,9.3100004196167,9.3100004196167,584500
2007-09-17,9.270000457763672,9.270000457763672,9.130000114440918,9.149999618530273,9.149999618530273,212300
2007-09-18,9.1899995803833,9.930000305175781,9.130000114440918,9.890000343322754,9.890000343322754,484300
2007-09-19,10.020000457763672,10.300000190734863,9.800000190734863,10.270000457763672,10.270000457763672,197800
2007-09-20,10.239999771118164,10.5,10.100000381469727,10.170000076293945,10.170000076293945,144700
2007-09-21,10.270000457763672,10.329999923706055,9.739999771118164,9.779999732971191,9.779999732971191,362900
2007-09-24,9.760000228881836,9.930000305175781,9.609999656677246,9.640000343322754,9.640000343322754,199800
2007-09-25,9.579999923706055,9.899999618530273,9.529999732971191,9.5600004196167,9.5600004196167,174500
2007-09-26,9.649999618530273,9.649999618530273,9.210000038146973,9.34000015258789,9.34000015258789,261400
2007-09-27,9.380000114440918,9.59000015258789,9.34000015258789,9.380000114440918,9.380000114440918,300200
2007-09-28,9.390000343322754,9.770000457763672,9.300000190734863,9.34000015258789,9.34000015258789,377500
2007-10-01,9.329999923706055,9.779999732971191,9.329999923706055,9.720000267028809,9.720000267028809,359900
2007-10-02,9.75,9.819999694824219,9.6899995803833,9.75,9.75,164300
2007-10-03,9.670000076293945,9.8100004196167,9.489999771118164,9.710000038146973,9.710000038146973,295000
2007-10-04,9.770000457763672,10.130000114440918,9.5600004196167,9.6899995803833,9.6899995803833,143400
2007-10-05,9.8100004196167,10.0600004196167,9.670000076293945,9.960000038146973,9.960000038146973,277700
2007-10-08,9.90999984741211,9.949999809265137,9.479999542236328,9.699999809265137,9.699999809265137,249700
2007-10-09,9.720000267028809,9.720000267028809,9.59000015258789,9.600000381469727,9.600000381469727,207400
2007-10-10,9.600000381469727,9.729999542236328,9.329999923706055,9.449999809265137,9.449999809265137,330900
2007-10-11,9.489999771118164,9.729999542236328,9.199999809265137,9.270000457763672,9.270000457763672,238800
2007-10-12,9.300000190734863,9.829999923706055,9.300000190734863,9.8100004196167,9.8100004196167,639300
2007-10-15,9.800000190734863,9.899999618530273,9.430000305175781,9.600000381469727,9.600000381469727,236900
2007-10-16,9.59000015258789,9.859999656677246,9.5,9.550000190734863,9.550000190734863,342300
2007-10-17,9.680000305175781,9.699999809265137,9.520000457763672,9.640000343322754,9.640000343322754,229900
2007-10-18,9.600000381469727,9.880000114440918,9.550000190734863,9.699999809265137,9.699999809265137,158100
2007-10-19,9.699999809265137,10.050000190734863,9.289999961853027,9.300000190734863,9.300000190734863,478900
2007-10-22,9.210000038146973,9.640000343322754,9.199999809265137,9.489999771118164,9.489999771118164,199400
2007-10-23,9.609999656677246,9.869999885559082,9.350000381469727,9.489999771118164,9.489999771118164,309600
2007-10-24,9.460000038146973,9.619999885559082,9.079999923706055,9.180000305175781,9.180000305175781,589100
2007-10-25,9.229999542236328,9.229999542236328,8.829999923706055,9.050000190734863,9.050000190734863,313800
2007-10-26,9.180000305175781,9.220000267028809,8.869999885559082,8.90999984741211,8.90999984741211,385800
2007-10-29,8.9399995803833,9.0,8.699999809265137,8.75,8.75,148800
2007-10-30,8.8100004196167,8.90999984741211,8.4399995803833,8.479999542236328,8.479999542236328,340700
2007-10-31,8.520000457763672,8.6899995803833,8.100000381469727,8.34000015258789,8.34000015258789,715100
2007-11-01,8.199999809265137,8.6899995803833,7.829999923706055,8.319999694824219,8.319999694824219,1151500
2007-11-02,7.5,7.510000228881836,5.809999942779541,6.409999847412109,6.409999847412109,4522100
2007-11-05,6.210000038146973,6.550000190734863,6.099999904632568,6.170000076293945,6.170000076293945,1106700
2007-11-06,6.199999809265137,6.369999885559082,6.090000152587891,6.360000133514404,6.360000133514404,1171700
2007-11-07,6.269999980926514,6.349999904632568,6.070000171661377,6.210000038146973,6.210000038146973,960700
2007-11-08,6.360000133514404,6.579999923706055,6.239999771118164,6.46999979019165,6.46999979019165,838800
2007-11-09,6.389999866485596,6.670000076293945,6.230000019073486,6.570000171661377,6.570000171661377,921700
2007-11-12,6.599999904632568,7.03000020980835,6.510000228881836,6.730000019073486,6.730000019073486,801800
2007-11-13,6.809999942779541,7.019999980926514,6.800000190734863,6.909999847412109,6.909999847412109,777000
2007-11-14,6.960000038146973,6.989999771118164,6.699999809265137,6.760000228881836,6.760000228881836,472100
2007-11-15,6.710000038146973,6.840000152587891,6.579999923706055,6.670000076293945,6.670000076293945,264700
2007-11-16,6.690000057220459,6.900000095367432,6.539999961853027,6.630000114440918,6.630000114440918,295400
2007-11-19,6.570000171661377,6.570000171661377,6.170000076293945,6.320000171661377,6.320000171661377,349700
2007-11-20,6.309999942779541,6.440000057220459,6.199999809265137,6.409999847412109,6.409999847412109,197000
2007-11-21,6.320000171661377,6.400000095367432,6.170000076293945,6.170000076293945,6.170000076293945,182900
2007-11-23,6.230000019073486,6.360000133514404,6.170000076293945,6.320000171661377,6.320000171661377,62400
2007-11-26,6.309999942779541,6.309999942779541,6.019999980926514,6.070000171661377,6.070000171661377,298400
2007-11-27,6.099999904632568,6.210000038146973,5.829999923706055,5.949999809265137,5.949999809265137,465100
2007-11-28,6.03000020980835,6.340000152587891,6.03000020980835,6.300000190734863,6.300000190734863,256100
2007-11-29,6.300000190734863,6.349999904632568,6.070000171661377,6.099999904632568,6.099999904632568,270700
2007-11-30,6.199999809265137,6.579999923706055,6.059999942779541,6.389999866485596,6.389999866485596,559500
2007-12-03,6.369999885559082,6.369999885559082,6.010000228881836,6.130000114440918,6.130000114440918,458400
2007-12-04,6.03000020980835,6.159999847412109,6.010000228881836,6.090000152587891,6.090000152587891,239100
2007-12-05,6.190000057220459,6.210000038146973,6.039999961853027,6.090000152587891,6.090000152587891,318100
2007-12-06,6.070000171661377,6.409999847412109,6.03000020980835,6.409999847412109,6.409999847412109,290500
2007-12-07,6.420000076293945,6.75,6.389999866485596,6.710000038146973,6.710000038146973,385000
2007-12-10,6.829999923706055,7.099999904632568,6.71999979019165,7.050000190734863,7.050000190734863,396100
2007-12-11,7.099999904632568,7.369999885559082,6.869999885559082,6.889999866485596,6.889999866485596,376200
2007-12-12,7.110000133514404,7.460000038146973,6.929999828338623,7.050000190734863,7.050000190734863,704800
2007-12-13,6.960000038146973,7.039999961853027,6.820000171661377,6.900000095367432,6.900000095367432,321600
2007-12-14,6.809999942779541,6.960000038146973,6.699999809265137,6.699999809265137,6.699999809265137,244400
2007-12-17,6.71999979019165,6.980000019073486,6.71999979019165,6.769999980926514,6.769999980926514,351600
2007-12-18,6.849999904632568,6.980000019073486,6.5,6.880000114440918,6.880000114440918,303800
2007-12-19,6.880000114440918,7.21999979019165,6.769999980926514,7.139999866485596,7.139999866485596,202600
2007-12-20,7.199999809265137,7.550000190734863,7.050000190734863,7.550000190734863,7.550000190734863,211100
2007-12-21,7.690000057220459,7.840000152587891,7.449999809265137,7.489999771118164,7.489999771118164,676000
2007-12-24,7.599999904632568,7.619999885559082,7.239999771118164,7.510000228881836,7.510000228881836,99400
2007-12-26,7.5,7.53000020980835,7.409999847412109,7.5,7.5,167100
2007-12-27,7.5,7.639999866485596,7.070000171661377,7.070000171661377,7.070000171661377,157900
2007-12-28,7.119999885559082,7.239999771118164,6.860000133514404,6.920000076293945,6.920000076293945,120000
2007-12-31,6.869999885559082,7.010000228881836,6.71999979019165,7.010000228881836,7.010000228881836,208200
2008-01-02,6.980000019073486,6.980000019073486,6.360000133514404,6.380000114440918,6.380000114440918,360500
2008-01-03,6.380000114440918,6.510000228881836,6.119999885559082,6.21999979019165,6.21999979019165,349800
2008-01-04,6.150000095367432,6.199999809265137,5.760000228881836,5.760000228881836,5.760000228881836,291100
2008-01-07,5.800000190734863,6.340000152587891,5.760000228881836,6.010000228881836,6.010000228881836,253500
2008-01-08,6.03000020980835,6.289999961853027,5.71999979019165,5.809999942779541,5.809999942779541,350100
2008-01-09,5.789999961853027,6.070000171661377,5.630000114440918,6.039999961853027,6.039999961853027,452700
2008-01-10,5.980000019073486,6.199999809265137,5.619999885559082,6.010000228881836,6.010000228881836,375300
2008-01-11,5.949999809265137,5.949999809265137,5.389999866485596,5.389999866485596,5.389999866485596,329900
2008-01-14,5.460000038146973,5.829999923706055,5.420000076293945,5.639999866485596,5.639999866485596,319800
2008-01-15,5.550000190734863,5.610000133514404,5.150000095367432,5.309999942779541,5.309999942779541,233700
2008-01-16,5.309999942779541,5.460000038146973,5.130000114440918,5.340000152587891,5.340000152587891,199800
2008-01-17,5.349999904632568,5.360000133514404,5.090000152587891,5.110000133514404,5.110000133514404,171600
2008-01-18,5.079999923706055,5.28000020980835,4.829999923706055,4.96999979019165,4.96999979019165,688600
2008-01-22,4.699999809265137,5.039999961853027,4.610000133514404,4.820000171661377,4.820000171661377,283800
2008-01-23,4.789999961853027,5.0,4.440000057220459,4.690000057220459,4.690000057220459,446800
2008-01-24,4.710000038146973,4.789999961853027,4.320000171661377,4.739999771118164,4.739999771118164,290200
2008-01-25,4.820000171661377,4.989999771118164,4.519999980926514,4.800000190734863,4.800000190734863,719300
2008-01-28,4.78000020980835,4.900000095367432,4.570000171661377,4.690000057220459,4.690000057220459,530000
2008-01-29,4.949999809265137,5.239999771118164,4.739999771118164,5.130000114440918,5.130000114440918,457900
2008-01-30,5.099999904632568,5.460000038146973,5.059999942779541,5.289999961853027,5.289999961853027,374000
2008-01-31,5.190000057220459,5.679999828338623,5.03000020980835,5.559999942779541,5.559999942779541,297900
2008-02-01,5.5,5.599999904632568,5.230000019073486,5.480000019073486,5.480000019073486,251700
2008-02-04,5.480000019073486,5.489999771118164,5.0,5.179999828338623,5.179999828338623,335500
2008-02-05,5.090000152587891,5.25,4.989999771118164,4.989999771118164,4.989999771118164,168900
2008-02-06,5.039999961853027,5.210000038146973,4.989999771118164,5.0,5.0,287200
2008-02-07,4.980000019073486,5.369999885559082,4.96999979019165,5.170000076293945,5.170000076293945,176400
2008-02-08,5.179999828338623,5.320000171661377,5.0,5.010000228881836,5.010000228881836,145600
2008-02-11,5.019999980926514,5.190000057220459,4.949999809265137,5.130000114440918,5.130000114440918,158900
2008-02-12,5.150000095367432,5.320000171661377,5.099999904632568,5.159999847412109,5.159999847412109,203500
2008-02-13,5.199999809265137,5.570000171661377,5.150000095367432,5.5,5.5,283800
2008-02-14,5.559999942779541,5.559999942779541,5.340000152587891,5.389999866485596,5.389999866485596,290400
2008-02-15,5.340000152587891,5.400000095367432,5.139999866485596,5.230000019073486,5.230000019073486,180100
2008-02-19,5.309999942779541,5.349999904632568,5.099999904632568,5.130000114440918,5.130000114440918,122600
2008-02-20,5.099999904632568,5.360000133514404,5.099999904632568,5.260000228881836,5.260000228881836,202900
2008-02-21,5.309999942779541,5.539999961853027,4.989999771118164,5.03000020980835,5.03000020980835,352700
2008-02-22,5.340000152587891,5.840000152587891,5.150000095367432,5.210000038146973,5.210000038146973,525900
2008-02-25,5.199999809265137,5.570000171661377,5.179999828338623,5.550000190734863,5.550000190734863,179200
2008-02-26,5.519999980926514,5.96999979019165,5.400000095367432,5.900000095367432,5.900000095367432,207900
2008-02-27,5.829999923706055,6.070000171661377,5.75,6.050000190734863,6.050000190734863,227900
2008-02-28,6.010000228881836,6.300000190734863,5.739999771118164,6.179999828338623,6.179999828338623,333100
2008-02-29,6.090000152587891,6.440000057220459,5.980000019073486,6.190000057220459,6.190000057220459,513600
2008-03-03,6.170000076293945,6.320000171661377,5.489999771118164,5.650000095367432,5.650000095367432,378300
2008-03-04,5.710000038146973,6.099999904632568,5.5,5.710000038146973,5.710000038146973,558200
2008-03-05,5.75,6.0,5.659999847412109,5.679999828338623,5.679999828338623,346300
2008-03-06,5.639999866485596,5.849999904632568,5.539999961853027,5.71999979019165,5.71999979019165,308300
2008-03-07,5.650000095367432,5.849999904632568,5.599999904632568,5.699999809265137,5.699999809265137,264800
2008-03-10,5.760000228881836,5.949999809265137,5.659999847412109,5.71999979019165,5.71999979019165,260700
2008-03-11,5.920000076293945,5.980000019073486,5.5,5.849999904632568,5.849999904632568,302000
2008-03-12,5.849999904632568,6.0,5.739999771118164,5.849999904632568,5.849999904632568,315700
2008-03-13,5.789999961853027,5.940000057220459,5.739999771118164,5.840000152587891,5.840000152587891,230100
2008-03-14,5.900000095367432,6.0,5.610000133514404,5.630000114440918,5.630000114440918,312700
2008-03-17,5.46999979019165,5.71999979019165,5.409999847412109,5.489999771118164,5.489999771118164,194000
2008-03-18,5.630000114440918,6.480000019073486,5.630000114440918,6.389999866485596,6.389999866485596,200700
2008-03-19,6.579999923706055,6.639999866485596,5.789999961853027,5.889999866485596,5.889999866485596,287300
2008-03-20,5.989999771118164,6.070000171661377,5.329999923706055,5.980000019073486,5.980000019073486,548300
2008-03-24,6.010000228881836,6.329999923706055,5.909999847412109,6.179999828338623,6.179999828338623,302900
2008-03-25,6.190000057220459,6.429999828338623,6.010000228881836,6.340000152587891,6.340000152587891,372900
2008-03-26,6.300000190734863,6.53000020980835,6.239999771118164,6.380000114440918,6.380000114440918,165300
2008-03-27,6.360000133514404,6.710000038146973,6.199999809265137,6.300000190734863,6.300000190734863,358000
2008-03-28,6.360000133514404,6.489999771118164,6.230000019073486,6.28000020980835,6.28000020980835,181300
2008-03-31,6.300000190734863,6.409999847412109,6.230000019073486,6.349999904632568,6.349999904632568,423900
2008-04-01,6.5,6.650000095367432,6.260000228881836,6.579999923706055,6.579999923706055,270500
2008-04-02,6.590000152587891,6.849999904632568,6.550000190734863,6.809999942779541,6.809999942779541,346200
2008-04-03,6.760000228881836,6.980000019073486,6.699999809265137,6.960000038146973,6.960000038146973,458100
2008-04-04,6.989999771118164,7.389999866485596,6.960000038146973,7.210000038146973,7.210000038146973,581600
2008-04-07,7.21999979019165,7.400000095367432,7.090000152587891,7.119999885559082,7.119999885559082,237200
2008-04-08,7.090000152587891,7.210000038146973,6.96999979019165,7.179999828338623,7.179999828338623,290800
2008-04-09,7.199999809265137,7.449999809265137,6.960000038146973,6.980000019073486,6.980000019073486,587400
2008-04-10,6.949999809265137,7.139999866485596,6.949999809265137,7.079999923706055,7.079999923706055,162600
2008-04-11,7.0,7.079999923706055,6.760000228881836,6.880000114440918,6.880000114440918,335700
2008-04-14,6.860000133514404,7.0,6.670000076293945,6.960000038146973,6.960000038146973,219600
2008-04-15,7.019999980926514,7.059999942779541,6.869999885559082,7.019999980926514,7.019999980926514,105100
2008-04-16,7.079999923706055,7.110000133514404,6.96999979019165,7.059999942779541,7.059999942779541,238300
2008-04-17,7.050000190734863,7.050000190734863,6.840000152587891,6.880000114440918,6.880000114440918,208100
2008-04-18,7.090000152587891,7.190000057220459,6.96999979019165,7.079999923706055,7.079999923706055,396800
2008-04-21,7.019999980926514,7.199999809265137,7.010000228881836,7.090000152587891,7.090000152587891,100900
2008-04-22,7.039999961853027,7.139999866485596,6.989999771118164,7.079999923706055,7.079999923706055,280500
2008-04-23,7.130000114440918,7.25,6.989999771118164,7.179999828338623,7.179999828338623,135000
2008-04-24,7.199999809265137,7.269999980926514,7.059999942779541,7.25,7.25,177800
2008-04-25,7.289999961853027,7.489999771118164,7.130000114440918,7.389999866485596,7.389999866485596,136100
2008-04-28,7.380000114440918,7.440000057220459,7.289999961853027,7.369999885559082,7.369999885559082,183000
2008-04-29,7.369999885559082,7.400000095367432,7.059999942779541,7.289999961853027,7.289999961853027,294100
2008-04-30,7.320000171661377,7.360000133514404,6.960000038146973,7.03000020980835,7.03000020980835,270400
2008-05-01,6.960000038146973,7.400000095367432,6.940000057220459,7.199999809265137,7.199999809265137,213000
2008-05-02,7.340000152587891,7.889999866485596,7.340000152587891,7.739999771118164,7.739999771118164,897000
2008-05-05,7.659999847412109,7.940000057220459,7.579999923706055,7.710000038146973,7.710000038146973,403500
2008-05-06,7.650000095367432,8.029999732971191,7.650000095367432,7.929999828338623,7.929999828338623,442300
2008-05-07,7.940000057220459,8.149999618530273,7.840000152587891,7.889999866485596,7.889999866485596,228100
2008-05-08,7.96999979019165,8.029999732971191,7.619999885559082,7.71999979019165,7.71999979019165,150000
2008-05-09,7.610000133514404,8.020000457763672,7.590000152587891,7.960000038146973,7.960000038146973,151500
2008-05-12,7.989999771118164,8.279999732971191,7.980000019073486,8.119999885559082,8.119999885559082,184900
2008-05-13,8.15999984741211,8.25,7.989999771118164,8.119999885559082,8.119999885559082,273700
2008-05-14,8.149999618530273,8.210000038146973,7.900000095367432,7.920000076293945,7.920000076293945,200900
2008-05-15,7.909999847412109,8.210000038146973,7.909999847412109,8.149999618530273,8.149999618530273,232800
2008-05-16,8.199999809265137,8.25,7.599999904632568,7.909999847412109,7.909999847412109,423800
2008-05-19,7.889999866485596,8.170000076293945,7.489999771118164,7.989999771118164,7.989999771118164,244200
2008-05-20,7.960000038146973,8.079999923706055,7.829999923706055,7.849999904632568,7.849999904632568,119100
2008-05-21,7.880000114440918,8.079999923706055,7.610000133514404,7.769999980926514,7.769999980926514,162400
2008-05-22,7.78000020980835,8.050000190734863,7.579999923706055,7.929999828338623,7.929999828338623,189700
2008-05-23,7.869999885559082,8.039999961853027,7.760000228881836,7.889999866485596,7.889999866485596,121600
2008-05-27,7.889999866485596,8.229999542236328,7.889999866485596,8.15999984741211,8.15999984741211,209300
2008-05-28,8.170000076293945,8.260000228881836,8.140000343322754,8.220000267028809,8.220000267028809,329700
2008-05-29,8.1899995803833,8.350000381469727,8.180000305175781,8.319999694824219,8.319999694824219,322100
2008-05-30,8.34000015258789,8.390000343322754,8.100000381469727,8.34000015258789,8.34000015258789,321200
2008-06-02,8.300000190734863,8.380000114440918,8.130000114440918,8.149999618530273,8.149999618530273,296000
2008-06-03,8.199999809265137,8.369999885559082,8.149999618530273,8.210000038146973,8.210000038146973,183700
2008-06-04,8.199999809265137,8.59000015258789,8.180000305175781,8.470000267028809,8.470000267028809,422200
2008-06-05,8.470000267028809,8.779999732971191,8.4399995803833,8.739999771118164,8.739999771118164,289200
2008-06-06,8.670000076293945,8.819999694824219,8.289999961853027,8.300000190734863,8.300000190734863,228500
2008-06-09,8.300000190734863,8.59000015258789,8.15999984741211,8.470000267028809,8.470000267028809,215200
2008-06-10,8.390000343322754,8.539999961853027,8.350000381469727,8.390000343322754,8.390000343322754,144700
2008-06-11,8.350000381469727,8.390000343322754,7.929999828338623,7.960000038146973,7.960000038146973,184600
2008-06-12,8.039999961853027,8.359999656677246,7.920000076293945,8.029999732971191,8.029999732971191,154000
2008-06-13,8.100000381469727,8.329999923706055,8.100000381469727,8.319999694824219,8.319999694824219,117500
2008-06-16,8.3100004196167,8.489999771118164,8.239999771118164,8.40999984741211,8.40999984741211,167200
2008-06-17,8.4399995803833,8.569999694824219,8.180000305175781,8.239999771118164,8.239999771118164,116300
2008-06-18,8.180000305175781,8.289999961853027,8.020000457763672,8.199999809265137,8.199999809265137,111200
2008-06-19,8.180000305175781,8.430000305175781,8.180000305175781,8.40999984741211,8.40999984741211,163200
2008-06-20,8.380000114440918,8.510000228881836,8.09000015258789,8.229999542236328,8.229999542236328,391600
2008-06-23,8.260000228881836,8.5,8.199999809265137,8.329999923706055,8.329999923706055,142700
2008-06-24,8.3100004196167,8.470000267028809,8.149999618530273,8.300000190734863,8.300000190734863,184400
2008-06-25,8.300000190734863,8.65999984741211,8.289999961853027,8.399999618530273,8.399999618530273,155500
2008-06-26,8.470000267028809,8.470000267028809,8.109999656677246,8.180000305175781,8.180000305175781,205700
2008-06-27,8.300000190734863,8.300000190734863,8.079999923706055,8.170000076293945,8.170000076293945,542200
2008-06-30,8.199999809265137,8.25,7.989999771118164,8.020000457763672,8.020000457763672,332700
2008-07-01,7.900000095367432,8.109999656677246,7.559999942779541,7.739999771118164,7.739999771118164,358200
2008-07-02,7.730000019073486,7.760000228881836,7.449999809265137,7.539999961853027,7.539999961853027,292200
2008-07-03,7.550000190734863,7.579999923706055,7.28000020980835,7.480000019073486,7.480000019073486,99300
2008-07-07,7.489999771118164,7.599999904632568,7.260000228881836,7.449999809265137,7.449999809265137,242600
2008-07-08,7.480000019073486,7.980000019073486,7.46999979019165,7.949999809265137,7.949999809265137,261400
2008-07-09,7.920000076293945,7.929999828338623,7.599999904632568,7.690000057220459,7.690000057220459,160600
2008-07-10,7.670000076293945,7.809999942779541,7.409999847412109,7.650000095367432,7.650000095367432,128700
2008-07-11,7.570000171661377,7.789999961853027,7.510000228881836,7.710000038146973,7.710000038146973,189000
2008-07-14,7.769999980926514,7.889999866485596,7.489999771118164,7.559999942779541,7.559999942779541,132200
2008-07-15,7.489999771118164,7.699999809265137,7.309999942779541,7.510000228881836,7.510000228881836,180100
2008-07-16,7.559999942779541,8.039999961853027,7.489999771118164,8.039999961853027,8.039999961853027,195500
2008-07-17,8.09000015258789,8.15999984741211,7.690000057220459,7.889999866485596,7.889999866485596,177200
2008-07-18,7.900000095367432,8.289999961853027,7.829999923706055,8.140000343322754,8.140000343322754,220700
2008-07-21,8.1899995803833,8.239999771118164,7.849999904632568,8.050000190734863,8.050000190734863,101000
2008-07-22,8.029999732971191,8.670000076293945,7.949999809265137,8.579999923706055,8.579999923706055,333900
2008-07-23,8.579999923706055,8.680000305175781,8.4399995803833,8.59000015258789,8.59000015258789,278100
2008-07-24,8.579999923706055,8.579999923706055,8.279999732971191,8.329999923706055,8.329999923706055,152700
2008-07-25,8.430000305175781,8.710000038146973,8.380000114440918,8.579999923706055,8.579999923706055,164800
2008-07-28,8.529999732971191,8.529999732971191,8.09000015258789,8.260000228881836,8.260000228881836,133300
2008-07-29,8.319999694824219,8.710000038146973,8.069999694824219,8.65999984741211,8.65999984741211,236800
2008-07-30,8.6899995803833,9.050000190734863,8.5,8.75,8.75,307800
2008-07-31,8.630000114440918,8.75,8.359999656677246,8.529999732971191,8.529999732971191,226100
2008-08-01,8.350000381469727,8.75,8.220000267028809,8.670000076293945,8.670000076293945,170300
2008-08-04,8.279999732971191,8.65999984741211,7.75,8.149999618530273,8.149999618530273,482500
2008-08-05,8.420000076293945,8.800000190734863,8.109999656677246,8.789999961853027,8.789999961853027,483600
2008-08-06,8.760000228881836,9.0,8.640000343322754,8.949999809265137,8.949999809265137,466200
2008-08-07,8.789999961853027,9.039999961853027,8.710000038146973,8.729999542236328,8.729999542236328,734100
2008-08-08,8.739999771118164,9.020000457763672,8.729999542236328,8.970000267028809,8.970000267028809,342300
2008-08-11,9.079999923706055,9.350000381469727,8.739999771118164,9.050000190734863,9.050000190734863,1142500
2008-08-12,8.989999771118164,9.229999542236328,8.630000114440918,8.9399995803833,8.9399995803833,439900
2008-08-13,8.970000267028809,9.149999618530273,8.880000114440918,9.140000343322754,9.140000343322754,461500
2008-08-14,9.010000228881836,9.229999542236328,8.760000228881836,9.149999618530273,9.149999618530273,250100
2008-08-15,9.270000457763672,9.279999732971191,8.859999656677246,9.220000267028809,9.220000267028809,307300
2008-08-18,9.220000267028809,9.300000190734863,8.880000114440918,9.15999984741211,9.15999984741211,175000
2008-08-19,9.149999618530273,9.170000076293945,8.850000381469727,8.920000076293945,8.920000076293945,314000
2008-08-20,9.029999732971191,9.199999809265137,8.770000457763672,8.949999809265137,8.949999809265137,401900
2008-08-21,8.880000114440918,8.989999771118164,8.65999984741211,8.760000228881836,8.760000228881836,178100
2008-08-22,8.829999923706055,9.0,8.649999618530273,8.850000381469727,8.850000381469727,105800
2008-08-25,8.819999694824219,8.869999885559082,8.680000305175781,8.84000015258789,8.84000015258789,211000
2008-08-26,8.850000381469727,9.020000457763672,8.760000228881836,8.899999618530273,8.899999618530273,180400
2008-08-27,8.920000076293945,9.260000228881836,8.90999984741211,9.180000305175781,9.180000305175781,768300
2008-08-28,9.210000038146973,9.4399995803833,9.170000076293945,9.34000015258789,9.34000015258789,915500
2008-08-29,9.34000015258789,9.59000015258789,9.130000114440918,9.449999809265137,9.449999809265137,402800
2008-09-02,9.239999771118164,9.489999771118164,9.1899995803833,9.300000190734863,9.300000190734863,292000
2008-09-03,9.260000228881836,9.680000305175781,9.039999961853027,9.510000228881836,9.510000228881836,244800
2008-09-04,9.399999618530273,9.399999618530273,9.0,9.140000343322754,9.140000343322754,286200
2008-09-05,9.09000015258789,9.390000343322754,8.800000190734863,9.270000457763672,9.270000457763672,162700
2008-09-08,8.470000267028809,9.529999732971191,8.470000267028809,9.329999923706055,9.329999923706055,233000
2008-09-09,9.359999656677246,9.5600004196167,9.140000343322754,9.300000190734863,9.300000190734863,435400
2008-09-10,9.390000343322754,9.65999984741211,9.1899995803833,9.40999984741211,9.40999984741211,361800
2008-09-11,9.260000228881836,9.350000381469727,9.050000190734863,9.3100004196167,9.3100004196167,165500
2008-09-12,9.229999542236328,9.430000305175781,9.109999656677246,9.430000305175781,9.430000305175781,221700
2008-09-15,9.329999923706055,9.65999984741211,9.140000343322754,9.40999984741211,9.40999984741211,293900
2008-09-16,9.079999923706055,9.699999809265137,9.039999961853027,9.6899995803833,9.6899995803833,366500
2008-09-17,9.539999961853027,9.539999961853027,9.100000381469727,9.170000076293945,9.170000076293945,455600
2008-09-18,9.359999656677246,9.65999984741211,8.710000038146973,9.100000381469727,9.100000381469727,490900
2008-09-19,9.390000343322754,9.649999618530273,9.220000267028809,9.260000228881836,9.260000228881836,867300
2008-09-22,8.609999656677246,9.350000381469727,8.609999656677246,9.180000305175781,9.180000305175781,223000
2008-09-23,9.40999984741211,9.40999984741211,8.680000305175781,8.800000190734863,8.800000190734863,250100
2008-09-24,8.800000190734863,8.800000190734863,8.40999984741211,8.420000076293945,8.420000076293945,223400
2008-09-25,8.420000076293945,8.470000267028809,8.020000457763672,8.279999732971191,8.279999732971191,238200
2008-09-26,8.119999885559082,8.34000015258789,7.690000057220459,8.229999542236328,8.229999542236328,274300
2008-09-29,8.0,8.0,7.420000076293945,7.480000019073486,7.480000019073486,265900
2008-09-30,7.570000171661377,7.920000076293945,7.380000114440918,7.880000114440918,7.880000114440918,290000
2008-10-01,7.789999961853027,7.920000076293945,7.53000020980835,7.679999828338623,7.679999828338623,182500
2008-10-02,7.489999771118164,7.679999828338623,7.0,7.21999979019165,7.21999979019165,319800
2008-10-03,7.340000152587891,7.590000152587891,6.590000152587891,6.650000095367432,6.650000095367432,226800
2008-10-06,6.5,6.710000038146973,5.929999828338623,6.610000133514404,6.610000133514404,323000
2008-10-07,6.739999771118164,6.860000133514404,6.070000171661377,6.070000171661377,6.070000171661377,200400
2008-10-08,5.909999847412109,6.369999885559082,5.550000190734863,5.909999847412109,5.909999847412109,388500
2008-10-09,6.010000228881836,6.110000133514404,5.329999923706055,5.329999923706055,5.329999923706055,199600
2008-10-10,5.050000190734863,6.179999828338623,5.0,5.760000228881836,5.760000228881836,356200
2008-10-13,6.0,6.710000038146973,5.920000076293945,6.670000076293945,6.670000076293945,303600
2008-10-14,6.940000057220459,6.940000057220459,5.880000114440918,6.090000152587891,6.090000152587891,188900
2008-10-15,6.019999980926514,6.269999980926514,5.639999866485596,5.690000057220459,5.690000057220459,296200
2008-10-16,5.699999809265137,6.21999979019165,5.429999828338623,5.760000228881836,5.760000228881836,556800
2008-10-17,5.610000133514404,6.269999980926514,5.340000152587891,5.849999904632568,5.849999904632568,309700
2008-10-20,6.010000228881836,6.010000228881836,5.559999942779541,5.75,5.75,249500
2008-10-21,5.659999847412109,5.769999980926514,5.429999828338623,5.449999809265137,5.449999809265137,258300
2008-10-22,5.320000171661377,5.5,5.21999979019165,5.369999885559082,5.369999885559082,224300
2008-10-23,5.349999904632568,5.449999809265137,4.960000038146973,5.190000057220459,5.190000057220459,270100
2008-10-24,4.840000152587891,5.230000019073486,4.639999866485596,5.139999866485596,5.139999866485596,199900
2008-10-27,4.909999847412109,5.110000133514404,4.699999809265137,4.71999979019165,4.71999979019165,197700
2008-10-28,4.800000190734863,4.909999847412109,4.550000190734863,4.75,4.75,303500
2008-10-29,4.860000133514404,5.380000114440918,4.860000133514404,5.260000228881836,5.260000228881836,184600
2008-10-30,5.409999847412109,6.050000190734863,5.019999980926514,5.900000095367432,5.900000095367432,269200
2008-10-31,5.949999809265137,7.050000190734863,5.869999885559082,6.5,6.5,421200
2008-11-03,6.389999866485596,6.840000152587891,6.159999847412109,6.599999904632568,6.599999904632568,179000
2008-11-04,6.690000057220459,7.0,6.650000095367432,6.760000228881836,6.760000228881836,185600
2008-11-05,6.659999847412109,6.869999885559082,6.449999809265137,6.5,6.5,132500
2008-11-06,6.449999809265137,6.730000019073486,6.190000057220459,6.289999961853027,6.289999961853027,263500
2008-11-07,6.360000133514404,6.449999809265137,6.210000038146973,6.329999923706055,6.329999923706055,110300
2008-11-10,6.510000228881836,6.510000228881836,5.880000114440918,5.909999847412109,5.909999847412109,154700
2008-11-11,5.860000133514404,6.0,5.420000076293945,5.75,5.75,198200
2008-11-12,5.670000076293945,5.909999847412109,5.380000114440918,5.449999809265137,5.449999809265137,177100
2008-11-13,5.389999866485596,6.269999980926514,5.070000171661377,6.230000019073486,6.230000019073486,284800
2008-11-14,6.119999885559082,6.730000019073486,5.880000114440918,5.900000095367432,5.900000095367432,345000
2008-11-17,5.860000133514404,6.059999942779541,5.610000133514404,5.630000114440918,5.630000114440918,208000
2008-11-18,5.639999866485596,5.849999904632568,5.130000114440918,5.400000095367432,5.400000095367432,330700
2008-11-19,5.369999885559082,5.489999771118164,4.860000133514404,4.869999885559082,4.869999885559082,376400
2008-11-20,4.849999904632568,5.300000190734863,4.679999828338623,4.78000020980835,4.78000020980835,310600
2008-11-21,4.889999866485596,5.079999923706055,4.269999980926514,4.900000095367432,4.900000095367432,305500
2008-11-24,4.960000038146973,5.760000228881836,4.739999771118164,5.690000057220459,5.690000057220459,233600
2008-11-25,5.78000020980835,5.78000020980835,5.21999979019165,5.360000133514404,5.360000133514404,282300
2008-11-26,5.239999771118164,5.860000133514404,5.179999828338623,5.849999904632568,5.849999904632568,291000
2008-11-28,5.78000020980835,6.0,5.570000171661377,5.75,5.75,99400
2008-12-01,5.46999979019165,5.730000019073486,5.130000114440918,5.199999809265137,5.199999809265137,293400
2008-12-02,5.329999923706055,5.619999885559082,5.0,5.610000133514404,5.610000133514404,250200
2008-12-03,5.46999979019165,6.46999979019165,5.260000228881836,6.039999961853027,6.039999961853027,254100
2008-12-04,5.739999771118164,5.739999771118164,5.25,5.489999771118164,5.489999771118164,419500
2008-12-05,5.380000114440918,5.769999980926514,5.179999828338623,5.559999942779541,5.559999942779541,248800
2008-12-08,5.340000152587891,5.400000095367432,4.050000190734863,4.679999828338623,4.679999828338623,1400200
2008-12-09,4.610000133514404,4.829999923706055,4.5,4.610000133514404,4.610000133514404,591100
2008-12-10,4.679999828338623,4.679999828338623,4.420000076293945,4.599999904632568,4.599999904632568,238900
2008-12-11,4.539999961853027,4.610000133514404,4.300000190734863,4.440000057220459,4.440000057220459,311800
2008-12-12,4.340000152587891,4.579999923706055,4.050000190734863,4.21999979019165,4.21999979019165,365000
2008-12-15,4.260000228881836,4.389999866485596,4.050000190734863,4.110000133514404,4.110000133514404,274400
2008-12-16,4.179999828338623,4.239999771118164,4.070000171661377,4.199999809265137,4.199999809265137,302400
2008-12-17,4.139999866485596,4.840000152587891,4.110000133514404,4.809999942779541,4.809999942779541,232700
2008-12-18,4.769999980926514,4.989999771118164,4.610000133514404,4.880000114440918,4.880000114440918,218500
2008-12-19,5.0,5.480000019073486,4.71999979019165,5.159999847412109,5.159999847412109,505600
2008-12-22,5.159999847412109,5.159999847412109,4.380000114440918,4.699999809265137,4.699999809265137,355300
2008-12-23,4.599999904632568,4.96999979019165,4.429999828338623,4.579999923706055,4.579999923706055,225300
2008-12-24,4.610000133514404,4.769999980926514,4.590000152587891,4.599999904632568,4.599999904632568,189500
2008-12-26,4.639999866485596,5.199999809265137,4.639999866485596,5.199999809265137,5.199999809265137,100900
2008-12-29,5.190000057220459,5.190000057220459,4.800000190734863,4.949999809265137,4.949999809265137,156200
2008-12-30,5.03000020980835,5.380000114440918,4.849999904632568,5.360000133514404,5.360000133514404,152400
2008-12-31,5.389999866485596,5.71999979019165,5.260000228881836,5.670000076293945,5.670000076293945,239500
2009-01-02,5.679999828338623,5.730000019073486,5.449999809265137,5.539999961853027,5.539999961853027,160800
2009-01-05,5.519999980926514,5.75,5.25,5.369999885559082,5.369999885559082,104600
2009-01-06,5.409999847412109,5.510000228881836,5.320000171661377,5.389999866485596,5.389999866485596,190600
2009-01-07,5.300000190734863,5.539999961853027,5.03000020980835,5.25,5.25,195600
2009-01-08,5.25,5.789999961853027,5.079999923706055,5.78000020980835,5.78000020980835,88400
2009-01-09,5.760000228881836,5.760000228881836,5.150000095367432,5.260000228881836,5.260000228881836,198900
2009-01-12,5.269999980926514,5.460000038146973,5.039999961853027,5.170000076293945,5.170000076293945,132000
2009-01-13,5.170000076293945,5.539999961853027,5.0,5.409999847412109,5.409999847412109,144200
2009-01-14,5.300000190734863,5.53000020980835,4.400000095367432,4.46999979019165,4.46999979019165,230500
2009-01-15,4.46999979019165,5.210000038146973,4.340000152587891,5.190000057220459,5.190000057220459,146600
2009-01-16,5.28000020980835,5.28000020980835,4.730000019073486,5.070000171661377,5.070000171661377,147700
2009-01-20,5.010000228881836,5.010000228881836,4.28000020980835,4.329999923706055,4.329999923706055,169200
2009-01-21,4.369999885559082,4.920000076293945,4.289999961853027,4.880000114440918,4.880000114440918,123800
2009-01-22,4.78000020980835,4.78000020980835,4.369999885559082,4.550000190734863,4.550000190734863,73100
2009-01-23,4.409999847412109,4.630000114440918,4.329999923706055,4.539999961853027,4.539999961853027,112200
2009-01-26,4.25,4.369999885559082,4.079999923706055,4.369999885559082,4.369999885559082,208300
2009-01-27,4.329999923706055,5.0,4.25,4.929999828338623,4.929999828338623,142900
2009-01-28,5.0,5.389999866485596,4.929999828338623,5.389999866485596,5.389999866485596,113700
2009-01-29,5.309999942779541,5.309999942779541,4.679999828338623,4.820000171661377,4.820000171661377,116500
2009-01-30,4.860000133514404,4.920000076293945,4.409999847412109,4.630000114440918,4.630000114440918,172700
2009-02-02,4.550000190734863,5.090000152587891,4.440000057220459,5.050000190734863,5.050000190734863,203000
2009-02-03,5.079999923706055,5.099999904632568,4.110000133514404,4.460000038146973,4.460000038146973,313300
2009-02-04,4.449999809265137,4.489999771118164,4.139999866485596,4.289999961853027,4.289999961853027,120900
2009-02-05,4.260000228881836,4.389999866485596,4.139999866485596,4.210000038146973,4.210000038146973,282500
2009-02-06,4.190000057220459,4.349999904632568,4.139999866485596,4.239999771118164,4.239999771118164,267700
2009-02-09,4.210000038146973,4.360000133514404,4.139999866485596,4.190000057220459,4.190000057220459,144400
2009-02-10,4.199999809265137,4.239999771118164,4.139999866485596,4.190000057220459,4.190000057220459,237700
2009-02-11,4.21999979019165,4.329999923706055,4.139999866485596,4.309999942779541,4.309999942779541,134900
2009-02-12,4.25,4.510000228881836,4.21999979019165,4.369999885559082,4.369999885559082,126300
2009-02-13,4.369999885559082,4.559999942779541,4.239999771118164,4.420000076293945,4.420000076293945,61900
2009-02-17,4.25,4.429999828338623,4.199999809265137,4.320000171661377,4.320000171661377,179400
2009-02-18,4.360000133514404,4.46999979019165,4.260000228881836,4.400000095367432,4.400000095367432,146800
2009-02-19,4.449999809265137,4.610000133514404,4.28000020980835,4.300000190734863,4.300000190734863,151200
2009-02-20,4.199999809265137,4.199999809265137,3.450000047683716,3.619999885559082,3.619999885559082,250000
2009-02-23,3.640000104904175,3.759999990463257,2.9100000858306885,2.930000066757202,2.930000066757202,185400
2009-02-24,2.9700000286102295,3.1700000762939453,2.569999933242798,2.700000047683716,2.700000047683716,319600
2009-02-25,2.690000057220459,2.8299999237060547,2.4100000858306885,2.4200000762939453,2.4200000762939453,180700
2009-02-26,2.869999885559082,2.869999885559082,2.049999952316284,2.109999895095825,2.109999895095825,570900
2009-02-27,2.25,2.5199999809265137,2.0,2.359999895095825,2.359999895095825,217400
2009-03-02,1.8700000047683716,2.190000057220459,1.8700000047683716,2.0299999713897705,2.0299999713897705,252200
2009-03-03,2.059999942779541,2.109999895095825,1.7699999809265137,1.7799999713897705,1.7799999713897705,289700
2009-03-04,1.7999999523162842,2.119999885559082,1.6100000143051147,1.7000000476837158,1.7000000476837158,331100
2009-03-05,1.7000000476837158,1.7000000476837158,1.3700000047683716,1.3799999952316284,1.3799999952316284,283100
2009-03-06,1.3899999856948853,1.4600000381469727,1.2799999713897705,1.440000057220459,1.440000057220459,848500
2009-03-09,1.4600000381469727,1.5399999618530273,1.3200000524520874,1.399999976158142,1.399999976158142,266500
2009-03-10,1.5700000524520874,2.180000066757202,1.440000057220459,2.059999942779541,2.059999942779541,457800
2009-03-11,2.069999933242798,2.640000104904175,2.0399999618530273,2.4000000953674316,2.4000000953674316,459700
2009-03-12,2.390000104904175,2.6700000762939453,2.390000104904175,2.5799999237060547,2.5799999237060547,378300
2009-03-13,2.5899999141693115,2.6500000953674316,2.5,2.5,2.5,181400
2009-03-16,2.5299999713897705,2.6500000953674316,2.380000114440918,2.4200000762939453,2.4200000762939453,295300
2009-03-17,2.430000066757202,2.799999952316284,2.3499999046325684,2.7799999713897705,2.7799999713897705,219500
2009-03-18,2.759999990463257,3.0899999141693115,2.640000104904175,3.0299999713897705,3.0299999713897705,191600
2009-03-19,3.069999933242798,3.0799999237060547,2.819999933242798,2.819999933242798,2.819999933242798,116400
2009-03-20,2.859999895095825,2.859999895095825,2.559999942779541,2.7799999713897705,2.7799999713897705,354300
2009-03-23,2.8499999046325684,3.119999885559082,2.7699999809265137,3.109999895095825,3.109999895095825,229000
2009-03-24,3.049999952316284,3.259999990463257,2.9100000858306885,2.950000047683716,2.950000047683716,266200
2009-03-25,2.990000009536743,3.2699999809265137,2.7899999618530273,3.049999952316284,3.049999952316284,108100
2009-03-26,3.109999895095825,3.130000114440918,3.0399999618530273,3.0799999237060547,3.0799999237060547,192500
2009-03-27,3.0799999237060547,3.140000104904175,2.5,2.5,2.5,292600
2009-03-30,2.5,2.7799999713897705,2.3399999141693115,2.740000009536743,2.740000009536743,219500
2009-03-31,2.7799999713897705,2.890000104904175,2.609999895095825,2.7100000381469727,2.7100000381469727,169100
2009-04-01,2.609999895095825,2.930000066757202,2.4000000953674316,2.9000000953674316,2.9000000953674316,122700
2009-04-02,2.9100000858306885,3.130000114440918,2.7100000381469727,3.0899999141693115,3.0899999141693115,230100
2009-04-03,3.0899999141693115,3.200000047683716,2.950000047683716,3.190000057220459,3.190000057220459,114100
2009-04-06,3.130000114440918,3.130000114440918,2.8299999237060547,3.0199999809265137,3.0199999809265137,147700
2009-04-07,2.9600000381469727,3.0399999618530273,2.890000104904175,2.9600000381469727,2.9600000381469727,146600
2009-04-08,2.990000009536743,3.130000114440918,2.9600000381469727,3.130000114440918,3.130000114440918,101400
2009-04-09,3.190000057220459,3.4100000858306885,3.049999952316284,3.4100000858306885,3.4100000858306885,168200
2009-04-13,3.359999895095825,3.4100000858306885,3.180000066757202,3.3299999237060547,3.3299999237060547,81900
2009-04-14,3.259999990463257,3.3399999141693115,2.799999952316284,2.8399999141693115,2.8399999141693115,188100
2009-04-15,2.8299999237060547,2.8299999237060547,2.5999999046325684,2.819999933242798,2.819999933242798,381700
2009-04-16,2.8499999046325684,2.9800000190734863,2.680000066757202,2.9700000286102295,2.9700000286102295,135000
2009-04-17,2.9800000190734863,3.140000104904175,2.799999952316284,3.109999895095825,3.109999895095825,105100
2009-04-20,2.9800000190734863,2.990000009536743,2.759999990463257,2.809999942779541,2.809999942779541,132000
2009-04-21,2.809999942779541,3.130000114440918,2.809999942779541,3.109999895095825,3.109999895095825,66900
2009-04-22,3.059999942779541,3.25,3.009999990463257,3.180000066757202,3.180000066757202,90900
2009-04-23,3.200000047683716,3.2699999809265137,2.9700000286102295,3.009999990463257,3.009999990463257,93000
2009-04-24,3.0299999713897705,3.109999895095825,2.930000066757202,3.0299999713897705,3.0299999713897705,143800
2009-04-27,2.9700000286102295,3.0899999141693115,2.9700000286102295,3.0399999618530273,3.0399999618530273,108200
2009-04-28,3.0,3.3499999046325684,2.950000047683716,3.3299999237060547,3.3299999237060547,132000
2009-04-29,3.3299999237060547,3.799999952316284,3.3299999237060547,3.7200000286102295,3.7200000286102295,201300
2009-04-30,3.7699999809265137,3.7699999809265137,3.440000057220459,3.5199999809265137,3.5199999809265137,169900
2009-05-01,3.569999933242798,3.950000047683716,3.2200000286102295,3.5399999618530273,3.5399999618530273,436100
2009-05-04,3.559999942779541,3.6700000762939453,3.390000104904175,3.549999952316284,3.549999952316284,162100
2009-05-05,3.549999952316284,3.799999952316284,3.4100000858306885,3.740000009536743,3.740000009536743,753200
2009-05-06,3.740000009536743,3.740000009536743,3.509999990463257,3.700000047683716,3.700000047683716,89900
2009-05-07,3.700000047683716,3.7799999713897705,3.5,3.559999942779541,3.559999942779541,129500
2009-05-08,3.630000114440918,3.799999952316284,3.549999952316284,3.740000009536743,3.740000009536743,323800
2009-05-11,3.640000104904175,3.7899999618530273,3.619999885559082,3.700000047683716,3.700000047683716,86400
2009-05-12,3.7100000381469727,3.8499999046325684,3.5299999713897705,3.75,3.75,99400
2009-05-13,3.700000047683716,3.700000047683716,3.390000104904175,3.4000000953674316,3.4000000953674316,367700
2009-05-14,3.4000000953674316,3.4700000286102295,3.200000047683716,3.2899999618530273,3.2899999618530273,145000
2009-05-15,3.3299999237060547,3.3299999237060547,2.880000114440918,3.0799999237060547,3.0799999237060547,234100
2009-05-18,3.119999885559082,3.1700000762939453,3.0299999713897705,3.049999952316284,3.049999952316284,128900
2009-05-19,3.0899999141693115,3.140000104904175,2.869999885559082,2.940000057220459,2.940000057220459,228000
2009-05-20,2.9800000190734863,3.200000047683716,2.940000057220459,2.9600000381469727,2.9600000381469727,139300
2009-05-21,2.9700000286102295,2.9700000286102295,2.759999990463257,2.890000104904175,2.890000104904175,218300
2009-05-22,2.9100000858306885,3.049999952316284,2.890000104904175,2.9000000953674316,2.9000000953674316,152300
2009-05-26,2.869999885559082,3.299999952316284,2.869999885559082,3.299999952316284,3.299999952316284,135800
2009-05-27,3.2699999809265137,3.4000000953674316,3.200000047683716,3.200000047683716,3.200000047683716,70700
2009-05-28,3.240000009536743,3.430000066757202,3.200000047683716,3.2899999618530273,3.2899999618530273,90800
2009-05-29,3.2899999618530273,3.569999933242798,3.2100000381469727,3.569999933242798,3.569999933242798,140900
2009-06-01,3.640000104904175,3.9000000953674316,3.490000009536743,3.809999942779541,3.809999942779541,162300
2009-06-02,3.7899999618530273,3.7899999618530273,3.5799999237060547,3.700000047683716,3.700000047683716,133600
2009-06-03,3.680000066757202,3.8299999237060547,3.619999885559082,3.819999933242798,3.819999933242798,58500
2009-06-04,3.8499999046325684,3.8499999046325684,3.609999895095825,3.799999952316284,3.799999952316284,77800
2009-06-05,3.8299999237060547,3.8299999237060547,3.609999895095825,3.740000009536743,3.740000009536743,244100
2009-06-08,3.6500000953674316,3.9800000190734863,3.6500000953674316,3.890000104904175,3.890000104904175,63200
2009-06-09,3.9100000858306885,3.9100000858306885,3.7699999809265137,3.809999942779541,3.809999942779541,213400
2009-06-10,3.8399999141693115,3.930000066757202,3.6700000762939453,3.8299999237060547,3.8299999237060547,164500
2009-06-11,3.859999895095825,3.950000047683716,3.759999990463257,3.869999885559082,3.869999885559082,43000
2009-06-12,3.8299999237060547,4.110000133514404,3.700000047683716,4.079999923706055,4.079999923706055,110500
2009-06-15,4.099999904632568,4.190000057220459,3.7799999713897705,4.170000076293945,4.170000076293945,196100
2009-06-16,4.190000057220459,4.199999809265137,3.9200000762939453,3.9800000190734863,3.9800000190734863,227700
2009-06-17,3.9700000286102295,4.099999904632568,3.9000000953674316,4.010000228881836,4.010000228881836,143000
2009-06-18,4.0,4.0,3.819999933242798,3.9000000953674316,3.9000000953674316,95400
2009-06-19,3.990000009536743,4.0,3.7300000190734863,3.740000009536743,3.740000009536743,232700
2009-06-22,3.690000057220459,3.7899999618530273,3.619999885559082,3.6600000858306885,3.6600000858306885,174700
2009-06-23,3.7100000381469727,3.859999895095825,3.5999999046325684,3.700000047683716,3.700000047683716,63000
2009-06-24,3.75,3.7699999809265137,3.5999999046325684,3.640000104904175,3.640000104904175,86900
2009-06-25,3.609999895095825,3.859999895095825,3.5999999046325684,3.859999895095825,3.859999895095825,102800
2009-06-26,3.819999933242798,4.409999847412109,3.759999990463257,4.090000152587891,4.090000152587891,931200
2009-06-29,4.079999923706055,4.090000152587891,3.9200000762939453,3.9800000190734863,3.9800000190734863,181700
2009-06-30,4.0,4.039999961853027,3.890000104904175,3.9100000858306885,3.9100000858306885,115000
2009-07-01,3.9600000381469727,4.130000114440918,3.950000047683716,3.990000009536743,3.990000009536743,203400
2009-07-02,3.9100000858306885,4.130000114440918,3.809999942779541,3.8499999046325684,3.8499999046325684,166900
2009-07-06,3.8399999141693115,3.9600000381469727,3.75,3.880000114440918,3.880000114440918,81900
2009-07-07,3.869999885559082,3.880000114440918,3.569999933242798,3.5999999046325684,3.5999999046325684,186600
2009-07-08,3.630000114440918,3.7300000190734863,3.5299999713897705,3.7100000381469727,3.7100000381469727,92100
2009-07-09,3.75,3.75,3.630000114440918,3.6600000858306885,3.6600000858306885,51200
2009-07-10,3.619999885559082,3.75,3.5999999046325684,3.6500000953674316,3.6500000953674316,56600
2009-07-13,3.6600000858306885,3.7799999713897705,3.609999895095825,3.7799999713897705,3.7799999713897705,102700
2009-07-14,3.7699999809265137,3.859999895095825,3.6700000762939453,3.809999942779541,3.809999942779541,41400
2009-07-15,3.869999885559082,3.9100000858306885,3.690000057220459,3.9000000953674316,3.9000000953674316,150200
2009-07-16,3.869999885559082,4.449999809265137,3.869999885559082,4.369999885559082,4.369999885559082,154700
2009-07-17,4.389999866485596,4.389999866485596,4.119999885559082,4.260000228881836,4.260000228881836,149900
2009-07-20,4.28000020980835,4.5,4.159999847412109,4.380000114440918,4.380000114440918,119300
2009-07-21,4.420000076293945,4.5,4.25,4.320000171661377,4.320000171661377,72100
2009-07-22,4.300000190734863,4.400000095367432,4.199999809265137,4.289999961853027,4.289999961853027,80000
2009-07-23,4.269999980926514,4.739999771118164,4.070000171661377,4.739999771118164,4.739999771118164,211600
2009-07-24,4.679999828338623,4.690000057220459,4.380000114440918,4.5,4.5,171400
2009-07-27,4.489999771118164,4.510000228881836,4.289999961853027,4.510000228881836,4.510000228881836,94100
2009-07-28,4.460000038146973,4.559999942779541,4.349999904632568,4.429999828338623,4.429999828338623,96300
2009-07-29,4.389999866485596,4.559999942779541,4.28000020980835,4.28000020980835,4.28000020980835,54800
2009-07-30,4.349999904632568,4.519999980926514,4.269999980926514,4.400000095367432,4.400000095367432,93900
2009-07-31,4.360000133514404,4.480000019073486,4.21999979019165,4.230000019073486,4.230000019073486,87500
2009-08-03,4.199999809265137,4.429999828338623,4.019999980926514,4.110000133514404,4.110000133514404,97300
2009-08-04,4.059999942779541,4.28000020980835,4.0,4.25,4.25,74600
2009-08-05,4.269999980926514,4.269999980926514,3.990000009536743,4.179999828338623,4.179999828338623,106800
2009-08-06,3.740000009536743,4.139999866485596,3.6600000858306885,3.9800000190734863,3.9800000190734863,225500
2009-08-07,4.070000171661377,4.139999866485596,3.869999885559082,3.890000104904175,3.890000104904175,289400
2009-08-10,4.150000095367432,4.269999980926514,3.9200000762939453,4.03000020980835,4.03000020980835,332700
2009-08-11,4.010000228881836,4.090000152587891,3.9000000953674316,3.950000047683716,3.950000047683716,91200
2009-08-12,3.990000009536743,4.03000020980835,3.9200000762939453,3.940000057220459,3.940000057220459,205000
2009-08-13,4.0,4.03000020980835,3.9100000858306885,4.019999980926514,4.019999980926514,126200
2009-08-14,4.0,4.050000190734863,3.869999885559082,3.9600000381469727,3.9600000381469727,97700
2009-08-17,3.859999895095825,3.990000009536743,3.859999895095825,3.9100000858306885,3.9100000858306885,80200
2009-08-18,3.930000066757202,4.0,3.880000114440918,3.9700000286102295,3.9700000286102295,75500
2009-08-19,3.9700000286102295,4.010000228881836,3.799999952316284,4.0,4.0,87100
2009-08-20,4.0,4.099999904632568,3.990000009536743,4.059999942779541,4.059999942779541,131400
2009-08-21,4.079999923706055,4.440000057220459,4.059999942779541,4.309999942779541,4.309999942779541,203600
2009-08-24,4.340000152587891,4.489999771118164,4.320000171661377,4.369999885559082,4.369999885559082,60600
2009-08-25,4.389999866485596,4.5,4.340000152587891,4.46999979019165,4.46999979019165,99700
2009-08-26,4.460000038146973,4.610000133514404,4.340000152587891,4.539999961853027,4.539999961853027,82900
2009-08-27,4.590000152587891,4.659999847412109,4.449999809265137,4.559999942779541,4.559999942779541,127700
2009-08-28,4.570000171661377,4.570000171661377,4.28000020980835,4.289999961853027,4.289999961853027,91700
2009-08-31,4.230000019073486,4.309999942779541,3.9200000762939453,4.010000228881836,4.010000228881836,186000
2009-09-01,3.9600000381469727,4.03000020980835,3.740000009536743,4.0,4.0,198400
2009-09-02,3.9800000190734863,4.130000114440918,3.930000066757202,4.0,4.0,112300
2009-09-03,4.099999904632568,4.239999771118164,4.0,4.210000038146973,4.210000038146973,82700
2009-09-04,4.21999979019165,4.53000020980835,4.150000095367432,4.510000228881836,4.510000228881836,89900
2009-09-08,4.699999809265137,4.880000114440918,4.599999904632568,4.630000114440918,4.630000114440918,155500
2009-09-09,4.639999866485596,5.079999923706055,4.599999904632568,5.0,5.0,124400
2009-09-10,4.980000019073486,5.25,4.809999942779541,5.190000057220459,5.190000057220459,103600
2009-09-11,5.210000038146973,5.230000019073486,5.050000190734863,5.230000019073486,5.230000019073486,53300
2009-09-14,5.190000057220459,5.340000152587891,5.070000171661377,5.329999923706055,5.329999923706055,69500
2009-09-15,5.300000190734863,5.579999923706055,5.210000038146973,5.53000020980835,5.53000020980835,169600
2009-09-16,5.559999942779541,5.929999828338623,5.559999942779541,5.800000190734863,5.800000190734863,634000
2009-09-17,5.809999942779541,6.0,5.78000020980835,5.789999961853027,5.789999961853027,477500
2009-09-18,5.809999942779541,5.880000114440918,5.639999866485596,5.849999904632568,5.849999904632568,188100
2009-09-21,5.800000190734863,5.900000095367432,5.769999980926514,5.800000190734863,5.800000190734863,124100
2009-09-22,5.869999885559082,5.869999885559082,5.760000228881836,5.789999961853027,5.789999961853027,159600
2009-09-23,5.769999980926514,6.0,5.75,5.929999828338623,5.929999828338623,118800
2009-09-24,5.929999828338623,6.0,5.800000190734863,5.909999847412109,5.909999847412109,247700
2009-09-25,5.869999885559082,6.0,5.71999979019165,5.889999866485596,5.889999866485596,214200
2009-09-28,5.909999847412109,6.289999961853027,5.869999885559082,6.150000095367432,6.150000095367432,119600
2009-09-29,6.139999866485596,6.28000020980835,5.929999828338623,6.179999828338623,6.179999828338623,149000
2009-09-30,6.199999809265137,6.199999809265137,5.800000190734863,5.849999904632568,5.849999904632568,244000
2009-10-01,5.820000171661377,5.889999866485596,5.429999828338623,5.480000019073486,5.480000019073486,225500
2009-10-02,5.400000095367432,5.949999809265137,5.25,5.739999771118164,5.739999771118164,144600
2009-10-05,5.789999961853027,6.03000020980835,5.75,6.010000228881836,6.010000228881836,195100
2009-10-06,6.039999961853027,6.570000171661377,6.010000228881836,6.400000095367432,6.400000095367432,318500
2009-10-07,6.349999904632568,6.349999904632568,6.159999847412109,6.190000057220459,6.190000057220459,119300
2009-10-08,6.269999980926514,6.550000190734863,6.150000095367432,6.159999847412109,6.159999847412109,304100
2009-10-09,6.170000076293945,6.449999809265137,6.159999847412109,6.420000076293945,6.420000076293945,155600
2009-10-12,6.46999979019165,6.46999979019165,6.309999942779541,6.309999942779541,6.309999942779541,198800
2009-10-13,6.320000171661377,6.400000095367432,6.25,6.300000190734863,6.300000190734863,144300
2009-10-14,6.400000095367432,6.489999771118164,6.349999904632568,6.440000057220459,6.440000057220459,191400
2009-10-15,6.389999866485596,6.480000019073486,6.25,6.369999885559082,6.369999885559082,98000
2009-10-16,6.320000171661377,6.480000019073486,6.130000114440918,6.260000228881836,6.260000228881836,92800
2009-10-19,6.320000171661377,6.440000057220459,6.25,6.369999885559082,6.369999885559082,55400
2009-10-20,6.329999923706055,6.389999866485596,6.039999961853027,6.099999904632568,6.099999904632568,136600
2009-10-21,6.059999942779541,6.260000228881836,5.659999847412109,5.690000057220459,5.690000057220459,235700
2009-10-22,5.690000057220459,5.840000152587891,5.409999847412109,5.78000020980835,5.78000020980835,191300
2009-10-23,5.769999980926514,5.849999904632568,5.230000019073486,5.300000190734863,5.300000190734863,466700
2009-10-26,5.349999904632568,5.639999866485596,5.150000095367432,5.260000228881836,5.260000228881836,152200
2009-10-27,5.269999980926514,5.570000171661377,5.269999980926514,5.559999942779541,5.559999942779541,109600
2009-10-28,5.53000020980835,6.010000228881836,5.159999847412109,5.909999847412109,5.909999847412109,513300
2009-10-29,5.980000019073486,6.289999961853027,5.909999847412109,6.159999847412109,6.159999847412109,371000
2009-10-30,6.059999942779541,6.170000076293945,5.920000076293945,6.039999961853027,6.039999961853027,276600
2009-11-02,6.079999923706055,6.130000114440918,5.869999885559082,6.050000190734863,6.050000190734863,288200
2009-11-03,6.050000190734863,6.210000038146973,5.71999979019165,6.130000114440918,6.130000114440918,229600
2009-11-04,6.159999847412109,6.190000057220459,5.880000114440918,5.980000019073486,5.980000019073486,178400
2009-11-05,6.079999923706055,6.71999979019165,5.849999904632568,6.699999809265137,6.699999809265137,145700
2009-11-06,6.590000152587891,6.800000190734863,6.400000095367432,6.619999885559082,6.619999885559082,104100
2009-11-09,6.71999979019165,6.71999979019165,6.53000020980835,6.539999961853027,6.539999961853027,107600
2009-11-10,6.480000019073486,6.539999961853027,6.25,6.389999866485596,6.389999866485596,173300
2009-11-11,6.489999771118164,6.579999923706055,6.289999961853027,6.409999847412109,6.409999847412109,226500
2009-11-12,6.389999866485596,6.610000133514404,6.0,6.050000190734863,6.050000190734863,191700
2009-11-13,6.050000190734863,6.25,6.050000190734863,6.179999828338623,6.179999828338623,123100
2009-11-16,6.28000020980835,6.590000152587891,6.159999847412109,6.449999809265137,6.449999809265137,127100
2009-11-17,6.440000057220459,6.550000190734863,6.25,6.349999904632568,6.349999904632568,113000
2009-11-18,6.369999885559082,6.420000076293945,6.349999904632568,6.380000114440918,6.380000114440918,137600
2009-11-19,6.320000171661377,6.329999923706055,6.199999809265137,6.25,6.25,173000
2009-11-20,6.21999979019165,6.460000038146973,6.139999866485596,6.239999771118164,6.239999771118164,144000
2009-11-23,6.360000133514404,6.519999980926514,6.230000019073486,6.28000020980835,6.28000020980835,132200
2009-11-24,6.269999980926514,6.449999809265137,6.159999847412109,6.300000190734863,6.300000190734863,152800
2009-11-25,6.340000152587891,6.400000095367432,6.239999771118164,6.329999923706055,6.329999923706055,113000
2009-11-27,6.039999961853027,6.260000228881836,5.96999979019165,5.96999979019165,5.96999979019165,52800
2009-11-30,5.96999979019165,6.440000057220459,5.829999923706055,6.340000152587891,6.340000152587891,163500
2009-12-01,6.449999809265137,6.599999904632568,6.389999866485596,6.480000019073486,6.480000019073486,356000
2009-12-02,6.46999979019165,6.659999847412109,6.409999847412109,6.579999923706055,6.579999923706055,225800
2009-12-03,6.599999904632568,6.71999979019165,6.510000228881836,6.639999866485596,6.639999866485596,192300
2009-12-04,6.75,7.130000114440918,6.670000076293945,6.920000076293945,6.920000076293945,157600
2009-12-07,6.949999809265137,7.150000095367432,6.909999847412109,7.039999961853027,7.039999961853027,176800
2009-12-08,6.989999771118164,7.28000020980835,6.920000076293945,7.239999771118164,7.239999771118164,187300
2009-12-09,7.260000228881836,7.349999904632568,7.150000095367432,7.289999961853027,7.289999961853027,428700
2009-12-10,7.309999942779541,7.519999980926514,7.25,7.309999942779541,7.309999942779541,300700
2009-12-11,7.349999904632568,7.460000038146973,7.159999847412109,7.28000020980835,7.28000020980835,77300
2009-12-14,7.320000171661377,7.429999828338623,7.25,7.420000076293945,7.420000076293945,150000
2009-12-15,7.369999885559082,7.409999847412109,7.050000190734863,7.050000190734863,7.050000190734863,213000
2009-12-16,7.150000095367432,7.239999771118164,6.96999979019165,7.050000190734863,7.050000190734863,140200
2009-12-17,7.0,7.039999961853027,6.849999904632568,6.940000057220459,6.940000057220459,78600
2009-12-18,7.03000020980835,7.070000171661377,6.920000076293945,7.059999942779541,7.059999942779541,469900
2009-12-21,7.110000133514404,7.269999980926514,7.019999980926514,7.179999828338623,7.179999828338623,80800
2009-12-22,7.179999828338623,7.210000038146973,7.079999923706055,7.119999885559082,7.119999885559082,78000
2009-12-23,7.170000076293945,7.28000020980835,7.099999904632568,7.21999979019165,7.21999979019165,49900
2009-12-24,7.25,7.369999885559082,7.199999809265137,7.320000171661377,7.320000171661377,19900
2009-12-28,7.340000152587891,7.340000152587891,7.070000171661377,7.179999828338623,7.179999828338623,26500
2009-12-29,7.190000057220459,7.199999809265137,6.96999979019165,7.099999904632568,7.099999904632568,58300
2009-12-30,7.070000171661377,7.289999961853027,7.0,7.199999809265137,7.199999809265137,115500
2009-12-31,7.21999979019165,7.320000171661377,7.099999904632568,7.150000095367432,7.150000095367432,109900
2010-01-04,7.329999923706055,7.559999942779541,7.25,7.400000095367432,7.400000095367432,173000
2010-01-05,7.400000095367432,7.489999771118164,6.980000019073486,7.190000057220459,7.190000057220459,145000
2010-01-06,7.190000057220459,7.429999828338623,7.0,7.039999961853027,7.039999961853027,129600
2010-01-07,7.03000020980835,7.46999979019165,7.0,7.400000095367432,7.400000095367432,302700
2010-01-08,7.360000133514404,7.420000076293945,7.239999771118164,7.409999847412109,7.409999847412109,139800
2010-01-11,7.489999771118164,7.590000152587891,7.320000171661377,7.409999847412109,7.409999847412109,112500
2010-01-12,7.409999847412109,7.440000057220459,7.159999847412109,7.199999809265137,7.199999809265137,84900
2010-01-13,7.230000019073486,7.340000152587891,7.059999942779541,7.179999828338623,7.179999828338623,115500
2010-01-14,7.159999847412109,7.340000152587891,6.96999979019165,7.159999847412109,7.159999847412109,161800
2010-01-15,7.199999809265137,7.230000019073486,6.960000038146973,7.139999866485596,7.139999866485596,253500
2010-01-19,7.179999828338623,7.340000152587891,7.0,7.25,7.25,172200
2010-01-20,7.159999847412109,7.159999847412109,6.96999979019165,7.0,7.0,150100
2010-01-21,7.039999961853027,7.190000057220459,6.920000076293945,7.0,7.0,272800
2010-01-22,7.010000228881836,7.110000133514404,6.949999809265137,6.980000019073486,6.980000019073486,190100
2010-01-25,7.099999904632568,7.099999904632568,6.909999847412109,6.980000019073486,6.980000019073486,164200
2010-01-26,6.949999809265137,7.0,6.900000095367432,6.900000095367432,6.900000095367432,98700
2010-01-27,6.900000095367432,7.400000095367432,6.829999923706055,7.130000114440918,7.130000114440918,241200
2010-01-28,7.159999847412109,7.159999847412109,6.880000114440918,6.929999828338623,6.929999828338623,168000
2010-01-29,6.960000038146973,7.170000076293945,6.880000114440918,6.980000019073486,6.980000019073486,242000
2010-02-01,7.019999980926514,7.079999923706055,6.929999828338623,7.010000228881836,7.010000228881836,167300
2010-02-02,7.0,7.079999923706055,6.900000095367432,7.010000228881836,7.010000228881836,152600
2010-02-03,6.980000019073486,7.070000171661377,6.860000133514404,6.989999771118164,6.989999771118164,126700
2010-02-04,6.909999847412109,6.949999809265137,6.730000019073486,6.78000020980835,6.78000020980835,176000
2010-02-05,6.789999961853027,6.809999942779541,6.550000190734863,6.650000095367432,6.650000095367432,78200
2010-02-08,6.630000114440918,6.71999979019165,6.510000228881836,6.570000171661377,6.570000171661377,75300
2010-02-09,6.699999809265137,6.860000133514404,6.53000020980835,6.760000228881836,6.760000228881836,98900
2010-02-10,6.699999809265137,6.860000133514404,6.570000171661377,6.670000076293945,6.670000076293945,115700
2010-02-11,6.670000076293945,6.869999885559082,6.599999904632568,6.840000152587891,6.840000152587891,196300
2010-02-12,6.739999771118164,7.019999980926514,6.739999771118164,6.989999771118164,6.989999771118164,157600
2010-02-16,7.039999961853027,7.300000190734863,6.960000038146973,7.289999961853027,7.289999961853027,89500
2010-02-17,7.340000152587891,7.360000133514404,7.03000020980835,7.28000020980835,7.28000020980835,75000
2010-02-18,7.25,7.28000020980835,6.940000057220459,7.170000076293945,7.170000076293945,72600
2010-02-19,7.159999847412109,7.489999771118164,7.139999866485596,7.340000152587891,7.340000152587891,103000
2010-02-22,7.389999866485596,7.480000019073486,6.900000095367432,6.960000038146973,6.960000038146973,90800
2010-02-23,6.949999809265137,7.010000228881836,6.75,6.840000152587891,6.840000152587891,98800
2010-02-24,6.860000133514404,7.0,6.78000020980835,6.869999885559082,6.869999885559082,67400
2010-02-25,6.789999961853027,6.860000133514404,6.75,6.800000190734863,6.800000190734863,183400
2010-02-26,6.789999961853027,6.789999961853027,6.46999979019165,6.590000152587891,6.590000152587891,86200
2010-03-01,6.630000114440918,7.039999961853027,6.630000114440918,7.03000020980835,7.03000020980835,101600
2010-03-02,7.050000190734863,7.239999771118164,6.929999828338623,6.949999809265137,6.949999809265137,220900
2010-03-03,6.989999771118164,7.079999923706055,6.78000020980835,6.889999866485596,6.889999866485596,92200
2010-03-04,6.900000095367432,7.019999980926514,6.840000152587891,6.989999771118164,6.989999771118164,48800
2010-03-05,7.03000020980835,7.03000020980835,6.929999828338623,6.980000019073486,6.980000019073486,450600
2010-03-08,6.96999979019165,7.019999980926514,6.949999809265137,6.989999771118164,6.989999771118164,51000
2010-03-09,6.940000057220459,7.019999980926514,6.860000133514404,7.0,7.0,71000
2010-03-10,6.980000019073486,7.090000152587891,6.889999866485596,7.059999942779541,7.059999942779541,133700
2010-03-11,6.980000019073486,7.289999961853027,6.840000152587891,7.25,7.25,86100
2010-03-12,7.269999980926514,7.360000133514404,7.019999980926514,7.349999904632568,7.349999904632568,86100
2010-03-15,7.309999942779541,7.389999866485596,7.300000190734863,7.340000152587891,7.340000152587891,42700
2010-03-16,7.380000114440918,7.380000114440918,7.269999980926514,7.369999885559082,7.369999885559082,37200
2010-03-17,7.389999866485596,7.639999866485596,7.159999847412109,7.570000171661377,7.570000171661377,56900
2010-03-18,7.570000171661377,7.78000020980835,7.320000171661377,7.659999847412109,7.659999847412109,79200
2010-03-19,7.71999979019165,7.760000228881836,7.210000038146973,7.400000095367432,7.400000095367432,257300
2010-03-22,7.309999942779541,7.760000228881836,7.309999942779541,7.670000076293945,7.670000076293945,82900
2010-03-23,7.699999809265137,7.869999885559082,7.699999809265137,7.840000152587891,7.840000152587891,203700
2010-03-24,7.800000190734863,7.889999866485596,7.690000057220459,7.739999771118164,7.739999771118164,138700
2010-03-25,7.829999923706055,7.829999923706055,7.460000038146973,7.5,7.5,86900
2010-03-26,7.53000020980835,7.610000133514404,7.440000057220459,7.460000038146973,7.460000038146973,61600
2010-03-29,7.489999771118164,7.599999904632568,7.210000038146973,7.260000228881836,7.260000228881836,93900
2010-03-30,7.300000190734863,7.429999828338623,7.119999885559082,7.300000190734863,7.300000190734863,78100
2010-03-31,7.230000019073486,7.670000076293945,7.130000114440918,7.130000114440918,7.130000114440918,220700
2010-04-01,7.21999979019165,7.369999885559082,6.909999847412109,7.139999866485596,7.139999866485596,179300
2010-04-05,7.199999809265137,7.75,7.179999828338623,7.75,7.75,135200
2010-04-06,7.670000076293945,7.730000019073486,7.389999866485596,7.559999942779541,7.559999942779541,66700
2010-04-07,7.53000020980835,7.599999904632568,7.25,7.409999847412109,7.409999847412109,135100
2010-04-08,7.349999904632568,7.489999771118164,7.190000057220459,7.380000114440918,7.380000114440918,154000
2010-04-09,7.349999904632568,7.349999904632568,6.980000019073486,7.070000171661377,7.070000171661377,127100
2010-04-12,7.050000190734863,7.119999885559082,7.0,7.050000190734863,7.050000190734863,153000
2010-04-13,7.059999942779541,7.110000133514404,7.0,7.110000133514404,7.110000133514404,31600
2010-04-14,7.139999866485596,7.159999847412109,7.059999942779541,7.150000095367432,7.150000095367432,99300
2010-04-15,7.119999885559082,7.25,7.099999904632568,7.21999979019165,7.21999979019165,37500
2010-04-16,7.210000038146973,7.300000190734863,7.099999904632568,7.179999828338623,7.179999828338623,146100
2010-04-19,7.119999885559082,7.21999979019165,6.820000171661377,7.110000133514404,7.110000133514404,85800
2010-04-20,7.130000114440918,7.199999809265137,6.940000057220459,7.079999923706055,7.079999923706055,62300
2010-04-21,7.070000171661377,7.170000076293945,6.980000019073486,7.079999923706055,7.079999923706055,233200
2010-04-22,6.960000038146973,7.329999923706055,6.960000038146973,7.320000171661377,7.320000171661377,68800
2010-04-23,7.329999923706055,7.329999923706055,7.010000228881836,7.210000038146973,7.210000038146973,154400
2010-04-26,7.179999828338623,7.360000133514404,7.050000190734863,7.099999904632568,7.099999904632568,74900
2010-04-27,7.050000190734863,7.210000038146973,7.0,7.059999942779541,7.059999942779541,224600
2010-04-28,7.110000133514404,7.170000076293945,6.960000038146973,7.150000095367432,7.150000095367432,58200
2010-04-29,7.199999809265137,7.460000038146973,7.019999980926514,7.389999866485596,7.389999866485596,154300
2010-04-30,7.369999885559082,7.369999885559082,7.019999980926514,7.03000020980835,7.03000020980835,155400
2010-05-03,7.039999961853027,7.090000152587891,7.0,7.059999942779541,7.059999942779541,98000
2010-05-04,6.980000019073486,7.170000076293945,6.940000057220459,7.0,7.0,155800
2010-05-05,6.929999828338623,7.0,6.650000095367432,6.670000076293945,6.670000076293945,193600
2010-05-06,6.630000114440918,6.710000038146973,4.170000076293945,6.260000228881836,6.260000228881836,228800
2010-05-07,6.260000228881836,6.449999809265137,5.900000095367432,5.949999809265137,5.949999809265137,285100
2010-05-10,6.289999961853027,6.920000076293945,6.119999885559082,6.239999771118164,6.239999771118164,192200
2010-05-11,6.130000114440918,6.360000133514404,6.03000020980835,6.239999771118164,6.239999771118164,111300
2010-05-12,6.28000020980835,6.480000019073486,6.019999980926514,6.460000038146973,6.460000038146973,136200
2010-05-13,6.400000095367432,6.429999828338623,6.28000020980835,6.400000095367432,6.400000095367432,93200
2010-05-14,6.329999923706055,6.329999923706055,5.940000057220459,5.989999771118164,5.989999771118164,167700
2010-05-17,6.050000190734863,6.050000190734863,5.840000152587891,5.960000038146973,5.960000038146973,209000
2010-05-18,6.039999961853027,6.070000171661377,5.820000171661377,5.860000133514404,5.860000133514404,333100
2010-05-19,5.849999904632568,5.900000095367432,5.610000133514404,5.829999923706055,5.829999923706055,89700
2010-05-20,5.650000095367432,5.739999771118164,5.480000019073486,5.53000020980835,5.53000020980835,160400
2010-05-21,5.420000076293945,5.570000171661377,5.210000038146973,5.510000228881836,5.510000228881836,343600
2010-05-24,5.489999771118164,5.579999923706055,5.340000152587891,5.480000019073486,5.480000019073486,111000
2010-05-25,5.329999923706055,5.420000076293945,5.159999847412109,5.28000020980835,5.28000020980835,105200
2010-05-26,5.309999942779541,5.579999923706055,5.199999809265137,5.309999942779541,5.309999942779541,92600
2010-05-27,5.460000038146973,5.670000076293945,5.28000020980835,5.650000095367432,5.650000095367432,92400
2010-05-28,5.610000133514404,5.610000133514404,5.440000057220459,5.53000020980835,5.53000020980835,63500
2010-06-01,5.460000038146973,5.539999961853027,5.130000114440918,5.260000228881836,5.260000228881836,191100
2010-06-02,5.269999980926514,5.449999809265137,5.019999980926514,5.400000095367432,5.400000095367432,140200
2010-06-03,5.380000114440918,5.550000190734863,5.199999809265137,5.440000057220459,5.440000057220459,60200
2010-06-04,5.25,5.289999961853027,4.960000038146973,4.989999771118164,4.989999771118164,171800
2010-06-07,5.010000228881836,5.110000133514404,4.909999847412109,4.909999847412109,4.909999847412109,151500
2010-06-08,4.920000076293945,5.050000190734863,4.71999979019165,4.71999979019165,4.71999979019165,90900
2010-06-09,4.789999961853027,4.920000076293945,4.650000095367432,4.769999980926514,4.769999980926514,122000
2010-06-10,4.869999885559082,5.019999980926514,4.730000019073486,4.96999979019165,4.96999979019165,182100
2010-06-11,4.880000114440918,5.159999847412109,4.880000114440918,5.150000095367432,5.150000095367432,103100
2010-06-14,5.210000038146973,5.449999809265137,5.179999828338623,5.199999809265137,5.199999809265137,151800
2010-06-15,5.28000020980835,5.599999904632568,5.159999847412109,5.550000190734863,5.550000190734863,105000
2010-06-16,5.5,5.579999923706055,5.340000152587891,5.5,5.5,51500
2010-06-17,5.519999980926514,5.570000171661377,5.309999942779541,5.550000190734863,5.550000190734863,48100
2010-06-18,5.599999904632568,5.599999904632568,5.389999866485596,5.510000228881836,5.510000228881836,143400
2010-06-21,5.590000152587891,5.650000095367432,5.230000019073486,5.329999923706055,5.329999923706055,53800
2010-06-22,5.369999885559082,5.550000190734863,5.199999809265137,5.239999771118164,5.239999771118164,96600
2010-06-23,5.25,5.25,5.059999942779541,5.150000095367432,5.150000095367432,303900
2010-06-24,5.090000152587891,5.21999979019165,5.090000152587891,5.139999866485596,5.139999866485596,45400
2010-06-25,5.159999847412109,5.400000095367432,5.099999904632568,5.289999961853027,5.289999961853027,267500
2010-06-28,5.309999942779541,5.389999866485596,5.159999847412109,5.210000038146973,5.210000038146973,103000
2010-06-29,5.090000152587891,5.190000057220459,4.809999942779541,4.900000095367432,4.900000095367432,180900
2010-06-30,4.889999866485596,5.090000152587891,4.889999866485596,5.03000020980835,5.03000020980835,94900
2010-07-01,5.010000228881836,5.130000114440918,4.880000114440918,4.96999979019165,4.96999979019165,82700
2010-07-02,5.03000020980835,5.110000133514404,4.880000114440918,4.889999866485596,4.889999866485596,96300
2010-07-06,5.0,5.119999885559082,4.789999961853027,4.829999923706055,4.829999923706055,94500
2010-07-07,4.869999885559082,5.099999904632568,4.760000228881836,5.099999904632568,5.099999904632568,93000
2010-07-08,5.170000076293945,5.230000019073486,5.039999961853027,5.199999809265137,5.199999809265137,57400
2010-07-09,5.179999828338623,5.389999866485596,5.119999885559082,5.369999885559082,5.369999885559082,49500
2010-07-12,5.360000133514404,5.429999828338623,5.139999866485596,5.179999828338623,5.179999828338623,63100
2010-07-13,5.289999961853027,5.289999961853027,5.139999866485596,5.179999828338623,5.179999828338623,104000
2010-07-14,5.139999866485596,5.179999828338623,5.010000228881836,5.010000228881836,5.010000228881836,67400
2010-07-15,5.010000228881836,5.090000152587891,4.880000114440918,4.980000019073486,4.980000019073486,125600
2010-07-16,4.920000076293945,4.980000019073486,4.389999866485596,4.429999828338623,4.429999828338623,472700
2010-07-19,4.449999809265137,4.809999942779541,4.309999942779541,4.389999866485596,4.389999866485596,56000
2010-07-20,4.309999942779541,4.360000133514404,4.21999979019165,4.340000152587891,4.340000152587891,86000
2010-07-21,4.369999885559082,4.769999980926514,4.369999885559082,4.480000019073486,4.480000019073486,142500
2010-07-22,4.550000190734863,4.889999866485596,4.550000190734863,4.849999904632568,4.849999904632568,78800
2010-07-23,4.800000190734863,5.050000190734863,4.800000190734863,4.96999979019165,4.96999979019165,91600
2010-07-26,4.96999979019165,5.090000152587891,4.849999904632568,5.050000190734863,5.050000190734863,98600
2010-07-27,5.119999885559082,5.159999847412109,4.909999847412109,4.920000076293945,4.920000076293945,84800
2010-07-28,4.920000076293945,4.920000076293945,4.679999828338623,4.699999809265137,4.699999809265137,50500
2010-07-29,4.739999771118164,4.800000190734863,4.550000190734863,4.590000152587891,4.590000152587891,65900
2010-07-30,4.489999771118164,4.949999809265137,4.489999771118164,4.829999923706055,4.829999923706055,133600
2010-08-02,4.929999828338623,5.079999923706055,4.739999771118164,5.03000020980835,5.03000020980835,106000
2010-08-03,5.010000228881836,5.5,4.960000038146973,5.420000076293945,5.420000076293945,127200
2010-08-04,5.440000057220459,5.75,5.440000057220459,5.739999771118164,5.739999771118164,100100
2010-08-05,5.659999847412109,5.659999847412109,5.269999980926514,5.28000020980835,5.28000020980835,54000
2010-08-06,5.199999809265137,5.460000038146973,5.119999885559082,5.420000076293945,5.420000076293945,63300
2010-08-09,5.489999771118164,5.670000076293945,5.460000038146973,5.579999923706055,5.579999923706055,73500
2010-08-10,5.489999771118164,5.550000190734863,5.269999980926514,5.409999847412109,5.409999847412109,115800
2010-08-11,5.269999980926514,5.5,5.269999980926514,5.440000057220459,5.440000057220459,118300
2010-08-12,5.320000171661377,5.5,5.320000171661377,5.429999828338623,5.429999828338623,66000
2010-08-13,5.389999866485596,5.449999809265137,5.050000190734863,5.090000152587891,5.090000152587891,90600
2010-08-16,5.039999961853027,5.090000152587891,4.849999904632568,4.940000057220459,4.940000057220459,44600
2010-08-17,5.019999980926514,5.119999885559082,4.900000095367432,4.949999809265137,4.949999809265137,62800
2010-08-18,4.949999809265137,4.96999979019165,4.769999980926514,4.820000171661377,4.820000171661377,63600
2010-08-19,4.78000020980835,4.800000190734863,4.489999771118164,4.599999904632568,4.599999904632568,144000
2010-08-20,4.559999942779541,4.679999828338623,4.519999980926514,4.639999866485596,4.639999866485596,73000
2010-08-23,4.670000076293945,4.789999961853027,4.599999904632568,4.650000095367432,4.650000095367432,112300
2010-08-24,4.579999923706055,4.760000228881836,4.400000095367432,4.650000095367432,4.650000095367432,96500
2010-08-25,4.630000114440918,4.78000020980835,4.570000171661377,4.75,4.75,45500
2010-08-26,4.760000228881836,4.860000133514404,4.590000152587891,4.639999866485596,4.639999866485596,52900
2010-08-27,4.71999979019165,4.71999979019165,4.380000114440918,4.480000019073486,4.480000019073486,206800
2010-08-30,4.440000057220459,4.460000038146973,4.300000190734863,4.300000190734863,4.300000190734863,116500
2010-08-31,4.309999942779541,4.440000057220459,4.179999828338623,4.369999885559082,4.369999885559082,60500
2010-09-01,4.449999809265137,4.690000057220459,4.320000171661377,4.690000057220459,4.690000057220459,91400
2010-09-02,4.639999866485596,4.760000228881836,4.409999847412109,4.760000228881836,4.760000228881836,75700
2010-09-03,4.78000020980835,4.980000019073486,4.71999979019165,4.940000057220459,4.940000057220459,115300
2010-09-07,4.929999828338623,4.929999828338623,4.619999885559082,4.679999828338623,4.679999828338623,87000
2010-09-08,4.690000057220459,4.840000152587891,4.670000076293945,4.760000228881836,4.760000228881836,26600
2010-09-09,4.840000152587891,4.920000076293945,4.679999828338623,4.909999847412109,4.909999847412109,55200
2010-09-10,4.920000076293945,4.920000076293945,4.679999828338623,4.710000038146973,4.710000038146973,46000
2010-09-13,4.769999980926514,4.96999979019165,4.659999847412109,4.940000057220459,4.940000057220459,84900
2010-09-14,4.929999828338623,5.059999942779541,4.78000020980835,5.010000228881836,5.010000228881836,90200
2010-09-15,5.0,5.099999904632568,4.989999771118164,5.059999942779541,5.059999942779541,153900
2010-09-16,5.039999961853027,5.079999923706055,4.909999847412109,4.940000057220459,4.940000057220459,61200
2010-09-17,5.019999980926514,5.070000171661377,4.760000228881836,4.960000038146973,4.960000038146973,210600
2010-09-20,4.960000038146973,5.099999904632568,4.940000057220459,5.039999961853027,5.039999961853027,178100
2010-09-21,5.019999980926514,5.130000114440918,4.949999809265137,4.96999979019165,4.96999979019165,144600
2010-09-22,4.929999828338623,4.96999979019165,4.800000190734863,4.940000057220459,4.940000057220459,73000
2010-09-23,4.880000114440918,4.980000019073486,4.670000076293945,4.699999809265137,4.699999809265137,104000
2010-09-24,4.800000190734863,5.010000228881836,4.699999809265137,4.820000171661377,4.820000171661377,385800
2010-09-27,4.829999923706055,4.940000057220459,4.690000057220459,4.880000114440918,4.880000114440918,145500
2010-09-28,4.909999847412109,4.949999809265137,4.78000020980835,4.860000133514404,4.860000133514404,109500
2010-09-29,4.820000171661377,4.989999771118164,4.71999979019165,4.949999809265137,4.949999809265137,111000
2010-09-30,5.0,5.340000152587891,4.989999771118164,5.25,5.25,155900
2010-10-01,5.309999942779541,5.460000038146973,5.059999942779541,5.409999847412109,5.409999847412109,85700
2010-10-04,5.380000114440918,5.460000038146973,5.179999828338623,5.190000057220459,5.190000057220459,87000
2010-10-05,5.269999980926514,5.489999771118164,5.179999828338623,5.389999866485596,5.389999866485596,109400
2010-10-06,5.380000114440918,5.46999979019165,5.269999980926514,5.380000114440918,5.380000114440918,99500
2010-10-07,5.440000057220459,5.440000057220459,5.260000228881836,5.309999942779541,5.309999942779541,46700
2010-10-08,5.309999942779541,5.760000228881836,5.309999942779541,5.670000076293945,5.670000076293945,319200
2010-10-11,5.679999828338623,5.769999980926514,5.53000020980835,5.590000152587891,5.590000152587891,52300
2010-10-12,5.559999942779541,5.559999942779541,5.309999942779541,5.329999923706055,5.329999923706055,70000
2010-10-13,5.349999904632568,5.650000095367432,5.269999980926514,5.590000152587891,5.590000152587891,91400
2010-10-14,5.590000152587891,5.730000019073486,5.440000057220459,5.630000114440918,5.630000114440918,56400
2010-10-15,5.71999979019165,6.0,5.690000057220459,5.699999809265137,5.699999809265137,136800
2010-10-18,5.730000019073486,5.880000114440918,5.639999866485596,5.800000190734863,5.800000190734863,45100
2010-10-19,5.679999828338623,5.760000228881836,5.449999809265137,5.5,5.5,81600
2010-10-20,5.550000190734863,5.699999809265137,5.519999980926514,5.659999847412109,5.659999847412109,45700
2010-10-21,5.710000038146973,5.829999923706055,5.519999980926514,5.739999771118164,5.739999771118164,94000
2010-10-22,5.710000038146973,5.739999771118164,5.610000133514404,5.670000076293945,5.670000076293945,39700
2010-10-25,5.690000057220459,5.760000228881836,5.559999942779541,5.599999904632568,5.599999904632568,84900
2010-10-26,5.539999961853027,5.599999904632568,5.460000038146973,5.5,5.5,62500
2010-10-27,5.440000057220459,5.46999979019165,5.210000038146973,5.400000095367432,5.400000095367432,84200
2010-10-28,5.440000057220459,5.440000057220459,5.25,5.340000152587891,5.340000152587891,111900
2010-10-29,5.320000171661377,5.989999771118164,5.25,5.650000095367432,5.650000095367432,220100
2010-11-01,5.690000057220459,5.690000057220459,5.489999771118164,5.559999942779541,5.559999942779541,140800
2010-11-02,5.650000095367432,5.840000152587891,5.639999866485596,5.829999923706055,5.829999923706055,202100
2010-11-03,5.849999904632568,6.050000190734863,5.409999847412109,6.050000190734863,6.050000190734863,114100
2010-11-04,6.139999866485596,6.489999771118164,6.119999885559082,6.46999979019165,6.46999979019165,165900
2010-11-05,6.489999771118164,6.929999828338623,6.389999866485596,6.860000133514404,6.860000133514404,168200
2010-11-08,6.820000171661377,7.039999961853027,6.820000171661377,7.0,7.0,141400
2010-11-09,6.989999771118164,7.070000171661377,6.940000057220459,7.0,7.0,101000
2010-11-10,7.0,7.179999828338623,6.940000057220459,7.139999866485596,7.139999866485596,203200
2010-11-11,7.03000020980835,7.380000114440918,6.920000076293945,7.340000152587891,7.340000152587891,150100
2010-11-12,7.239999771118164,7.5,7.159999847412109,7.260000228881836,7.260000228881836,347300
2010-11-15,7.300000190734863,7.400000095367432,7.059999942779541,7.230000019073486,7.230000019073486,82400
2010-11-16,7.150000095367432,7.25,6.940000057220459,7.019999980926514,7.019999980926514,218000
2010-11-17,7.019999980926514,7.070000171661377,6.690000057220459,6.699999809265137,6.699999809265137,140600
2010-11-18,6.800000190734863,7.010000228881836,6.650000095367432,6.940000057220459,6.940000057220459,63600
2010-11-19,6.949999809265137,6.949999809265137,6.650000095367432,6.659999847412109,6.659999847412109,93400
2010-11-22,6.610000133514404,6.639999866485596,6.380000114440918,6.460000038146973,6.460000038146973,108600
2010-11-23,6.369999885559082,6.5,6.170000076293945,6.489999771118164,6.489999771118164,63500
2010-11-24,6.579999923706055,7.159999847412109,6.579999923706055,7.139999866485596,7.139999866485596,161900
2010-11-26,7.110000133514404,7.329999923706055,6.96999979019165,7.170000076293945,7.170000076293945,37100
2010-11-29,7.090000152587891,7.119999885559082,6.889999866485596,7.070000171661377,7.070000171661377,91400
2010-11-30,6.96999979019165,7.0,6.730000019073486,6.869999885559082,6.869999885559082,159900
2010-12-01,7.039999961853027,7.300000190734863,6.900000095367432,7.0,7.0,207600
2010-12-02,7.03000020980835,7.179999828338623,6.960000038146973,7.050000190734863,7.050000190734863,109600
2010-12-03,7.019999980926514,7.300000190734863,6.920000076293945,7.239999771118164,7.239999771118164,148300
2010-12-06,7.199999809265137,7.400000095367432,7.199999809265137,7.300000190734863,7.300000190734863,82500
2010-12-07,7.389999866485596,7.590000152587891,7.389999866485596,7.429999828338623,7.429999828338623,126500
2010-12-08,7.480000019073486,7.820000171661377,7.440000057220459,7.789999961853027,7.789999961853027,96900
2010-12-09,7.869999885559082,8.069999694824219,7.860000133514404,7.96999979019165,7.96999979019165,208800
2010-12-10,7.949999809265137,8.109999656677246,7.889999866485596,8.100000381469727,8.100000381469727,95800
2010-12-13,8.119999885559082,8.479999542236328,8.100000381469727,8.420000076293945,8.420000076293945,147600
2010-12-14,8.319999694824219,8.550000190734863,8.25,8.510000228881836,8.510000228881836,147500
2010-12-15,8.5,8.569999694824219,8.329999923706055,8.470000267028809,8.470000267028809,372400
2010-12-16,8.579999923706055,8.6899995803833,8.460000038146973,8.670000076293945,8.670000076293945,94000
2010-12-17,8.699999809265137,8.739999771118164,8.4399995803833,8.630000114440918,8.630000114440918,594100
2010-12-20,8.640000343322754,8.760000228881836,8.270000457763672,8.430000305175781,8.430000305175781,194900
2010-12-21,8.5,8.720000267028809,8.449999809265137,8.649999618530273,8.649999618530273,155100
2010-12-22,8.65999984741211,8.770000457763672,8.479999542236328,8.729999542236328,8.729999542236328,153900
2010-12-23,8.710000038146973,8.760000228881836,8.510000228881836,8.729999542236328,8.729999542236328,46500
2010-12-27,8.720000267028809,8.850000381469727,8.720000267028809,8.819999694824219,8.819999694824219,72800
2010-12-28,8.710000038146973,8.829999923706055,8.609999656677246,8.619999885559082,8.619999885559082,35500
2010-12-29,8.619999885559082,8.739999771118164,8.5,8.520000457763672,8.520000457763672,36100
2010-12-30,8.470000267028809,8.619999885559082,8.279999732971191,8.470000267028809,8.470000267028809,65300
2010-12-31,8.460000038146973,8.460000038146973,8.130000114440918,8.149999618530273,8.149999618530273,84900
2011-01-03,8.25,8.600000381469727,8.180000305175781,8.510000228881836,8.510000228881836,138200
2011-01-04,8.5600004196167,8.5600004196167,7.989999771118164,8.15999984741211,8.15999984741211,187100
2011-01-05,8.119999885559082,8.430000305175781,8.020000457763672,8.399999618530273,8.399999618530273,117400
2011-01-06,8.380000114440918,8.649999618530273,8.380000114440918,8.630000114440918,8.630000114440918,172700
2011-01-07,8.630000114440918,8.789999961853027,8.59000015258789,8.710000038146973,8.710000038146973,242000
2011-01-10,8.649999618530273,9.069999694824219,8.460000038146973,8.84000015258789,8.84000015258789,679700
2011-01-11,8.890000343322754,8.949999809265137,8.5600004196167,8.6899995803833,8.6899995803833,150200
2011-01-12,8.75,8.920000076293945,8.609999656677246,8.699999809265137,8.699999809265137,154900
2011-01-13,8.65999984741211,8.920000076293945,8.569999694824219,8.600000381469727,8.600000381469727,57400
2011-01-14,8.619999885559082,8.84000015258789,8.569999694824219,8.8100004196167,8.8100004196167,61900
2011-01-18,8.75,8.899999618530273,8.579999923706055,8.890000343322754,8.890000343322754,47300
2011-01-19,8.850000381469727,8.850000381469727,8.260000228881836,8.260000228881836,8.260000228881836,141200
2011-01-20,8.140000343322754,8.359999656677246,7.900000095367432,7.900000095367432,7.900000095367432,123600
2011-01-21,8.0600004196167,8.479999542236328,7.820000171661377,7.920000076293945,7.920000076293945,180100
2011-01-24,7.949999809265137,8.119999885559082,7.929999828338623,8.010000228881836,8.010000228881836,70900
2011-01-25,7.949999809265137,8.170000076293945,7.940000057220459,8.119999885559082,8.119999885559082,79600
2011-01-26,8.170000076293945,8.399999618530273,7.949999809265137,8.279999732971191,8.279999732971191,87300
2011-01-27,8.270000457763672,8.59000015258789,8.260000228881836,8.420000076293945,8.420000076293945,66400
2011-01-28,8.390000343322754,8.420000076293945,7.769999980926514,7.769999980926514,7.769999980926514,136200
2011-01-31,7.900000095367432,8.079999923706055,7.789999961853027,7.900000095367432,7.900000095367432,99700
2011-02-01,7.96999979019165,8.359999656677246,7.789999961853027,8.3100004196167,8.3100004196167,150300
2011-02-02,8.25,8.819999694824219,8.25,8.520000457763672,8.520000457763672,134900
2011-02-03,8.479999542236328,8.710000038146973,8.369999885559082,8.529999732971191,8.529999732971191,104400
2011-02-04,8.5,8.699999809265137,8.449999809265137,8.600000381469727,8.600000381469727,93200
2011-02-07,8.59000015258789,8.960000038146973,8.520000457763672,8.850000381469727,8.850000381469727,114100
2011-02-08,8.800000190734863,9.140000343322754,8.609999656677246,8.970000267028809,8.970000267028809,508100
2011-02-09,8.880000114440918,9.069999694824219,8.770000457763672,8.970000267028809,8.970000267028809,93100
2011-02-10,8.890000343322754,9.100000381469727,8.819999694824219,9.020000457763672,9.020000457763672,145800
2011-02-11,8.949999809265137,9.140000343322754,8.859999656677246,9.119999885559082,9.119999885559082,825000
2011-02-14,9.140000343322754,9.199999809265137,8.970000267028809,8.979999542236328,8.979999542236328,115200
2011-02-15,8.9399995803833,9.0,8.59000015258789,8.640000343322754,8.640000343322754,207500
2011-02-16,8.680000305175781,8.880000114440918,8.619999885559082,8.779999732971191,8.779999732971191,75500
2011-02-17,8.75,9.050000190734863,8.670000076293945,8.890000343322754,8.890000343322754,110300
2011-02-18,9.279999732971191,10.649999618530273,9.25,10.40999984741211,10.40999984741211,1172800
2011-02-22,10.3100004196167,10.609999656677246,10.140000343322754,10.34000015258789,10.34000015258789,372200
2011-02-23,10.359999656677246,10.359999656677246,9.75,9.989999771118164,9.989999771118164,317000
2011-02-24,9.989999771118164,10.220000267028809,9.779999732971191,10.0600004196167,10.0600004196167,206400
2011-02-25,10.09000015258789,10.520000457763672,9.899999618530273,10.510000228881836,10.510000228881836,119500
2011-02-28,10.640000343322754,10.869999885559082,10.25,10.5,10.5,139000
2011-03-01,10.520000457763672,10.649999618530273,10.270000457763672,10.329999923706055,10.329999923706055,135700
2011-03-02,10.289999961853027,10.390000343322754,10.079999923706055,10.390000343322754,10.390000343322754,61000
2011-03-03,10.520000457763672,10.699999809265137,10.479999542236328,10.619999885559082,10.619999885559082,96200
2011-03-04,10.600000381469727,10.600000381469727,10.15999984741211,10.289999961853027,10.289999961853027,113500
2011-03-07,10.34000015258789,10.34000015258789,9.6899995803833,9.90999984741211,9.90999984741211,122900
2011-03-08,9.920000076293945,10.239999771118164,9.699999809265137,10.029999732971191,10.029999732971191,168300
2011-03-09,10.029999732971191,10.0600004196167,9.819999694824219,9.970000267028809,9.970000267028809,103400
2011-03-10,9.770000457763672,10.039999961853027,9.630000114440918,9.699999809265137,9.699999809265137,246000
2011-03-11,9.65999984741211,9.989999771118164,9.550000190734863,9.619999885559082,9.619999885559082,146500
2011-03-14,9.449999809265137,9.510000228881836,9.170000076293945,9.239999771118164,9.239999771118164,100600
2011-03-15,8.9399995803833,9.350000381469727,8.890000343322754,9.25,9.25,185600
2011-03-16,9.210000038146973,9.300000190734863,8.899999618530273,8.920000076293945,8.920000076293945,179600
2011-03-17,9.170000076293945,9.229999542236328,8.880000114440918,8.880000114440918,8.880000114440918,76400
2011-03-18,9.0,9.09000015258789,8.90999984741211,9.069999694824219,9.069999694824219,242300
2011-03-21,9.1899995803833,9.8100004196167,9.100000381469727,9.779999732971191,9.779999732971191,126600
2011-03-22,9.819999694824219,9.989999771118164,9.390000343322754,9.390000343322754,9.390000343322754,142200
2011-03-23,9.380000114440918,9.460000038146973,9.119999885559082,9.1899995803833,9.1899995803833,145900
2011-03-24,9.300000190734863,9.449999809265137,9.109999656677246,9.140000343322754,9.140000343322754,215100
2011-03-25,9.239999771118164,9.3100004196167,8.869999885559082,8.920000076293945,8.920000076293945,219900
2011-03-28,8.949999809265137,9.039999961853027,8.789999961853027,8.8100004196167,8.8100004196167,81600
2011-03-29,8.789999961853027,9.010000228881836,8.760000228881836,9.0,9.0,108000
2011-03-30,9.0600004196167,9.460000038146973,8.989999771118164,9.399999618530273,9.399999618530273,89100
2011-03-31,9.34000015258789,9.520000457763672,9.300000190734863,9.460000038146973,9.460000038146973,115300
2011-04-01,9.5600004196167,10.470000267028809,9.550000190734863,9.989999771118164,9.989999771118164,289600
2011-04-04,10.0600004196167,10.289999961853027,10.010000228881836,10.09000015258789,10.09000015258789,294700
2011-04-05,10.039999961853027,10.069999694824219,9.789999961853027,9.869999885559082,9.869999885559082,207500
2011-04-06,9.90999984741211,10.170000076293945,9.729999542236328,10.020000457763672,10.020000457763672,106800
2011-04-07,10.020000457763672,10.109999656677246,9.890000343322754,9.920000076293945,9.920000076293945,103200
2011-04-08,10.020000457763672,10.020000457763672,9.5,9.640000343322754,9.640000343322754,111600
2011-04-11,9.630000114440918,9.6899995803833,9.300000190734863,9.369999885559082,9.369999885559082,102800
2011-04-12,9.25,9.25,8.819999694824219,8.819999694824219,8.819999694824219,381700
2011-04-13,8.890000343322754,9.029999732971191,8.800000190734863,8.800000190734863,8.800000190734863,178800
2011-04-14,8.670000076293945,8.970000267028809,8.630000114440918,8.930000305175781,8.930000305175781,80400
2011-04-15,8.989999771118164,8.989999771118164,8.75,8.9399995803833,8.9399995803833,173600
2011-04-18,8.710000038146973,8.710000038146973,8.0600004196167,8.199999809265137,8.199999809265137,292700
2011-04-19,8.270000457763672,9.140000343322754,8.25,9.010000228881836,9.010000228881836,326100
2011-04-20,9.229999542236328,9.470000267028809,9.020000457763672,9.390000343322754,9.390000343322754,274600
2011-04-21,9.520000457763672,9.520000457763672,9.09000015258789,9.210000038146973,9.210000038146973,93600
2011-04-25,9.15999984741211,9.399999618530273,8.869999885559082,8.949999809265137,8.949999809265137,131900
2011-04-26,9.010000228881836,9.140000343322754,8.800000190734863,9.079999923706055,9.079999923706055,300400
2011-04-27,9.050000190734863,9.260000228881836,8.8100004196167,9.130000114440918,9.130000114440918,118000
2011-04-28,9.079999923706055,9.210000038146973,8.90999984741211,9.210000038146973,9.210000038146973,84000
2011-04-29,10.59000015258789,11.670000076293945,10.239999771118164,10.989999771118164,10.989999771118164,746000
2011-05-02,11.079999923706055,11.199999809265137,10.75,10.84000015258789,10.84000015258789,318800
2011-05-03,10.760000228881836,11.0,10.550000190734863,10.640000343322754,10.640000343322754,245000
2011-05-04,10.720000267028809,10.890000343322754,10.539999961853027,10.670000076293945,10.670000076293945,177900
2011-05-05,10.569999694824219,11.020000457763672,10.390000343322754,10.4399995803833,10.4399995803833,160800
2011-05-06,10.640000343322754,10.779999732971191,10.25,10.359999656677246,10.359999656677246,105000
2011-05-09,10.3100004196167,11.069999694824219,10.300000190734863,11.020000457763672,11.020000457763672,183000
2011-05-10,11.109999656677246,11.420000076293945,10.899999618530273,11.100000381469727,11.100000381469727,213900
2011-05-11,11.010000228881836,11.010000228881836,10.470000267028809,10.539999961853027,10.539999961853027,218000
2011-05-12,10.5,10.930000305175781,10.199999809265137,10.930000305175781,10.930000305175781,169500
2011-05-13,10.899999618530273,10.899999618530273,10.539999961853027,10.619999885559082,10.619999885559082,135000
2011-05-16,10.5,10.6899995803833,10.170000076293945,10.170000076293945,10.170000076293945,132900
2011-05-17,10.050000190734863,10.3100004196167,10.039999961853027,10.210000038146973,10.210000038146973,157100
2011-05-18,10.25,10.300000190734863,9.979999542236328,10.260000228881836,10.260000228881836,174500
2011-05-19,10.380000114440918,10.40999984741211,9.9399995803833,10.239999771118164,10.239999771118164,121000
2011-05-20,10.149999618530273,10.239999771118164,9.930000305175781,10.09000015258789,10.09000015258789,149200
2011-05-23,9.819999694824219,10.079999923706055,9.75,9.75,9.75,160200
2011-05-24,9.829999923706055,9.859999656677246,9.380000114440918,9.550000190734863,9.550000190734863,161600
2011-05-25,9.5,9.869999885559082,9.5,9.739999771118164,9.739999771118164,238900
2011-05-26,10.0,10.539999961853027,9.850000381469727,10.4399995803833,10.4399995803833,282100
2011-05-27,10.510000228881836,11.079999923706055,10.460000038146973,10.949999809265137,10.949999809265137,261200
2011-05-31,11.199999809265137,11.350000381469727,10.720000267028809,11.170000076293945,11.170000076293945,503100
2011-06-01,11.199999809265137,11.25,10.350000381469727,10.510000228881836,10.510000228881836,570500
2011-06-02,10.520000457763672,10.829999923706055,10.399999618530273,10.680000305175781,10.680000305175781,127100
2011-06-03,10.420000076293945,10.489999771118164,9.979999542236328,9.979999542236328,9.979999542236328,165000
2011-06-06,9.979999542236328,10.119999885559082,9.640000343322754,9.65999984741211,9.65999984741211,175500
2011-06-07,9.760000228881836,9.899999618530273,9.5600004196167,9.65999984741211,9.65999984741211,105800
2011-06-08,9.579999923706055,9.800000190734863,9.289999961853027,9.479999542236328,9.479999542236328,223500
2011-06-09,9.5,9.5,9.140000343322754,9.319999694824219,9.319999694824219,187000
2011-06-10,9.229999542236328,9.520000457763672,9.130000114440918,9.319999694824219,9.319999694824219,145700
2011-06-13,9.369999885559082,9.489999771118164,9.1899995803833,9.220000267028809,9.220000267028809,94800
2011-06-14,9.399999618530273,9.779999732971191,9.270000457763672,9.680000305175781,9.680000305175781,147100
2011-06-15,9.5600004196167,9.5600004196167,9.0600004196167,9.079999923706055,9.079999923706055,238000
2011-06-16,9.119999885559082,9.470000267028809,9.010000228881836,9.170000076293945,9.170000076293945,108000
2011-06-17,9.260000228881836,9.479999542236328,9.079999923706055,9.3100004196167,9.3100004196167,209500
2011-06-20,9.3100004196167,9.619999885559082,9.3100004196167,9.449999809265137,9.449999809265137,65700
2011-06-21,9.59000015258789,9.859999656677246,9.390000343322754,9.569999694824219,9.569999694824219,133400
2011-06-22,9.470000267028809,9.84000015258789,9.369999885559082,9.430000305175781,9.430000305175781,131500
2011-06-23,9.229999542236328,9.430000305175781,9.050000190734863,9.380000114440918,9.380000114440918,104300
2011-06-24,9.399999618530273,9.420000076293945,9.069999694824219,9.25,9.25,220200
2011-06-27,9.270000457763672,9.800000190734863,9.100000381469727,9.75,9.75,166500
2011-06-28,9.800000190734863,9.800000190734863,9.5600004196167,9.619999885559082,9.619999885559082,132500
2011-06-29,9.670000076293945,9.670000076293945,9.300000190734863,9.460000038146973,9.460000038146973,217200
2011-06-30,9.510000228881836,9.859999656677246,9.350000381469727,9.829999923706055,9.829999923706055,137000
2011-07-01,9.829999923706055,10.359999656677246,9.630000114440918,10.279999732971191,10.279999732971191,160200
2011-07-05,10.319999694824219,10.630000114440918,9.800000190734863,10.609999656677246,10.609999656677246,120100
2011-07-06,10.5600004196167,10.770000457763672,10.40999984741211,10.59000015258789,10.59000015258789,94900
2011-07-07,10.779999732971191,10.9399995803833,10.670000076293945,10.789999961853027,10.789999961853027,107500
2011-07-08,10.5,10.609999656677246,10.140000343322754,10.420000076293945,10.420000076293945,101200
2011-07-11,10.1899995803833,10.300000190734863,9.859999656677246,9.979999542236328,9.979999542236328,213300
2011-07-12,9.930000305175781,10.34000015258789,9.800000190734863,10.050000190734863,10.050000190734863,82200
2011-07-13,10.119999885559082,10.359999656677246,9.890000343322754,10.09000015258789,10.09000015258789,103900
2011-07-14,10.09000015258789,10.130000114440918,9.59000015258789,9.649999618530273,9.649999618530273,320200
2011-07-15,9.680000305175781,10.069999694824219,9.649999618530273,9.6899995803833,9.6899995803833,279700
2011-07-18,9.630000114440918,9.789999961853027,9.5,9.710000038146973,9.710000038146973,70300
2011-07-19,9.829999923706055,10.0,9.600000381469727,9.850000381469727,9.850000381469727,111100
2011-07-20,9.869999885559082,9.869999885559082,9.600000381469727,9.609999656677246,9.609999656677246,181500
2011-07-21,9.850000381469727,10.789999961853027,9.819999694824219,10.65999984741211,10.65999984741211,544300
2011-07-22,10.65999984741211,11.25,10.430000305175781,10.90999984741211,10.90999984741211,375400
2011-07-25,10.710000038146973,11.15999984741211,10.420000076293945,10.869999885559082,10.869999885559082,139900
2011-07-26,10.899999618530273,10.970000267028809,10.59000015258789,10.75,10.75,199800
2011-07-27,10.670000076293945,10.670000076293945,10.0600004196167,10.239999771118164,10.239999771118164,256900
2011-07-28,10.270000457763672,10.380000114440918,10.100000381469727,10.319999694824219,10.319999694824219,135400
2011-07-29,10.050000190734863,10.460000038146973,10.050000190734863,10.199999809265137,10.199999809265137,138000
2011-08-01,10.359999656677246,10.59000015258789,9.970000267028809,10.149999618530273,10.149999618530273,178700
2011-08-02,10.0,10.130000114440918,9.630000114440918,9.789999961853027,9.789999961853027,270300
2011-08-03,9.899999618530273,10.109999656677246,9.510000228881836,10.09000015258789,10.09000015258789,306300
2011-08-04,10.899999618530273,11.0,10.0,10.020000457763672,10.020000457763672,686900
2011-08-05,10.270000457763672,10.579999923706055,8.970000267028809,9.770000457763672,9.770000457763672,411200
2011-08-08,9.229999542236328,9.619999885559082,8.449999809265137,8.460000038146973,8.460000038146973,397000
2011-08-09,8.84000015258789,9.029999732971191,7.550000190734863,8.800000190734863,8.800000190734863,350300
2011-08-10,8.390000343322754,8.710000038146973,8.119999885559082,8.170000076293945,8.170000076293945,190400
2011-08-11,8.229999542236328,8.760000228881836,8.0600004196167,8.470000267028809,8.470000267028809,318900
2011-08-12,8.600000381469727,8.600000381469727,8.0600004196167,8.279999732971191,8.279999732971191,176900
2011-08-15,8.430000305175781,8.84000015258789,8.199999809265137,8.319999694824219,8.319999694824219,253200
2011-08-16,8.149999618530273,8.539999961853027,8.09000015258789,8.40999984741211,8.40999984741211,307600
2011-08-17,8.460000038146973,8.579999923706055,8.260000228881836,8.380000114440918,8.380000114440918,143100
2011-08-18,7.980000019073486,7.980000019073486,7.460000038146973,7.659999847412109,7.659999847412109,240300
2011-08-19,7.380000114440918,7.659999847412109,6.980000019073486,7.309999942779541,7.309999942779541,205400
2011-08-22,7.510000228881836,7.510000228881836,6.869999885559082,6.949999809265137,6.949999809265137,228500
2011-08-23,6.980000019073486,7.53000020980835,6.869999885559082,7.380000114440918,7.380000114440918,374700
2011-08-24,7.380000114440918,7.590000152587891,7.320000171661377,7.559999942779541,7.559999942779541,128000
2011-08-25,7.690000057220459,7.690000057220459,6.989999771118164,7.03000020980835,7.03000020980835,178200
2011-08-26,6.989999771118164,7.389999866485596,6.920000076293945,7.360000133514404,7.360000133514404,157800
2011-08-29,7.5,7.5,7.300000190734863,7.389999866485596,7.389999866485596,340800
2011-08-30,7.309999942779541,7.389999866485596,7.119999885559082,7.289999961853027,7.289999961853027,377100
2011-08-31,7.360000133514404,7.710000038146973,7.349999904632568,7.599999904632568,7.599999904632568,274900
2011-09-01,7.619999885559082,7.710000038146973,7.110000133514404,7.179999828338623,7.179999828338623,187400
2011-09-02,7.03000020980835,7.070000171661377,6.860000133514404,6.880000114440918,6.880000114440918,285600
2011-09-06,6.559999942779541,7.239999771118164,6.409999847412109,6.75,6.75,190600
2011-09-07,6.909999847412109,7.170000076293945,6.800000190734863,7.110000133514404,7.110000133514404,300600
2011-09-08,7.039999961853027,7.050000190734863,6.800000190734863,6.940000057220459,6.940000057220459,230800
2011-09-09,6.820000171661377,6.909999847412109,6.619999885559082,6.71999979019165,6.71999979019165,237100
2011-09-12,6.550000190734863,6.980000019073486,6.550000190734863,6.909999847412109,6.909999847412109,154800
2011-09-13,6.96999979019165,7.300000190734863,6.920000076293945,7.25,7.25,240600
2011-09-14,7.340000152587891,7.519999980926514,7.019999980926514,7.389999866485596,7.389999866485596,229800
2011-09-15,7.510000228881836,7.539999961853027,7.239999771118164,7.539999961853027,7.539999961853027,99700
2011-09-16,7.610000133514404,7.639999866485596,7.429999828338623,7.599999904632568,7.599999904632568,191500
2011-09-19,7.380000114440918,7.550000190734863,7.199999809265137,7.429999828338623,7.429999828338623,141900
2011-09-20,7.440000057220459,7.46999979019165,7.170000076293945,7.170000076293945,7.170000076293945,176600
2011-09-21,7.179999828338623,7.300000190734863,6.760000228881836,6.789999961853027,6.789999961853027,119900
2011-09-22,6.5,6.829999923706055,6.269999980926514,6.760000228881836,6.760000228881836,346800
2011-09-23,6.760000228881836,7.03000020980835,6.670000076293945,7.010000228881836,7.010000228881836,212900
2011-09-26,7.119999885559082,7.320000171661377,6.789999961853027,7.170000076293945,7.170000076293945,284700
2011-09-27,7.400000095367432,7.519999980926514,7.130000114440918,7.369999885559082,7.369999885559082,195900
2011-09-28,7.340000152587891,7.480000019073486,6.889999866485596,6.940000057220459,6.940000057220459,257200
2011-09-29,7.170000076293945,7.380000114440918,6.909999847412109,7.199999809265137,7.199999809265137,237300
2011-09-30,7.03000020980835,7.309999942779541,6.829999923706055,7.070000171661377,7.070000171661377,174200
2011-10-03,6.960000038146973,7.28000020980835,6.75,6.75,6.75,321000
2011-10-04,6.679999828338623,8.010000228881836,6.679999828338623,7.949999809265137,7.949999809265137,371400
2011-10-05,7.920000076293945,8.8100004196167,7.650000095367432,8.640000343322754,8.640000343322754,549500
2011-10-06,8.5,8.5,8.119999885559082,8.34000015258789,8.34000015258789,306400
2011-10-07,8.40999984741211,8.680000305175781,8.239999771118164,8.34000015258789,8.34000015258789,259800
2011-10-10,8.59000015258789,8.869999885559082,8.40999984741211,8.859999656677246,8.859999656677246,153100
2011-10-11,8.720000267028809,8.979999542236328,8.369999885559082,8.84000015258789,8.84000015258789,202100
2011-10-12,8.949999809265137,9.050000190734863,8.729999542236328,8.880000114440918,8.880000114440918,228400
2011-10-13,8.800000190734863,9.0,8.739999771118164,8.930000305175781,8.930000305175781,209400
2011-10-14,9.109999656677246,9.470000267028809,8.9399995803833,9.350000381469727,9.350000381469727,206200
2011-10-17,9.239999771118164,9.279999732971191,8.930000305175781,9.170000076293945,9.170000076293945,202900
2011-10-18,9.3100004196167,9.720000267028809,9.050000190734863,9.510000228881836,9.510000228881836,282600
2011-10-19,9.569999694824219,9.869999885559082,9.380000114440918,9.6899995803833,9.6899995803833,381600
2011-10-20,9.720000267028809,9.859999656677246,9.15999984741211,9.470000267028809,9.470000267028809,214900
2011-10-21,9.6899995803833,9.989999771118164,9.489999771118164,9.829999923706055,9.829999923706055,194100
2011-10-24,9.890000343322754,10.520000457763672,9.720000267028809,10.5,10.5,169900
2011-10-25,10.430000305175781,10.430000305175781,9.819999694824219,9.970000267028809,9.970000267028809,230500
2011-10-26,10.140000343322754,10.319999694824219,9.65999984741211,10.3100004196167,10.3100004196167,251600
2011-10-27,10.5,11.020000457763672,10.270000457763672,10.90999984741211,10.90999984741211,383600
2011-10-28,11.720000267028809,11.899999618530273,10.800000190734863,10.880000114440918,10.880000114440918,379000
2011-10-31,10.609999656677246,11.210000038146973,10.529999732971191,10.75,10.75,216700
2011-11-01,10.199999809265137,10.739999771118164,9.6899995803833,10.0600004196167,10.0600004196167,244200
2011-11-02,10.300000190734863,10.5,9.869999885559082,10.3100004196167,10.3100004196167,229900
2011-11-03,10.489999771118164,10.760000228881836,10.119999885559082,10.6899995803833,10.6899995803833,191300
2011-11-04,10.539999961853027,10.579999923706055,10.1899995803833,10.5600004196167,10.5600004196167,170200
2011-11-07,10.449999809265137,10.670000076293945,10.050000190734863,10.630000114440918,10.630000114440918,218400
2011-11-08,10.739999771118164,11.020000457763672,10.390000343322754,10.970000267028809,10.970000267028809,196600
2011-11-09,10.569999694824219,10.65999984741211,10.319999694824219,10.359999656677246,10.359999656677246,303900
2011-11-10,10.5600004196167,10.880000114440918,10.1899995803833,10.8100004196167,10.8100004196167,280700
2011-11-11,11.0,11.100000381469727,10.869999885559082,10.989999771118164,10.989999771118164,262900
2011-11-14,10.920000076293945,11.050000190734863,10.729999542236328,10.859999656677246,10.859999656677246,144900
2011-11-15,10.779999732971191,11.029999732971191,10.619999885559082,10.979999542236328,10.979999542236328,155900
2011-11-16,10.800000190734863,11.050000190734863,10.5,10.5600004196167,10.5600004196167,252900
2011-11-17,10.5600004196167,10.670000076293945,10.15999984741211,10.390000343322754,10.390000343322754,172600
2011-11-18,10.460000038146973,10.930000305175781,10.380000114440918,10.75,10.75,212400
2011-11-21,10.460000038146973,10.59000015258789,10.0,10.369999885559082,10.369999885559082,207400
2011-11-22,10.329999923706055,10.699999809265137,10.329999923706055,10.479999542236328,10.479999542236328,137500
2011-11-23,10.350000381469727,10.399999618530273,9.920000076293945,9.9399995803833,9.9399995803833,182100
2011-11-25,9.869999885559082,10.050000190734863,9.34000015258789,9.350000381469727,9.350000381469727,83400
2011-11-28,9.770000457763672,10.069999694824219,9.5600004196167,10.0600004196167,10.0600004196167,257100
2011-11-29,10.069999694824219,10.09000015258789,9.6899995803833,9.880000114440918,9.880000114440918,143200
2011-11-30,10.4399995803833,10.930000305175781,10.100000381469727,10.420000076293945,10.420000076293945,1429200
2011-12-01,10.3100004196167,10.399999618530273,9.970000267028809,10.010000228881836,10.010000228881836,300900
2011-12-02,10.25,10.619999885559082,10.180000305175781,10.34000015258789,10.34000015258789,164500
2011-12-05,10.640000343322754,10.720000267028809,10.40999984741211,10.600000381469727,10.600000381469727,242800
2011-12-06,10.630000114440918,10.770000457763672,10.449999809265137,10.65999984741211,10.65999984741211,203100
2011-12-07,10.550000190734863,10.770000457763672,10.180000305175781,10.460000038146973,10.460000038146973,238300
2011-12-08,10.300000190734863,10.359999656677246,10.0600004196167,10.130000114440918,10.130000114440918,200600
2011-12-09,10.170000076293945,10.6899995803833,10.109999656677246,10.619999885559082,10.619999885559082,161500
2011-12-12,10.390000343322754,10.569999694824219,10.050000190734863,10.539999961853027,10.539999961853027,156100
2011-12-13,10.680000305175781,10.899999618530273,10.529999732971191,10.630000114440918,10.630000114440918,219700
2011-12-14,10.470000267028809,10.619999885559082,10.119999885559082,10.300000190734863,10.300000190734863,210100
2011-12-15,10.520000457763672,10.630000114440918,10.3100004196167,10.369999885559082,10.369999885559082,197600
2011-12-16,10.5,10.760000228881836,10.279999732971191,10.350000381469727,10.350000381469727,425300
2011-12-19,10.479999542236328,10.880000114440918,10.229999542236328,10.300000190734863,10.300000190734863,155500
2011-12-20,10.609999656677246,10.989999771118164,10.420000076293945,10.960000038146973,10.960000038146973,188500
2011-12-21,10.899999618530273,11.550000190734863,10.8100004196167,11.420000076293945,11.420000076293945,286900
2011-12-22,11.479999542236328,11.9399995803833,11.479999542236328,11.739999771118164,11.739999771118164,355700
2011-12-23,11.8100004196167,11.8100004196167,11.470000267028809,11.600000381469727,11.600000381469727,127600
2011-12-27,11.510000228881836,11.8100004196167,11.3100004196167,11.649999618530273,11.649999618530273,188400
2011-12-28,11.649999618530273,11.680000305175781,11.229999542236328,11.25,11.25,71200
2011-12-29,11.300000190734863,11.539999961853027,11.300000190734863,11.470000267028809,11.470000267028809,90000
2011-12-30,11.510000228881836,11.550000190734863,11.15999984741211,11.180000305175781,11.180000305175781,154800
2012-01-03,11.529999732971191,11.649999618530273,10.899999618530273,11.020000457763672,11.020000457763672,265100
2012-01-04,10.90999984741211,11.15999984741211,10.65999984741211,11.050000190734863,11.050000190734863,154700
2012-01-05,10.949999809265137,11.15999984741211,10.649999618530273,11.09000015258789,11.09000015258789,109900
2012-01-06,11.09000015258789,11.229999542236328,10.949999809265137,11.079999923706055,11.079999923706055,131800
2012-01-09,11.119999885559082,11.170000076293945,10.729999542236328,11.020000457763672,11.020000457763672,150200
2012-01-10,11.220000267028809,11.300000190734863,11.0600004196167,11.199999809265137,11.199999809265137,176400
2012-01-11,11.149999618530273,11.399999618530273,11.119999885559082,11.300000190734863,11.300000190734863,160100
2012-01-12,11.3100004196167,11.329999923706055,11.109999656677246,11.300000190734863,11.300000190734863,89600
2012-01-13,11.119999885559082,11.279999732971191,11.109999656677246,11.15999984741211,11.15999984741211,102100
2012-01-17,11.289999961853027,11.289999961853027,10.9399995803833,11.109999656677246,11.109999656677246,124300
2012-01-18,11.109999656677246,11.260000228881836,10.850000381469727,11.25,11.25,93200
2012-01-19,11.279999732971191,11.279999732971191,10.989999771118164,11.069999694824219,11.069999694824219,63100
2012-01-20,11.039999961853027,11.329999923706055,10.90999984741211,11.319999694824219,11.319999694824219,77800
2012-01-23,11.279999732971191,11.489999771118164,11.100000381469727,11.4399995803833,11.4399995803833,139500
2012-01-24,11.369999885559082,12.180000305175781,11.020000457763672,11.970000267028809,11.970000267028809,603500
2012-01-25,11.989999771118164,11.989999771118164,11.630000114440918,11.829999923706055,11.829999923706055,129700
2012-01-26,11.890000343322754,12.1899995803833,11.460000038146973,11.5600004196167,11.5600004196167,169500
2012-01-27,11.479999542236328,11.789999961853027,11.380000114440918,11.600000381469727,11.600000381469727,96100
2012-01-30,11.460000038146973,11.5,11.079999923706055,11.3100004196167,11.3100004196167,64700
2012-01-31,11.399999618530273,11.420000076293945,11.010000228881836,11.210000038146973,11.210000038146973,113500
2012-02-01,11.329999923706055,12.100000381469727,11.239999771118164,12.050000190734863,12.050000190734863,292300
2012-02-02,12.079999923706055,12.100000381469727,11.069999694824219,11.319999694824219,11.319999694824219,378800
2012-02-03,11.550000190734863,12.279999732971191,11.5,12.1899995803833,12.1899995803833,262100
2012-02-06,12.100000381469727,12.430000305175781,12.029999732971191,12.1899995803833,12.1899995803833,151600
2012-02-07,12.140000343322754,12.25,11.779999732971191,12.010000228881836,12.010000228881836,177300
2012-02-08,12.050000190734863,12.170000076293945,11.800000190734863,11.859999656677246,11.859999656677246,101900
2012-02-09,11.880000114440918,12.149999618530273,11.789999961853027,11.920000076293945,11.920000076293945,74400
2012-02-10,11.8100004196167,12.0600004196167,11.800000190734863,11.850000381469727,11.850000381469727,93400
2012-02-13,12.039999961853027,12.390000343322754,11.869999885559082,11.9399995803833,11.9399995803833,254700
2012-02-14,12.75,13.9399995803833,12.109999656677246,13.670000076293945,13.670000076293945,1281000
2012-02-15,13.779999732971191,13.949999809265137,13.3100004196167,13.529999732971191,13.529999732971191,436500
2012-02-16,13.59000015258789,14.0,13.529999732971191,13.90999984741211,13.90999984741211,347300
2012-02-17,13.890000343322754,14.0600004196167,13.6899995803833,13.800000190734863,13.800000190734863,286400
2012-02-21,13.869999885559082,14.34000015258789,13.770000457763672,13.770000457763672,13.770000457763672,298900
2012-02-22,13.699999809265137,13.949999809265137,13.460000038146973,13.75,13.75,101900
2012-02-23,13.8100004196167,13.949999809265137,13.609999656677246,13.930000305175781,13.930000305175781,173800
2012-02-24,13.9399995803833,14.079999923706055,13.899999618530273,14.0,14.0,183600
2012-02-27,13.8100004196167,14.319999694824219,13.65999984741211,14.149999618530273,14.149999618530273,123600
2012-02-28,14.199999809265137,14.199999809265137,13.8100004196167,14.0600004196167,14.0600004196167,190500
2012-02-29,14.09000015258789,14.140000343322754,13.739999771118164,13.880000114440918,13.880000114440918,230200
2012-03-01,14.0,14.5,13.6899995803833,14.359999656677246,14.359999656677246,383900
2012-03-02,14.319999694824219,14.319999694824219,13.630000114440918,13.829999923706055,13.829999923706055,282500
2012-03-05,13.75,14.050000190734863,13.649999618530273,13.949999809265137,13.949999809265137,126500
2012-03-06,13.8100004196167,13.829999923706055,13.130000114440918,13.289999961853027,13.289999961853027,346000
2012-03-07,13.399999618530273,13.510000228881836,13.130000114440918,13.479999542236328,13.479999542236328,130400
2012-03-08,13.630000114440918,13.6899995803833,13.279999732971191,13.520000457763672,13.520000457763672,143100
2012-03-09,13.550000190734863,13.680000305175781,13.390000343322754,13.550000190734863,13.550000190734863,209800
2012-03-12,13.529999732971191,13.65999984741211,13.329999923706055,13.399999618530273,13.399999618530273,104700
2012-03-13,13.550000190734863,13.75,13.430000305175781,13.739999771118164,13.739999771118164,136900
2012-03-14,13.680000305175781,13.779999732971191,13.489999771118164,13.680000305175781,13.680000305175781,152200
2012-03-15,13.720000267028809,13.720000267028809,13.180000305175781,13.579999923706055,13.579999923706055,157500
2012-03-16,13.630000114440918,14.050000190734863,13.600000381469727,14.0,14.0,307300
2012-03-19,13.970000267028809,14.34000015258789,13.850000381469727,14.260000228881836,14.260000228881836,170000
2012-03-20,14.140000343322754,14.289999961853027,13.619999885559082,13.680000305175781,13.680000305175781,136600
2012-03-21,17.25,18.25,17.1200008392334,17.31999969482422,17.31999969482422,2745700
2012-03-22,17.25,17.420000076293945,17.049999237060547,17.059999465942383,17.059999465942383,541300
2012-03-23,17.059999465942383,17.239999771118164,16.829999923706055,17.09000015258789,17.09000015258789,524500
2012-03-26,17.299999237060547,18.049999237060547,17.299999237060547,17.799999237060547,17.799999237060547,775700
2012-03-27,17.760000228881836,17.760000228881836,17.290000915527344,17.309999465942383,17.309999465942383,582700
2012-03-28,17.31999969482422,17.610000610351562,17.290000915527344,17.440000534057617,17.440000534057617,256900
2012-03-29,17.3799991607666,17.829999923706055,17.219999313354492,17.520000457763672,17.520000457763672,251600
2012-03-30,17.700000762939453,17.860000610351562,17.290000915527344,17.469999313354492,17.469999313354492,282200
2012-04-02,17.450000762939453,18.200000762939453,17.3700008392334,18.18000030517578,18.18000030517578,389000
2012-04-03,18.190000534057617,18.93000030517578,17.950000762939453,18.739999771118164,18.739999771118164,559000
2012-04-04,18.360000610351562,18.579999923706055,17.899999618530273,18.1299991607666,18.1299991607666,224000
2012-04-05,17.969999313354492,18.6200008392334,17.90999984741211,18.5,18.5,138800
2012-04-09,18.049999237060547,18.049999237060547,17.579999923706055,17.8799991607666,17.8799991607666,178000
2012-04-10,17.899999618530273,17.940000534057617,16.670000076293945,17.030000686645508,17.030000686645508,480100
2012-04-11,17.290000915527344,17.670000076293945,17.15999984741211,17.510000228881836,17.510000228881836,205200
2012-04-12,17.5,18.059999465942383,17.5,17.81999969482422,17.81999969482422,351600
2012-04-13,17.65999984741211,17.829999923706055,17.450000762939453,17.729999542236328,17.729999542236328,175000
2012-04-16,17.809999465942383,17.889999389648438,17.290000915527344,17.420000076293945,17.420000076293945,135200
2012-04-17,17.649999618530273,18.18000030517578,17.639999389648438,17.770000457763672,17.770000457763672,140100
2012-04-18,17.690000534057617,17.90999984741211,17.450000762939453,17.84000015258789,17.84000015258789,158900
2012-04-19,17.780000686645508,17.8700008392334,17.299999237060547,17.329999923706055,17.329999923706055,132500
2012-04-20,17.670000076293945,17.93000030517578,17.200000762939453,17.40999984741211,17.40999984741211,232100
2012-04-23,17.030000686645508,17.15999984741211,16.579999923706055,16.709999084472656,16.709999084472656,320800
2012-04-24,16.690000534057617,16.889999389648438,16.420000076293945,16.520000457763672,16.520000457763672,253800
2012-04-25,16.860000610351562,17.520000457763672,16.739999771118164,17.299999237060547,17.299999237060547,317500
2012-04-26,17.31999969482422,17.93000030517578,17.139999389648438,17.530000686645508,17.530000686645508,220100
2012-04-27,18.049999237060547,19.3700008392334,17.799999237060547,18.979999542236328,18.979999542236328,727900
2012-04-30,19.06999969482422,19.170000076293945,18.59000015258789,18.709999084472656,18.709999084472656,383900
2012-05-01,18.719999313354492,18.959999084472656,17.84000015258789,18.0,18.0,428100
2012-05-02,17.739999771118164,18.15999984741211,17.170000076293945,18.049999237060547,18.049999237060547,254800
2012-05-03,18.040000915527344,18.299999237060547,17.06999969482422,17.25,17.25,235700
2012-05-04,17.09000015258789,17.139999389648438,16.34000015258789,16.649999618530273,16.649999618530273,330700
2012-05-07,16.479999542236328,16.899999618530273,16.3700008392334,16.450000762939453,16.450000762939453,252000
2012-05-08,16.329999923706055,16.799999237060547,15.850000381469727,16.709999084472656,16.709999084472656,375200
2012-05-09,16.40999984741211,16.639999389648438,16.40999984741211,16.489999771118164,16.489999771118164,293000
2012-05-10,16.670000076293945,16.700000762939453,16.420000076293945,16.56999969482422,16.56999969482422,107000
2012-05-11,16.34000015258789,16.790000915527344,16.25,16.3799991607666,16.3799991607666,196700
2012-05-14,16.100000381469727,16.329999923706055,15.850000381469727,15.949999809265137,15.949999809265137,367400
2012-05-15,15.949999809265137,16.450000762939453,15.949999809265137,16.229999542236328,16.229999542236328,121000
2012-05-16,16.270000457763672,16.81999969482422,16.270000457763672,16.5,16.5,177600
2012-05-17,16.469999313354492,16.700000762939453,16.25,16.3700008392334,16.3700008392334,326000
2012-05-18,16.25,16.719999313354492,16.190000534057617,16.290000915527344,16.290000915527344,219200
2012-05-21,16.350000381469727,16.959999084472656,16.15999984741211,16.889999389648438,16.889999389648438,228100
2012-05-22,16.850000381469727,17.229999542236328,16.540000915527344,16.75,16.75,225000
2012-05-23,16.479999542236328,17.229999542236328,16.329999923706055,17.100000381469727,17.100000381469727,664000
2012-05-24,17.1299991607666,17.56999969482422,16.829999923706055,17.25,17.25,192100
2012-05-25,17.209999084472656,17.209999084472656,16.510000228881836,16.639999389648438,16.639999389648438,129400
2012-05-29,16.739999771118164,16.81999969482422,16.5,16.729999542236328,16.729999542236328,373600
2012-05-30,16.479999542236328,16.860000610351562,16.239999771118164,16.510000228881836,16.510000228881836,157200
2012-05-31,16.549999237060547,16.790000915527344,16.25,16.65999984741211,16.65999984741211,284100
2012-06-01,16.15999984741211,16.290000915527344,15.199999809265137,15.239999771118164,15.239999771118164,288700
2012-06-04,15.369999885559082,15.569999694824219,15.0,15.399999618530273,15.399999618530273,175200
2012-06-05,15.229999542236328,15.510000228881836,15.010000228881836,15.3100004196167,15.3100004196167,224100
2012-06-06,15.489999771118164,15.90999984741211,15.289999961853027,15.819999694824219,15.819999694824219,222800
2012-06-07,16.049999237060547,16.059999465942383,15.579999923706055,15.640000343322754,15.640000343322754,108800
2012-06-08,15.569999694824219,15.960000038146973,15.329999923706055,15.920000076293945,15.920000076293945,153300
2012-06-11,16.190000534057617,16.239999771118164,15.399999618530273,15.40999984741211,15.40999984741211,205200
2012-06-12,15.550000190734863,15.829999923706055,15.069999694824219,15.739999771118164,15.739999771118164,168400
2012-06-13,15.710000038146973,15.989999771118164,15.319999694824219,15.489999771118164,15.489999771118164,138000
2012-06-14,15.470000267028809,15.529999732971191,15.180000305175781,15.210000038146973,15.210000038146973,267900
2012-06-15,15.149999618530273,15.829999923706055,15.100000381469727,15.5,15.5,359000
2012-06-18,15.380000114440918,16.06999969482422,15.300000190734863,15.760000228881836,15.760000228881836,189600
2012-06-19,15.84000015258789,16.6200008392334,15.779999732971191,16.290000915527344,16.290000915527344,291800
2012-06-20,16.540000915527344,16.670000076293945,16.100000381469727,16.5,16.5,172400
2012-06-21,16.469999313354492,16.68000030517578,15.59000015258789,15.720000267028809,15.720000267028809,209800
2012-06-22,15.819999694824219,15.970000267028809,15.25,15.380000114440918,15.380000114440918,1893500
2012-06-25,15.100000381469727,15.260000228881836,14.800000190734863,15.109999656677246,15.109999656677246,149900
2012-06-26,15.09000015258789,15.09000015258789,14.5,14.869999885559082,14.869999885559082,205600
2012-06-27,14.829999923706055,15.359999656677246,14.699999809265137,15.199999809265137,15.199999809265137,150100
2012-06-28,14.989999771118164,15.1899995803833,14.479999542236328,14.84000015258789,14.84000015258789,132600
2012-06-29,15.220000267028809,16.0,15.069999694824219,15.960000038146973,15.960000038146973,203100
2012-07-02,16.0,16.139999389648438,15.430000305175781,15.829999923706055,15.829999923706055,268200
2012-07-03,15.8100004196167,16.489999771118164,15.8100004196167,16.459999084472656,16.459999084472656,109200
2012-07-05,16.350000381469727,17.280000686645508,16.239999771118164,17.030000686645508,17.030000686645508,855900
2012-07-06,16.860000610351562,16.920000076293945,16.6299991607666,16.690000534057617,16.690000534057617,198500
2012-07-09,16.6299991607666,16.84000015258789,16.34000015258789,16.540000915527344,16.540000915527344,208400
2012-07-10,16.6299991607666,16.979999542236328,16.549999237060547,16.709999084472656,16.709999084472656,255900
2012-07-11,16.719999313354492,16.799999237060547,16.25,16.5,16.5,144200
2012-07-12,16.309999465942383,16.31999969482422,15.880000114440918,16.149999618530273,16.149999618530273,118500
2012-07-13,16.170000076293945,16.829999923706055,16.170000076293945,16.559999465942383,16.559999465942383,113400
2012-07-16,16.530000686645508,16.530000686645508,16.06999969482422,16.139999389648438,16.139999389648438,69300
2012-07-17,16.329999923706055,16.389999389648438,15.800000190734863,16.200000762939453,16.200000762939453,86400
2012-07-18,16.170000076293945,16.700000762939453,16.049999237060547,16.610000610351562,16.610000610351562,148300
2012-07-19,16.68000030517578,16.700000762939453,16.420000076293945,16.5,16.5,102800
2012-07-20,16.229999542236328,16.350000381469727,15.579999923706055,15.600000381469727,15.600000381469727,140200
2012-07-23,15.170000076293945,15.260000228881836,14.930000305175781,15.1899995803833,15.1899995803833,132200
2012-07-24,15.229999542236328,15.270000457763672,14.5,14.720000267028809,14.720000267028809,141900
2012-07-25,14.800000190734863,14.920000076293945,14.579999923706055,14.819999694824219,14.819999694824219,176600
2012-07-26,15.239999771118164,15.34000015258789,14.59000015258789,15.140000343322754,15.140000343322754,260200
2012-07-27,16.209999084472656,17.209999084472656,15.479999542236328,15.930000305175781,15.930000305175781,827000
2012-07-30,16.030000686645508,16.1299991607666,15.569999694824219,15.789999961853027,15.789999961853027,184000
2012-07-31,16.020000457763672,16.209999084472656,15.550000190734863,15.59000015258789,15.59000015258789,273000
2012-08-01,15.75,15.8100004196167,15.09000015258789,15.109999656677246,15.109999656677246,228200
2012-08-02,14.829999923706055,15.15999984741211,14.699999809265137,14.9399995803833,14.9399995803833,168600
2012-08-03,15.300000190734863,15.5600004196167,15.119999885559082,15.359999656677246,15.359999656677246,227100
2012-08-06,15.489999771118164,16.18000030517578,15.479999542236328,15.899999618530273,15.899999618530273,237200
2012-08-07,16.020000457763672,16.450000762939453,15.880000114440918,16.219999313354492,16.219999313354492,154900
2012-08-08,16.139999389648438,16.540000915527344,16.139999389648438,16.489999771118164,16.489999771118164,251700
2012-08-09,16.440000534057617,16.540000915527344,16.15999984741211,16.510000228881836,16.510000228881836,288300
2012-08-10,16.399999618530273,16.40999984741211,15.720000267028809,16.34000015258789,16.34000015258789,200800
2012-08-13,16.309999465942383,16.31999969482422,15.699999809265137,15.84000015258789,15.84000015258789,105900
2012-08-14,16.020000457763672,16.420000076293945,15.729999542236328,16.399999618530273,16.399999618530273,331100
2012-08-15,16.420000076293945,16.610000610351562,16.209999084472656,16.34000015258789,16.34000015258789,224400
2012-08-16,16.389999389648438,16.950000762939453,16.1299991607666,16.729999542236328,16.729999542236328,265400
2012-08-17,16.700000762939453,17.200000762939453,16.520000457763672,17.200000762939453,17.200000762939453,152100
2012-08-20,17.030000686645508,17.030000686645508,16.450000762939453,16.59000015258789,16.59000015258789,180900
2012-08-21,16.639999389648438,16.860000610351562,16.270000457763672,16.290000915527344,16.290000915527344,162400
2012-08-22,16.209999084472656,16.3799991607666,16.0,16.239999771118164,16.239999771118164,77900
2012-08-23,16.219999313354492,16.290000915527344,15.899999618530273,15.970000267028809,15.970000267028809,65000
2012-08-24,15.880000114440918,16.350000381469727,15.880000114440918,16.290000915527344,16.290000915527344,74600
2012-08-27,16.469999313354492,16.6299991607666,16.18000030517578,16.299999237060547,16.299999237060547,162500
2012-08-28,16.350000381469727,16.399999618530273,16.1200008392334,16.290000915527344,16.290000915527344,133300
2012-08-29,16.299999237060547,16.459999084472656,16.1200008392334,16.309999465942383,16.309999465942383,174800
2012-08-30,16.15999984741211,16.25,16.079999923706055,16.18000030517578,16.18000030517578,198900
2012-08-31,16.389999389648438,16.549999237060547,16.030000686645508,16.510000228881836,16.510000228881836,141700
2012-09-04,16.40999984741211,16.5,15.770000457763672,16.280000686645508,16.280000686645508,234100
2012-09-05,16.190000534057617,16.270000457763672,15.899999618530273,15.979999542236328,15.979999542236328,248600
2012-09-06,16.15999984741211,16.969999313354492,16.059999465942383,16.760000228881836,16.760000228881836,209700
2012-09-07,16.969999313354492,17.170000076293945,16.75,16.959999084472656,16.959999084472656,249800
2012-09-10,16.760000228881836,17.030000686645508,16.56999969482422,16.979999542236328,16.979999542236328,248700
2012-09-11,16.84000015258789,16.979999542236328,16.6299991607666,16.709999084472656,16.709999084472656,159500
2012-09-12,16.59000015258789,17.190000534057617,16.59000015258789,16.940000534057617,16.940000534057617,145300
2012-09-13,16.920000076293945,17.479999542236328,16.799999237060547,17.190000534057617,17.190000534057617,220900
2012-09-14,18.010000228881836,19.350000381469727,17.84000015258789,19.09000015258789,19.09000015258789,3234800
2012-09-17,18.899999618530273,19.6200008392334,18.649999618530273,19.59000015258789,19.59000015258789,571100
2012-09-18,19.479999542236328,19.5,18.850000381469727,19.3700008392334,19.3700008392334,493500
2012-09-19,19.290000915527344,20.059999465942383,19.110000610351562,19.93000030517578,19.93000030517578,677800
2012-09-20,19.690000534057617,20.479999542236328,19.639999389648438,20.350000381469727,20.350000381469727,530700
2012-09-21,20.389999389648438,20.899999618530273,20.229999542236328,20.59000015258789,20.59000015258789,768100
2012-09-24,20.600000381469727,20.93000030517578,20.3799991607666,20.5,20.5,491700
2012-09-25,20.56999969482422,20.780000686645508,20.139999389648438,20.260000228881836,20.260000228881836,584100
2012-09-26,20.270000457763672,20.34000015258789,19.75,19.979999542236328,19.979999542236328,304200
2012-09-27,20.030000686645508,20.1200008392334,19.610000610351562,20.049999237060547,20.049999237060547,374800
2012-09-28,19.8799991607666,20.100000381469727,19.739999771118164,19.920000076293945,19.920000076293945,312600
2012-10-01,20.020000457763672,20.440000534057617,19.809999465942383,19.940000534057617,19.940000534057617,278400
2012-10-02,20.06999969482422,20.200000762939453,19.729999542236328,19.950000762939453,19.950000762939453,174300
2012-10-03,20.0,20.290000915527344,19.799999237060547,19.989999771118164,19.989999771118164,183300
2012-10-04,20.100000381469727,20.200000762939453,19.6200008392334,20.149999618530273,20.149999618530273,249900
2012-10-05,20.309999465942383,20.56999969482422,20.110000610351562,20.270000457763672,20.270000457763672,325400
2012-10-08,20.15999984741211,20.15999984741211,19.790000915527344,20.100000381469727,20.100000381469727,338900
2012-10-09,20.040000915527344,20.1200008392334,19.5,19.670000076293945,19.670000076293945,163300
2012-10-10,19.75,19.829999923706055,19.1200008392334,19.540000915527344,19.540000915527344,246900
2012-10-11,19.81999969482422,20.049999237060547,19.549999237060547,19.68000030517578,19.68000030517578,221600
2012-10-12,19.6200008392334,19.799999237060547,18.93000030517578,19.1299991607666,19.1299991607666,298400
2012-10-15,19.170000076293945,19.809999465942383,19.110000610351562,19.549999237060547,19.549999237060547,148800
2012-10-16,19.84000015258789,20.0,19.600000381469727,19.979999542236328,19.979999542236328,355900
2012-10-17,19.969999313354492,20.200000762939453,19.739999771118164,20.170000076293945,20.170000076293945,221700
2012-10-18,20.049999237060547,20.450000762939453,19.760000228881836,19.770000457763672,19.770000457763672,197000
2012-10-19,19.700000762939453,19.81999969482422,19.0,19.190000534057617,19.190000534057617,218700
2012-10-22,19.18000030517578,19.360000610351562,19.049999237060547,19.280000686645508,19.280000686645508,109300
2012-10-23,19.0,19.3700008392334,18.639999389648438,19.170000076293945,19.170000076293945,243100
2012-10-24,19.329999923706055,19.600000381469727,19.1200008392334,19.56999969482422,19.56999969482422,275600
2012-10-25,19.84000015258789,19.850000381469727,19.360000610351562,19.479999542236328,19.479999542236328,284600
2012-10-26,19.3799991607666,19.889999389648438,18.600000381469727,19.09000015258789,19.09000015258789,558600
2012-10-31,19.15999984741211,19.219999313354492,18.829999923706055,19.079999923706055,19.079999923706055,349400
2012-11-01,19.170000076293945,19.780000686645508,19.040000915527344,19.719999313354492,19.719999313354492,498600
2012-11-02,19.8799991607666,20.219999313354492,19.559999465942383,19.700000762939453,19.700000762939453,256000
2012-11-05,19.760000228881836,20.239999771118164,19.579999923706055,20.0,20.0,325200
2012-11-06,20.15999984741211,20.739999771118164,20.1200008392334,20.6299991607666,20.6299991607666,389100
2012-11-07,20.309999465942383,20.450000762939453,19.309999465942383,19.5,19.5,425200
2012-11-08,19.469999313354492,19.479999542236328,18.8700008392334,19.020000457763672,19.020000457763672,175000
2012-11-09,19.020000457763672,19.239999771118164,18.780000686645508,19.09000015258789,19.09000015258789,208700
2012-11-12,19.149999618530273,19.43000030517578,18.799999237060547,19.010000228881836,19.010000228881836,167100
2012-11-13,18.850000381469727,18.940000534057617,18.559999465942383,18.700000762939453,18.700000762939453,304900
2012-11-14,18.81999969482422,18.969999313354492,18.06999969482422,18.170000076293945,18.170000076293945,333200
2012-11-15,18.190000534057617,18.700000762939453,18.0,18.5,18.5,212700
2012-11-16,18.479999542236328,18.579999923706055,18.0,18.290000915527344,18.290000915527344,161500
2012-11-19,18.559999465942383,18.760000228881836,18.329999923706055,18.760000228881836,18.760000228881836,559900
2012-11-20,18.700000762939453,19.040000915527344,18.700000762939453,18.979999542236328,18.979999542236328,155000
2012-11-21,19.040000915527344,19.329999923706055,19.0,19.290000915527344,19.290000915527344,137600
2012-11-23,19.43000030517578,19.489999771118164,19.239999771118164,19.469999313354492,19.469999313354492,87800
2012-11-26,19.399999618530273,19.559999465942383,19.350000381469727,19.559999465942383,19.559999465942383,169400
2012-11-27,19.5,19.719999313354492,19.3700008392334,19.3700008392334,19.3700008392334,201200
2012-11-28,19.239999771118164,19.709999084472656,19.139999389648438,19.68000030517578,19.68000030517578,225600
2012-11-29,19.850000381469727,20.170000076293945,19.770000457763672,19.979999542236328,19.979999542236328,276100
2012-11-30,20.049999237060547,20.06999969482422,19.75,19.93000030517578,19.93000030517578,364100
2012-12-03,20.079999923706055,20.239999771118164,19.6299991607666,19.709999084472656,19.709999084472656,417100
2012-12-04,19.709999084472656,20.0,19.43000030517578,19.799999237060547,19.799999237060547,349900
2012-12-05,19.889999389648438,19.969999313354492,19.540000915527344,19.56999969482422,19.56999969482422,303100
2012-12-06,19.3799991607666,19.709999084472656,19.350000381469727,19.549999237060547,19.549999237060547,297200
2012-12-07,19.729999542236328,19.81999969482422,19.329999923706055,19.40999984741211,19.40999984741211,270000
2012-12-10,19.399999618530273,19.770000457763672,19.329999923706055,19.530000686645508,19.530000686645508,310800
2012-12-11,19.440000534057617,19.729999542236328,19.299999237060547,19.690000534057617,19.690000534057617,390200
2012-12-12,19.799999237060547,19.799999237060547,19.239999771118164,19.290000915527344,19.290000915527344,185900
2012-12-13,19.31999969482422,19.440000534057617,18.780000686645508,18.850000381469727,18.850000381469727,211000
2012-12-14,18.850000381469727,19.1299991607666,18.760000228881836,19.09000015258789,19.09000015258789,148500
2012-12-17,19.0,19.729999542236328,18.8700008392334,19.700000762939453,19.700000762939453,361400
2012-12-18,19.84000015258789,20.040000915527344,19.649999618530273,19.8799991607666,19.8799991607666,360500
2012-12-19,19.84000015258789,19.979999542236328,19.610000610351562,19.639999389648438,19.639999389648438,256100
2012-12-20,19.600000381469727,19.780000686645508,19.5,19.780000686645508,19.780000686645508,279800
2012-12-21,19.360000610351562,19.889999389648438,19.360000610351562,19.799999237060547,19.799999237060547,910500
2012-12-24,19.899999618530273,20.030000686645508,19.530000686645508,19.81999969482422,19.81999969482422,151700
2012-12-26,19.81999969482422,19.950000762939453,19.399999618530273,19.520000457763672,19.520000457763672,144800
2012-12-27,19.510000228881836,19.700000762939453,19.25,19.6299991607666,19.6299991607666,189200
2012-12-28,19.440000534057617,19.780000686645508,19.3700008392334,19.559999465942383,19.559999465942383,165300
2012-12-31,19.549999237060547,20.3700008392334,19.489999771118164,20.280000686645508,20.280000686645508,285900
2013-01-02,21.020000457763672,22.049999237060547,21.010000228881836,22.0,22.0,1159000
2013-01-03,22.09000015258789,22.59000015258789,22.079999923706055,22.260000228881836,22.260000228881836,963200
2013-01-04,22.43000030517578,23.0,22.34000015258789,22.6299991607666,22.6299991607666,448800
2013-01-07,22.760000228881836,22.940000534057617,22.280000686645508,22.889999389648438,22.889999389648438,553700
2013-01-08,22.700000762939453,23.0,22.530000686645508,22.899999618530273,22.899999618530273,369600
2013-01-09,22.899999618530273,23.290000915527344,22.59000015258789,22.770000457763672,22.770000457763672,448800
2013-01-10,22.850000381469727,23.559999465942383,22.790000915527344,23.549999237060547,23.549999237060547,395500
2013-01-11,23.3799991607666,24.579999923706055,23.360000610351562,23.6200008392334,23.6200008392334,1052800
2013-01-14,23.579999923706055,23.709999084472656,23.0,23.049999237060547,23.049999237060547,472200
2013-01-15,22.899999618530273,22.979999542236328,21.809999465942383,22.940000534057617,22.940000534057617,562400
2013-01-16,22.90999984741211,22.920000076293945,22.450000762939453,22.6299991607666,22.6299991607666,268800
2013-01-17,22.8700008392334,23.25,22.709999084472656,23.100000381469727,23.100000381469727,296300
2013-01-18,23.100000381469727,23.229999542236328,22.8799991607666,23.209999084472656,23.209999084472656,288600
2013-01-22,23.280000686645508,23.299999237060547,22.989999771118164,23.299999237060547,23.299999237060547,220300
2013-01-23,23.329999923706055,23.479999542236328,23.09000015258789,23.40999984741211,23.40999984741211,383900
2013-01-24,23.450000762939453,24.190000534057617,23.389999389648438,23.920000076293945,23.920000076293945,439500
2013-01-25,23.989999771118164,24.149999618530273,23.75,23.90999984741211,23.90999984741211,356200
2013-01-28,23.899999618530273,24.079999923706055,23.729999542236328,24.020000457763672,24.020000457763672,663400
2013-01-29,23.920000076293945,23.959999084472656,23.5,23.739999771118164,23.739999771118164,327900
2013-01-30,23.700000762939453,23.899999618530273,23.350000381469727,23.549999237060547,23.549999237060547,440700
2013-01-31,23.489999771118164,24.489999771118164,23.40999984741211,24.450000762939453,24.450000762939453,504000
2013-02-01,24.809999465942383,24.979999542236328,24.530000686645508,24.899999618530273,24.899999618530273,408100
2013-02-04,24.700000762939453,24.93000030517578,24.270000457763672,24.290000915527344,24.290000915527344,268300
2013-02-05,24.5,24.780000686645508,24.43000030517578,24.65999984741211,24.65999984741211,231700
2013-02-06,24.479999542236328,24.850000381469727,24.299999237060547,24.510000228881836,24.510000228881836,435200
2013-02-07,24.5,24.559999465942383,23.8799991607666,24.0,24.0,447000
2013-02-08,24.1200008392334,24.1200008392334,23.709999084472656,23.950000762939453,23.950000762939453,270900
2013-02-11,24.0,24.790000915527344,24.0,24.479999542236328,24.479999542236328,331000
2013-02-12,24.469999313354492,24.799999237060547,24.389999389648438,24.600000381469727,24.600000381469727,223600
2013-02-13,24.809999465942383,25.100000381469727,24.6200008392334,24.729999542236328,24.729999542236328,502800
2013-02-14,24.75,24.8799991607666,24.59000015258789,24.65999984741211,24.65999984741211,623600
2013-02-15,22.93000030517578,23.100000381469727,21.110000610351562,21.8700008392334,21.8700008392334,2319400
2013-02-19,21.850000381469727,22.329999923706055,21.719999313354492,22.329999923706055,22.329999923706055,609400
2013-02-20,22.270000457763672,22.5,21.510000228881836,21.639999389648438,21.639999389648438,552600
2013-02-21,21.610000610351562,21.610000610351562,20.40999984741211,20.719999313354492,20.719999313354492,540200
2013-02-22,20.93000030517578,21.0,20.459999084472656,20.90999984741211,20.90999984741211,280300
2013-02-25,20.989999771118164,21.190000534057617,20.8700008392334,21.049999237060547,21.049999237060547,595400
2013-02-26,21.110000610351562,21.209999084472656,20.700000762939453,20.959999084472656,20.959999084472656,365700
2013-02-27,20.969999313354492,21.770000457763672,20.860000610351562,21.559999465942383,21.559999465942383,332300
2013-02-28,21.5,21.90999984741211,21.43000030517578,21.860000610351562,21.860000610351562,260000
2013-03-01,21.6200008392334,22.5,21.540000915527344,22.049999237060547,22.049999237060547,557100
2013-03-04,22.049999237060547,22.440000534057617,21.8799991607666,22.3799991607666,22.3799991607666,518200
2013-03-05,22.600000381469727,23.639999389648438,22.469999313354492,23.530000686645508,23.530000686645508,641700
2013-03-06,23.700000762939453,24.3700008392334,23.649999618530273,24.0,24.0,602200
2013-03-07,24.06999969482422,24.25,23.770000457763672,23.90999984741211,23.90999984741211,268800
2013-03-08,24.25,24.8700008392334,24.040000915527344,24.850000381469727,24.850000381469727,385600
2013-03-11,24.829999923706055,25.1200008392334,24.670000076293945,24.889999389648438,24.889999389648438,308500
2013-03-12,24.8700008392334,24.969999313354492,24.329999923706055,24.81999969482422,24.81999969482422,368900
2013-03-13,24.780000686645508,24.899999618530273,24.579999923706055,24.709999084472656,24.709999084472656,221800
2013-03-14,24.709999084472656,24.940000534057617,24.530000686645508,24.899999618530273,24.899999618530273,183600
2013-03-15,24.899999618530273,25.0,24.450000762939453,24.540000915527344,24.540000915527344,361300
2013-03-18,24.049999237060547,24.520000457763672,23.989999771118164,24.260000228881836,24.260000228881836,199900
2013-03-19,24.420000076293945,24.5,23.809999465942383,23.989999771118164,23.989999771118164,286700
2013-03-20,24.270000457763672,26.030000686645508,24.190000534057617,25.65999984741211,25.65999984741211,608300
2013-03-21,25.479999542236328,26.09000015258789,25.3700008392334,25.6200008392334,25.6200008392334,457300
2013-03-22,25.700000762939453,25.950000762939453,24.600000381469727,24.90999984741211,24.90999984741211,448600
2013-03-25,25.040000915527344,25.219999313354492,24.280000686645508,24.850000381469727,24.850000381469727,309400
2013-03-26,24.989999771118164,25.25,24.579999923706055,25.25,25.25,261300
2013-03-27,24.90999984741211,25.219999313354492,24.700000762939453,25.040000915527344,25.040000915527344,120200
2013-03-28,25.100000381469727,25.450000762939453,24.850000381469727,25.309999465942383,25.309999465942383,211600
2013-04-01,25.299999237060547,25.3799991607666,24.729999542236328,24.84000015258789,24.84000015258789,382200
2013-04-02,25.1200008392334,25.81999969482422,25.049999237060547,25.079999923706055,25.079999923706055,424300
2013-04-03,25.1200008392334,25.1200008392334,24.15999984741211,24.170000076293945,24.170000076293945,467000
2013-04-04,24.1299991607666,24.350000381469727,23.65999984741211,24.350000381469727,24.350000381469727,302100
2013-04-05,23.729999542236328,23.829999923706055,23.0,23.56999969482422,23.56999969482422,429600
2013-04-08,23.68000030517578,23.860000610351562,23.280000686645508,23.850000381469727,23.850000381469727,148200
2013-04-09,23.899999618530273,24.15999984741211,23.670000076293945,24.079999923706055,24.079999923706055,275800
2013-04-10,24.229999542236328,24.670000076293945,24.1200008392334,24.510000228881836,24.510000228881836,177900
2013-04-11,24.5,24.5,23.780000686645508,24.110000610351562,24.110000610351562,291200
2013-04-12,24.0,24.34000015258789,23.809999465942383,24.239999771118164,24.239999771118164,144700
2013-04-15,23.989999771118164,24.040000915527344,22.329999923706055,22.530000686645508,22.530000686645508,460300
2013-04-16,22.75,23.270000457763672,22.610000610351562,23.239999771118164,23.239999771118164,260400
2013-04-17,23.010000228881836,23.200000762939453,22.25,22.760000228881836,22.760000228881836,208500
2013-04-18,22.8799991607666,23.18000030517578,22.020000457763672,22.149999618530273,22.149999618530273,252100
2013-04-19,22.290000915527344,22.549999237060547,22.040000915527344,22.299999237060547,22.299999237060547,566200
2013-04-22,22.3700008392334,22.739999771118164,22.100000381469727,22.6200008392334,22.6200008392334,520200
2013-04-23,22.950000762939453,23.100000381469727,22.440000534057617,22.729999542236328,22.729999542236328,473900
2013-04-24,22.5,22.770000457763672,22.219999313354492,22.399999618530273,22.399999618530273,986800
2013-04-25,25.940000534057617,25.940000534057617,24.290000915527344,24.290000915527344,24.290000915527344,1035900
2013-04-26,24.260000228881836,24.43000030517578,24.059999465942383,24.239999771118164,24.239999771118164,475400
2013-04-29,24.479999542236328,24.479999542236328,24.200000762939453,24.290000915527344,24.290000915527344,354400
2013-04-30,24.389999389648438,24.68000030517578,24.100000381469727,24.270000457763672,24.270000457763672,401000
2013-05-01,24.059999465942383,24.190000534057617,23.110000610351562,23.139999389648438,23.139999389648438,407900
2013-05-02,23.350000381469727,23.739999771118164,22.8799991607666,23.459999084472656,23.459999084472656,289100
2013-05-03,23.989999771118164,24.90999984741211,23.989999771118164,24.549999237060547,24.549999237060547,643600
2013-05-06,24.600000381469727,24.889999389648438,24.5,24.729999542236328,24.729999542236328,175700
2013-05-07,24.75,25.34000015258789,24.709999084472656,25.309999465942383,25.309999465942383,241200
2013-05-08,25.290000915527344,25.43000030517578,24.950000762939453,25.399999618530273,25.399999618530273,143900
2013-05-09,25.450000762939453,25.639999389648438,25.139999389648438,25.299999237060547,25.299999237060547,190200
2013-05-10,25.40999984741211,26.299999237060547,25.299999237060547,26.200000762939453,26.200000762939453,297000
2013-05-13,26.0,26.450000762939453,25.93000030517578,26.1200008392334,26.1200008392334,198300
2013-05-14,26.100000381469727,26.90999984741211,26.09000015258789,26.709999084472656,26.709999084472656,335900
2013-05-15,26.3700008392334,26.649999618530273,25.760000228881836,26.190000534057617,26.190000534057617,371700
2013-05-16,25.6299991607666,26.0,25.290000915527344,25.719999313354492,25.719999313354492,637300
2013-05-17,25.93000030517578,26.010000228881836,25.690000534057617,25.889999389648438,25.889999389648438,397900
2013-05-20,25.75,26.0,25.75,25.989999771118164,25.989999771118164,569800
2013-05-21,26.0,26.360000610351562,25.760000228881836,26.260000228881836,26.260000228881836,394800
2013-05-22,26.3700008392334,26.75,26.25,26.5,26.5,922300
2013-05-23,26.18000030517578,26.850000381469727,26.049999237060547,26.75,26.75,430900
2013-05-24,26.600000381469727,26.700000762939453,26.049999237060547,26.6200008392334,26.6200008392334,162900
2013-05-28,27.110000610351562,27.6299991607666,27.100000381469727,27.270000457763672,27.270000457763672,455500
2013-05-29,26.940000534057617,27.260000228881836,26.739999771118164,26.989999771118164,26.989999771118164,247700
2013-05-30,27.0,27.149999618530273,26.489999771118164,26.610000610351562,26.610000610351562,428100
2013-05-31,26.309999465942383,26.579999923706055,25.989999771118164,26.040000915527344,26.040000915527344,368200
2013-06-03,26.06999969482422,26.260000228881836,24.940000534057617,25.719999313354492,25.719999313354492,622200
2013-06-04,25.700000762939453,26.170000076293945,25.06999969482422,25.399999618530273,25.399999618530273,316200
2013-06-05,25.360000610351562,25.469999313354492,24.889999389648438,25.020000457763672,25.020000457763672,235200
2013-06-06,24.959999084472656,25.790000915527344,24.809999465942383,25.790000915527344,25.790000915527344,442800
2013-06-07,25.770000457763672,26.25,25.770000457763672,26.190000534057617,26.190000534057617,496000
2013-06-10,26.389999389648438,26.75,26.100000381469727,26.579999923706055,26.579999923706055,370300
2013-06-11,26.209999084472656,27.06999969482422,25.959999084472656,26.649999618530273,26.649999618530273,332600
2013-06-12,26.920000076293945,27.040000915527344,26.079999923706055,26.399999618530273,26.399999618530273,338200
2013-06-13,26.360000610351562,26.450000762939453,25.780000686645508,26.350000381469727,26.350000381469727,281800
2013-06-14,26.34000015258789,26.56999969482422,26.170000076293945,26.239999771118164,26.239999771118164,193300
2013-06-17,26.579999923706055,26.610000610351562,26.1200008392334,26.479999542236328,26.479999542236328,253400
2013-06-18,26.600000381469727,27.190000534057617,26.559999465942383,27.049999237060547,27.049999237060547,307300
2013-06-19,27.100000381469727,27.350000381469727,26.549999237060547,26.639999389648438,26.639999389648438,239400
2013-06-20,26.209999084472656,26.219999313354492,25.690000534057617,25.75,25.75,258400
2013-06-21,25.920000076293945,26.09000015258789,25.440000534057617,25.920000076293945,25.920000076293945,398300
2013-06-24,25.450000762939453,25.729999542236328,25.260000228881836,25.440000534057617,25.440000534057617,325100
2013-06-25,25.729999542236328,25.860000610351562,25.469999313354492,25.709999084472656,25.709999084472656,210100
2013-06-26,26.049999237060547,26.079999923706055,25.229999542236328,25.889999389648438,25.889999389648438,235000
2013-06-27,26.219999313354492,26.93000030517578,26.030000686645508,26.8799991607666,26.8799991607666,261600
2013-06-28,26.829999923706055,27.200000762939453,26.639999389648438,26.719999313354492,26.719999313354492,371300
2013-07-01,26.860000610351562,27.459999084472656,26.860000610351562,27.260000228881836,27.260000228881836,271200
2013-07-02,27.170000076293945,27.81999969482422,27.1200008392334,27.450000762939453,27.450000762939453,237200
2013-07-03,26.84000015258789,27.18000030517578,25.239999771118164,27.020000457763672,27.020000457763672,259300
2013-07-05,27.450000762939453,27.8700008392334,26.989999771118164,27.8700008392334,27.8700008392334,249800
2013-07-08,27.940000534057617,28.65999984741211,27.829999923706055,28.440000534057617,28.440000534057617,453300
2013-07-09,28.6200008392334,29.420000076293945,28.290000915527344,29.040000915527344,29.040000915527344,420000
2013-07-10,28.969999313354492,29.860000610351562,28.860000610351562,29.6299991607666,29.6299991607666,327200
2013-07-11,29.3799991607666,29.6299991607666,28.920000076293945,29.489999771118164,29.489999771118164,364100
2013-07-12,29.549999237060547,30.110000610351562,29.200000762939453,30.079999923706055,30.079999923706055,297800
2013-07-15,30.079999923706055,30.399999618530273,29.6200008392334,29.84000015258789,29.84000015258789,244900
2013-07-16,29.989999771118164,30.149999618530273,29.290000915527344,29.510000228881836,29.510000228881836,305100
2013-07-17,29.780000686645508,30.06999969482422,29.469999313354492,29.799999237060547,29.799999237060547,222900
2013-07-18,29.850000381469727,30.68000030517578,29.540000915527344,30.489999771118164,30.489999771118164,571900
2013-07-19,30.450000762939453,30.829999923706055,29.920000076293945,30.670000076293945,30.670000076293945,305000
2013-07-22,30.540000915527344,30.56999969482422,29.6299991607666,29.760000228881836,29.760000228881836,644000
2013-07-23,29.860000610351562,30.059999465942383,29.420000076293945,29.459999084472656,29.459999084472656,356200
2013-07-24,29.56999969482422,29.700000762939453,28.739999771118164,28.850000381469727,28.850000381469727,433300
2013-07-25,30.34000015258789,32.790000915527344,29.399999618530273,32.540000915527344,32.540000915527344,1364900
2013-07-26,32.34000015258789,32.93000030517578,32.040000915527344,32.22999954223633,32.22999954223633,549200
2013-07-29,32.20000076293945,32.38999938964844,31.579999923706055,31.719999313354492,31.719999313354492,313100
2013-07-30,30.43000030517578,30.65999984741211,29.84000015258789,30.600000381469727,30.600000381469727,1084800
2013-07-31,30.729999542236328,30.729999542236328,30.299999237060547,30.530000686645508,30.530000686645508,1044000
2013-08-01,30.969999313354492,30.989999771118164,30.59000015258789,30.690000534057617,30.690000534057617,644400
2013-08-02,30.450000762939453,30.709999084472656,30.229999542236328,30.59000015258789,30.59000015258789,454300
2013-08-05,30.600000381469727,31.18000030517578,30.440000534057617,31.0,31.0,489600
2013-08-06,31.0,31.579999923706055,30.90999984741211,31.420000076293945,31.420000076293945,439000
2013-08-07,31.3799991607666,31.6299991607666,30.84000015258789,30.989999771118164,30.989999771118164,354900
2013-08-08,31.31999969482422,31.459999084472656,30.959999084472656,31.190000534057617,31.190000534057617,191500
2013-08-09,31.030000686645508,31.700000762939453,31.030000686645508,31.25,31.25,268600
2013-08-12,31.139999389648438,31.770000457763672,31.010000228881836,31.739999771118164,31.739999771118164,228000
2013-08-13,31.8700008392334,31.8700008392334,31.239999771118164,31.81999969482422,31.81999969482422,117700
2013-08-14,31.739999771118164,32.0,31.31999969482422,31.329999923706055,31.329999923706055,227700
2013-08-15,31.0,31.139999389648438,30.270000457763672,30.670000076293945,30.670000076293945,500300
2013-08-16,30.43000030517578,31.040000915527344,30.139999389648438,30.5,30.5,240800
2013-08-19,30.40999984741211,31.0,30.18000030517578,30.299999237060547,30.299999237060547,220200
2013-08-20,30.360000610351562,31.010000228881836,30.290000915527344,30.670000076293945,30.670000076293945,103700
2013-08-21,30.579999923706055,31.079999923706055,30.510000228881836,30.610000610351562,30.610000610351562,140600
2013-08-22,30.700000762939453,31.25,30.610000610351562,31.059999465942383,31.059999465942383,134500
2013-08-23,31.09000015258789,31.09000015258789,30.559999465942383,30.709999084472656,30.709999084472656,208000
2013-08-26,30.780000686645508,31.450000762939453,30.760000228881836,31.290000915527344,31.290000915527344,223100
2013-08-27,30.829999923706055,31.100000381469727,30.34000015258789,30.420000076293945,30.420000076293945,222000
2013-08-28,30.399999618530273,30.780000686645508,30.18000030517578,30.450000762939453,30.450000762939453,165400
2013-08-29,30.34000015258789,31.139999389648438,30.270000457763672,30.93000030517578,30.93000030517578,250200
2013-08-30,30.84000015258789,30.959999084472656,30.06999969482422,30.170000076293945,30.170000076293945,188200
2013-09-03,30.709999084472656,31.219999313354492,30.18000030517578,30.690000534057617,30.690000534057617,479100
2013-09-04,30.81999969482422,31.520000457763672,30.81999969482422,31.309999465942383,31.309999465942383,514900
2013-09-05,31.420000076293945,32.0,31.3700008392334,31.65999984741211,31.65999984741211,376800
2013-09-06,31.940000534057617,32.060001373291016,30.940000534057617,31.81999969482422,31.81999969482422,343900
2013-09-09,31.920000076293945,32.9900016784668,31.860000610351562,32.83000183105469,32.83000183105469,464500
2013-09-10,33.0,33.54999923706055,32.880001068115234,33.040000915527344,33.040000915527344,342000
2013-09-11,32.88999938964844,33.0099983215332,32.54999923706055,32.68000030517578,32.68000030517578,140500
2013-09-12,32.63999938964844,32.63999938964844,32.02000045776367,32.029998779296875,32.029998779296875,293700
2013-09-13,32.209999084472656,32.2400016784668,31.84000015258789,32.20000076293945,32.20000076293945,218600
2013-09-16,32.7400016784668,32.75,32.209999084472656,32.2599983215332,32.2599983215332,184400
2013-09-17,32.22999954223633,33.0099983215332,32.22999954223633,32.9900016784668,32.9900016784668,183500
2013-09-18,33.04999923706055,33.2599983215332,32.5,33.11000061035156,33.11000061035156,130100
2013-09-19,33.15999984741211,33.279998779296875,32.7599983215332,33.209999084472656,33.209999084472656,211000
2013-09-20,33.220001220703125,33.54999923706055,32.9900016784668,33.34000015258789,33.34000015258789,558800
2013-09-23,33.25,33.279998779296875,32.31999969482422,33.040000915527344,33.040000915527344,288300
2013-09-24,33.09000015258789,33.7400016784668,32.529998779296875,33.599998474121094,33.599998474121094,267300
2013-09-25,33.56999969482422,33.56999969482422,32.91999816894531,33.0099983215332,33.0099983215332,232500
2013-09-26,33.220001220703125,33.27000045776367,32.560001373291016,33.06999969482422,33.06999969482422,199200
2013-09-27,32.86000061035156,33.5,32.619998931884766,33.25,33.25,207900
2013-09-30,32.77000045776367,33.13999938964844,32.59000015258789,33.0,33.0,243300
2013-10-01,32.970001220703125,33.52000045776367,32.970001220703125,33.459999084472656,33.459999084472656,434100
2013-10-02,33.060001373291016,33.400001525878906,32.790000915527344,33.0099983215332,33.0099983215332,240500
2013-10-03,32.88999938964844,33.08000183105469,32.060001373291016,32.209999084472656,32.209999084472656,359400
2013-10-04,32.130001068115234,32.349998474121094,31.969999313354492,32.189998626708984,32.189998626708984,516600
2013-10-07,31.829999923706055,32.09000015258789,31.6200008392334,31.829999923706055,31.829999923706055,273000
2013-10-08,31.84000015258789,32.09000015258789,30.969999313354492,30.979999542236328,30.979999542236328,245200
2013-10-09,31.040000915527344,31.200000762939453,30.149999618530273,30.450000762939453,30.450000762939453,314900
2013-10-10,31.010000228881836,31.850000381469727,31.010000228881836,31.780000686645508,31.780000686645508,277600
2013-10-11,32.599998474121094,32.90999984741211,32.369998931884766,32.86000061035156,32.86000061035156,289200
2013-10-14,32.70000076293945,33.47999954223633,32.599998474121094,33.29999923706055,33.29999923706055,335300
2013-10-15,33.290000915527344,33.290000915527344,32.77000045776367,33.220001220703125,33.220001220703125,395000
2013-10-16,33.5099983215332,33.709999084472656,33.38999938964844,33.45000076293945,33.45000076293945,205400
2013-10-17,33.34000015258789,33.90999984741211,33.029998779296875,33.869998931884766,33.869998931884766,376800
2013-10-18,34.290000915527344,34.810001373291016,34.130001068115234,34.75,34.75,538500
2013-10-21,34.91999816894531,34.91999816894531,34.310001373291016,34.540000915527344,34.540000915527344,242500
2013-10-22,34.810001373291016,35.06999969482422,34.22999954223633,34.900001525878906,34.900001525878906,223900
2013-10-23,34.54999923706055,34.619998931884766,33.5099983215332,34.45000076293945,34.45000076293945,449600
2013-10-24,33.2599983215332,33.459999084472656,31.1299991607666,33.04999923706055,33.04999923706055,1662900
2013-10-25,33.20000076293945,33.380001068115234,32.79999923706055,33.33000183105469,33.33000183105469,335400
2013-10-28,33.279998779296875,34.34000015258789,33.279998779296875,34.22999954223633,34.22999954223633,446800
2013-10-29,34.25,34.599998474121094,34.0,34.290000915527344,34.290000915527344,303500
2013-10-30,34.369998931884766,34.470001220703125,33.79999923706055,34.0,34.0,307800
2013-10-31,34.08000183105469,34.11000061035156,33.75,33.790000915527344,33.790000915527344,169900
2013-11-01,33.7599983215332,33.970001220703125,32.90999984741211,33.150001525878906,33.150001525878906,398400
2013-11-04,33.36000061035156,33.84000015258789,33.22999954223633,33.70000076293945,33.70000076293945,341600
2013-11-05,33.4900016784668,33.689998626708984,33.15999984741211,33.459999084472656,33.459999084472656,258700
2013-11-06,33.849998474121094,33.93000030517578,33.11000061035156,33.22999954223633,33.22999954223633,190100
2013-11-07,33.400001525878906,33.630001068115234,32.0099983215332,32.06999969482422,32.06999969482422,272200
2013-11-08,32.040000915527344,33.11000061035156,31.8700008392334,33.06999969482422,33.06999969482422,266500
2013-11-11,33.08000183105469,33.2400016784668,32.779998779296875,32.959999084472656,32.959999084472656,274200
2013-11-12,32.900001525878906,33.43000030517578,32.75,33.369998931884766,33.369998931884766,154100
2013-11-13,33.130001068115234,33.810001373291016,33.130001068115234,33.790000915527344,33.790000915527344,288300
2013-11-14,33.86000061035156,34.36000061035156,33.810001373291016,34.150001525878906,34.150001525878906,257600
2013-11-15,34.130001068115234,34.130001068115234,33.61000061035156,34.029998779296875,34.029998779296875,281600
2013-11-18,34.04999923706055,34.16999816894531,33.22999954223633,33.36000061035156,33.36000061035156,207400
2013-11-19,33.349998474121094,33.650001525878906,32.810001373291016,33.02000045776367,33.02000045776367,145900
2013-11-20,33.099998474121094,33.36000061035156,32.349998474121094,32.529998779296875,32.529998779296875,261400
2013-11-21,32.72999954223633,33.88999938964844,32.689998626708984,33.869998931884766,33.869998931884766,301700
2013-11-22,33.939998626708984,34.029998779296875,33.560001373291016,33.7599983215332,33.7599983215332,193300
2013-11-25,33.779998779296875,33.939998626708984,33.599998474121094,33.75,33.75,143700
2013-11-26,33.619998931884766,34.16999816894531,33.369998931884766,34.02000045776367,34.02000045776367,264600
2013-11-27,33.970001220703125,34.25,33.779998779296875,34.029998779296875,34.029998779296875,198700
2013-11-29,34.290000915527344,34.38999938964844,33.779998779296875,34.029998779296875,34.029998779296875,88200
2013-12-02,34.0,34.15999984741211,33.40999984741211,33.52000045776367,33.52000045776367,267800
2013-12-03,31.700000762939453,32.65999984741211,31.100000381469727,32.33000183105469,32.33000183105469,773300
2013-12-04,32.11000061035156,33.439998626708984,32.04999923706055,33.27000045776367,33.27000045776367,283200
2013-12-05,33.22999954223633,33.40999984741211,32.58000183105469,32.63999938964844,32.63999938964844,222100
2013-12-06,33.09000015258789,33.25,32.81999969482422,32.90999984741211,32.90999984741211,317400
2013-12-09,33.040000915527344,33.29999923706055,32.779998779296875,33.11000061035156,33.11000061035156,256300
2013-12-10,33.16999816894531,33.380001068115234,32.619998931884766,32.63999938964844,32.63999938964844,330900
2013-12-11,32.59000015258789,32.900001525878906,31.479999542236328,31.600000381469727,31.600000381469727,277100
2013-12-12,31.579999923706055,32.33000183105469,31.3700008392334,32.0099983215332,32.0099983215332,243500
2013-12-13,32.119998931884766,32.560001373291016,31.93000030517578,32.2400016784668,32.2400016784668,184600
2013-12-16,32.349998474121094,33.220001220703125,32.31999969482422,32.849998474121094,32.849998474121094,270500
2013-12-17,32.790000915527344,32.939998626708984,32.36000061035156,32.58000183105469,32.58000183105469,177300
2013-12-18,32.54999923706055,32.83000183105469,32.040000915527344,32.4900016784668,32.4900016784668,359100
2013-12-19,32.29999923706055,32.70000076293945,31.959999084472656,31.979999542236328,31.979999542236328,349500
2013-12-20,32.11000061035156,34.209999084472656,32.099998474121094,34.15999984741211,34.15999984741211,443800
2013-12-23,34.25,34.72999954223633,34.02000045776367,34.65999984741211,34.65999984741211,246200
2013-12-24,34.79999923706055,35.209999084472656,34.619998931884766,34.86000061035156,34.86000061035156,97800
2013-12-26,35.119998931884766,35.709999084472656,35.08000183105469,35.459999084472656,35.459999084472656,170300
2013-12-27,35.459999084472656,35.459999084472656,34.779998779296875,34.93000030517578,34.93000030517578,137500
2013-12-30,34.810001373291016,34.810001373291016,34.09000015258789,34.15999984741211,34.15999984741211,220400
2013-12-31,34.220001220703125,35.08000183105469,34.220001220703125,34.91999816894531,34.91999816894531,260600
2014-01-02,34.79999923706055,34.900001525878906,33.81999969482422,34.400001525878906,34.400001525878906,398100
2014-01-03,34.41999816894531,34.880001068115234,34.13999938964844,34.560001373291016,34.560001373291016,237800
2014-01-06,34.650001525878906,34.779998779296875,33.97999954223633,34.13999938964844,34.13999938964844,183100
2014-01-07,34.16999816894531,34.75,34.15999984741211,34.33000183105469,34.33000183105469,341700
2014-01-08,34.29999923706055,34.5,33.2400016784668,33.47999954223633,33.47999954223633,612200
2014-01-09,33.720001220703125,33.880001068115234,32.68000030517578,33.13999938964844,33.13999938964844,376600
2014-01-10,33.810001373291016,33.939998626708984,33.150001525878906,33.81999969482422,33.81999969482422,320300
2014-01-13,33.63999938964844,34.22999954223633,32.70000076293945,32.93000030517578,32.93000030517578,198700
2014-01-14,32.9900016784668,33.099998474121094,32.709999084472656,33.0099983215332,33.0099983215332,297400
2014-01-15,33.0,33.34000015258789,32.83000183105469,33.15999984741211,33.15999984741211,452100
2014-01-16,33.04999923706055,33.2599983215332,32.7599983215332,33.16999816894531,33.16999816894531,433400
2014-01-17,33.040000915527344,33.5099983215332,33.040000915527344,33.16999816894531,33.16999816894531,296800
2014-01-21,33.470001220703125,33.58000183105469,32.619998931884766,33.06999969482422,33.06999969482422,198800
2014-01-22,33.0,33.25,32.83000183105469,33.2400016784668,33.2400016784668,223700
2014-01-23,32.900001525878906,33.34000015258789,32.16999816894531,32.41999816894531,32.41999816894531,303900
2014-01-24,32.060001373291016,32.22999954223633,30.510000228881836,30.690000534057617,30.690000534057617,414700
2014-01-27,30.75,30.899999618530273,29.440000534057617,29.979999542236328,29.979999542236328,439500
2014-01-28,30.0,30.670000076293945,30.0,30.40999984741211,30.40999984741211,330300
2014-01-29,29.600000381469727,30.459999084472656,29.600000381469727,30.09000015258789,30.09000015258789,219900
2014-01-30,30.440000534057617,30.899999618530273,30.219999313354492,30.360000610351562,30.360000610351562,269600
2014-01-31,29.68000030517578,30.43000030517578,29.639999389648438,29.68000030517578,29.68000030517578,972100
2014-02-03,31.290000915527344,32.11000061035156,29.799999237060547,29.809999465942383,29.809999465942383,582100
2014-02-04,30.1299991607666,31.049999237060547,29.850000381469727,30.3700008392334,30.3700008392334,414700
2014-02-05,30.280000686645508,30.399999618530273,29.8700008392334,30.059999465942383,30.059999465942383,310100
2014-02-06,30.25,30.809999465942383,30.09000015258789,30.219999313354492,30.219999313354492,244900
2014-02-07,30.34000015258789,31.190000534057617,30.25,30.81999969482422,30.81999969482422,460200
2014-02-10,30.719999313354492,30.93000030517578,29.690000534057617,29.989999771118164,29.989999771118164,496400
2014-02-11,30.0,30.0,29.31999969482422,29.43000030517578,29.43000030517578,416900
2014-02-12,29.559999465942383,31.18000030517578,29.3799991607666,30.90999984741211,30.90999984741211,632100
2014-02-13,30.579999923706055,31.1299991607666,30.520000457763672,31.06999969482422,31.06999969482422,266500
2014-02-14,31.040000915527344,31.15999984741211,30.299999237060547,30.799999237060547,30.799999237060547,230000
2014-02-18,30.799999237060547,31.25,30.6299991607666,31.190000534057617,31.190000534057617,317800
2014-02-19,30.950000762939453,31.25,30.469999313354492,30.549999237060547,30.549999237060547,392000
2014-02-20,31.850000381469727,33.220001220703125,31.770000457763672,32.7599983215332,32.7599983215332,928400
2014-02-21,32.970001220703125,33.2400016784668,32.75,33.09000015258789,33.09000015258789,588400
2014-02-24,33.099998474121094,34.13999938964844,33.099998474121094,33.7599983215332,33.7599983215332,586100
2014-02-25,33.779998779296875,34.0099983215332,33.13999938964844,33.369998931884766,33.369998931884766,377600
2014-02-26,33.36000061035156,34.369998931884766,33.2599983215332,33.97999954223633,33.97999954223633,382100
2014-02-27,33.91999816894531,34.400001525878906,33.77000045776367,34.040000915527344,34.040000915527344,290400
2014-02-28,34.150001525878906,34.869998931884766,34.099998474121094,34.400001525878906,34.400001525878906,338700
2014-03-03,34.0099983215332,34.380001068115234,33.83000183105469,34.16999816894531,34.16999816894531,456800
2014-03-04,34.869998931884766,35.619998931884766,34.779998779296875,35.34000015258789,35.34000015258789,414000
2014-03-05,35.130001068115234,35.220001220703125,34.619998931884766,35.209999084472656,35.209999084472656,257800
2014-03-06,35.209999084472656,35.779998779296875,34.97999954223633,35.650001525878906,35.650001525878906,324900
2014-03-07,36.04999923706055,36.63999938964844,35.77000045776367,36.599998474121094,36.599998474121094,396800
2014-03-10,36.439998626708984,36.810001373291016,36.029998779296875,36.5,36.5,304000
2014-03-11,36.31999969482422,36.369998931884766,35.16999816894531,35.25,35.25,264000
2014-03-12,34.95000076293945,35.20000076293945,34.599998474121094,35.18000030517578,35.18000030517578,224600
2014-03-13,35.41999816894531,35.41999816894531,34.47999954223633,34.7400016784668,34.7400016784668,251800
2014-03-14,34.529998779296875,35.09000015258789,34.529998779296875,34.880001068115234,34.880001068115234,149900
2014-03-17,35.099998474121094,35.4900016784668,34.72999954223633,35.04999923706055,35.04999923706055,183700
2014-03-18,35.31999969482422,37.58000183105469,35.27000045776367,37.560001373291016,37.560001373291016,656400
2014-03-19,37.38999938964844,37.40999984741211,36.56999969482422,36.849998474121094,36.849998474121094,458200
2014-03-20,38.2400016784668,38.93000030517578,37.59000015258789,38.7599983215332,38.7599983215332,686000
2014-03-21,38.84000015258789,38.90999984741211,37.79999923706055,37.959999084472656,37.959999084472656,415400
2014-03-24,38.130001068115234,38.310001373291016,37.06999969482422,37.279998779296875,37.279998779296875,434300
2014-03-25,37.650001525878906,37.91999816894531,36.709999084472656,37.08000183105469,37.08000183105469,238300
2014-03-26,37.38999938964844,37.560001373291016,36.060001373291016,36.130001068115234,36.130001068115234,328800
2014-03-27,36.13999938964844,36.709999084472656,36.09000015258789,36.5099983215332,36.5099983215332,331100
2014-03-28,36.68000030517578,37.099998474121094,35.79999923706055,36.13999938964844,36.13999938964844,247400
2014-03-31,36.59000015258789,38.68000030517578,36.59000015258789,38.59000015258789,38.59000015258789,519900
2014-04-01,38.689998626708984,39.86000061035156,38.33000183105469,38.91999816894531,38.91999816894531,524200
2014-04-02,39.13999938964844,39.599998474121094,38.31999969482422,38.779998779296875,38.779998779296875,376900
2014-04-03,38.630001068115234,39.0,37.970001220703125,38.41999816894531,38.41999816894531,246900
2014-04-04,38.93000030517578,38.959999084472656,36.81999969482422,37.09000015258789,37.09000015258789,327100
2014-04-07,36.79999923706055,37.060001373291016,36.150001525878906,36.560001373291016,36.560001373291016,247200
2014-04-08,36.650001525878906,37.20000076293945,36.56999969482422,36.84000015258789,36.84000015258789,217700
2014-04-09,36.939998626708984,38.18000030517578,36.86000061035156,38.130001068115234,38.130001068115234,425200
2014-04-10,38.040000915527344,38.16999816894531,36.83000183105469,37.09000015258789,37.09000015258789,479700
2014-04-11,36.65999984741211,36.959999084472656,35.459999084472656,35.91999816894531,35.91999816894531,321200
2014-04-14,36.40999984741211,36.40999984741211,35.029998779296875,35.459999084472656,35.459999084472656,400200
2014-04-15,35.540000915527344,35.79999923706055,34.36000061035156,34.900001525878906,34.900001525878906,500900
2014-04-16,35.150001525878906,35.720001220703125,34.970001220703125,35.56999969482422,35.56999969482422,523900
2014-04-17,35.369998931884766,36.0099983215332,35.22999954223633,35.880001068115234,35.880001068115234,325300
2014-04-21,36.029998779296875,36.400001525878906,35.5099983215332,36.220001220703125,36.220001220703125,232200
2014-04-22,36.45000076293945,37.189998626708984,36.33000183105469,36.54999923706055,36.54999923706055,240300
2014-04-23,36.900001525878906,37.15999984741211,36.11000061035156,36.27000045776367,36.27000045776367,408900
2014-04-24,37.369998931884766,38.04999923706055,35.2599983215332,35.7599983215332,35.7599983215332,743100
2014-04-25,35.380001068115234,35.380001068115234,34.18000030517578,34.369998931884766,34.369998931884766,441000
2014-04-28,34.45000076293945,34.63999938964844,32.70000076293945,33.939998626708984,33.939998626708984,410500
2014-04-29,34.02000045776367,34.47999954223633,33.689998626708984,34.0099983215332,34.0099983215332,307600
2014-04-30,34.0,35.02000045776367,33.43000030517578,35.0,35.0,521600
2014-05-01,34.79999923706055,35.939998626708984,34.349998474121094,35.09000015258789,35.09000015258789,547700
2014-05-02,35.099998474121094,35.900001525878906,34.689998626708984,34.97999954223633,34.97999954223633,495500
2014-05-05,34.540000915527344,34.77000045776367,33.97999954223633,34.56999969482422,34.56999969482422,286100
2014-05-06,34.369998931884766,34.54999923706055,33.77000045776367,33.939998626708984,33.939998626708984,269600
2014-05-07,34.150001525878906,34.400001525878906,33.470001220703125,34.36000061035156,34.36000061035156,366700
2014-05-08,34.43000030517578,35.70000076293945,34.20000076293945,34.880001068115234,34.880001068115234,523700
2014-05-09,34.599998474121094,35.790000915527344,33.9900016784668,35.18000030517578,35.18000030517578,402300
2014-05-12,35.47999954223633,36.95000076293945,35.31999969482422,36.66999816894531,36.66999816894531,342600
2014-05-13,36.7400016784668,36.90999984741211,36.220001220703125,36.369998931884766,36.369998931884766,499200
2014-05-14,36.400001525878906,36.720001220703125,35.5099983215332,35.709999084472656,35.709999084472656,461100
2014-05-15,35.38999938964844,35.63999938964844,34.66999816894531,35.09000015258789,35.09000015258789,384000
2014-05-16,34.9900016784668,35.310001373291016,34.540000915527344,35.130001068115234,35.130001068115234,212200
2014-05-19,34.91999816894531,35.66999816894531,34.849998474121094,35.5099983215332,35.5099983215332,392900
2014-05-20,35.25,35.27000045776367,34.27000045776367,34.790000915527344,34.790000915527344,454600
2014-05-21,34.84000015258789,35.5099983215332,34.4900016784668,35.310001373291016,35.310001373291016,1151700
2014-05-22,35.2400016784668,36.040000915527344,35.22999954223633,35.470001220703125,35.470001220703125,273000
2014-05-23,35.4900016784668,35.9900016784668,35.189998626708984,35.939998626708984,35.939998626708984,180100
2014-05-27,36.11000061035156,36.439998626708984,35.84000015258789,36.349998474121094,36.349998474121094,272300
2014-05-28,36.369998931884766,36.41999816894531,35.779998779296875,35.810001373291016,35.810001373291016,250100
2014-05-29,36.09000015258789,36.09000015258789,35.209999084472656,35.61000061035156,35.61000061035156,318300
2014-05-30,35.5,35.5099983215332,34.90999984741211,35.25,35.25,192100
2014-06-02,35.33000183105469,36.02000045776367,35.0,35.88999938964844,35.88999938964844,317800
2014-06-03,35.560001373291016,35.880001068115234,34.650001525878906,34.970001220703125,34.970001220703125,323400
2014-06-04,34.93000030517578,35.63999938964844,34.599998474121094,35.38999938964844,35.38999938964844,204500
2014-06-05,35.470001220703125,36.06999969482422,35.06999969482422,36.0,36.0,345500
2014-06-06,36.25,36.52000045776367,36.0099983215332,36.36000061035156,36.36000061035156,290900
2014-06-09,36.279998779296875,36.86000061035156,36.040000915527344,36.83000183105469,36.83000183105469,221500
2014-06-10,36.7400016784668,36.83000183105469,36.400001525878906,36.689998626708984,36.689998626708984,179900
2014-06-11,36.4900016784668,36.63999938964844,35.95000076293945,36.209999084472656,36.209999084472656,124900
2014-06-12,36.02000045776367,36.060001373291016,35.41999816894531,35.72999954223633,35.72999954223633,127800
2014-06-13,35.86000061035156,35.9900016784668,35.099998474121094,35.25,35.25,214700
2014-06-16,35.20000076293945,35.61000061035156,34.900001525878906,35.529998779296875,35.529998779296875,405200
2014-06-17,35.41999816894531,35.77000045776367,35.11000061035156,35.27000045776367,35.27000045776367,264200
2014-06-18,35.310001373291016,35.47999954223633,34.7599983215332,35.470001220703125,35.470001220703125,282900
2014-06-19,35.52000045776367,35.72999954223633,35.2599983215332,35.630001068115234,35.630001068115234,142400
2014-06-20,35.54999923706055,36.18000030517578,35.54999923706055,36.119998931884766,36.119998931884766,415100
2014-06-23,36.20000076293945,36.369998931884766,35.65999984741211,35.90999984741211,35.90999984741211,241700
2014-06-24,35.7599983215332,36.31999969482422,35.2599983215332,35.279998779296875,35.279998779296875,226800
2014-06-25,35.099998474121094,35.95000076293945,35.0099983215332,35.689998626708984,35.689998626708984,242600
2014-06-26,35.81999969482422,35.81999969482422,35.209999084472656,35.63999938964844,35.63999938964844,181300
2014-06-27,35.400001525878906,36.380001068115234,35.400001525878906,35.93000030517578,35.93000030517578,1010100
2014-06-30,35.790000915527344,35.91999816894531,35.349998474121094,35.56999969482422,35.56999969482422,349600
2014-07-01,35.709999084472656,36.43000030517578,35.709999084472656,36.11000061035156,36.11000061035156,285100
2014-07-02,36.06999969482422,36.81999969482422,36.029998779296875,36.380001068115234,36.380001068115234,258200
2014-07-03,36.529998779296875,37.09000015258789,36.529998779296875,37.060001373291016,37.060001373291016,101600
2014-07-07,36.849998474121094,37.040000915527344,36.25,36.34000015258789,36.34000015258789,269300
2014-07-08,36.18000030517578,36.18000030517578,35.41999816894531,35.900001525878906,35.900001525878906,220300
2014-07-09,36.0099983215332,36.36000061035156,35.619998931884766,35.81999969482422,35.81999969482422,311000
2014-07-10,34.970001220703125,35.56999969482422,34.810001373291016,35.189998626708984,35.189998626708984,293900
2014-07-11,35.119998931884766,35.540000915527344,34.970001220703125,35.31999969482422,35.31999969482422,145400
2014-07-14,35.70000076293945,36.16999816894531,35.5,36.060001373291016,36.060001373291016,165700
2014-07-15,35.97999954223633,36.2599983215332,35.540000915527344,35.95000076293945,35.95000076293945,188000
2014-07-16,36.290000915527344,36.400001525878906,35.689998626708984,35.83000183105469,35.83000183105469,187500
2014-07-17,35.54999923706055,35.9900016784668,35.06999969482422,35.13999938964844,35.13999938964844,203500
2014-07-18,35.09000015258789,36.119998931884766,35.09000015258789,35.88999938964844,35.88999938964844,177000
2014-07-21,35.11000061035156,35.70000076293945,34.599998474121094,35.040000915527344,35.040000915527344,276300
2014-07-22,35.369998931884766,35.7400016784668,35.0099983215332,35.349998474121094,35.349998474121094,165700
2014-07-23,35.529998779296875,35.66999816894531,34.939998626708984,35.06999969482422,35.06999969482422,243700
2014-07-24,35.119998931884766,35.45000076293945,34.79999923706055,34.970001220703125,34.970001220703125,137900
2014-07-25,34.66999816894531,34.7400016784668,34.0099983215332,34.470001220703125,34.470001220703125,257800
2014-07-28,34.43000030517578,34.529998779296875,33.68000030517578,33.90999984741211,33.90999984741211,254000
2014-07-29,33.9900016784668,35.22999954223633,33.939998626708984,35.16999816894531,35.16999816894531,342400
2014-07-30,35.560001373291016,35.560001373291016,34.540000915527344,34.900001525878906,34.900001525878906,283100
2014-07-31,30.350000381469727,30.350000381469727,26.229999542236328,27.010000228881836,27.010000228881836,3631000
2014-08-01,27.100000381469727,27.170000076293945,26.270000457763672,26.799999237060547,26.799999237060547,1216100
2014-08-04,27.049999237060547,27.3700008392334,26.520000457763672,26.90999984741211,26.90999984741211,829700
2014-08-05,26.780000686645508,27.790000915527344,26.639999389648438,27.75,27.75,778100
2014-08-06,27.520000457763672,29.31999969482422,27.520000457763672,29.09000015258789,29.09000015258789,897600
2014-08-07,29.18000030517578,29.229999542236328,28.600000381469727,28.780000686645508,28.780000686645508,648700
2014-08-08,28.790000915527344,29.549999237060547,28.68000030517578,29.309999465942383,29.309999465942383,494400
2014-08-11,29.3799991607666,30.06999969482422,29.3700008392334,29.639999389648438,29.639999389648438,436000
2014-08-12,29.469999313354492,29.899999618530273,29.1299991607666,29.229999542236328,29.229999542236328,367500
2014-08-13,29.360000610351562,30.079999923706055,29.360000610351562,29.84000015258789,29.84000015258789,404300
2014-08-14,29.809999465942383,29.989999771118164,29.639999389648438,29.850000381469727,29.850000381469727,360900
2014-08-15,30.219999313354492,30.299999237060547,29.450000762939453,29.829999923706055,29.829999923706055,472300
2014-08-18,30.079999923706055,30.399999618530273,29.959999084472656,30.170000076293945,30.170000076293945,490800
2014-08-19,30.239999771118164,31.06999969482422,30.09000015258789,30.75,30.75,807900
2014-08-20,30.56999969482422,30.59000015258789,29.700000762939453,29.860000610351562,29.860000610351562,647800
2014-08-21,29.959999084472656,30.399999618530273,29.729999542236328,29.950000762939453,29.950000762939453,599900
2014-08-22,29.920000076293945,30.049999237060547,29.34000015258789,29.469999313354492,29.469999313354492,809700
2014-08-25,29.68000030517578,30.200000762939453,29.479999542236328,30.079999923706055,30.079999923706055,549500
2014-08-26,30.18000030517578,30.209999084472656,29.700000762939453,30.100000381469727,30.100000381469727,636900
2014-08-27,30.15999984741211,30.3799991607666,30.010000228881836,30.200000762939453,30.200000762939453,215500
2014-08-28,29.979999542236328,29.979999542236328,29.200000762939453,29.3700008392334,29.3700008392334,433300
2014-08-29,29.459999084472656,29.65999984741211,29.31999969482422,29.559999465942383,29.559999465942383,415400
2014-09-02,29.65999984741211,30.0,29.25,29.579999923706055,29.579999923706055,563600
2014-09-03,29.790000915527344,29.979999542236328,29.280000686645508,29.309999465942383,29.309999465942383,312700
2014-09-04,29.479999542236328,29.90999984741211,29.3799991607666,29.479999542236328,29.479999542236328,356300
2014-09-05,29.459999084472656,29.81999969482422,29.450000762939453,29.68000030517578,29.68000030517578,307700
2014-09-08,29.65999984741211,29.899999618530273,29.579999923706055,29.81999969482422,29.81999969482422,398800
2014-09-09,29.760000228881836,29.899999618530273,29.350000381469727,29.459999084472656,29.459999084472656,571400
2014-09-10,29.469999313354492,29.959999084472656,29.440000534057617,29.6299991607666,29.6299991607666,590200
2014-09-11,29.6200008392334,30.079999923706055,29.510000228881836,29.75,29.75,459400
2014-09-12,29.780000686645508,29.829999923706055,29.219999313354492,29.34000015258789,29.34000015258789,698900
2014-09-15,29.3799991607666,29.3799991607666,28.700000762939453,28.780000686645508,28.780000686645508,681100
2014-09-16,28.610000610351562,29.040000915527344,28.510000228881836,28.81999969482422,28.81999969482422,407300
2014-09-17,28.790000915527344,29.010000228881836,28.399999618530273,28.440000534057617,28.440000534057617,467500
2014-09-18,28.479999542236328,28.59000015258789,27.299999237060547,27.549999237060547,27.549999237060547,1059800
2014-09-19,27.6200008392334,28.0,27.25,27.399999618530273,27.399999618530273,830800
2014-09-22,27.209999084472656,27.299999237060547,26.790000915527344,26.959999084472656,26.959999084472656,524800
2014-09-23,26.770000457763672,27.0,26.649999618530273,26.770000457763672,26.770000457763672,629800
2014-09-24,26.860000610351562,27.219999313354492,26.700000762939453,27.1200008392334,27.1200008392334,346000
2014-09-25,27.25,27.25,26.690000534057617,26.850000381469727,26.850000381469727,961900
2014-09-26,26.90999984741211,27.139999389648438,26.709999084472656,26.989999771118164,26.989999771118164,493900
2014-09-29,26.6299991607666,26.969999313354492,26.530000686645508,26.950000762939453,26.950000762939453,374900
2014-09-30,26.8700008392334,27.239999771118164,26.6200008392334,26.850000381469727,26.850000381469727,848800
2014-10-01,26.84000015258789,26.84000015258789,26.260000228881836,26.389999389648438,26.389999389648438,887100
2014-10-02,26.360000610351562,26.739999771118164,26.31999969482422,26.579999923706055,26.579999923706055,523300
2014-10-03,26.729999542236328,27.09000015258789,26.729999542236328,26.979999542236328,26.979999542236328,628800
2014-10-06,27.170000076293945,27.290000915527344,26.700000762939453,26.81999969482422,26.81999969482422,264200
2014-10-07,26.65999984741211,26.790000915527344,26.360000610351562,26.549999237060547,26.549999237060547,778400
2014-10-08,26.399999618530273,26.850000381469727,26.059999465942383,26.780000686645508,26.780000686645508,639000
2014-10-09,26.799999237060547,26.8799991607666,26.239999771118164,26.459999084472656,26.459999084472656,775700
2014-10-10,26.360000610351562,27.110000610351562,26.290000915527344,26.649999618530273,26.649999618530273,732000
2014-10-13,26.670000076293945,27.229999542236328,26.520000457763672,26.850000381469727,26.850000381469727,865600
2014-10-14,27.0,27.260000228881836,26.670000076293945,27.15999984741211,27.15999984741211,842300
2014-10-15,27.110000610351562,28.8799991607666,27.0,28.780000686645508,28.780000686645508,1217600
2014-10-16,28.270000457763672,28.969999313354492,28.1299991607666,28.399999618530273,28.399999618530273,1212400
2014-10-17,28.81999969482422,28.920000076293945,28.43000030517578,28.729999542236328,28.729999542236328,610000
2014-10-20,28.579999923706055,28.729999542236328,28.18000030517578,28.309999465942383,28.309999465942383,428800
2014-10-21,28.030000686645508,28.459999084472656,27.18000030517578,28.399999618530273,28.399999618530273,705700
2014-10-22,28.510000228881836,28.940000534057617,28.280000686645508,28.299999237060547,28.299999237060547,517500
2014-10-23,28.540000915527344,28.969999313354492,28.3700008392334,28.790000915527344,28.790000915527344,572500
2014-10-24,28.8799991607666,28.969999313354492,28.549999237060547,28.770000457763672,28.770000457763672,323600
2014-10-27,28.549999237060547,28.799999237060547,28.290000915527344,28.489999771118164,28.489999771118164,371400
2014-10-28,28.56999969482422,29.489999771118164,28.56999969482422,29.450000762939453,29.450000762939453,622800
2014-10-29,29.889999389648438,30.5,29.56999969482422,29.90999984741211,29.90999984741211,989200
2014-10-30,26.6299991607666,28.899999618530273,25.979999542236328,28.06999969482422,28.06999969482422,2173900
2014-10-31,28.719999313354492,29.540000915527344,28.360000610351562,29.100000381469727,29.100000381469727,982000
2014-11-03,29.06999969482422,29.459999084472656,29.010000228881836,29.1200008392334,29.1200008392334,566600
2014-11-04,29.049999237060547,29.579999923706055,28.989999771118164,29.31999969482422,29.31999969482422,331200
2014-11-05,29.489999771118164,29.809999465942383,29.260000228881836,29.290000915527344,29.290000915527344,417900
2014-11-06,29.25,29.979999542236328,29.25,29.959999084472656,29.959999084472656,316900
2014-11-07,29.940000534057617,30.15999984741211,29.59000015258789,30.15999984741211,30.15999984741211,399800
2014-11-10,30.110000610351562,30.1299991607666,29.6299991607666,30.020000457763672,30.020000457763672,369700
2014-11-11,30.059999465942383,30.389999389648438,29.860000610351562,30.309999465942383,30.309999465942383,328800
2014-11-12,30.059999465942383,31.1200008392334,30.059999465942383,31.010000228881836,31.010000228881836,470200
2014-11-13,31.010000228881836,31.34000015258789,30.190000534057617,30.389999389648438,30.389999389648438,239600
2014-11-14,30.489999771118164,30.81999969482422,30.389999389648438,30.670000076293945,30.670000076293945,320500
2014-11-17,30.700000762939453,30.989999771118164,30.420000076293945,30.540000915527344,30.540000915527344,351900
2014-11-18,30.6200008392334,30.670000076293945,30.290000915527344,30.600000381469727,30.600000381469727,465900
2014-11-19,30.520000457763672,30.709999084472656,29.780000686645508,30.1299991607666,30.1299991607666,397000
2014-11-20,29.920000076293945,30.690000534057617,29.920000076293945,30.6299991607666,30.6299991607666,373500
2014-11-21,31.0,31.1299991607666,30.68000030517578,30.809999465942383,30.809999465942383,396100
2014-11-24,30.950000762939453,31.25,30.690000534057617,31.020000457763672,31.020000457763672,305300
2014-11-25,31.170000076293945,31.25,30.799999237060547,31.139999389648438,31.139999389648438,279100
2014-11-26,31.09000015258789,31.200000762939453,30.90999984741211,31.139999389648438,31.139999389648438,184500
2014-11-28,31.200000762939453,31.329999923706055,30.700000762939453,30.729999542236328,30.729999542236328,190400
2014-12-01,30.670000076293945,31.020000457763672,30.219999313354492,30.84000015258789,30.84000015258789,479100
2014-12-02,30.829999923706055,31.420000076293945,30.81999969482422,31.229999542236328,31.229999542236328,350400
2014-12-03,31.31999969482422,31.979999542236328,31.239999771118164,31.760000228881836,31.760000228881836,366600
2014-12-04,31.690000534057617,31.75,30.84000015258789,31.030000686645508,31.030000686645508,456300
2014-12-05,31.06999969482422,32.02000045776367,31.020000457763672,31.989999771118164,31.989999771118164,365900
2014-12-08,31.959999084472656,31.959999084472656,30.920000076293945,31.299999237060547,31.299999237060547,557800
2014-12-09,30.940000534057617,31.979999542236328,30.610000610351562,31.93000030517578,31.93000030517578,288600
2014-12-10,31.860000610351562,31.889999389648438,31.270000457763672,31.399999618530273,31.399999618530273,556400
2014-12-11,31.479999542236328,32.09000015258789,31.479999542236328,31.809999465942383,31.809999465942383,552300
2014-12-12,31.34000015258789,31.469999313354492,31.010000228881836,31.260000228881836,31.260000228881836,407100
2014-12-15,31.389999389648438,31.520000457763672,30.65999984741211,30.8700008392334,30.8700008392334,737100
2014-12-16,30.760000228881836,31.469999313354492,30.489999771118164,30.5,30.5,469900
2014-12-17,30.59000015258789,31.170000076293945,30.15999984741211,31.079999923706055,31.079999923706055,436100
2014-12-18,31.520000457763672,32.099998474121094,31.059999465942383,32.029998779296875,32.029998779296875,483000
2014-12-19,32.0,32.689998626708984,31.8799991607666,32.470001220703125,32.470001220703125,1112500
2014-12-22,32.47999954223633,33.099998474121094,32.27000045776367,32.939998626708984,32.939998626708984,531300
2014-12-23,33.0,33.54999923706055,32.849998474121094,33.33000183105469,33.33000183105469,328400
2014-12-24,33.369998931884766,33.75,33.22999954223633,33.65999984741211,33.65999984741211,131100
2014-12-26,33.720001220703125,34.040000915527344,33.470001220703125,33.810001373291016,33.810001373291016,167900
2014-12-29,33.79999923706055,34.279998779296875,33.619998931884766,34.02000045776367,34.02000045776367,379000
2014-12-30,33.95000076293945,34.22999954223633,33.38999938964844,33.54999923706055,33.54999923706055,192100
2014-12-31,33.56999969482422,33.779998779296875,33.18000030517578,33.189998626708984,33.189998626708984,314600
2015-01-02,33.380001068115234,33.38999938964844,32.06999969482422,32.5099983215332,32.5099983215332,340200
2015-01-05,32.189998626708984,32.33000183105469,31.6200008392334,31.969999313354492,31.969999313354492,374100
2015-01-06,32.0,32.09000015258789,30.979999542236328,31.270000457763672,31.270000457763672,370100
2015-01-07,31.559999465942383,32.459999084472656,31.549999237060547,32.11000061035156,32.11000061035156,629800
2015-01-08,32.47999954223633,33.400001525878906,32.369998931884766,32.61000061035156,32.61000061035156,661700
2015-01-09,32.7400016784668,32.75,31.950000762939453,32.0099983215332,32.0099983215332,344300
2015-01-12,31.920000076293945,32.209999084472656,31.149999618530273,32.13999938964844,32.13999938964844,321500
2015-01-13,32.529998779296875,32.97999954223633,31.790000915527344,32.349998474121094,32.349998474121094,326400
2015-01-14,31.969999313354492,32.40999984741211,31.6200008392334,32.13999938964844,32.13999938964844,233100
2015-01-15,32.290000915527344,32.290000915527344,31.479999542236328,31.6200008392334,31.6200008392334,186300
2015-01-16,31.530000686645508,32.4900016784668,31.530000686645508,32.43000030517578,32.43000030517578,292700
2015-01-20,32.970001220703125,34.209999084472656,32.939998626708984,34.02000045776367,34.02000045776367,1037900
2015-01-21,33.849998474121094,34.70000076293945,33.189998626708984,34.5,34.5,864500
2015-01-22,34.599998474121094,35.560001373291016,34.2400016784668,35.459999084472656,35.459999084472656,510600
2015-01-23,35.349998474121094,35.70000076293945,35.0,35.540000915527344,35.540000915527344,211500
2015-01-26,35.540000915527344,35.540000915527344,34.70000076293945,35.369998931884766,35.369998931884766,368800
2015-01-27,34.880001068115234,35.290000915527344,34.650001525878906,34.91999816894531,34.91999816894531,401200
2015-01-28,35.09000015258789,35.13999938964844,34.279998779296875,34.38999938964844,34.38999938964844,270700
2015-01-29,34.41999816894531,35.290000915527344,34.13999938964844,35.08000183105469,35.08000183105469,364400
2015-01-30,34.84000015258789,35.70000076293945,34.84000015258789,35.130001068115234,35.130001068115234,398100
2015-02-02,35.15999984741211,35.68000030517578,34.5,35.63999938964844,35.63999938964844,326400
2015-02-03,35.79999923706055,36.77000045776367,35.650001525878906,36.4900016784668,36.4900016784668,446800
2015-02-04,36.16999816894531,37.0,36.16999816894531,36.54999923706055,36.54999923706055,318800
2015-02-05,36.70000076293945,37.2599983215332,36.529998779296875,37.209999084472656,37.209999084472656,215600
2015-02-06,37.349998474121094,37.400001525878906,36.900001525878906,37.06999969482422,37.06999969482422,217500
2015-02-09,36.84000015258789,37.470001220703125,36.380001068115234,36.400001525878906,36.400001525878906,273500
2015-02-10,36.86000061035156,36.959999084472656,36.18000030517578,36.959999084472656,36.959999084472656,354300
2015-02-11,36.900001525878906,37.349998474121094,36.65999984741211,37.13999938964844,37.13999938964844,153000
2015-02-12,37.29999923706055,37.7400016784668,37.29999923706055,37.709999084472656,37.709999084472656,155000
2015-02-13,37.689998626708984,38.20000076293945,37.33000183105469,37.689998626708984,37.689998626708984,209900
2015-02-17,38.029998779296875,38.18000030517578,37.5099983215332,37.61000061035156,37.61000061035156,345500
2015-02-18,37.36000061035156,37.97999954223633,37.290000915527344,37.88999938964844,37.88999938964844,420000
2015-02-19,37.790000915527344,38.63999938964844,37.560001373291016,38.400001525878906,38.400001525878906,463000
2015-02-20,38.2599983215332,39.099998474121094,38.08000183105469,39.09000015258789,39.09000015258789,364800
2015-02-23,39.060001373291016,39.060001373291016,38.310001373291016,38.97999954223633,38.97999954223633,493600
2015-02-24,39.060001373291016,39.47999954223633,38.9900016784668,39.349998474121094,39.349998474121094,365500
2015-02-25,39.439998626708984,39.70000076293945,38.86000061035156,39.0099983215332,39.0099983215332,212100
2015-02-26,38.9900016784668,39.16999816894531,38.709999084472656,38.79999923706055,38.79999923706055,242100
2015-02-27,38.83000183105469,38.97999954223633,38.20000076293945,38.209999084472656,38.209999084472656,323700
2015-03-02,38.279998779296875,39.0,38.15999984741211,38.7599983215332,38.7599983215332,325300
2015-03-03,38.720001220703125,38.880001068115234,38.2400016784668,38.52000045776367,38.52000045776367,213200
2015-03-04,38.2599983215332,38.290000915527344,37.720001220703125,38.150001525878906,38.150001525878906,228300
2015-03-05,38.27000045776367,38.27000045776367,37.75,38.029998779296875,38.029998779296875,221700
2015-03-06,37.810001373291016,38.119998931884766,37.31999969482422,37.45000076293945,37.45000076293945,366800
2015-03-09,37.619998931884766,37.86000061035156,37.36000061035156,37.75,37.75,443900
2015-03-10,37.33000183105469,37.5099983215332,36.779998779296875,37.04999923706055,37.04999923706055,261700
2015-03-11,37.060001373291016,37.349998474121094,36.709999084472656,36.959999084472656,36.959999084472656,310500
2015-03-12,37.25,38.209999084472656,37.25,38.06999969482422,38.06999969482422,297500
2015-03-13,38.06999969482422,38.27000045776367,37.029998779296875,37.65999984741211,37.65999984741211,263100
2015-03-16,37.86000061035156,38.06999969482422,37.540000915527344,37.88999938964844,37.88999938964844,250400
2015-03-17,37.79999923706055,38.29999923706055,37.630001068115234,38.22999954223633,38.22999954223633,250900
2015-03-18,38.209999084472656,38.86000061035156,38.0,38.70000076293945,38.70000076293945,232600
2015-03-19,38.560001373291016,38.790000915527344,38.41999816894531,38.66999816894531,38.66999816894531,107700
2015-03-20,38.91999816894531,38.95000076293945,38.5,38.79999923706055,38.79999923706055,377700
2015-03-23,38.7599983215332,38.900001525878906,38.41999816894531,38.630001068115234,38.630001068115234,266500
2015-03-24,38.630001068115234,38.790000915527344,38.33000183105469,38.38999938964844,38.38999938964844,181400
2015-03-25,38.349998474121094,38.349998474121094,37.29999923706055,37.459999084472656,37.459999084472656,262800
2015-03-26,37.459999084472656,38.220001220703125,37.279998779296875,37.779998779296875,37.779998779296875,333900
2015-03-27,37.79999923706055,38.45000076293945,37.65999984741211,38.36000061035156,38.36000061035156,223000
2015-03-30,38.619998931884766,39.06999969482422,38.439998626708984,38.900001525878906,38.900001525878906,234300
2015-03-31,38.869998931884766,38.869998931884766,38.029998779296875,38.369998931884766,38.369998931884766,647400
2015-04-01,38.43000030517578,38.72999954223633,38.150001525878906,38.5,38.5,222200
2015-04-02,38.45000076293945,38.900001525878906,38.45000076293945,38.689998626708984,38.689998626708984,123000
2015-04-06,38.33000183105469,39.11000061035156,38.27000045776367,39.099998474121094,39.099998474121094,176100
2015-04-07,39.099998474121094,39.47999954223633,38.720001220703125,38.97999954223633,38.97999954223633,170400
2015-04-08,39.029998779296875,39.79999923706055,38.83000183105469,39.529998779296875,39.529998779296875,215600
2015-04-09,39.54999923706055,39.650001525878906,38.84000015258789,39.08000183105469,39.08000183105469,143300
2015-04-10,39.33000183105469,39.68000030517578,39.08000183105469,39.310001373291016,39.310001373291016,115500
2015-04-13,39.41999816894531,39.63999938964844,39.34000015258789,39.47999954223633,39.47999954223633,132900
2015-04-14,39.59000015258789,39.7400016784668,39.310001373291016,39.70000076293945,39.70000076293945,200700
2015-04-15,39.810001373291016,39.869998931884766,39.33000183105469,39.380001068115234,39.380001068115234,248400
2015-04-16,39.5,39.560001373291016,39.09000015258789,39.29999923706055,39.29999923706055,114000
2015-04-17,39.029998779296875,39.029998779296875,37.95000076293945,38.25,38.25,194200
2015-04-20,38.45000076293945,39.0,38.25,38.75,38.75,195300
2015-04-21,39.029998779296875,39.119998931884766,38.459999084472656,38.68000030517578,38.68000030517578,269700
2015-04-22,38.7400016784668,38.77000045776367,38.290000915527344,38.68000030517578,38.68000030517578,141200
2015-04-23,38.650001525878906,38.880001068115234,38.22999954223633,38.70000076293945,38.70000076293945,161000
2015-04-24,38.88999938964844,38.88999938964844,38.209999084472656,38.779998779296875,38.779998779296875,136400
2015-04-27,38.849998474121094,39.31999969482422,38.31999969482422,38.5099983215332,38.5099983215332,185500
2015-04-28,38.56999969482422,39.0099983215332,38.099998474121094,38.77000045776367,38.77000045776367,223800
2015-04-29,38.65999984741211,39.04999923706055,37.54999923706055,37.84000015258789,37.84000015258789,304700
2015-04-30,30.600000381469727,35.0,30.600000381469727,33.650001525878906,33.650001525878906,2421000
2015-05-01,33.7400016784668,34.43000030517578,33.5099983215332,34.13999938964844,34.13999938964844,518500
2015-05-04,34.310001373291016,34.779998779296875,33.630001068115234,33.7400016784668,33.7400016784668,366900
2015-05-05,33.560001373291016,33.970001220703125,32.54999923706055,32.75,32.75,448900
2015-05-06,32.84000015258789,32.970001220703125,32.5,32.65999984741211,32.65999984741211,307800
2015-05-07,32.529998779296875,33.130001068115234,32.5,32.93000030517578,32.93000030517578,257800
2015-05-08,33.470001220703125,33.59000015258789,32.79999923706055,32.84000015258789,32.84000015258789,253800
2015-05-11,34.0,37.83000183105469,34.0,37.61000061035156,37.61000061035156,1777200
2015-05-12,37.79999923706055,38.599998474121094,37.15999984741211,38.290000915527344,38.290000915527344,681500
2015-05-13,38.75,38.75,37.54999923706055,37.880001068115234,37.880001068115234,327300
2015-05-14,38.09000015258789,38.619998931884766,37.630001068115234,38.54999923706055,38.54999923706055,286900
2015-05-15,38.650001525878906,38.95000076293945,38.33000183105469,38.70000076293945,38.70000076293945,253700
2015-05-18,38.56999969482422,38.84000015258789,38.349998474121094,38.7599983215332,38.7599983215332,608100
2015-05-19,38.5,38.849998474121094,38.34000015258789,38.79999923706055,38.79999923706055,278100
2015-05-20,38.790000915527344,38.880001068115234,38.529998779296875,38.75,38.75,243900
2015-05-21,38.66999816894531,38.779998779296875,38.2400016784668,38.47999954223633,38.47999954223633,209800
2015-05-22,38.349998474121094,38.599998474121094,37.880001068115234,38.18000030517578,38.18000030517578,140600
2015-05-26,38.2400016784668,38.290000915527344,37.41999816894531,37.7400016784668,37.7400016784668,232600
2015-05-27,37.959999084472656,38.29999923706055,37.349998474121094,38.25,38.25,215600
2015-05-28,38.22999954223633,38.22999954223633,37.58000183105469,38.0,38.0,266900
2015-05-29,37.869998931884766,38.20000076293945,37.33000183105469,37.4900016784668,37.4900016784668,153300
2015-06-01,37.790000915527344,37.83000183105469,37.20000076293945,37.65999984741211,37.65999984741211,156000
2015-06-02,37.45000076293945,38.20000076293945,37.22999954223633,37.939998626708984,37.939998626708984,216800
2015-06-03,38.0,38.5,37.75,38.31999969482422,38.31999969482422,239700
2015-06-04,38.09000015258789,38.439998626708984,37.63999938964844,37.689998626708984,37.689998626708984,143900
2015-06-05,37.63999938964844,38.0099983215332,37.43000030517578,37.97999954223633,37.97999954223633,123600
2015-06-08,38.029998779296875,38.380001068115234,37.9900016784668,38.029998779296875,38.029998779296875,336900
2015-06-09,38.119998931884766,38.119998931884766,37.400001525878906,37.970001220703125,37.970001220703125,207300
2015-06-10,38.40999984741211,39.040000915527344,37.9900016784668,39.0,39.0,679800
2015-06-11,38.97999954223633,39.209999084472656,38.599998474121094,39.20000076293945,39.20000076293945,355900
2015-06-12,39.099998474121094,39.099998474121094,38.45000076293945,39.0099983215332,39.0099983215332,311200
2015-06-15,38.720001220703125,39.119998931884766,38.150001525878906,39.060001373291016,39.060001373291016,292500
2015-06-16,38.95000076293945,39.63999938964844,38.79999923706055,39.290000915527344,39.290000915527344,382400
2015-06-17,39.52000045776367,39.560001373291016,39.02000045776367,39.16999816894531,39.16999816894531,146900
2015-06-18,39.45000076293945,40.02000045776367,39.27000045776367,39.720001220703125,39.720001220703125,521900
2015-06-19,39.779998779296875,40.029998779296875,39.59000015258789,39.869998931884766,39.869998931884766,457200
2015-06-22,39.95000076293945,40.689998626708984,39.75,40.599998474121094,40.599998474121094,431900
2015-06-23,40.65999984741211,40.75,40.310001373291016,40.400001525878906,40.400001525878906,372700
2015-06-24,40.2400016784668,40.4900016784668,40.04999923706055,40.15999984741211,40.15999984741211,157800
2015-06-25,40.349998474121094,40.470001220703125,39.970001220703125,40.290000915527344,40.290000915527344,237600
2015-06-26,40.33000183105469,40.33000183105469,39.779998779296875,40.029998779296875,40.029998779296875,523300
2015-06-29,39.75,40.09000015258789,39.0,39.04999923706055,39.04999923706055,235700
2015-06-30,39.540000915527344,39.689998626708984,39.15999984741211,39.279998779296875,39.279998779296875,396200
2015-07-01,39.66999816894531,39.97999954223633,39.400001525878906,39.779998779296875,39.779998779296875,407900
2015-07-02,39.93000030517578,40.0,39.06999969482422,39.31999969482422,39.31999969482422,146200
2015-07-06,38.95000076293945,39.689998626708984,38.84000015258789,39.290000915527344,39.290000915527344,287600
2015-07-07,39.459999084472656,39.47999954223633,38.58000183105469,39.2599983215332,39.2599983215332,254000
2015-07-08,38.79999923706055,39.290000915527344,38.5099983215332,38.88999938964844,38.88999938964844,272600
2015-07-09,39.38999938964844,40.0,38.75,39.630001068115234,39.630001068115234,707400
2015-07-10,40.36000061035156,40.689998626708984,40.27000045776367,40.689998626708984,40.689998626708984,428500
2015-07-13,41.119998931884766,41.34000015258789,40.70000076293945,40.72999954223633,40.72999954223633,537600
2015-07-14,40.90999984741211,41.2400016784668,40.7599983215332,41.060001373291016,41.060001373291016,358300
2015-07-15,41.060001373291016,41.33000183105469,40.36000061035156,40.630001068115234,40.630001068115234,340600
2015-07-16,41.08000183105469,41.4900016784668,41.0,41.189998626708984,41.189998626708984,417000
2015-07-17,41.16999816894531,41.209999084472656,39.91999816894531,39.9900016784668,39.9900016784668,519200
2015-07-20,40.13999938964844,40.560001373291016,39.9900016784668,40.11000061035156,40.11000061035156,346300
2015-07-21,40.2400016784668,40.459999084472656,39.63999938964844,40.0,40.0,370100
2015-07-22,39.939998626708984,40.040000915527344,39.630001068115234,39.970001220703125,39.970001220703125,239800
2015-07-23,40.060001373291016,40.099998474121094,38.810001373291016,38.84000015258789,38.84000015258789,334200
2015-07-24,38.72999954223633,38.779998779296875,37.70000076293945,37.75,37.75,340100
2015-07-27,37.61000061035156,37.70000076293945,37.040000915527344,37.220001220703125,37.220001220703125,419100
2015-07-28,37.4900016784668,37.65999984741211,36.97999954223633,37.65999984741211,37.65999984741211,496800
2015-07-29,37.65999984741211,37.869998931884766,37.41999816894531,37.5,37.5,439100
2015-07-30,38.63999938964844,40.08000183105469,38.45000076293945,38.7400016784668,38.7400016784668,1459000
2015-07-31,38.880001068115234,38.97999954223633,37.09000015258789,38.31999969482422,38.31999969482422,1029900
2015-08-03,38.31999969482422,38.45000076293945,37.709999084472656,37.880001068115234,37.880001068115234,430100
2015-08-04,37.88999938964844,38.529998779296875,37.689998626708984,38.2400016784668,38.2400016784668,419300
2015-08-05,38.43000030517578,39.099998474121094,38.400001525878906,38.849998474121094,38.849998474121094,454200
2015-08-06,39.0,39.290000915527344,38.47999954223633,39.060001373291016,39.060001373291016,719400
2015-08-07,38.81999969482422,38.869998931884766,38.349998474121094,38.689998626708984,38.689998626708984,376900
2015-08-10,39.04999923706055,39.38999938964844,38.47999954223633,39.150001525878906,39.150001525878906,316200
2015-08-11,38.779998779296875,39.56999969482422,38.7599983215332,39.16999816894531,39.16999816894531,376400
2015-08-12,38.779998779296875,38.959999084472656,38.15999984741211,38.790000915527344,38.790000915527344,382400
2015-08-13,38.790000915527344,39.029998779296875,38.4900016784668,38.790000915527344,38.790000915527344,253800
2015-08-14,38.650001525878906,39.439998626708984,38.599998474121094,39.349998474121094,39.349998474121094,213800
2015-08-17,39.150001525878906,40.20000076293945,39.150001525878906,40.150001525878906,40.150001525878906,296400
2015-08-18,40.040000915527344,40.20000076293945,39.70000076293945,39.75,39.75,262800
2015-08-19,39.5099983215332,39.75,39.279998779296875,39.36000061035156,39.36000061035156,234600
2015-08-20,38.95000076293945,39.189998626708984,38.380001068115234,38.43000030517578,38.43000030517578,314000
2015-08-21,37.7599983215332,38.5,37.380001068115234,37.59000015258789,37.59000015258789,421100
2015-08-24,37.7599983215332,38.5,35.38999938964844,35.5,35.5,483600
2015-08-25,36.529998779296875,36.540000915527344,34.529998779296875,34.599998474121094,34.599998474121094,627700
2015-08-26,35.33000183105469,35.54999923706055,34.25,35.470001220703125,35.470001220703125,312100
2015-08-27,35.720001220703125,36.16999816894531,35.220001220703125,36.060001373291016,36.060001373291016,432700
2015-08-28,35.88999938964844,36.02000045776367,35.43000030517578,35.720001220703125,35.720001220703125,297900
2015-08-31,35.5,36.09000015258789,35.43000030517578,35.97999954223633,35.97999954223633,305300
2015-09-01,35.43000030517578,35.59000015258789,34.52000045776367,34.959999084472656,34.959999084472656,514700
2015-09-02,35.40999984741211,35.619998931884766,34.79999923706055,35.41999816894531,35.41999816894531,293000
2015-09-03,35.439998626708984,35.709999084472656,35.29999923706055,35.560001373291016,35.560001373291016,219600
2015-09-04,35.040000915527344,35.52000045776367,34.95000076293945,35.20000076293945,35.20000076293945,180300
2015-09-08,35.68000030517578,36.06999969482422,35.310001373291016,35.88999938964844,35.88999938964844,185900
2015-09-09,36.220001220703125,36.2599983215332,35.4900016784668,35.59000015258789,35.59000015258789,250600
2015-09-10,35.41999816894531,35.720001220703125,34.900001525878906,35.02000045776367,35.02000045776367,174400
2015-09-11,34.880001068115234,35.40999984741211,34.439998626708984,35.380001068115234,35.380001068115234,159600
2015-09-14,35.4900016784668,35.810001373291016,35.13999938964844,35.689998626708984,35.689998626708984,283400
2015-09-15,35.790000915527344,36.459999084472656,35.560001373291016,36.400001525878906,36.400001525878906,303100
2015-09-16,36.43000030517578,37.22999954223633,36.02000045776367,37.15999984741211,37.15999984741211,264800
2015-09-17,37.209999084472656,37.529998779296875,37.02000045776367,37.06999969482422,37.06999969482422,195700
2015-09-18,36.529998779296875,37.20000076293945,36.459999084472656,37.029998779296875,37.029998779296875,600800
2015-09-21,37.43000030517578,38.34000015258789,37.0,38.33000183105469,38.33000183105469,552500
2015-09-22,37.869998931884766,37.97999954223633,37.5099983215332,37.779998779296875,37.779998779296875,340300
2015-09-23,37.869998931884766,38.349998474121094,37.470001220703125,38.15999984741211,38.15999984741211,228100
2015-09-24,37.9900016784668,38.47999954223633,37.630001068115234,38.02000045776367,38.02000045776367,496400
2015-09-25,38.470001220703125,39.04999923706055,37.86000061035156,38.43000030517578,38.43000030517578,351300
2015-09-28,38.380001068115234,38.4900016784668,36.95000076293945,37.130001068115234,37.130001068115234,267400
2015-09-29,37.150001525878906,37.20000076293945,35.849998474121094,36.290000915527344,36.290000915527344,611800
2015-09-30,36.65999984741211,36.97999954223633,36.22999954223633,36.900001525878906,36.900001525878906,460200
2015-10-01,36.849998474121094,37.040000915527344,35.869998931884766,36.59000015258789,36.59000015258789,321700
2015-10-02,36.130001068115234,36.40999984741211,35.4900016784668,36.40999984741211,36.40999984741211,457000
2015-10-05,36.720001220703125,37.709999084472656,36.40999984741211,37.65999984741211,37.65999984741211,151900
2015-10-06,37.619998931884766,37.880001068115234,36.790000915527344,37.34000015258789,37.34000015258789,372800
2015-10-07,37.349998474121094,38.189998626708984,37.349998474121094,38.04999923706055,38.04999923706055,350800
2015-10-08,38.02000045776367,38.900001525878906,37.779998779296875,38.79999923706055,38.79999923706055,255900
2015-10-09,38.79999923706055,38.90999984741211,38.70000076293945,38.81999969482422,38.81999969482422,169400
2015-10-12,38.810001373291016,39.060001373291016,38.75,39.0099983215332,39.0099983215332,237000
2015-10-13,38.86000061035156,39.15999984741211,38.150001525878906,38.18000030517578,38.18000030517578,161200
2015-10-14,38.16999816894531,38.66999816894531,37.88999938964844,38.06999969482422,38.06999969482422,182400
2015-10-15,38.29999923706055,39.439998626708984,38.029998779296875,39.29999923706055,39.29999923706055,393700
2015-10-16,39.400001525878906,39.90999984741211,39.22999954223633,39.83000183105469,39.83000183105469,355000
2015-10-19,39.63999938964844,40.36000061035156,39.63999938964844,40.13999938964844,40.13999938964844,177800
2015-10-20,40.09000015258789,40.79999923706055,40.09000015258789,40.38999938964844,40.38999938964844,371900
2015-10-21,40.400001525878906,40.68000030517578,39.650001525878906,39.689998626708984,39.689998626708984,328700
2015-10-22,39.79999923706055,40.220001220703125,38.959999084472656,39.790000915527344,39.790000915527344,353800
2015-10-23,40.25,41.22999954223633,40.040000915527344,41.08000183105469,41.08000183105469,408000
2015-10-26,40.959999084472656,41.380001068115234,40.75,41.02000045776367,41.02000045776367,202300
2015-10-27,40.84000015258789,40.900001525878906,40.06999969482422,40.40999984741211,40.40999984741211,232800
2015-10-28,40.58000183105469,41.470001220703125,40.380001068115234,41.470001220703125,41.470001220703125,621100
2015-10-29,50.4900016784668,51.0,43.79999923706055,44.38999938964844,44.38999938964844,1806700
2015-10-30,44.66999816894531,45.540000915527344,44.400001525878906,45.11000061035156,45.11000061035156,534100
2015-11-02,45.380001068115234,46.540000915527344,44.959999084472656,45.95000076293945,45.95000076293945,556100
2015-11-03,45.93000030517578,46.90999984741211,45.59000015258789,46.130001068115234,46.130001068115234,622300
2015-11-04,46.349998474121094,46.689998626708984,45.58000183105469,46.68000030517578,46.68000030517578,307900
2015-11-05,46.75,46.970001220703125,46.150001525878906,46.45000076293945,46.45000076293945,317300
2015-11-06,46.61000061035156,47.439998626708984,46.529998779296875,46.91999816894531,46.91999816894531,359500
2015-11-09,46.91999816894531,46.9900016784668,45.68000030517578,46.040000915527344,46.040000915527344,250200
2015-11-10,45.959999084472656,46.599998474121094,45.66999816894531,46.43000030517578,46.43000030517578,178900
2015-11-11,46.470001220703125,46.97999954223633,45.970001220703125,46.0099983215332,46.0099983215332,220600
2015-11-12,45.54999923706055,45.54999923706055,44.689998626708984,45.040000915527344,45.040000915527344,212300
2015-11-13,44.65999984741211,45.869998931884766,44.45000076293945,45.779998779296875,45.779998779296875,474900
2015-11-16,45.77000045776367,45.84000015258789,44.97999954223633,45.79999923706055,45.79999923706055,198500
2015-11-17,45.849998474121094,47.0,45.61000061035156,46.630001068115234,46.630001068115234,422300
2015-11-18,46.66999816894531,47.060001373291016,46.5,46.900001525878906,46.900001525878906,501300
2015-11-19,46.90999984741211,47.369998931884766,46.599998474121094,46.790000915527344,46.790000915527344,251000
2015-11-20,47.02000045776367,47.369998931884766,46.72999954223633,47.31999969482422,47.31999969482422,332800
2015-11-23,47.20000076293945,47.7400016784668,47.0,47.16999816894531,47.16999816894531,734900
2015-11-24,46.720001220703125,46.9900016784668,46.36000061035156,46.5,46.5,398100
2015-11-25,46.75,46.9900016784668,46.2400016784668,46.66999816894531,46.66999816894531,226300
2015-11-27,46.65999984741211,47.369998931884766,46.5099983215332,47.0099983215332,47.0099983215332,76000
2015-11-30,47.18000030517578,47.40999984741211,46.61000061035156,46.68000030517578,46.68000030517578,444400
2015-12-01,46.779998779296875,47.68000030517578,46.47999954223633,47.63999938964844,47.63999938964844,340100
2015-12-02,47.75,48.34000015258789,47.5,47.599998474121094,47.599998474121094,200600
2015-12-03,47.630001068115234,48.029998779296875,46.33000183105469,46.59000015258789,46.59000015258789,201900
2015-12-04,46.5099983215332,47.13999938964844,46.5099983215332,47.130001068115234,47.130001068115234,182700
2015-12-07,47.310001373291016,47.97999954223633,46.52000045776367,46.90999984741211,46.90999984741211,301100
2015-12-08,46.43000030517578,47.65999984741211,46.2400016784668,47.45000076293945,47.45000076293945,296400
2015-12-09,45.900001525878906,47.38999938964844,45.66999816894531,45.90999984741211,45.90999984741211,598600
2015-12-10,45.86000061035156,46.209999084472656,45.54999923706055,45.84000015258789,45.84000015258789,431400
2015-12-11,45.2599983215332,45.52000045776367,44.130001068115234,44.40999984741211,44.40999984741211,302300
2015-12-14,44.400001525878906,44.88999938964844,43.7599983215332,44.119998931884766,44.119998931884766,386200
2015-12-15,44.380001068115234,44.65999984741211,43.599998474121094,43.9900016784668,43.9900016784668,449000
2015-12-16,44.400001525878906,44.95000076293945,43.83000183105469,44.720001220703125,44.720001220703125,500000
2015-12-17,44.84000015258789,45.31999969482422,43.70000076293945,43.86000061035156,43.86000061035156,301100
2015-12-18,43.4900016784668,43.720001220703125,42.59000015258789,42.59000015258789,42.59000015258789,565400
2015-12-21,42.959999084472656,43.86000061035156,42.959999084472656,43.7400016784668,43.7400016784668,359500
2015-12-22,44.0099983215332,44.290000915527344,43.349998474121094,44.2599983215332,44.2599983215332,256800
2015-12-23,44.5099983215332,44.869998931884766,44.36000061035156,44.5099983215332,44.5099983215332,244100
2015-12-24,44.41999816894531,44.9900016784668,44.22999954223633,44.7599983215332,44.7599983215332,143000
2015-12-28,44.65999984741211,45.099998474121094,44.36000061035156,44.88999938964844,44.88999938964844,301200
2015-12-29,45.130001068115234,46.06999969482422,45.130001068115234,45.83000183105469,45.83000183105469,392100
2015-12-30,45.720001220703125,46.0099983215332,45.290000915527344,45.369998931884766,45.369998931884766,163100
2015-12-31,45.290000915527344,45.619998931884766,44.75,44.95000076293945,44.95000076293945,248000
2016-01-04,43.959999084472656,43.97999954223633,42.75,42.779998779296875,42.779998779296875,386400
2016-01-05,42.95000076293945,43.13999938964844,42.27000045776367,42.619998931884766,42.619998931884766,610200
2016-01-06,42.20000076293945,42.83000183105469,41.7400016784668,42.40999984741211,42.40999984741211,546000
2016-01-07,41.38999938964844,42.06999969482422,40.88999938964844,41.029998779296875,41.029998779296875,484200
2016-01-08,41.540000915527344,41.81999969482422,38.54999923706055,38.81999969482422,38.81999969482422,617400
2016-01-11,38.939998626708984,39.040000915527344,37.720001220703125,38.25,38.25,518800
2016-01-12,38.59000015258789,38.83000183105469,37.619998931884766,38.119998931884766,38.119998931884766,404700
2016-01-13,38.119998931884766,38.34000015258789,36.04999923706055,36.27000045776367,36.27000045776367,429200
2016-01-14,36.400001525878906,37.15999984741211,35.75,36.560001373291016,36.560001373291016,520200
2016-01-15,35.58000183105469,36.86000061035156,35.540000915527344,36.81999969482422,36.81999969482422,609800
2016-01-19,37.2400016784668,37.790000915527344,36.279998779296875,36.68000030517578,36.68000030517578,299000
2016-01-20,35.959999084472656,37.20000076293945,35.18000030517578,36.77000045776367,36.77000045776367,399600
2016-01-21,36.81999969482422,37.209999084472656,36.31999969482422,36.63999938964844,36.63999938964844,258200
2016-01-22,37.36000061035156,37.84000015258789,36.81999969482422,37.79999923706055,37.79999923706055,214100
2016-01-25,37.54999923706055,37.95000076293945,36.63999938964844,36.70000076293945,36.70000076293945,163000
2016-01-26,36.88999938964844,37.790000915527344,36.560001373291016,37.34000015258789,37.34000015258789,339600
2016-01-27,37.27000045776367,37.61000061035156,36.52000045776367,36.72999954223633,36.72999954223633,209700
2016-01-28,37.0099983215332,37.20000076293945,36.369998931884766,36.599998474121094,36.599998474121094,148600
2016-01-29,36.79999923706055,38.66999816894531,36.63999938964844,38.650001525878906,38.650001525878906,402600
2016-02-01,38.31999969482422,38.56999969482422,37.22999954223633,37.5,37.5,333800
2016-02-02,37.099998474121094,37.290000915527344,36.529998779296875,36.61000061035156,36.61000061035156,209400
2016-02-03,37.150001525878906,37.150001525878906,34.40999984741211,35.16999816894531,35.16999816894531,404000
2016-02-04,35.16999816894531,35.599998474121094,34.68000030517578,35.0099983215332,35.0099983215332,288000
2016-02-05,34.81999969482422,34.849998474121094,32.86000061035156,32.91999816894531,32.91999816894531,475000
2016-02-08,32.5,32.560001373291016,31.280000686645508,31.809999465942383,31.809999465942383,438700
2016-02-09,31.3799991607666,32.349998474121094,31.309999465942383,31.579999923706055,31.579999923706055,294900
2016-02-10,31.56999969482422,31.790000915527344,30.559999465942383,30.639999389648438,30.639999389648438,502800
2016-02-11,30.139999389648438,30.920000076293945,29.34000015258789,29.68000030517578,29.68000030517578,517400
2016-02-12,30.110000610351562,31.049999237060547,30.110000610351562,30.479999542236328,30.479999542236328,393000
2016-02-16,30.940000534057617,31.860000610351562,30.350000381469727,30.780000686645508,30.780000686645508,984100
2016-02-17,30.950000762939453,31.56999969482422,30.100000381469727,31.200000762939453,31.200000762939453,685500
2016-02-18,32.400001525878906,35.0,32.400001525878906,32.95000076293945,32.95000076293945,1479300
2016-02-19,32.72999954223633,32.95000076293945,31.56999969482422,32.689998626708984,32.689998626708984,389400
2016-02-22,32.849998474121094,33.209999084472656,32.0099983215332,32.560001373291016,32.560001373291016,622800
2016-02-23,32.369998931884766,32.72999954223633,31.729999542236328,31.739999771118164,31.739999771118164,305200
2016-02-24,31.25,32.15999984741211,31.239999771118164,32.13999938964844,32.13999938964844,380000
2016-02-25,32.209999084472656,32.720001220703125,31.719999313354492,32.4900016784668,32.4900016784668,537400
2016-02-26,32.65999984741211,33.36000061035156,32.599998474121094,33.33000183105469,33.33000183105469,274400
2016-02-29,33.209999084472656,33.52000045776367,32.90999984741211,33.0099983215332,33.0099983215332,353600
2016-03-01,33.189998626708984,34.900001525878906,32.900001525878906,34.880001068115234,34.880001068115234,479500
2016-03-02,34.7400016784668,34.81999969482422,34.130001068115234,34.4900016784668,34.4900016784668,387300
2016-03-03,34.43000030517578,35.36000061035156,34.41999816894531,35.33000183105469,35.33000183105469,221800
2016-03-04,35.33000183105469,35.7599983215332,34.939998626708984,35.58000183105469,35.58000183105469,264500
2016-03-07,35.36000061035156,35.619998931884766,34.939998626708984,35.29999923706055,35.29999923706055,171900
2016-03-08,35.130001068115234,35.130001068115234,34.18000030517578,34.38999938964844,34.38999938964844,189400
2016-03-09,34.45000076293945,34.90999984741211,34.13999938964844,34.70000076293945,34.70000076293945,166800
2016-03-10,34.79999923706055,35.099998474121094,33.189998626708984,33.529998779296875,33.529998779296875,368500
2016-03-11,33.849998474121094,34.72999954223633,33.59000015258789,34.70000076293945,34.70000076293945,161800
2016-03-14,34.47999954223633,34.709999084472656,34.08000183105469,34.54999923706055,34.54999923706055,135600
2016-03-15,34.34000015258789,34.66999816894531,33.849998474121094,34.400001525878906,34.400001525878906,167500
2016-03-16,34.220001220703125,34.63999938964844,34.09000015258789,34.40999984741211,34.40999984741211,203800
2016-03-17,34.349998474121094,35.58000183105469,34.349998474121094,35.34000015258789,35.34000015258789,290700
2016-03-18,35.560001373291016,35.970001220703125,35.209999084472656,35.7599983215332,35.7599983215332,470900
2016-03-21,35.709999084472656,35.72999954223633,34.91999816894531,35.40999984741211,35.40999984741211,408900
2016-03-22,35.13999938964844,35.380001068115234,34.79999923706055,35.220001220703125,35.220001220703125,145600
2016-03-23,35.15999984741211,35.15999984741211,34.54999923706055,34.54999923706055,34.54999923706055,202400
2016-03-24,34.38999938964844,34.93000030517578,34.06999969482422,34.86000061035156,34.86000061035156,245200
2016-03-28,34.7599983215332,35.22999954223633,34.54999923706055,34.97999954223633,34.97999954223633,235600
2016-03-29,34.91999816894531,36.04999923706055,34.7599983215332,36.029998779296875,36.029998779296875,293900
2016-03-30,36.439998626708984,36.650001525878906,36.040000915527344,36.470001220703125,36.470001220703125,277600
2016-03-31,36.38999938964844,37.150001525878906,36.290000915527344,36.91999816894531,36.91999816894531,379300
2016-04-01,36.650001525878906,36.959999084472656,35.93000030517578,36.900001525878906,36.900001525878906,303400
2016-04-04,36.849998474121094,36.849998474121094,36.08000183105469,36.130001068115234,36.130001068115234,292300
2016-04-05,35.77000045776367,36.189998626708984,35.529998779296875,35.56999969482422,35.56999969482422,172200
2016-04-06,35.599998474121094,35.83000183105469,35.31999969482422,35.650001525878906,35.650001525878906,152300
2016-04-07,35.34000015258789,35.63999938964844,35.099998474121094,35.209999084472656,35.209999084472656,290400
2016-04-08,35.5099983215332,36.06999969482422,35.5,35.7599983215332,35.7599983215332,261600
2016-04-11,35.90999984741211,36.619998931884766,35.720001220703125,35.81999969482422,35.81999969482422,180500
2016-04-12,35.84000015258789,36.130001068115234,35.5,36.04999923706055,36.04999923706055,224700
2016-04-13,36.279998779296875,37.54999923706055,36.130001068115234,37.47999954223633,37.47999954223633,321600
2016-04-14,37.52000045776367,37.7400016784668,37.02000045776367,37.630001068115234,37.630001068115234,214100
2016-04-15,37.58000183105469,37.970001220703125,37.47999954223633,37.79999923706055,37.79999923706055,174800
2016-04-18,37.72999954223633,38.150001525878906,37.689998626708984,37.970001220703125,37.970001220703125,157000
2016-04-19,38.0,38.150001525878906,37.59000015258789,37.91999816894531,37.91999816894531,142000
2016-04-20,37.849998474121094,38.2599983215332,37.630001068115234,38.099998474121094,38.099998474121094,133200
2016-04-21,37.70000076293945,37.709999084472656,35.5099983215332,35.77000045776367,35.77000045776367,514500
2016-04-22,35.65999984741211,36.91999816894531,35.65999984741211,36.65999984741211,36.65999984741211,362600
2016-04-25,36.63999938964844,36.63999938964844,35.72999954223633,36.08000183105469,36.08000183105469,231800
2016-04-26,36.150001525878906,36.939998626708984,36.11000061035156,36.790000915527344,36.790000915527344,301800
2016-04-27,36.630001068115234,36.630001068115234,33.72999954223633,34.220001220703125,34.220001220703125,1350700
2016-04-28,36.0099983215332,39.099998474121094,36.0099983215332,36.86000061035156,36.86000061035156,696000
2016-04-29,36.83000183105469,37.0099983215332,35.93000030517578,36.060001373291016,36.060001373291016,483600
2016-05-02,36.15999984741211,36.4900016784668,35.810001373291016,36.2400016784668,36.2400016784668,375900
2016-05-03,36.040000915527344,36.119998931884766,35.29999923706055,36.02000045776367,36.02000045776367,604400
2016-05-04,35.900001525878906,36.119998931884766,35.04999923706055,35.2400016784668,35.2400016784668,405900
2016-05-05,35.41999816894531,36.130001068115234,35.18000030517578,35.4900016784668,35.4900016784668,390100
2016-05-06,35.380001068115234,35.849998474121094,35.0099983215332,35.650001525878906,35.650001525878906,362500
2016-05-09,35.66999816894531,36.22999954223633,35.369998931884766,36.08000183105469,36.08000183105469,300100
2016-05-10,36.380001068115234,37.38999938964844,36.099998474121094,37.36000061035156,37.36000061035156,286300
2016-05-11,37.29999923706055,37.7400016784668,36.16999816894531,36.310001373291016,36.310001373291016,214400
2016-05-12,36.5099983215332,36.720001220703125,35.54999923706055,36.150001525878906,36.150001525878906,238500
2016-05-13,36.11000061035156,36.41999816894531,35.63999938964844,35.9900016784668,35.9900016784668,295900
2016-05-16,36.0,37.16999816894531,35.959999084472656,36.95000076293945,36.95000076293945,354900
2016-05-17,36.93000030517578,37.33000183105469,35.939998626708984,36.11000061035156,36.11000061035156,303900
2016-05-18,36.060001373291016,36.41999816894531,35.65999984741211,36.33000183105469,36.33000183105469,231800
2016-05-19,36.119998931884766,36.849998474121094,35.84000015258789,36.599998474121094,36.599998474121094,328100
2016-05-20,36.7400016784668,37.529998779296875,36.41999816894531,37.22999954223633,37.22999954223633,261600
2016-05-23,37.189998626708984,37.33000183105469,36.79999923706055,36.81999969482422,36.81999969482422,260800
2016-05-24,37.15999984741211,37.970001220703125,37.119998931884766,37.7400016784668,37.7400016784668,206900
2016-05-25,37.75,37.97999954223633,37.470001220703125,37.58000183105469,37.58000183105469,197800
2016-05-26,37.619998931884766,37.70000076293945,37.150001525878906,37.400001525878906,37.400001525878906,329700
2016-05-27,37.45000076293945,37.77000045776367,37.22999954223633,37.619998931884766,37.619998931884766,279700
2016-05-31,37.689998626708984,37.91999816894531,37.5099983215332,37.66999816894531,37.66999816894531,256500
2016-06-01,37.599998474121094,38.54999923706055,37.599998474121094,38.5099983215332,38.5099983215332,228900
2016-06-02,38.349998474121094,39.2400016784668,38.349998474121094,39.189998626708984,39.189998626708984,338000
2016-06-03,38.9900016784668,39.13999938964844,37.349998474121094,37.470001220703125,37.470001220703125,456000
2016-06-06,37.47999954223633,37.66999816894531,37.13999938964844,37.54999923706055,37.54999923706055,410700
2016-06-07,37.63999938964844,38.40999984741211,37.5099983215332,38.22999954223633,38.22999954223633,331600
2016-06-08,38.27000045776367,38.47999954223633,38.150001525878906,38.2599983215332,38.2599983215332,256600
2016-06-09,38.11000061035156,38.33000183105469,37.849998474121094,37.95000076293945,37.95000076293945,216600
2016-06-10,37.5,37.52000045776367,36.79999923706055,36.97999954223633,36.97999954223633,128800
2016-06-13,38.08000183105469,38.08000183105469,36.65999984741211,36.72999954223633,36.72999954223633,247900
2016-06-14,36.470001220703125,37.040000915527344,35.77000045776367,36.45000076293945,36.45000076293945,401500
2016-06-15,36.709999084472656,37.029998779296875,36.18000030517578,36.709999084472656,36.709999084472656,365300
2016-06-16,36.31999969482422,36.90999984741211,35.900001525878906,36.81999969482422,36.81999969482422,392100
2016-06-17,36.90999984741211,37.09000015258789,36.290000915527344,36.77000045776367,36.77000045776367,555400
2016-06-20,36.790000915527344,38.90999984741211,36.790000915527344,38.439998626708984,38.439998626708984,422400
2016-06-21,38.43000030517578,38.939998626708984,38.060001373291016,38.59000015258789,38.59000015258789,414700
2016-06-22,38.54999923706055,38.86000061035156,38.08000183105469,38.2400016784668,38.2400016784668,235500
2016-06-23,38.779998779296875,38.849998474121094,38.400001525878906,38.66999816894531,38.66999816894531,160300
2016-06-24,36.54999923706055,37.060001373291016,36.20000076293945,36.310001373291016,36.310001373291016,417100
2016-06-27,35.75,35.95000076293945,33.959999084472656,34.08000183105469,34.08000183105469,363100
2016-06-28,34.599998474121094,35.18000030517578,34.40999984741211,34.86000061035156,34.86000061035156,313400
2016-06-29,35.310001373291016,36.099998474121094,35.310001373291016,36.0,36.0,238200
2016-06-30,36.16999816894531,36.970001220703125,35.77000045776367,36.95000076293945,36.95000076293945,246500
2016-07-01,36.81999969482422,37.41999816894531,36.400001525878906,36.470001220703125,36.470001220703125,255900
2016-07-05,36.189998626708984,36.189998626708984,35.54999923706055,35.810001373291016,35.810001373291016,188000
2016-07-06,35.59000015258789,35.7599983215332,35.09000015258789,35.349998474121094,35.349998474121094,610400
2016-07-07,35.540000915527344,35.79999923706055,34.70000076293945,34.9900016784668,34.9900016784668,478400
2016-07-08,35.56999969482422,37.15999984741211,35.16999816894531,36.86000061035156,36.86000061035156,807600
2016-07-11,37.02000045776367,37.689998626708984,36.91999816894531,37.689998626708984,37.689998626708984,300900
2016-07-12,38.0,38.81999969482422,37.959999084472656,38.40999984741211,38.40999984741211,375000
2016-07-13,38.22999954223633,38.849998474121094,37.540000915527344,38.040000915527344,38.040000915527344,274000
2016-07-14,38.040000915527344,38.650001525878906,38.040000915527344,38.15999984741211,38.15999984741211,206800
2016-07-15,38.4900016784668,38.4900016784668,37.86000061035156,37.91999816894531,37.91999816894531,160200
2016-07-18,37.95000076293945,38.40999984741211,37.91999816894531,38.29999923706055,38.29999923706055,134100
2016-07-19,38.220001220703125,38.439998626708984,38.02000045776367,38.20000076293945,38.20000076293945,190400
2016-07-20,38.310001373291016,38.81999969482422,38.20000076293945,38.65999984741211,38.65999984741211,158700
2016-07-21,38.66999816894531,39.77000045776367,38.41999816894531,39.58000183105469,39.58000183105469,316000
2016-07-22,39.650001525878906,39.95000076293945,39.45000076293945,39.77000045776367,39.77000045776367,277900
2016-07-25,39.70000076293945,40.5,39.40999984741211,40.130001068115234,40.130001068115234,611000
2016-07-26,40.040000915527344,40.75,39.7599983215332,40.40999984741211,40.40999984741211,327400
2016-07-27,40.0,40.0,38.400001525878906,38.70000076293945,38.70000076293945,730300
2016-07-28,38.689998626708984,38.79999923706055,36.52000045776367,36.599998474121094,36.599998474121094,950900
2016-07-29,36.41999816894531,37.11000061035156,36.11000061035156,36.95000076293945,36.95000076293945,626900
2016-08-01,36.959999084472656,36.959999084472656,36.29999923706055,36.689998626708984,36.689998626708984,380800
2016-08-02,36.720001220703125,36.75,35.650001525878906,35.720001220703125,35.720001220703125,265300
2016-08-03,35.599998474121094,35.88999938964844,35.47999954223633,35.63999938964844,35.63999938964844,311200
2016-08-04,35.56999969482422,35.849998474121094,34.7599983215332,34.970001220703125,34.970001220703125,484300
2016-08-05,35.349998474121094,36.52000045776367,35.279998779296875,36.4900016784668,36.4900016784668,464800
2016-08-08,36.459999084472656,36.66999816894531,35.86000061035156,35.900001525878906,35.900001525878906,345300
2016-08-09,35.86000061035156,36.189998626708984,35.540000915527344,35.7599983215332,35.7599983215332,273200
2016-08-10,35.880001068115234,35.95000076293945,35.58000183105469,35.7599983215332,35.7599983215332,222600
2016-08-11,35.90999984741211,36.27000045776367,35.90999984741211,36.15999984741211,36.15999984741211,208600
2016-08-12,36.040000915527344,36.290000915527344,35.869998931884766,36.22999954223633,36.22999954223633,142900
2016-08-15,36.290000915527344,36.70000076293945,36.290000915527344,36.45000076293945,36.45000076293945,205200
2016-08-16,36.400001525878906,36.779998779296875,36.22999954223633,36.2400016784668,36.2400016784668,208200
2016-08-17,36.18000030517578,36.54999923706055,35.83000183105469,36.16999816894531,36.16999816894531,190500
2016-08-18,36.36000061035156,37.040000915527344,36.2599983215332,37.0099983215332,37.0099983215332,272900
2016-08-19,36.91999816894531,37.43000030517578,36.84000015258789,37.310001373291016,37.310001373291016,209100
2016-08-22,37.33000183105469,37.59000015258789,37.22999954223633,37.400001525878906,37.400001525878906,193600
2016-08-23,37.61000061035156,38.0099983215332,37.61000061035156,37.84000015258789,37.84000015258789,174400
2016-08-24,37.869998931884766,38.06999969482422,37.689998626708984,37.81999969482422,37.81999969482422,169700
2016-08-25,37.630001068115234,38.16999816894531,37.630001068115234,37.97999954223633,37.97999954223633,173500
2016-08-26,37.939998626708984,38.2400016784668,37.65999984741211,37.9900016784668,37.9900016784668,185000
2016-08-29,38.099998474121094,38.25,37.7599983215332,37.86000061035156,37.86000061035156,156300
2016-08-30,37.83000183105469,38.02000045776367,36.95000076293945,38.02000045776367,38.02000045776367,240700
2016-08-31,37.9900016784668,38.0099983215332,37.439998626708984,37.709999084472656,37.709999084472656,356200
2016-09-01,37.68000030517578,38.08000183105469,37.34000015258789,37.66999816894531,37.66999816894531,415600
2016-09-02,38.02000045776367,38.38999938964844,37.540000915527344,38.220001220703125,38.220001220703125,312300
2016-09-06,38.47999954223633,38.47999954223633,37.779998779296875,37.97999954223633,37.97999954223633,146300
2016-09-07,38.060001373291016,38.529998779296875,37.63999938964844,38.529998779296875,38.529998779296875,175400
2016-09-08,38.33000183105469,38.4900016784668,37.91999816894531,38.04999923706055,38.04999923706055,191900
2016-09-09,37.619998931884766,37.95000076293945,37.11000061035156,37.130001068115234,37.130001068115234,255000
2016-09-12,36.79999923706055,37.81999969482422,36.63999938964844,37.599998474121094,37.599998474121094,252400
2016-09-13,37.119998931884766,37.369998931884766,36.459999084472656,36.58000183105469,36.58000183105469,170700
2016-09-14,36.540000915527344,36.880001068115234,36.119998931884766,36.130001068115234,36.130001068115234,104700
2016-09-15,36.04999923706055,36.77000045776367,35.75,36.66999816894531,36.66999816894531,126800
2016-09-16,36.59000015258789,36.59000015258789,35.97999954223633,36.34000015258789,36.34000015258789,299200
2016-09-19,36.41999816894531,36.88999938964844,36.09000015258789,36.380001068115234,36.380001068115234,148200
2016-09-20,36.619998931884766,36.869998931884766,36.040000915527344,36.04999923706055,36.04999923706055,90900
2016-09-21,36.20000076293945,36.90999984741211,36.20000076293945,36.880001068115234,36.880001068115234,208500
2016-09-22,37.290000915527344,37.970001220703125,37.060001373291016,37.88999938964844,37.88999938964844,203100
2016-09-23,37.70000076293945,37.849998474121094,37.27000045776367,37.310001373291016,37.310001373291016,251800
2016-09-26,36.91999816894531,37.0,36.36000061035156,36.38999938964844,36.38999938964844,184500
2016-09-27,36.40999984741211,37.04999923706055,36.29999923706055,36.869998931884766,36.869998931884766,185400
2016-09-28,36.91999816894531,37.56999969482422,36.25,37.47999954223633,37.47999954223633,656900
2016-09-29,37.4900016784668,37.5,36.02000045776367,36.04999923706055,36.04999923706055,192300
2016-09-30,36.369998931884766,36.5,35.779998779296875,36.290000915527344,36.290000915527344,599200
2016-10-03,35.939998626708984,36.77000045776367,35.939998626708984,36.38999938964844,36.38999938964844,272800
2016-10-04,36.400001525878906,37.18000030517578,36.31999969482422,36.45000076293945,36.45000076293945,162200
2016-10-05,36.56999969482422,37.2400016784668,36.56999969482422,36.72999954223633,36.72999954223633,199800
2016-10-06,36.7400016784668,37.0099983215332,36.560001373291016,36.959999084472656,36.959999084472656,345500
2016-10-07,36.97999954223633,37.27000045776367,36.7599983215332,36.959999084472656,36.959999084472656,519100
2016-10-10,37.2400016784668,37.869998931884766,37.189998626708984,37.61000061035156,37.61000061035156,579400
2016-10-11,37.529998779296875,37.529998779296875,35.970001220703125,36.029998779296875,36.029998779296875,178600
2016-10-12,36.15999984741211,36.630001068115234,35.95000076293945,36.16999816894531,36.16999816894531,165200
2016-10-13,35.810001373291016,36.400001525878906,35.4900016784668,36.11000061035156,36.11000061035156,185400
2016-10-14,36.459999084472656,36.810001373291016,35.970001220703125,36.0,36.0,223800
2016-10-17,35.97999954223633,36.540000915527344,35.97999954223633,36.349998474121094,36.349998474121094,176000
2016-10-18,36.86000061035156,37.04999923706055,36.45000076293945,36.54999923706055,36.54999923706055,192100
2016-10-19,36.720001220703125,36.95000076293945,36.38999938964844,36.45000076293945,36.45000076293945,237500
2016-10-20,36.119998931884766,36.33000183105469,35.63999938964844,36.15999984741211,36.15999984741211,893700
2016-10-21,35.88999938964844,36.77000045776367,35.7599983215332,36.290000915527344,36.290000915527344,813300
2016-10-24,36.650001525878906,37.459999084472656,36.650001525878906,36.91999816894531,36.91999816894531,439800
2016-10-25,36.72999954223633,37.15999984741211,36.380001068115234,36.630001068115234,36.630001068115234,380900
2016-10-26,36.29999923706055,36.86000061035156,36.29999923706055,36.540000915527344,36.540000915527344,490600
2016-10-27,36.099998474121094,36.34000015258789,35.45000076293945,35.70000076293945,35.70000076293945,960500
2016-10-28,34.400001525878906,34.40999984741211,32.04999923706055,33.310001373291016,33.310001373291016,1605400
2016-10-31,33.43000030517578,34.83000183105469,33.43000030517578,34.40999984741211,34.40999984741211,789100
2016-11-01,34.31999969482422,34.529998779296875,33.93000030517578,34.2400016784668,34.2400016784668,619600
2016-11-02,34.25,34.7400016784668,34.20000076293945,34.45000076293945,34.45000076293945,803500
2016-11-03,34.5099983215332,34.81999969482422,34.380001068115234,34.59000015258789,34.59000015258789,465100
2016-11-04,34.630001068115234,34.93000030517578,34.22999954223633,34.25,34.25,520300
2016-11-07,35.16999816894531,35.349998474121094,34.77000045776367,35.0099983215332,35.0099983215332,362400
2016-11-08,35.0099983215332,35.33000183105469,34.459999084472656,34.93000030517578,34.93000030517578,420700
2016-11-09,34.40999984741211,36.790000915527344,34.40999984741211,36.619998931884766,36.619998931884766,334800
2016-11-10,37.119998931884766,39.04999923706055,37.0,38.72999954223633,38.72999954223633,704000
2016-11-11,38.88999938964844,40.79999923706055,38.66999816894531,40.15999984741211,40.15999984741211,806800
2016-11-14,40.70000076293945,41.400001525878906,40.029998779296875,40.2400016784668,40.2400016784668,483400
2016-11-15,40.08000183105469,40.58000183105469,39.52000045776367,40.5,40.5,214400
2016-11-16,40.33000183105469,40.779998779296875,40.08000183105469,40.619998931884766,40.619998931884766,203500
2016-11-17,40.619998931884766,41.630001068115234,40.619998931884766,41.31999969482422,41.31999969482422,413200
2016-11-18,41.349998474121094,41.720001220703125,40.97999954223633,41.560001373291016,41.560001373291016,360800
2016-11-21,41.88999938964844,42.08000183105469,41.4900016784668,41.88999938964844,41.88999938964844,379600
2016-11-22,42.13999938964844,42.310001373291016,41.56999969482422,42.290000915527344,42.290000915527344,426900
2016-11-23,42.09000015258789,42.63999938964844,42.08000183105469,42.310001373291016,42.310001373291016,210900
2016-11-25,42.33000183105469,42.650001525878906,42.0,42.63999938964844,42.63999938964844,74600
2016-11-28,42.630001068115234,42.630001068115234,42.099998474121094,42.27000045776367,42.27000045776367,373400
2016-11-29,42.310001373291016,42.54999923706055,41.790000915527344,41.810001373291016,41.810001373291016,297200
2016-11-30,42.099998474121094,42.099998474121094,41.2599983215332,41.290000915527344,41.290000915527344,440300
2016-12-01,41.43000030517578,41.79999923706055,40.52000045776367,41.2599983215332,41.2599983215332,444100
2016-12-02,41.310001373291016,41.5099983215332,40.63999938964844,40.68000030517578,40.68000030517578,286500
2016-12-05,41.209999084472656,41.7400016784668,41.209999084472656,41.61000061035156,41.61000061035156,434900
2016-12-06,41.81999969482422,43.11000061035156,41.59000015258789,42.9900016784668,42.9900016784668,373700
2016-12-07,42.900001525878906,44.41999816894531,42.630001068115234,44.310001373291016,44.310001373291016,387300
2016-12-08,44.349998474121094,45.83000183105469,44.04999923706055,45.77000045776367,45.77000045776367,747500
2016-12-09,45.790000915527344,45.81999969482422,44.84000015258789,45.560001373291016,45.560001373291016,300000
2016-12-12,45.279998779296875,45.54999923706055,44.7599983215332,45.13999938964844,45.13999938964844,201600
2016-12-13,45.439998626708984,45.54999923706055,44.11000061035156,44.7400016784668,44.7400016784668,333600
2016-12-14,44.439998626708984,44.93000030517578,44.04999923706055,44.09000015258789,44.09000015258789,306000
2016-12-15,44.220001220703125,44.650001525878906,44.130001068115234,44.36000061035156,44.36000061035156,464800
2016-12-16,44.54999923706055,45.060001373291016,44.11000061035156,44.20000076293945,44.20000076293945,1104000
2016-12-19,43.79999923706055,44.81999969482422,42.86000061035156,44.34000015258789,44.34000015258789,423400
2016-12-20,44.45000076293945,44.779998779296875,44.099998474121094,44.369998931884766,44.369998931884766,180300
2016-12-21,44.38999938964844,44.5099983215332,43.97999954223633,44.0099983215332,44.0099983215332,170400
2016-12-22,44.06999969482422,44.13999938964844,43.27000045776367,43.709999084472656,43.709999084472656,131000
2016-12-23,43.79999923706055,44.029998779296875,43.709999084472656,43.84000015258789,43.84000015258789,187500
2016-12-27,43.79999923706055,44.65999984741211,43.79999923706055,44.599998474121094,44.599998474121094,177800
2016-12-28,44.7400016784668,44.9900016784668,44.0099983215332,44.189998626708984,44.189998626708984,223200
2016-12-29,44.36000061035156,44.790000915527344,44.130001068115234,44.43000030517578,44.43000030517578,195900
2016-12-30,44.41999816894531,44.52000045776367,43.970001220703125,44.15999984741211,44.15999984741211,188700
2017-01-03,44.72999954223633,44.970001220703125,44.29999923706055,44.619998931884766,44.619998931884766,315000
2017-01-04,44.88999938964844,45.540000915527344,44.810001373291016,45.45000076293945,45.45000076293945,343100
2017-01-05,45.369998931884766,45.97999954223633,43.689998626708984,43.81999969482422,43.81999969482422,391400
2017-01-06,43.790000915527344,44.189998626708984,43.20000076293945,43.2400016784668,43.2400016784668,332000
2017-01-09,43.209999084472656,44.02000045776367,42.95000076293945,43.209999084472656,43.209999084472656,342000
2017-01-10,43.13999938964844,44.189998626708984,43.13999938964844,43.720001220703125,43.720001220703125,298700
2017-01-11,43.81999969482422,44.52000045776367,43.790000915527344,44.439998626708984,44.439998626708984,225600
2017-01-12,44.189998626708984,44.279998779296875,43.31999969482422,43.880001068115234,43.880001068115234,157100
2017-01-13,44.08000183105469,45.060001373291016,43.9900016784668,44.93000030517578,44.93000030517578,255200
2017-01-17,44.650001525878906,44.959999084472656,44.18000030517578,44.59000015258789,44.59000015258789,250400
2017-01-18,44.709999084472656,45.04999923706055,44.31999969482422,44.709999084472656,44.709999084472656,350800
2017-01-19,44.810001373291016,44.849998474121094,43.86000061035156,44.279998779296875,44.279998779296875,407300
2017-01-20,44.709999084472656,45.869998931884766,44.58000183105469,45.720001220703125,45.720001220703125,301300
2017-01-23,45.58000183105469,45.97999954223633,44.9900016784668,45.0099983215332,45.0099983215332,340700
2017-01-24,45.150001525878906,45.97999954223633,44.959999084472656,45.439998626708984,45.439998626708984,547300
2017-01-25,45.9900016784668,46.4900016784668,45.720001220703125,46.41999816894531,46.41999816894531,538100
2017-01-26,46.2599983215332,46.439998626708984,45.720001220703125,46.25,46.25,198900
2017-01-27,45.93000030517578,45.93000030517578,44.130001068115234,44.400001525878906,44.400001525878906,582200
2017-01-30,44.0,44.56999969482422,43.25,44.349998474121094,44.349998474121094,327900
2017-01-31,44.34000015258789,45.40999984741211,44.15999984741211,45.279998779296875,45.279998779296875,506000
2017-02-01,45.619998931884766,46.2599983215332,45.34000015258789,45.5,45.5,256800
2017-02-02,45.439998626708984,45.90999984741211,45.150001525878906,45.869998931884766,45.869998931884766,229200
2017-02-03,46.540000915527344,47.15999984741211,46.2400016784668,46.91999816894531,46.91999816894531,228400
2017-02-06,47.099998474121094,47.099998474121094,46.25,46.599998474121094,46.599998474121094,235300
2017-02-07,46.75,46.90999984741211,46.06999969482422,46.18000030517578,46.18000030517578,253000
2017-02-08,46.2400016784668,46.90999984741211,45.849998474121094,46.63999938964844,46.63999938964844,370900
2017-02-09,46.63999938964844,46.97999954223633,46.18000030517578,46.63999938964844,46.63999938964844,178400
2017-02-10,47.0,47.45000076293945,46.650001525878906,46.88999938964844,46.88999938964844,432000
2017-02-13,47.459999084472656,47.459999084472656,45.939998626708984,45.9900016784668,45.9900016784668,396500
2017-02-14,45.650001525878906,45.97999954223633,45.11000061035156,45.459999084472656,45.459999084472656,904300
2017-02-15,44.0,48.560001373291016,43.84000015258789,47.45000076293945,47.45000076293945,1573600
2017-02-16,47.470001220703125,48.18000030517578,47.400001525878906,48.16999816894531,48.16999816894531,617800
2017-02-17,48.13999938964844,48.7599983215332,47.68000030517578,48.70000076293945,48.70000076293945,275300
2017-02-21,48.84000015258789,49.119998931884766,48.34000015258789,48.75,48.75,194800
2017-02-22,48.7400016784668,48.77000045776367,48.040000915527344,48.25,48.25,133000
2017-02-23,48.439998626708984,48.5099983215332,47.72999954223633,47.81999969482422,47.81999969482422,259800
2017-02-24,47.369998931884766,47.849998474121094,47.16999816894531,47.4900016784668,47.4900016784668,143400
2017-02-27,47.5099983215332,47.900001525878906,47.36000061035156,47.86000061035156,47.86000061035156,208400
2017-02-28,47.61000061035156,47.7400016784668,47.150001525878906,47.189998626708984,47.189998626708984,214300
2017-03-01,48.130001068115234,48.130001068115234,47.400001525878906,47.58000183105469,47.58000183105469,345900
2017-03-02,47.36000061035156,47.36000061035156,46.7400016784668,46.790000915527344,46.790000915527344,255900
2017-03-03,46.790000915527344,47.06999969482422,46.439998626708984,47.0,47.0,181400
2017-03-06,46.70000076293945,47.13999938964844,46.59000015258789,46.939998626708984,46.939998626708984,284300
2017-03-07,46.650001525878906,47.09000015258789,46.619998931884766,46.91999816894531,46.91999816894531,195800
2017-03-08,47.0,47.02000045776367,46.45000076293945,46.56999969482422,46.56999969482422,156000
2017-03-09,46.599998474121094,46.81999969482422,46.290000915527344,46.439998626708984,46.439998626708984,143600
2017-03-10,46.75,47.310001373291016,46.65999984741211,47.209999084472656,47.209999084472656,254400
2017-03-13,47.06999969482422,47.470001220703125,46.88999938964844,46.97999954223633,46.97999954223633,107100
2017-03-14,46.79999923706055,47.20000076293945,46.400001525878906,47.099998474121094,47.099998474121094,107300
2017-03-15,47.349998474121094,48.459999084472656,47.290000915527344,48.349998474121094,48.349998474121094,282700
2017-03-16,48.4900016784668,48.70000076293945,47.95000076293945,48.150001525878906,48.150001525878906,257100
2017-03-17,48.27000045776367,48.5099983215332,47.810001373291016,48.40999984741211,48.40999984741211,451500
2017-03-20,48.400001525878906,48.400001525878906,47.439998626708984,47.72999954223633,47.72999954223633,111100
2017-03-21,48.0099983215332,48.0099983215332,46.709999084472656,46.81999969482422,46.81999969482422,184300
2017-03-22,46.59000015258789,46.959999084472656,45.880001068115234,46.189998626708984,46.189998626708984,183100
2017-03-23,46.150001525878906,46.77000045776367,46.060001373291016,46.43000030517578,46.43000030517578,131400
2017-03-24,46.5,46.7400016784668,45.81999969482422,46.130001068115234,46.130001068115234,195500
2017-03-27,45.31999969482422,46.45000076293945,45.15999984741211,46.209999084472656,46.209999084472656,178500
2017-03-28,46.0099983215332,47.029998779296875,45.619998931884766,46.81999969482422,46.81999969482422,181100
2017-03-29,46.56999969482422,47.06999969482422,46.369998931884766,47.0099983215332,47.0099983215332,163100
2017-03-30,46.9900016784668,47.790000915527344,46.9900016784668,47.75,47.75,213700
2017-03-31,47.779998779296875,48.83000183105469,47.75,48.529998779296875,48.529998779296875,362000
2017-04-03,48.560001373291016,48.88999938964844,46.45000076293945,46.630001068115234,46.630001068115234,322300
2017-04-04,46.47999954223633,46.709999084472656,45.86000061035156,46.5,46.5,294200
2017-04-05,46.880001068115234,47.40999984741211,46.209999084472656,46.25,46.25,249100
2017-04-06,46.25,46.869998931884766,45.81999969482422,46.38999938964844,46.38999938964844,243000
2017-04-07,46.189998626708984,46.369998931884766,45.75,46.2400016784668,46.2400016784668,260300
2017-04-10,46.130001068115234,47.06999969482422,46.130001068115234,46.459999084472656,46.459999084472656,187100
2017-04-11,46.29999923706055,47.06999969482422,46.040000915527344,47.040000915527344,47.040000915527344,128700
2017-04-12,46.93000030517578,47.0,46.310001373291016,46.45000076293945,46.45000076293945,159000
2017-04-13,46.34000015258789,46.650001525878906,45.709999084472656,46.06999969482422,46.06999969482422,230300
2017-04-17,46.2400016784668,47.0,45.689998626708984,46.9900016784668,46.9900016784668,187600
2017-04-18,46.630001068115234,47.290000915527344,46.400001525878906,47.18000030517578,47.18000030517578,157500
2017-04-19,47.380001068115234,47.83000183105469,47.290000915527344,47.56999969482422,47.56999969482422,180600
2017-04-20,47.810001373291016,48.119998931884766,47.25,48.099998474121094,48.099998474121094,204800
2017-04-21,47.849998474121094,48.349998474121094,47.59000015258789,48.15999984741211,48.15999984741211,294000
2017-04-24,48.97999954223633,49.11000061035156,48.70000076293945,48.9900016784668,48.9900016784668,382000
2017-04-25,49.540000915527344,49.63999938964844,48.90999984741211,49.209999084472656,49.209999084472656,345900
2017-04-26,49.189998626708984,49.88999938964844,49.06999969482422,49.4900016784668,49.4900016784668,459500
2017-04-27,50.0,53.79999923706055,50.0,53.66999816894531,53.66999816894531,978600
2017-04-28,53.619998931884766,53.619998931884766,51.56999969482422,51.77000045776367,51.77000045776367,619100
2017-05-01,51.77000045776367,51.900001525878906,50.400001525878906,51.380001068115234,51.380001068115234,419600
2017-05-02,51.2400016784668,51.779998779296875,51.13999938964844,51.65999984741211,51.65999984741211,303500
2017-05-03,51.279998779296875,51.72999954223633,51.15999984741211,51.43000030517578,51.43000030517578,180700
2017-05-04,51.58000183105469,51.66999816894531,50.86000061035156,51.36000061035156,51.36000061035156,133100
2017-05-05,51.720001220703125,51.720001220703125,50.9900016784668,51.47999954223633,51.47999954223633,187900
2017-05-08,51.5099983215332,51.709999084472656,51.09000015258789,51.40999984741211,51.40999984741211,180200
2017-05-09,51.400001525878906,52.529998779296875,51.400001525878906,51.959999084472656,51.959999084472656,262500
2017-05-10,51.93000030517578,52.060001373291016,51.34000015258789,51.95000076293945,51.95000076293945,151500
2017-05-11,51.599998474121094,51.65999984741211,50.81999969482422,51.59000015258789,51.59000015258789,140200
2017-05-12,51.27000045776367,51.56999969482422,50.630001068115234,51.040000915527344,51.040000915527344,161700
2017-05-15,51.29999923706055,52.099998474121094,51.29999923706055,51.650001525878906,51.650001525878906,237100
2017-05-16,51.97999954223633,52.0,51.209999084472656,51.90999984741211,51.90999984741211,196900
2017-05-17,51.90999984741211,51.90999984741211,50.41999816894531,50.689998626708984,50.689998626708984,339700
2017-05-18,50.349998474121094,52.22999954223633,49.81999969482422,52.02000045776367,52.02000045776367,500900
2017-05-19,51.959999084472656,52.68000030517578,51.7599983215332,51.939998626708984,51.939998626708984,346100
2017-05-22,51.959999084472656,52.31999969482422,51.880001068115234,52.13999938964844,52.13999938964844,178100
2017-05-23,52.25,52.720001220703125,51.93000030517578,52.380001068115234,52.380001068115234,254300
2017-05-24,52.4900016784668,52.91999816894531,52.16999816894531,52.290000915527344,52.290000915527344,267900
2017-05-25,52.709999084472656,53.279998779296875,52.11000061035156,52.20000076293945,52.20000076293945,321700
2017-05-26,52.209999084472656,52.54999923706055,51.959999084472656,52.5099983215332,52.5099983215332,200200
2017-05-30,52.25,52.40999984741211,51.689998626708984,52.310001373291016,52.310001373291016,249700
2017-05-31,52.439998626708984,52.529998779296875,51.619998931884766,52.400001525878906,52.400001525878906,310800
2017-06-01,52.619998931884766,53.59000015258789,52.06999969482422,53.59000015258789,53.59000015258789,347900
2017-06-02,53.63999938964844,55.08000183105469,53.31999969482422,53.880001068115234,53.880001068115234,408900
2017-06-05,53.84000015258789,53.84000015258789,52.63999938964844,52.709999084472656,52.709999084472656,164600
2017-06-06,52.33000183105469,53.470001220703125,52.02000045776367,52.9900016784668,52.9900016784668,193600
2017-06-07,52.91999816894531,53.4900016784668,52.689998626708984,53.27000045776367,53.27000045776367,166100
2017-06-08,53.279998779296875,54.5,53.16999816894531,54.18000030517578,54.18000030517578,176600
2017-06-09,54.0,55.150001525878906,53.9900016784668,54.70000076293945,54.70000076293945,263900
2017-06-12,54.650001525878906,55.06999969482422,54.040000915527344,54.099998474121094,54.099998474121094,263900
2017-06-13,54.09000015258789,54.68000030517578,53.81999969482422,54.08000183105469,54.08000183105469,160200
2017-06-14,54.13999938964844,54.5,53.56999969482422,54.33000183105469,54.33000183105469,124000
2017-06-15,53.459999084472656,54.52000045776367,53.459999084472656,54.459999084472656,54.459999084472656,102200
2017-06-16,54.119998931884766,54.599998474121094,53.91999816894531,54.25,54.25,439300
2017-06-19,54.33000183105469,54.7400016784668,53.81999969482422,54.15999984741211,54.15999984741211,263900
2017-06-20,54.11000061035156,54.54999923706055,53.689998626708984,54.5,54.5,718300
2017-06-21,54.75,55.099998474121094,54.0,54.029998779296875,54.029998779296875,126700
2017-06-22,53.90999984741211,54.189998626708984,53.119998931884766,53.970001220703125,53.970001220703125,116500
2017-06-23,54.040000915527344,54.41999816894531,53.540000915527344,54.130001068115234,54.130001068115234,295700
2017-06-26,54.290000915527344,54.56999969482422,53.689998626708984,53.939998626708984,53.939998626708984,104400
2017-06-27,53.900001525878906,54.18000030517578,53.380001068115234,53.52000045776367,53.52000045776367,149600
2017-06-28,53.86000061035156,54.400001525878906,53.77000045776367,54.209999084472656,54.209999084472656,140100
2017-06-29,54.25,54.31999969482422,53.650001525878906,54.16999816894531,54.16999816894531,143100
2017-06-30,54.29999923706055,54.68000030517578,54.09000015258789,54.150001525878906,54.150001525878906,216600
2017-07-03,54.38999938964844,54.81999969482422,54.27000045776367,54.41999816894531,54.41999816894531,123400
2017-07-05,54.47999954223633,54.540000915527344,54.119998931884766,54.38999938964844,54.38999938964844,181100
2017-07-06,53.93000030517578,54.4900016784668,53.400001525878906,53.689998626708984,53.689998626708984,167200
2017-07-07,53.779998779296875,54.7400016784668,53.33000183105469,54.63999938964844,54.63999938964844,132900
2017-07-10,54.52000045776367,54.779998779296875,54.0,54.279998779296875,54.279998779296875,132700
2017-07-11,54.43000030517578,54.77000045776367,53.65999984741211,53.81999969482422,53.81999969482422,155100
2017-07-12,54.29999923706055,55.529998779296875,54.29999923706055,54.75,54.75,211000
2017-07-13,54.7599983215332,54.79999923706055,54.310001373291016,54.79999923706055,54.79999923706055,106200
2017-07-14,54.619998931884766,54.83000183105469,54.27000045776367,54.29999923706055,54.29999923706055,148800
2017-07-17,54.279998779296875,54.61000061035156,53.95000076293945,54.56999969482422,54.56999969482422,144300
2017-07-18,54.38999938964844,54.790000915527344,53.59000015258789,53.7599983215332,53.7599983215332,161900
2017-07-19,53.869998931884766,54.310001373291016,53.869998931884766,54.099998474121094,54.099998474121094,146900
2017-07-20,54.11000061035156,54.52000045776367,53.7400016784668,54.459999084472656,54.459999084472656,139100
2017-07-21,55.02000045776367,55.02000045776367,53.54999923706055,54.599998474121094,54.599998474121094,321400
2017-07-24,54.33000183105469,54.459999084472656,52.84000015258789,52.88999938964844,52.88999938964844,536300
2017-07-25,53.0099983215332,53.599998474121094,52.81999969482422,53.279998779296875,53.279998779296875,394100
2017-07-26,53.27000045776367,53.27000045776367,51.630001068115234,51.709999084472656,51.709999084472656,380600
2017-07-27,49.099998474121094,51.209999084472656,47.869998931884766,48.720001220703125,48.720001220703125,805600
2017-07-28,48.540000915527344,49.689998626708984,48.540000915527344,48.81999969482422,48.81999969482422,275300
2017-07-31,48.810001373291016,49.45000076293945,48.36000061035156,49.25,49.25,265800
2017-08-01,49.290000915527344,49.40999984741211,48.75,48.869998931884766,48.869998931884766,169500
2017-08-02,48.59000015258789,48.88999938964844,47.869998931884766,48.720001220703125,48.720001220703125,202300
2017-08-03,48.619998931884766,49.189998626708984,48.290000915527344,48.45000076293945,48.45000076293945,184500
2017-08-04,48.4900016784668,49.290000915527344,48.4900016784668,48.65999984741211,48.65999984741211,139400
2017-08-07,48.79999923706055,49.150001525878906,48.310001373291016,48.40999984741211,48.40999984741211,147800
2017-08-08,48.400001525878906,48.869998931884766,47.81999969482422,47.869998931884766,47.869998931884766,270900
2017-08-09,47.59000015258789,48.31999969482422,47.439998626708984,48.060001373291016,48.060001373291016,283900
2017-08-10,47.9900016784668,48.5,46.83000183105469,46.83000183105469,46.83000183105469,273300
2017-08-11,46.529998779296875,47.189998626708984,46.310001373291016,46.68000030517578,46.68000030517578,325200
2017-08-14,47.060001373291016,47.849998474121094,46.97999954223633,47.72999954223633,47.72999954223633,247600
2017-08-15,47.79999923706055,47.88999938964844,47.22999954223633,47.36000061035156,47.36000061035156,199600
2017-08-16,47.439998626708984,48.290000915527344,46.27000045776367,47.20000076293945,47.20000076293945,294500
2017-08-17,47.04999923706055,47.38999938964844,46.0099983215332,46.060001373291016,46.060001373291016,212800
2017-08-18,45.7400016784668,46.68000030517578,45.65999984741211,46.029998779296875,46.029998779296875,377600
2017-08-21,46.0,46.279998779296875,45.779998779296875,45.959999084472656,45.959999084472656,204200
2017-08-22,46.189998626708984,46.439998626708984,46.04999923706055,46.150001525878906,46.150001525878906,198600
2017-08-23,45.83000183105469,46.13999938964844,45.63999938964844,45.9900016784668,45.9900016784668,161400
2017-08-24,46.290000915527344,46.41999816894531,45.689998626708984,45.72999954223633,45.72999954223633,212700
2017-08-25,45.93000030517578,46.029998779296875,45.45000076293945,45.470001220703125,45.470001220703125,484800
2017-08-28,45.68000030517578,45.939998626708984,44.9900016784668,45.119998931884766,45.119998931884766,392000
2017-08-29,44.81999969482422,46.150001525878906,44.65999984741211,45.90999984741211,45.90999984741211,292400
2017-08-30,45.939998626708984,46.75,45.86000061035156,46.65999984741211,46.65999984741211,347500
2017-08-31,46.77000045776367,47.7599983215332,46.63999938964844,47.70000076293945,47.70000076293945,254800
2017-09-01,47.790000915527344,48.13999938964844,47.47999954223633,47.79999923706055,47.79999923706055,216000
2017-09-05,47.79999923706055,48.81999969482422,47.79999923706055,48.09000015258789,48.09000015258789,232900
2017-09-06,48.220001220703125,48.47999954223633,47.93000030517578,48.33000183105469,48.33000183105469,265300
2017-09-07,48.29999923706055,48.54999923706055,47.93000030517578,48.33000183105469,48.33000183105469,174800
2017-09-08,48.20000076293945,48.599998474121094,47.93000030517578,48.43000030517578,48.43000030517578,153700
2017-09-11,48.7599983215332,49.02000045776367,48.27000045776367,48.84000015258789,48.84000015258789,243500
2017-09-12,48.93000030517578,49.470001220703125,48.849998474121094,49.209999084472656,49.209999084472656,248500
2017-09-13,49.18000030517578,49.41999816894531,49.040000915527344,49.16999816894531,49.16999816894531,181600
2017-09-14,49.13999938964844,49.619998931884766,49.0,49.61000061035156,49.61000061035156,257000
2017-09-15,49.650001525878906,49.650001525878906,48.95000076293945,49.36000061035156,49.36000061035156,556400
2017-09-18,49.43000030517578,50.189998626708984,49.400001525878906,50.0099983215332,50.0099983215332,363800
2017-09-19,50.040000915527344,50.31999969482422,49.88999938964844,50.209999084472656,50.209999084472656,173400
2017-09-20,50.2400016784668,50.900001525878906,50.16999816894531,50.529998779296875,50.529998779296875,152400
2017-09-21,50.65999984741211,50.9900016784668,50.29999923706055,50.849998474121094,50.849998474121094,138200
2017-09-22,50.84000015258789,51.560001373291016,50.75,51.369998931884766,51.369998931884766,292200
2017-09-25,51.310001373291016,51.90999984741211,51.18000030517578,51.790000915527344,51.790000915527344,206700
2017-09-26,51.95000076293945,52.7400016784668,51.59000015258789,52.400001525878906,52.400001525878906,253500
2017-09-27,52.68000030517578,53.439998626708984,52.040000915527344,53.20000076293945,53.20000076293945,445300
2017-09-28,53.22999954223633,53.849998474121094,52.779998779296875,53.7599983215332,53.7599983215332,226800
2017-09-29,53.650001525878906,54.08000183105469,53.56999969482422,53.68000030517578,53.68000030517578,341300
2017-10-02,53.619998931884766,54.81999969482422,53.560001373291016,54.529998779296875,54.529998779296875,500600
2017-10-03,54.5099983215332,55.209999084472656,54.349998474121094,54.9900016784668,54.9900016784668,304600
2017-10-04,54.93000030517578,55.619998931884766,54.779998779296875,55.060001373291016,55.060001373291016,239200
2017-10-05,55.130001068115234,55.86000061035156,55.130001068115234,55.45000076293945,55.45000076293945,243100
2017-10-06,55.36000061035156,55.95000076293945,55.040000915527344,55.47999954223633,55.47999954223633,264800
2017-10-09,55.38999938964844,55.709999084472656,55.2400016784668,55.689998626708984,55.689998626708984,192300
2017-10-10,56.0,56.209999084472656,55.310001373291016,55.79999923706055,55.79999923706055,387500
2017-10-11,55.560001373291016,55.81999969482422,54.869998931884766,54.900001525878906,54.900001525878906,292900
2017-10-12,54.619998931884766,55.040000915527344,54.56999969482422,54.86000061035156,54.86000061035156,192400
2017-10-13,55.2400016784668,55.380001068115234,54.959999084472656,55.27000045776367,55.27000045776367,279500
2017-10-16,55.33000183105469,55.52000045776367,54.369998931884766,55.33000183105469,55.33000183105469,264500
2017-10-17,55.279998779296875,55.630001068115234,54.97999954223633,55.16999816894531,55.16999816894531,227500
2017-10-18,55.5099983215332,56.45000076293945,55.25,56.40999984741211,56.40999984741211,331100
2017-10-19,56.290000915527344,56.88999938964844,55.540000915527344,56.52000045776367,56.52000045776367,259000
2017-10-20,57.0,57.209999084472656,56.5099983215332,56.849998474121094,56.849998474121094,381900
2017-10-23,57.099998474121094,57.209999084472656,55.779998779296875,55.90999984741211,55.90999984741211,376500
2017-10-24,56.13999938964844,57.04999923706055,56.09000015258789,56.43000030517578,56.43000030517578,469500
2017-10-25,56.060001373291016,56.61000061035156,55.52000045776367,56.09000015258789,56.09000015258789,477200
2017-10-26,57.630001068115234,60.11000061035156,57.47999954223633,59.61000061035156,59.61000061035156,1059500
2017-10-27,59.77000045776367,60.439998626708984,59.38999938964844,60.34000015258789,60.34000015258789,485200
2017-10-30,60.029998779296875,60.29999923706055,58.540000915527344,59.04999923706055,59.04999923706055,418200
2017-10-31,59.31999969482422,61.880001068115234,59.150001525878906,61.220001220703125,61.220001220703125,399700
2017-11-01,61.86000061035156,61.88999938964844,59.16999816894531,60.20000076293945,60.20000076293945,383700
2017-11-02,60.13999938964844,61.290000915527344,59.459999084472656,61.119998931884766,61.119998931884766,249400
2017-11-03,60.93000030517578,61.040000915527344,60.41999816894531,60.77000045776367,60.77000045776367,132200
2017-11-06,60.75,61.5,60.43000030517578,60.880001068115234,60.880001068115234,194300
2017-11-07,60.88999938964844,61.09000015258789,59.88999938964844,60.279998779296875,60.279998779296875,160000
2017-11-08,60.04999923706055,61.13999938964844,59.939998626708984,61.0099983215332,61.0099983215332,225200
2017-11-09,60.54999923706055,61.619998931884766,60.27000045776367,61.040000915527344,61.040000915527344,302700
2017-11-10,61.09000015258789,61.59000015258789,60.970001220703125,61.220001220703125,61.220001220703125,189700
2017-11-13,60.939998626708984,61.86000061035156,60.4900016784668,61.86000061035156,61.86000061035156,195900
2017-11-14,61.400001525878906,61.619998931884766,61.040000915527344,61.5,61.5,119700
2017-11-15,61.15999984741211,61.66999816894531,60.63999938964844,61.04999923706055,61.04999923706055,247600
2017-11-16,61.130001068115234,61.939998626708984,61.130001068115234,61.7599983215332,61.7599983215332,324000
2017-11-17,61.400001525878906,63.0,61.18000030517578,62.58000183105469,62.58000183105469,239600
2017-11-20,62.68000030517578,63.29999923706055,62.630001068115234,62.900001525878906,62.900001525878906,260800
2017-11-21,63.20000076293945,63.709999084472656,62.81999969482422,63.70000076293945,63.70000076293945,352800
2017-11-22,63.529998779296875,63.68000030517578,62.40999984741211,62.86000061035156,62.86000061035156,167700
2017-11-24,63.0,63.130001068115234,62.439998626708984,63.060001373291016,63.060001373291016,85400
2017-11-27,63.040000915527344,63.529998779296875,62.810001373291016,63.0,63.0,190300
2017-11-28,63.099998474121094,64.54000091552734,63.099998474121094,64.51000213623047,64.51000213623047,276300
2017-11-29,64.52999877929688,65.33999633789062,64.2300033569336,64.62000274658203,64.62000274658203,167800
2017-11-30,64.94999694824219,64.97000122070312,63.709999084472656,63.959999084472656,63.959999084472656,197100
2017-12-01,63.880001068115234,63.880001068115234,60.61000061035156,62.900001525878906,62.900001525878906,357100
2017-12-04,63.77000045776367,64.11000061035156,63.400001525878906,63.43000030517578,63.43000030517578,227400
2017-12-05,63.68000030517578,63.97999954223633,62.189998626708984,62.220001220703125,62.220001220703125,256400
2017-12-06,62.18000030517578,63.29999923706055,62.18000030517578,62.439998626708984,62.439998626708984,142900
2017-12-07,62.4900016784668,62.970001220703125,61.95000076293945,62.2400016784668,62.2400016784668,168400
2017-12-08,62.810001373291016,64.30999755859375,62.20000076293945,63.83000183105469,63.83000183105469,411400
2017-12-11,63.75,63.939998626708984,62.369998931884766,62.91999816894531,62.91999816894531,233900
2017-12-12,62.83000183105469,63.83000183105469,62.619998931884766,62.849998474121094,62.849998474121094,180900
2017-12-13,62.810001373291016,62.959999084472656,61.75,62.2400016784668,62.2400016784668,356500
2017-12-14,62.4900016784668,63.04999923706055,62.06999969482422,62.18000030517578,62.18000030517578,186300
2017-12-15,62.22999954223633,64.81999969482422,62.18000030517578,64.51000213623047,64.51000213623047,849000
2017-12-18,64.94000244140625,65.7300033569336,64.33000183105469,64.73999786376953,64.73999786376953,218600
2017-12-19,64.7699966430664,64.7699966430664,63.81999969482422,64.13999938964844,64.13999938964844,196800
2017-12-20,64.37999725341797,64.91000366210938,64.05000305175781,64.45999908447266,64.45999908447266,141400
2017-12-21,64.80000305175781,64.80000305175781,64.0999984741211,64.18000030517578,64.18000030517578,114500
2017-12-22,64.22000122070312,64.22000122070312,63.619998931884766,63.790000915527344,63.790000915527344,84700
2017-12-26,63.849998474121094,63.970001220703125,63.220001220703125,63.529998779296875,63.529998779296875,154200
2017-12-27,63.59000015258789,64.58000183105469,63.290000915527344,63.900001525878906,63.900001525878906,165300
2017-12-28,64.0199966430664,64.19000244140625,62.93000030517578,64.05000305175781,64.05000305175781,97500
2017-12-29,64.69999694824219,65.51000213623047,64.23999786376953,64.2699966430664,64.2699966430664,180300
2018-01-02,64.23999786376953,64.23999786376953,62.650001525878906,63.36000061035156,63.36000061035156,338800
2018-01-03,63.41999816894531,63.81999969482422,62.75,63.11000061035156,63.11000061035156,175500
2018-01-04,63.380001068115234,64.5,63.380001068115234,64.19000244140625,64.19000244140625,167500
2018-01-05,64.12999725341797,65.44999694824219,63.77000045776367,65.25,65.25,289700
2018-01-08,66.0,68.29000091552734,65.69999694824219,67.94000244140625,67.94000244140625,350000
2018-01-09,68.05000305175781,68.26000213623047,66.93000030517578,67.01000213623047,67.01000213623047,394900
2018-01-10,66.7300033569336,67.55999755859375,65.69999694824219,65.94999694824219,65.94999694824219,177400
2018-01-11,65.95999908447266,67.04000091552734,65.95999908447266,66.9000015258789,66.9000015258789,166900
2018-01-12,66.98999786376953,67.63999938964844,66.45999908447266,66.58999633789062,66.58999633789062,130500
2018-01-16,67.29000091552734,67.62999725341797,66.22000122070312,66.36000061035156,66.36000061035156,211600
2018-01-17,67.05999755859375,68.5,66.25,68.37999725341797,68.37999725341797,235100
2018-01-18,68.08000183105469,68.19999694824219,66.66000366210938,67.4000015258789,67.4000015258789,125700
2018-01-19,67.13999938964844,68.51000213623047,67.13999938964844,68.4000015258789,68.4000015258789,161200
2018-01-22,68.2699966430664,68.29000091552734,67.56999969482422,68.19000244140625,68.19000244140625,144200
2018-01-23,68.25,68.77999877929688,67.7699966430664,68.7699966430664,68.7699966430664,111500
2018-01-24,68.9800033569336,68.9800033569336,67.68000030517578,68.23999786376953,68.23999786376953,134300
2018-01-25,68.73999786376953,69.0,67.86000061035156,68.88999938964844,68.88999938964844,270100
2018-01-26,69.0,70.83000183105469,68.58999633789062,70.80000305175781,70.80000305175781,283700
2018-01-29,70.58000183105469,71.12000274658203,70.19000244140625,70.48999786376953,70.48999786376953,234800
2018-01-30,69.66999816894531,70.30999755859375,68.55999755859375,68.87999725341797,68.87999725341797,448700
2018-01-31,69.62000274658203,77.68000030517578,69.31999969482422,76.56999969482422,76.56999969482422,1013200
2018-02-01,77.05000305175781,77.45999908447266,75.0,76.11000061035156,76.11000061035156,600300
2018-02-02,75.4000015258789,76.95999908447266,74.11000061035156,75.25,75.25,514600
2018-02-05,74.8499984741211,76.19000244140625,72.81999969482422,72.91000366210938,72.91000366210938,396700
2018-02-06,71.12000274658203,74.55999755859375,70.95999908447266,74.19999694824219,74.19999694824219,415600
2018-02-07,73.87000274658203,74.30999755859375,72.75,72.88999938964844,72.88999938964844,330800
2018-02-08,72.83000183105469,73.44999694824219,70.08999633789062,70.0999984741211,70.0999984741211,305200
2018-02-09,70.94999694824219,71.79000091552734,68.1500015258789,70.04000091552734,70.04000091552734,445300
2018-02-12,70.47000122070312,72.62999725341797,69.7699966430664,71.94999694824219,71.94999694824219,242100
2018-02-13,71.33999633789062,72.97000122070312,71.33999633789062,72.8499984741211,72.8499984741211,206600
2018-02-14,72.11000061035156,75.18000030517578,71.83999633789062,74.26000213623047,74.26000213623047,345900
2018-02-15,75.95999908447266,75.95999908447266,72.5199966430664,75.5,75.5,371700
2018-02-16,75.05999755859375,76.70999908447266,74.7300033569336,75.44999694824219,75.44999694824219,327300
2018-02-20,75.02999877929688,77.02999877929688,74.70999908447266,76.2300033569336,76.2300033569336,308500
2018-02-21,76.33999633789062,78.38999938964844,76.11000061035156,77.19000244140625,77.19000244140625,252400
2018-02-22,77.54000091552734,78.91999816894531,77.45999908447266,78.0,78.0,329600
2018-02-23,78.58999633789062,78.81999969482422,77.5,78.79000091552734,78.79000091552734,213300
2018-02-26,78.81999969482422,79.33999633789062,77.6500015258789,78.45999908447266,78.45999908447266,331400
2018-02-27,78.44999694824219,79.54000091552734,77.80999755859375,78.8499984741211,78.8499984741211,292000
2018-02-28,79.19999694824219,79.70999908447266,76.68000030517578,76.69000244140625,76.69000244140625,324200
2018-03-01,76.5,77.94000244140625,75.72000122070312,76.9800033569336,76.9800033569336,452800
2018-03-02,76.29000091552734,78.66999816894531,75.41000366210938,78.37999725341797,78.37999725341797,335400
2018-03-05,77.91000366210938,78.66999816894531,77.02999877929688,78.19000244140625,78.19000244140625,303100
2018-03-06,78.80000305175781,80.0199966430664,77.6500015258789,80.0,80.0,261500
2018-03-07,79.30000305175781,82.45999908447266,79.30000305175781,82.25,82.25,391300
2018-03-08,82.36000061035156,82.66000366210938,81.31999969482422,82.13999938964844,82.13999938964844,299000
2018-03-09,82.83000183105469,85.1500015258789,82.30000305175781,84.9000015258789,84.9000015258789,343000
2018-03-12,84.98999786376953,85.55999755859375,82.41999816894531,82.48999786376953,82.48999786376953,275500
2018-03-13,82.93000030517578,84.76000213623047,82.56999969482422,83.41999816894531,83.41999816894531,290500
2018-03-14,83.55000305175781,83.62999725341797,82.0199966430664,82.75,82.75,315400
2018-03-15,83.11000061035156,83.75,82.44999694824219,83.37999725341797,83.37999725341797,221800
2018-03-16,83.79000091552734,85.93000030517578,83.12999725341797,85.1500015258789,85.1500015258789,802400
2018-03-19,84.94000244140625,84.94000244140625,82.63999938964844,83.37000274658203,83.37000274658203,342900
2018-03-20,83.3499984741211,84.37999725341797,83.12999725341797,84.30999755859375,84.30999755859375,227000
2018-03-21,84.33000183105469,86.12999725341797,83.94999694824219,85.52999877929688,85.52999877929688,248000
2018-03-22,84.73999786376953,85.44999694824219,81.91999816894531,82.11000061035156,82.11000061035156,329300
2018-03-23,82.23999786376953,82.81999969482422,79.2300033569336,79.27999877929688,79.27999877929688,368500
2018-03-26,80.86000061035156,82.16000366210938,79.11000061035156,82.02999877929688,82.02999877929688,392600
2018-03-27,82.30999755859375,82.37000274658203,79.51000213623047,80.05000305175781,80.05000305175781,250500
2018-03-28,80.27999877929688,81.66999816894531,79.25,81.29000091552734,81.29000091552734,292500
2018-03-29,81.94999694824219,82.86000061035156,81.63999938964844,81.87999725341797,81.87999725341797,459500
2018-04-02,82.06999969482422,84.37000274658203,81.63999938964844,82.5199966430664,82.5199966430664,392700
2018-04-03,82.06999969482422,84.0,81.5,82.44000244140625,82.44000244140625,494100
2018-04-04,81.16999816894531,82.6500015258789,80.94999694824219,82.44000244140625,82.44000244140625,336800
2018-04-05,82.86000061035156,83.87000274658203,81.88999938964844,83.66000366210938,83.66000366210938,235300
2018-04-06,83.4000015258789,83.69999694824219,80.16000366210938,81.0,81.0,352700
2018-04-09,81.52999877929688,83.51000213623047,81.52999877929688,81.91999816894531,81.91999816894531,533100
2018-04-10,83.04000091552734,84.62999725341797,82.37000274658203,84.18000030517578,84.18000030517578,305700
2018-04-11,83.37999725341797,83.8499984741211,82.08999633789062,82.36000061035156,82.36000061035156,316200
2018-04-12,82.80000305175781,84.1500015258789,82.55000305175781,83.69000244140625,83.69000244140625,249000
2018-04-13,84.19000244140625,84.19000244140625,82.41999816894531,83.23999786376953,83.23999786376953,176900
2018-04-16,84.05000305175781,85.0999984741211,83.27999877929688,84.5199966430664,84.5199966430664,237900
2018-04-17,85.41000366210938,85.91000366210938,84.56999969482422,85.4000015258789,85.4000015258789,331000
2018-04-18,85.70999908447266,85.91000366210938,84.94000244140625,85.43000030517578,85.43000030517578,271300
2018-04-19,85.4800033569336,85.86000061035156,85.25,85.36000061035156,85.36000061035156,226400
2018-04-20,85.2699966430664,85.58000183105469,83.7699966430664,84.11000061035156,84.11000061035156,336800
2018-04-23,84.5,84.5,82.62999725341797,82.9800033569336,82.9800033569336,209100
2018-04-24,83.30999755859375,83.80999755859375,81.72000122070312,81.94999694824219,81.94999694824219,350000
2018-04-25,82.16000366210938,83.23999786376953,81.91999816894531,82.37999725341797,82.37999725341797,347000
2018-04-26,76.58000183105469,83.45999908447266,74.11000061035156,82.5199966430664,82.5199966430664,610600
2018-04-27,82.37000274658203,82.37000274658203,80.72000122070312,81.29000091552734,81.29000091552734,301300
2018-04-30,81.61000061035156,82.7699966430664,80.62999725341797,80.62999725341797,80.62999725341797,309800
2018-05-01,80.44999694824219,81.19999694824219,79.38999938964844,80.95999908447266,80.95999908447266,262800
2018-05-02,80.80999755859375,81.9000015258789,80.6500015258789,81.16000366210938,81.16000366210938,339300
2018-05-03,80.86000061035156,81.1500015258789,79.44000244140625,80.70999908447266,80.70999908447266,242600
2018-05-04,80.2699966430664,82.62000274658203,78.61000061035156,82.31999969482422,82.31999969482422,242600
2018-05-07,82.61000061035156,82.75,81.58999633789062,81.73999786376953,81.73999786376953,457900
2018-05-08,81.73999786376953,83.36000061035156,81.73999786376953,83.05999755859375,83.05999755859375,240800
2018-05-09,83.33999633789062,84.5999984741211,82.80999755859375,84.33000183105469,84.33000183105469,212300
2018-05-10,84.3499984741211,84.97000122070312,83.62999725341797,84.75,84.75,192100
2018-05-11,84.44999694824219,84.79000091552734,84.0999984741211,84.5199966430664,84.5199966430664,159600
2018-05-14,84.94000244140625,84.94000244140625,82.27999877929688,82.44000244140625,82.44000244140625,279500
2018-05-15,81.9800033569336,82.94000244140625,81.54000091552734,82.3499984741211,82.3499984741211,261000
2018-05-16,82.31999969482422,83.7699966430664,82.2300033569336,83.33000183105469,83.33000183105469,273500
2018-05-17,83.22000122070312,83.69999694824219,82.69000244140625,83.5,83.5,206800
2018-05-18,83.91000366210938,84.43000030517578,83.4000015258789,83.77999877929688,83.77999877929688,214100
2018-05-21,84.41999816894531,85.51000213623047,84.37000274658203,85.06999969482422,85.06999969482422,194600
2018-05-22,85.12999725341797,85.18000030517578,82.62999725341797,82.68000030517578,82.68000030517578,192000
2018-05-23,82.38999938964844,83.0999984741211,81.73999786376953,82.97000122070312,82.97000122070312,164500
2018-05-24,82.38999938964844,83.08999633789062,79.54000091552734,79.73999786376953,79.73999786376953,511200
2018-05-25,79.41000366210938,79.9800033569336,78.19999694824219,78.27999877929688,78.27999877929688,379400
2018-05-29,77.44999694824219,77.81999969482422,76.02999877929688,77.02999877929688,77.02999877929688,679200
2018-05-30,77.27999877929688,79.52999877929688,77.27999877929688,78.45999908447266,78.45999908447266,315500
2018-05-31,78.41000366210938,78.79000091552734,76.91999816894531,77.0,77.0,353800
2018-06-01,77.55999755859375,78.55000305175781,77.4800033569336,77.98999786376953,77.98999786376953,421500
2018-06-04,78.61000061035156,80.51000213623047,78.55000305175781,80.47000122070312,80.47000122070312,309200
2018-06-05,80.38999938964844,81.44999694824219,80.38999938964844,81.05000305175781,81.05000305175781,318900
2018-06-06,81.4800033569336,81.69999694824219,80.83999633789062,81.44000244140625,81.44000244140625,292300
2018-06-07,81.55000305175781,81.73999786376953,79.87000274658203,80.1500015258789,80.1500015258789,146800
2018-06-08,80.19999694824219,81.30999755859375,80.19999694824219,80.97000122070312,80.97000122070312,234800
2018-06-11,80.7699966430664,81.27999877929688,80.41999816894531,80.87000274658203,80.87000274658203,227300
2018-06-12,81.20999908447266,81.62000274658203,80.41000366210938,81.43000030517578,81.43000030517578,180900
2018-06-13,81.81999969482422,83.38999938964844,81.81999969482422,82.47000122070312,82.47000122070312,579600
2018-06-14,82.58000183105469,82.58000183105469,80.70999908447266,82.43000030517578,82.43000030517578,171000
2018-06-15,82.37000274658203,83.01000213623047,81.55000305175781,82.9800033569336,82.9800033569336,412000
2018-06-18,82.08000183105469,83.0999984741211,81.66000366210938,82.81999969482422,82.81999969482422,167800
2018-06-19,81.9000015258789,82.47000122070312,80.37999725341797,81.8499984741211,81.8499984741211,190600
2018-06-20,82.22000122070312,83.01000213623047,81.5999984741211,82.98999786376953,82.98999786376953,167500
2018-06-21,82.91000366210938,82.91000366210938,81.6500015258789,81.97000122070312,81.97000122070312,177300
2018-06-22,82.3499984741211,82.36000061035156,80.93000030517578,81.19999694824219,81.19999694824219,392200
2018-06-25,80.75,80.75,78.2300033569336,78.37000274658203,78.37000274658203,227300
2018-06-26,78.6500015258789,79.62999725341797,78.16000366210938,78.80999755859375,78.80999755859375,411800
2018-06-27,78.86000061035156,78.86000061035156,76.66000366210938,76.70999908447266,76.70999908447266,209000
2018-06-28,76.66999816894531,77.30000305175781,75.2699966430664,76.77999877929688,76.77999877929688,199500
2018-06-29,77.11000061035156,78.91999816894531,76.77999877929688,78.19000244140625,78.19000244140625,262100
2018-07-02,77.30999755859375,79.01000213623047,77.2300033569336,79.01000213623047,79.01000213623047,393600
2018-07-03,79.19999694824219,79.98999786376953,78.45999908447266,79.05999755859375,79.05999755859375,104100
2018-07-05,79.56999969482422,79.77999877929688,77.98999786376953,79.7699966430664,79.7699966430664,187900
2018-07-06,79.95999908447266,80.76000213623047,79.55000305175781,80.26000213623047,80.26000213623047,108000
2018-07-09,80.62000274658203,81.83999633789062,80.52999877929688,81.81999969482422,81.81999969482422,203600
2018-07-10,81.9000015258789,82.05999755859375,80.5999984741211,81.43000030517578,81.43000030517578,208000
2018-07-11,80.70999908447266,81.8499984741211,80.30999755859375,80.72000122070312,80.72000122070312,262900
2018-07-12,80.77999877929688,82.11000061035156,79.98999786376953,81.1500015258789,81.1500015258789,287200
2018-07-13,81.06999969482422,82.7699966430664,81.06999969482422,82.52999877929688,82.52999877929688,150500
2018-07-16,82.51000213623047,83.16000366210938,81.63999938964844,82.18000030517578,82.18000030517578,301900
2018-07-17,81.58000183105469,84.43000030517578,81.58000183105469,83.9000015258789,83.9000015258789,236400
2018-07-18,83.69000244140625,84.36000061035156,83.02999877929688,84.0999984741211,84.0999984741211,199500
2018-07-19,83.83999633789062,84.68000030517578,83.18000030517578,84.56999969482422,84.56999969482422,181000
2018-07-20,84.2699966430664,84.83999633789062,83.26000213623047,84.44000244140625,84.44000244140625,202400
2018-07-23,84.41999816894531,85.55999755859375,84.26000213623047,85.05000305175781,85.05000305175781,181500
2018-07-24,85.91000366210938,85.91000366210938,83.02999877929688,83.83000183105469,83.83000183105469,310600
2018-07-25,84.12999725341797,86.81999969482422,83.52999877929688,86.76000213623047,86.76000213623047,325900
2018-07-26,88.44999694824219,92.66000366210938,87.88999938964844,92.30999755859375,92.30999755859375,545400
2018-07-27,92.12000274658203,92.12000274658203,88.88999938964844,90.44999694824219,90.44999694824219,458400
2018-07-30,90.7300033569336,91.69000244140625,88.37999725341797,88.44000244140625,88.44000244140625,304800
2018-07-31,88.94999694824219,90.83000183105469,87.77999877929688,90.30000305175781,90.30000305175781,531100
2018-08-01,90.77999877929688,91.68000030517578,89.72000122070312,91.38999938964844,91.38999938964844,343500
2018-08-02,90.62999725341797,93.80000305175781,90.62999725341797,93.69000244140625,93.69000244140625,389000
2018-08-03,94.01000213623047,94.25,91.5199966430664,91.80000305175781,91.80000305175781,391000
2018-08-06,92.12000274658203,93.33000183105469,91.72000122070312,92.75,92.75,557400
2018-08-07,93.06999969482422,93.61000061035156,92.06999969482422,92.0999984741211,92.0999984741211,375600
2018-08-08,92.0999984741211,92.68000030517578,91.68000030517578,91.87000274658203,91.87000274658203,288600
2018-08-09,92.01000213623047,92.36000061035156,91.41999816894531,91.45999908447266,91.45999908447266,168000
2018-08-10,90.70999908447266,91.16999816894531,89.79000091552734,90.9000015258789,90.9000015258789,201100
2018-08-13,90.47000122070312,91.33000183105469,89.2300033569336,89.37000274658203,89.37000274658203,192900
2018-08-14,89.76000213623047,90.52999877929688,89.13999938964844,90.16000366210938,90.16000366210938,148500
2018-08-15,89.68000030517578,90.37999725341797,88.94999694824219,90.02999877929688,90.02999877929688,221200
2018-08-16,90.70999908447266,91.5,90.04000091552734,91.2699966430664,91.2699966430664,168000
2018-08-17,91.31999969482422,91.5,90.0199966430664,90.87999725341797,90.87999725341797,257800
2018-08-20,90.98999786376953,91.33000183105469,89.0,90.20999908447266,90.20999908447266,272000
2018-08-21,90.18000030517578,91.79000091552734,90.18000030517578,91.33999633789062,91.33999633789062,254300
2018-08-22,91.27999877929688,91.3499984741211,90.37000274658203,90.80999755859375,90.80999755859375,136700
2018-08-23,90.80999755859375,91.58999633789062,90.3499984741211,90.4800033569336,90.4800033569336,170700
2018-08-24,90.70999908447266,91.1500015258789,90.29000091552734,90.83000183105469,90.83000183105469,298200
2018-08-27,91.06999969482422,93.06999969482422,91.06999969482422,91.9800033569336,91.9800033569336,221300
2018-08-28,92.0199966430664,92.4800033569336,91.1500015258789,91.68000030517578,91.68000030517578,223800
2018-08-29,92.0199966430664,92.41999816894531,91.19000244140625,91.80000305175781,91.80000305175781,252000
2018-08-30,91.51000213623047,93.05999755859375,91.51000213623047,92.26000213623047,92.26000213623047,262700
2018-08-31,92.11000061035156,92.95999908447266,91.37000274658203,92.58999633789062,92.58999633789062,368800
2018-09-04,92.43000030517578,93.83000183105469,91.9800033569336,93.01000213623047,93.01000213623047,181300
2018-09-05,92.91999816894531,92.91999816894531,90.0199966430664,90.36000061035156,90.36000061035156,373700
2018-09-06,90.66000366210938,91.70999908447266,90.30000305175781,91.26000213623047,91.26000213623047,282400
2018-09-07,90.79000091552734,91.04000091552734,86.05000305175781,86.25,86.25,457200
2018-09-10,86.25,86.5999984741211,84.94999694824219,85.69000244140625,85.69000244140625,567200
2018-09-11,85.29000091552734,85.75,83.79000091552734,84.0999984741211,84.0999984741211,415500
2018-09-12,83.94999694824219,84.66000366210938,82.45999908447266,83.16000366210938,83.16000366210938,482500
2018-09-13,83.62000274658203,83.91999816894531,82.63999938964844,83.36000061035156,83.36000061035156,217600
2018-09-14,83.18000030517578,84.05999755859375,82.72000122070312,83.47000122070312,83.47000122070312,357000
2018-09-17,83.61000061035156,83.66000366210938,81.77999877929688,82.47000122070312,82.47000122070312,323800
2018-09-18,82.5999984741211,83.98999786376953,81.20999908447266,81.43000030517578,81.43000030517578,408000
2018-09-19,81.1500015258789,81.27999877929688,78.73999786376953,79.0999984741211,79.0999984741211,378900
2018-09-20,79.38999938964844,79.83999633789062,78.52999877929688,79.47000122070312,79.47000122070312,388100
2018-09-21,79.91999816894531,80.38999938964844,79.12000274658203,79.43000030517578,79.43000030517578,993800
2018-09-24,78.88999938964844,79.69000244140625,77.86000061035156,79.05999755859375,79.05999755859375,362000
2018-09-25,79.30999755859375,79.54000091552734,78.70999908447266,79.33999633789062,79.33999633789062,332500
2018-09-26,79.18000030517578,79.9000015258789,78.70999908447266,79.20999908447266,79.20999908447266,381000
2018-09-27,79.48999786376953,79.77999877929688,77.93000030517578,78.18000030517578,78.18000030517578,263300
2018-09-28,78.04000091552734,79.76000213623047,78.04000091552734,78.93000030517578,78.93000030517578,433400
2018-10-01,79.30000305175781,79.51000213623047,77.19000244140625,77.31999969482422,77.31999969482422,222300
2018-10-02,77.31999969482422,77.51000213623047,76.19999694824219,76.45999908447266,76.45999908447266,295900
2018-10-03,76.9800033569336,77.54000091552734,76.44000244140625,77.30000305175781,77.30000305175781,167400
2018-10-04,76.98999786376953,76.98999786376953,75.3499984741211,75.6500015258789,75.6500015258789,249100
2018-10-05,74.79000091552734,74.94000244140625,71.26000213623047,71.66999816894531,71.66999816894531,837800
2018-10-08,71.41000366210938,71.70999908447266,70.29000091552734,71.08000183105469,71.08000183105469,417500
2018-10-09,70.80000305175781,70.9000015258789,69.93000030517578,70.30999755859375,70.30999755859375,427100
2018-10-10,70.25,70.25,66.16000366210938,66.29000091552734,66.29000091552734,10142400
2018-10-11,66.29000091552734,67.44999694824219,64.45999908447266,64.51000213623047,64.51000213623047,724100
2018-10-12,65.7300033569336,65.86000061035156,64.73999786376953,65.31999969482422,65.31999969482422,663700
2018-10-15,65.05000305175781,65.9800033569336,64.91000366210938,65.31999969482422,65.31999969482422,482100
2018-10-16,66.08000183105469,67.37000274658203,65.16999816894531,66.73999786376953,66.73999786376953,552600
2018-10-17,66.37000274658203,66.69999694824219,65.5,66.30000305175781,66.30000305175781,341000
2018-10-18,65.81999969482422,66.16000366210938,63.619998931884766,64.44000244140625,64.44000244140625,454300
2018-10-19,64.45999908447266,64.68000030517578,62.689998626708984,62.900001525878906,62.900001525878906,274000
2018-10-22,63.09000015258789,64.55000305175781,63.09000015258789,63.68000030517578,63.68000030517578,411900
2018-10-23,62.79999923706055,63.970001220703125,61.04999923706055,63.4900016784668,63.4900016784668,687100
2018-10-24,63.47999954223633,63.90999984741211,58.84000015258789,59.02000045776367,59.02000045776367,599600
2018-10-25,64.01000213623047,68.80000305175781,64.01000213623047,66.51000213623047,66.51000213623047,1071100
2018-10-26,65.51000213623047,66.62999725341797,64.31999969482422,65.37999725341797,65.37999725341797,660100
2018-10-29,67.31999969482422,68.37000274658203,64.47000122070312,65.69000244140625,65.69000244140625,751400
2018-10-30,65.63999938964844,67.58999633789062,65.20999908447266,67.01000213623047,67.01000213623047,526900
2018-10-31,68.08999633789062,69.87999725341797,67.0199966430664,67.08000183105469,67.08000183105469,652000
2018-11-01,67.9800033569336,69.94999694824219,67.41999816894531,69.72000122070312,69.72000122070312,485800
2018-11-02,70.01000213623047,70.7699966430664,68.16000366210938,68.93000030517578,68.93000030517578,547000
2018-11-05,69.0999984741211,70.01000213623047,66.68000030517578,68.1500015258789,68.1500015258789,389700
2018-11-06,68.1500015258789,69.69000244140625,67.83999633789062,69.37999725341797,69.37999725341797,259300
2018-11-07,70.52999877929688,71.25,68.80000305175781,71.02999877929688,71.02999877929688,455200
2018-11-08,70.80999755859375,71.83000183105469,70.51000213623047,71.25,71.25,243700
2018-11-09,70.6500015258789,71.20999908447266,67.3499984741211,68.87000274658203,68.87000274658203,368500
2018-11-12,68.87999725341797,69.30000305175781,67.69000244140625,68.23999786376953,68.23999786376953,497100
2018-11-13,68.58000183105469,69.05999755859375,66.69000244140625,67.23999786376953,67.23999786376953,462100
2018-11-14,68.08000183105469,68.37000274658203,65.4800033569336,65.9000015258789,65.9000015258789,210600
2018-11-15,65.41999816894531,67.72000122070312,65.36000061035156,67.23999786376953,67.23999786376953,340400
2018-11-16,66.56999969482422,67.86000061035156,66.19000244140625,67.5,67.5,249500
2018-11-19,67.80999755859375,67.91999816894531,66.36000061035156,66.80000305175781,66.80000305175781,455700
2018-11-20,65.69999694824219,67.30999755859375,65.43000030517578,65.97000122070312,65.97000122070312,266400
2018-11-21,66.97000122070312,68.38999938964844,66.26000213623047,67.94999694824219,67.94999694824219,336700
2018-11-23,67.08000183105469,68.19000244140625,67.08000183105469,67.8499984741211,67.8499984741211,217500
2018-11-26,68.69000244140625,69.41000366210938,67.68000030517578,68.62000274658203,68.62000274658203,328200
2018-11-27,68.02999877929688,68.61000061035156,67.62999725341797,68.12999725341797,68.12999725341797,240900
2018-11-28,68.58999633789062,69.70999908447266,67.8499984741211,69.41000366210938,69.41000366210938,766300
2018-11-29,68.94000244140625,69.44999694824219,67.30000305175781,67.83000183105469,67.83000183105469,267400
2018-11-30,67.76000213623047,69.48999786376953,67.31999969482422,69.25,69.25,379400
2018-12-03,70.55000305175781,70.55000305175781,67.88999938964844,69.5199966430664,69.5199966430664,473200
2018-12-04,69.3499984741211,69.3499984741211,63.88999938964844,64.41999816894531,64.41999816894531,371100
2018-12-06,63.11000061035156,64.18000030517578,62.34000015258789,64.04000091552734,64.04000091552734,358700
2018-12-07,63.90999984741211,64.86000061035156,61.150001525878906,61.63999938964844,61.63999938964844,304700
2018-12-10,61.709999084472656,62.790000915527344,61.189998626708984,62.20000076293945,62.20000076293945,311400
2018-12-11,63.5,64.45999908447266,61.66999816894531,61.68000030517578,61.68000030517578,278100
2018-12-12,63.040000915527344,63.040000915527344,61.54999923706055,61.59000015258789,61.59000015258789,360700
2018-12-13,61.369998931884766,62.06999969482422,59.75,59.790000915527344,59.790000915527344,385100
2018-12-14,59.11000061035156,60.099998474121094,58.25,58.52000045776367,58.52000045776367,285000
2018-12-17,58.599998474121094,59.15999984741211,56.790000915527344,57.209999084472656,57.209999084472656,380000
2018-12-18,57.95000076293945,58.90999984741211,57.20000076293945,57.470001220703125,57.470001220703125,456800
2018-12-19,57.70000076293945,59.25,56.16999816894531,56.439998626708984,56.439998626708984,307700
2018-12-20,56.15999984741211,56.63999938964844,54.189998626708984,55.16999816894531,55.16999816894531,448000
2018-12-21,55.560001373291016,56.04999923706055,53.20000076293945,53.4900016784668,53.4900016784668,665400
2018-12-24,52.83000183105469,53.31999969482422,51.68000030517578,51.7400016784668,51.7400016784668,279400
2018-12-26,52.11000061035156,54.5,51.04999923706055,54.470001220703125,54.470001220703125,310000
2018-12-27,53.11000061035156,54.540000915527344,52.06999969482422,54.4900016784668,54.4900016784668,247500
2018-12-28,54.279998779296875,54.93000030517578,53.18000030517578,53.72999954223633,53.72999954223633,270500
2018-12-31,54.310001373291016,54.7400016784668,53.27000045776367,54.5,54.5,469100
2019-01-02,53.34000015258789,55.130001068115234,52.77000045776367,54.310001373291016,54.310001373291016,390800
2019-01-03,53.47999954223633,53.63999938964844,51.75,53.150001525878906,53.150001525878906,446800
2019-01-04,54.209999084472656,56.15999984741211,54.15999984741211,55.90999984741211,55.90999984741211,380900
2019-01-07,55.70000076293945,57.540000915527344,55.0,57.029998779296875,57.029998779296875,733400
2019-01-08,57.849998474121094,58.939998626708984,57.5099983215332,58.88999938964844,58.88999938964844,317700
2019-01-09,58.90999984741211,60.380001068115234,58.70000076293945,59.79999923706055,59.79999923706055,425100
2019-01-10,59.22999954223633,60.27000045776367,58.400001525878906,59.5099983215332,59.5099983215332,409700
2019-01-11,59.099998474121094,60.52000045776367,58.869998931884766,60.189998626708984,60.189998626708984,250500
2019-01-14,59.529998779296875,60.13999938964844,59.08000183105469,59.220001220703125,59.220001220703125,371400
2019-01-15,59.13999938964844,59.900001525878906,59.0,59.5,59.5,226100
2019-01-16,59.630001068115234,60.790000915527344,59.630001068115234,60.56999969482422,60.56999969482422,332400
2019-01-17,60.15999984741211,61.41999816894531,60.0,60.93000030517578,60.93000030517578,375900
2019-01-18,61.41999816894531,62.31999969482422,61.0099983215332,62.08000183105469,62.08000183105469,327200
2019-01-22,61.40999984741211,62.25,60.790000915527344,61.25,61.25,261600
2019-01-23,61.31999969482422,61.970001220703125,59.709999084472656,60.279998779296875,60.279998779296875,186300
2019-01-24,60.150001525878906,61.5099983215332,60.150001525878906,61.459999084472656,61.459999084472656,330100
2019-01-25,62.08000183105469,62.540000915527344,62.06999969482422,62.15999984741211,62.15999984741211,218200
2019-01-28,61.4900016784668,61.939998626708984,60.54999923706055,61.7599983215332,61.7599983215332,207800
2019-01-29,62.0099983215332,62.04999923706055,60.93000030517578,61.0,61.0,225000
2019-01-30,61.75,62.97999954223633,60.83000183105469,62.970001220703125,62.970001220703125,374000
2019-01-31,63.02000045776367,63.4900016784668,62.77000045776367,62.9900016784668,62.9900016784668,275200
2019-02-01,62.959999084472656,63.40999984741211,62.400001525878906,63.16999816894531,63.16999816894531,271500
2019-02-04,63.150001525878906,63.77000045776367,62.849998474121094,63.619998931884766,63.619998931884766,199500
2019-02-05,63.7599983215332,63.959999084472656,62.90999984741211,63.25,63.25,290100
2019-02-06,63.13999938964844,63.599998474121094,62.90999984741211,63.22999954223633,63.22999954223633,156500
2019-02-07,62.5,63.02000045776367,61.91999816894531,62.86000061035156,62.86000061035156,238100
2019-02-08,62.349998474121094,62.97999954223633,61.959999084472656,62.90999984741211,62.90999984741211,253600
2019-02-11,63.439998626708984,64.54000091552734,63.349998474121094,64.45999908447266,64.45999908447266,299600
2019-02-12,64.87000274658203,65.58999633789062,64.68000030517578,65.16999816894531,65.16999816894531,273000
2019-02-13,65.4800033569336,66.86000061035156,65.29000091552734,66.7699966430664,66.7699966430664,781100
2019-02-14,62.13999938964844,66.36000061035156,60.630001068115234,64.79000091552734,64.79000091552734,1032800
2019-02-15,65.37999725341797,67.01000213623047,65.37999725341797,66.31999969482422,66.31999969482422,427000
2019-02-19,65.9800033569336,66.31999969482422,65.26000213623047,65.5999984741211,65.5999984741211,281800
2019-02-20,65.33999633789062,65.94999694824219,64.94000244140625,65.86000061035156,65.86000061035156,333400
2019-02-21,65.9000015258789,66.26000213623047,65.13999938964844,65.73999786376953,65.73999786376953,221700
2019-02-22,66.13999938964844,67.30999755859375,66.01000213623047,67.13999938964844,67.13999938964844,339200
2019-02-25,67.4800033569336,68.19999694824219,66.58000183105469,66.80999755859375,66.80999755859375,469800
2019-02-26,66.73999786376953,67.0199966430664,64.91999816894531,64.95999908447266,64.95999908447266,328400
2019-02-27,64.95999908447266,65.5999984741211,64.5,65.55000305175781,65.55000305175781,234700
2019-02-28,65.54000091552734,65.5999984741211,64.36000061035156,64.41000366210938,64.41000366210938,283100
2019-03-01,65.04000091552734,65.4800033569336,64.47000122070312,64.91999816894531,64.91999816894531,187300
2019-03-04,65.11000061035156,65.33000183105469,63.66999816894531,63.790000915527344,63.790000915527344,181600
2019-03-05,63.93000030517578,63.93000030517578,62.97999954223633,63.13999938964844,63.13999938964844,339200
2019-03-06,63.189998626708984,63.2599983215332,62.27000045776367,62.68000030517578,62.68000030517578,377400
2019-03-07,62.7400016784668,62.7400016784668,61.0,61.25,61.25,226000
2019-03-08,60.7400016784668,60.7400016784668,59.470001220703125,60.29999923706055,60.29999923706055,191000
2019-03-11,60.33000183105469,61.68000030517578,60.33000183105469,61.54999923706055,61.54999923706055,156000
2019-03-12,62.13999938964844,63.09000015258789,61.66999816894531,62.790000915527344,62.790000915527344,345600
2019-03-13,63.209999084472656,64.31999969482422,62.849998474121094,63.86000061035156,63.86000061035156,372200
2019-03-14,63.86000061035156,64.88999938964844,63.56999969482422,64.66000366210938,64.66000366210938,271700
2019-03-15,64.94000244140625,65.88999938964844,64.44999694824219,64.55999755859375,64.55999755859375,547500
2019-03-18,64.56999969482422,65.6500015258789,64.05000305175781,65.37000274658203,65.37000274658203,215500
2019-03-19,65.61000061035156,65.86000061035156,64.81999969482422,64.9800033569336,64.9800033569336,200300
2019-03-20,64.81999969482422,65.0,63.59000015258789,63.810001373291016,63.810001373291016,252300
2019-03-21,63.40999984741211,65.43000030517578,63.40999984741211,64.94000244140625,64.94000244140625,148500
2019-03-22,64.41000366210938,64.48999786376953,61.7400016784668,61.81999969482422,61.81999969482422,272100
2019-03-25,61.75,62.529998779296875,60.22999954223633,61.38999938964844,61.38999938964844,383900
2019-03-26,61.939998626708984,63.130001068115234,61.68000030517578,62.349998474121094,62.349998474121094,396700
2019-03-27,62.150001525878906,62.72999954223633,61.189998626708984,62.029998779296875,62.029998779296875,235100
2019-03-28,62.08000183105469,62.79999923706055,61.959999084472656,62.58000183105469,62.58000183105469,215500
2019-03-29,63.040000915527344,64.08999633789062,62.970001220703125,63.4900016784668,63.4900016784668,241800
2019-04-01,64.01000213623047,64.91999816894531,63.689998626708984,64.4000015258789,64.4000015258789,314100
2019-04-02,64.41000366210938,64.43000030517578,63.599998474121094,64.08999633789062,64.08999633789062,250400
2019-04-03,64.56999969482422,65.44000244140625,64.48999786376953,64.83000183105469,64.83000183105469,405000
2019-04-04,65.08000183105469,65.73999786376953,64.69999694824219,65.45999908447266,65.45999908447266,297300
2019-04-05,65.69999694824219,66.6500015258789,65.51000213623047,66.48999786376953,66.48999786376953,231700
2019-04-08,66.4000015258789,67.5,66.11000061035156,66.94999694824219,66.94999694824219,190500
2019-04-09,66.62000274658203,66.62000274658203,65.2300033569336,65.3499984741211,65.3499984741211,186800
2019-04-10,65.44999694824219,66.11000061035156,64.95999908447266,66.04000091552734,66.04000091552734,337800
2019-04-11,66.23999786376953,67.08999633789062,65.86000061035156,67.08000183105469,67.08000183105469,180100
2019-04-12,67.4800033569336,67.9800033569336,66.87000274658203,67.08999633789062,67.08999633789062,228800
2019-04-15,67.16000366210938,67.94999694824219,66.56999969482422,67.7699966430664,67.7699966430664,243200
2019-04-16,68.04000091552734,68.43000030517578,67.27999877929688,67.56999969482422,67.56999969482422,190900
2019-04-17,68.16000366210938,68.66000366210938,67.66999816894531,68.45999908447266,68.45999908447266,216700
2019-04-18,68.12999725341797,68.87999725341797,67.9000015258789,68.56999969482422,68.56999969482422,152900
2019-04-22,68.05999755859375,68.33000183105469,67.3499984741211,67.58999633789062,67.58999633789062,139500
2019-04-23,67.81999969482422,68.97000122070312,67.30999755859375,68.30000305175781,68.30000305175781,308400
2019-04-24,67.88999938964844,68.5999984741211,67.66000366210938,67.95999908447266,67.95999908447266,393500
2019-04-25,66.5,67.26000213623047,62.40999984741211,63.2400016784668,63.2400016784668,965100
2019-04-26,63.150001525878906,64.69000244140625,62.720001220703125,64.61000061035156,64.61000061035156,365500
2019-04-29,64.87999725341797,65.12000274658203,63.779998779296875,64.05000305175781,64.05000305175781,265200
2019-04-30,64.20999908447266,64.66000366210938,62.38999938964844,63.040000915527344,63.040000915527344,256700
2019-05-01,63.15999984741211,63.56999969482422,62.06999969482422,62.09000015258789,62.09000015258789,169200
2019-05-02,62.09000015258789,62.36000061035156,61.099998474121094,61.970001220703125,61.970001220703125,194600
2019-05-03,62.38999938964844,63.06999969482422,61.869998931884766,63.0,63.0,338300
2019-05-06,62.0,63.220001220703125,61.869998931884766,63.0,63.0,200300
2019-05-07,62.02000045776367,62.79999923706055,60.20000076293945,60.83000183105469,60.83000183105469,231700
2019-05-08,60.650001525878906,60.880001068115234,59.86000061035156,60.25,60.25,255600
2019-05-09,59.650001525878906,60.220001220703125,58.88999938964844,59.75,59.75,124500
2019-05-10,59.08000183105469,59.400001525878906,57.9900016784668,59.290000915527344,59.290000915527344,205400
2019-05-13,57.77000045776367,57.869998931884766,56.689998626708984,56.93000030517578,56.93000030517578,218700
2019-05-14,57.040000915527344,57.77000045776367,56.869998931884766,57.31999969482422,57.31999969482422,279100
2019-05-15,56.81999969482422,57.5099983215332,56.2599983215332,57.310001373291016,57.310001373291016,345700
2019-05-16,57.40999984741211,58.0,57.2599983215332,57.529998779296875,57.529998779296875,250600
2019-05-17,56.880001068115234,57.540000915527344,56.15999984741211,56.189998626708984,56.189998626708984,240200
2019-05-20,55.58000183105469,56.349998474121094,55.34000015258789,55.650001525878906,55.650001525878906,160000
2019-05-21,56.220001220703125,56.849998474121094,56.11000061035156,56.81999969482422,56.81999969482422,214300
2019-05-22,56.58000183105469,57.0099983215332,55.90999984741211,56.029998779296875,56.029998779296875,161700
2019-05-23,55.16999816894531,55.279998779296875,54.13999938964844,54.400001525878906,54.400001525878906,430400
2019-05-24,54.77000045776367,55.29999923706055,54.130001068115234,54.29999923706055,54.29999923706055,243800
2019-05-28,53.59000015258789,53.59000015258789,50.33000183105469,51.20000076293945,51.20000076293945,1186800
2019-05-29,51.09000015258789,52.81999969482422,50.779998779296875,52.66999816894531,52.66999816894531,755700
2019-05-30,52.90999984741211,53.33000183105469,51.560001373291016,51.880001068115234,51.880001068115234,371300
2019-05-31,51.0,51.459999084472656,50.400001525878906,50.72999954223633,50.72999954223633,259500
2019-06-03,50.68000030517578,52.56999969482422,50.560001373291016,52.5,52.5,644600
2019-06-04,53.72999954223633,56.43000030517578,53.72999954223633,55.689998626708984,55.689998626708984,773600
2019-06-05,55.849998474121094,56.02000045776367,54.720001220703125,55.369998931884766,55.369998931884766,463600
2019-06-06,55.119998931884766,55.939998626708984,54.45000076293945,55.88999938964844,55.88999938964844,562300
2019-06-07,56.0,56.38999938964844,55.63999938964844,55.95000076293945,55.95000076293945,205400
2019-06-10,56.36000061035156,57.77000045776367,56.36000061035156,57.7400016784668,57.7400016784668,250000
2019-06-11,58.439998626708984,59.0099983215332,56.86000061035156,57.02000045776367,57.02000045776367,284400
2019-06-12,56.75,56.90999984741211,56.0,56.560001373291016,56.560001373291016,213800
2019-06-13,56.810001373291016,57.5099983215332,56.54999923706055,57.459999084472656,57.459999084472656,229300
2019-06-14,57.16999816894531,57.5,56.560001373291016,56.56999969482422,56.56999969482422,351800
2019-06-17,56.720001220703125,57.130001068115234,56.209999084472656,56.31999969482422,56.31999969482422,231800
2019-06-18,57.0,57.86000061035156,56.86000061035156,57.45000076293945,57.45000076293945,224300
2019-06-19,57.540000915527344,58.0,57.2599983215332,57.5099983215332,57.5099983215332,123400
2019-06-20,58.349998474121094,58.630001068115234,57.34000015258789,57.560001373291016,57.560001373291016,160100
2019-06-21,57.16999816894531,57.349998474121094,56.060001373291016,57.150001525878906,57.150001525878906,462100
2019-06-24,57.099998474121094,57.349998474121094,56.52000045776367,56.529998779296875,56.529998779296875,219100
2019-06-25,56.619998931884766,57.220001220703125,55.93000030517578,56.5,56.5,221000
2019-06-26,56.7400016784668,57.369998931884766,55.79999923706055,57.02000045776367,57.02000045776367,349800
2019-06-27,57.06999969482422,58.91999816894531,57.06999969482422,58.880001068115234,58.880001068115234,610100
2019-06-28,58.93000030517578,60.81999969482422,58.7599983215332,60.599998474121094,60.599998474121094,911900
2019-07-01,61.439998626708984,61.54999923706055,59.91999816894531,60.06999969482422,60.06999969482422,528300
2019-07-02,60.11000061035156,60.63999938964844,59.02000045776367,59.13999938964844,59.13999938964844,384500
2019-07-03,59.349998474121094,59.599998474121094,59.0,59.41999816894531,59.41999816894531,156600
2019-07-05,59.029998779296875,59.310001373291016,58.31999969482422,58.900001525878906,58.900001525878906,191800
2019-07-08,58.63999938964844,59.0099983215332,58.459999084472656,58.75,58.75,342500
2019-07-09,58.27000045776367,58.630001068115234,57.56999969482422,58.43000030517578,58.43000030517578,386600
2019-07-10,58.88999938964844,59.20000076293945,58.63999938964844,58.81999969482422,58.81999969482422,242400
2019-07-11,58.720001220703125,59.150001525878906,57.630001068115234,58.29999923706055,58.29999923706055,218000
2019-07-12,58.09000015258789,59.06999969482422,57.939998626708984,58.900001525878906,58.900001525878906,241300
2019-07-15,58.959999084472656,59.43000030517578,58.45000076293945,59.04999923706055,59.04999923706055,314100
2019-07-16,59.130001068115234,59.7400016784668,58.540000915527344,58.7400016784668,58.7400016784668,320000
2019-07-17,58.66999816894531,58.9900016784668,58.2400016784668,58.709999084472656,58.709999084472656,251900
2019-07-18,58.709999084472656,60.689998626708984,58.630001068115234,60.310001373291016,60.310001373291016,306000
2019-07-19,60.59000015258789,61.290000915527344,60.34000015258789,60.369998931884766,60.369998931884766,226300
2019-07-22,60.529998779296875,61.47999954223633,60.279998779296875,60.5,60.5,249600
2019-07-23,60.77000045776367,62.04999923706055,60.72999954223633,61.849998474121094,61.849998474121094,309300
2019-07-24,61.65999984741211,64.31999969482422,61.470001220703125,64.30000305175781,64.30000305175781,686900
2019-07-25,64.0999984741211,64.0999984741211,61.290000915527344,62.40999984741211,62.40999984741211,720300
2019-07-26,62.380001068115234,63.91999816894531,62.380001068115234,63.630001068115234,63.630001068115234,406500
2019-07-29,63.369998931884766,63.70000076293945,62.70000076293945,63.220001220703125,63.220001220703125,253600
2019-07-30,62.529998779296875,62.88999938964844,62.09000015258789,62.86000061035156,62.86000061035156,397600
2019-07-31,62.97999954223633,64.19999694824219,62.65999984741211,63.04999923706055,63.04999923706055,338700
2019-08-01,62.95000076293945,64.01000213623047,60.61000061035156,61.029998779296875,61.029998779296875,351300
2019-08-02,60.56999969482422,60.56999969482422,59.2599983215332,60.459999084472656,60.459999084472656,209800
2019-08-05,59.06999969482422,59.709999084472656,58.56999969482422,59.209999084472656,59.209999084472656,352300
2019-08-06,59.5,60.40999984741211,59.060001373291016,60.25,60.25,264800
2019-08-07,59.2400016784668,60.290000915527344,58.470001220703125,59.619998931884766,59.619998931884766,265400
2019-08-08,60.290000915527344,62.2599983215332,60.290000915527344,62.16999816894531,62.16999816894531,352200
2019-08-09,61.86000061035156,61.86000061035156,60.0,60.5099983215332,60.5099983215332,305900
2019-08-12,60.060001373291016,60.7599983215332,59.5,60.4900016784668,60.4900016784668,184000
2019-08-13,60.130001068115234,62.869998931884766,60.130001068115234,61.7400016784668,61.7400016784668,216100
2019-08-14,60.56999969482422,60.66999816894531,58.97999954223633,59.2400016784668,59.2400016784668,340800
2019-08-15,59.709999084472656,59.88999938964844,58.84000015258789,59.38999938964844,59.38999938964844,224800
2019-08-16,59.709999084472656,61.5,58.84000015258789,61.369998931884766,61.369998931884766,294400
2019-08-19,62.5,62.72999954223633,61.97999954223633,62.34000015258789,62.34000015258789,164100
2019-08-20,62.279998779296875,62.63999938964844,61.91999816894531,62.22999954223633,62.22999954223633,161200
2019-08-21,63.0,63.68000030517578,62.58000183105469,63.18000030517578,63.18000030517578,203100
2019-08-22,63.439998626708984,63.540000915527344,62.150001525878906,62.58000183105469,62.58000183105469,172200
2019-08-23,62.09000015258789,62.56999969482422,60.099998474121094,60.439998626708984,60.439998626708984,277600
2019-08-26,61.34000015258789,61.34000015258789,60.380001068115234,60.790000915527344,60.790000915527344,188300
2019-08-27,61.36000061035156,61.5,60.119998931884766,60.15999984741211,60.15999984741211,200400
2019-08-28,59.84000015258789,61.22999954223633,59.630001068115234,60.59000015258789,60.59000015258789,188300
2019-08-29,61.36000061035156,62.40999984741211,61.29999923706055,62.11000061035156,62.11000061035156,170600
2019-08-30,62.5099983215332,62.869998931884766,62.099998474121094,62.470001220703125,62.470001220703125,155600
2019-09-03,61.720001220703125,61.93000030517578,60.310001373291016,60.56999969482422,60.56999969482422,207800
2019-09-04,61.380001068115234,62.97999954223633,61.119998931884766,62.83000183105469,62.83000183105469,267100
2019-09-05,63.77000045776367,65.12999725341797,63.5,64.62000274658203,64.62000274658203,282600
2019-09-06,64.62000274658203,64.72000122070312,63.529998779296875,63.66999816894531,63.66999816894531,200800
2019-09-09,64.08999633789062,65.33000183105469,63.63999938964844,65.0,65.0,357100
2019-09-10,64.81999969482422,65.0999984741211,63.36000061035156,64.4000015258789,64.4000015258789,367700
2019-09-11,64.77999877929688,65.69999694824219,63.720001220703125,65.66000366210938,65.66000366210938,343500
2019-09-12,65.94000244140625,66.30999755859375,64.94999694824219,65.94999694824219,65.94999694824219,287200
2019-09-13,66.47000122070312,67.11000061035156,65.9000015258789,66.55999755859375,66.55999755859375,296500
2019-09-16,65.91000366210938,67.06999969482422,65.77999877929688,66.61000061035156,66.61000061035156,313000
2019-09-17,66.19999694824219,66.19999694824219,64.83000183105469,65.4800033569336,65.4800033569336,172500
2019-09-18,65.30000305175781,65.69999694824219,64.8499984741211,65.43000030517578,65.43000030517578,226100
2019-09-19,65.62999725341797,65.94999694824219,64.12000274658203,64.16999816894531,64.16999816894531,259400
2019-09-20,64.30000305175781,64.72000122070312,63.439998626708984,63.540000915527344,63.540000915527344,535300
2019-09-23,63.150001525878906,63.459999084472656,61.959999084472656,62.20000076293945,62.20000076293945,279900
2019-09-24,62.36000061035156,63.0,60.970001220703125,61.79999923706055,61.79999923706055,397300
2019-09-25,61.91999816894531,63.7400016784668,61.349998474121094,63.5,63.5,262500
2019-09-26,63.290000915527344,64.13999938964844,63.290000915527344,63.650001525878906,63.650001525878906,241900
2019-09-27,64.05000305175781,64.1500015258789,61.380001068115234,61.439998626708984,61.439998626708984,214500
2019-09-30,61.83000183105469,63.310001373291016,61.650001525878906,62.86000061035156,62.86000061035156,306800
2019-10-01,63.52000045776367,63.689998626708984,60.029998779296875,60.150001525878906,60.150001525878906,258600
2019-10-02,59.560001373291016,59.709999084472656,58.5099983215332,58.68000030517578,58.68000030517578,263100
2019-10-03,58.29999923706055,58.619998931884766,56.97999954223633,58.47999954223633,58.47999954223633,258100
2019-10-04,58.459999084472656,59.369998931884766,58.130001068115234,59.279998779296875,59.279998779296875,206100
2019-10-07,58.97999954223633,59.58000183105469,58.400001525878906,58.900001525878906,58.900001525878906,167900
2019-10-08,58.150001525878906,58.47999954223633,57.279998779296875,57.40999984741211,57.40999984741211,224500
2019-10-09,58.34000015258789,58.34000015258789,57.38999938964844,57.93000030517578,57.93000030517578,106700
2019-10-10,58.20000076293945,58.68000030517578,57.849998474121094,57.9900016784668,57.9900016784668,120900
2019-10-11,59.209999084472656,60.47999954223633,58.939998626708984,59.209999084472656,59.209999084472656,265500
2019-10-14,58.77000045776367,59.43000030517578,58.33000183105469,58.95000076293945,58.95000076293945,143100
2019-10-15,59.099998474121094,60.599998474121094,59.099998474121094,60.18000030517578,60.18000030517578,293200
2019-10-16,59.97999954223633,60.470001220703125,59.779998779296875,59.970001220703125,59.970001220703125,267400
2019-10-17,60.5,61.36000061035156,60.209999084472656,61.27000045776367,61.27000045776367,221500
2019-10-18,60.869998931884766,61.9900016784668,60.86000061035156,61.20000076293945,61.20000076293945,350600
2019-10-21,62.029998779296875,62.72999954223633,61.18000030517578,61.5099983215332,61.5099983215332,212100
2019-10-22,61.439998626708984,61.439998626708984,60.47999954223633,60.7599983215332,60.7599983215332,259500
2019-10-23,60.849998474121094,61.04999923706055,59.52000045776367,59.709999084472656,59.709999084472656,318000
2019-10-24,60.70000076293945,66.0,60.15999984741211,63.06999969482422,63.06999969482422,783500
2019-10-25,62.810001373291016,63.95000076293945,62.540000915527344,63.810001373291016,63.810001373291016,253400
2019-10-28,64.08999633789062,65.19999694824219,64.05000305175781,64.79000091552734,64.79000091552734,221500
2019-10-29,64.52999877929688,65.16000366210938,64.5199966430664,64.9800033569336,64.9800033569336,188700
2019-10-30,64.93000030517578,65.0999984741211,64.51000213623047,64.95999908447266,64.95999908447266,235900
2019-10-31,64.58000183105469,64.58999633789062,63.290000915527344,63.59000015258789,63.59000015258789,245800
2019-11-01,64.30000305175781,65.5999984741211,63.779998779296875,65.12000274658203,65.12000274658203,203700
2019-11-04,65.41999816894531,66.33999633789062,64.5,66.1500015258789,66.1500015258789,252500
2019-11-05,66.62999725341797,67.76000213623047,66.22000122070312,67.37000274658203,67.37000274658203,282800
2019-11-06,67.08000183105469,67.62000274658203,66.88999938964844,67.30999755859375,67.30999755859375,230100
2019-11-07,68.08000183105469,68.61000061035156,66.94999694824219,67.22000122070312,67.22000122070312,179500
2019-11-08,67.08000183105469,67.41000366210938,66.72000122070312,66.9800033569336,66.9800033569336,195600
2019-11-11,66.22000122070312,67.30000305175781,66.18000030517578,66.63999938964844,66.63999938964844,141400
2019-11-12,66.7300033569336,66.7300033569336,65.38999938964844,66.01000213623047,66.01000213623047,371200
2019-11-13,65.33999633789062,66.44999694824219,65.01000213623047,66.33999633789062,66.33999633789062,226500
2019-11-14,66.5,66.80000305175781,66.06999969482422,66.66000366210938,66.66000366210938,165300
2019-11-15,67.16999816894531,67.36000061035156,66.5,67.05999755859375,67.05999755859375,182300
2019-11-18,66.62999725341797,66.68000030517578,65.91999816894531,66.52999877929688,66.52999877929688,296800
2019-11-19,67.0,67.13999938964844,66.33000183105469,66.68000030517578,66.68000030517578,189900
2019-11-20,66.16000366210938,66.7699966430664,65.41000366210938,66.05000305175781,66.05000305175781,321600
2019-11-21,66.22000122070312,66.22000122070312,65.0999984741211,65.26000213623047,65.26000213623047,231200
2019-11-22,65.7699966430664,65.88999938964844,64.6500015258789,64.68000030517578,64.68000030517578,166200
2019-11-25,64.9000015258789,66.36000061035156,64.81999969482422,66.05999755859375,66.05999755859375,168800
2019-11-26,66.08999633789062,67.04000091552734,66.08999633789062,66.83000183105469,66.83000183105469,198700
2019-11-27,67.19999694824219,67.19999694824219,66.43000030517578,67.0,67.0,167600
2019-11-29,66.6500015258789,67.08000183105469,66.16000366210938,67.01000213623047,67.01000213623047,447200
2019-12-02,67.0199966430664,67.13999938964844,66.05999755859375,67.06999969482422,67.06999969482422,248500
2019-12-03,65.98999786376953,66.95999908447266,65.66999816894531,66.94000244140625,66.94000244140625,272200
2019-12-04,67.19999694824219,67.7699966430664,66.63999938964844,66.93000030517578,66.93000030517578,215900
2019-12-05,67.0,67.48999786376953,66.47000122070312,66.91999816894531,66.91999816894531,150500
2019-12-06,67.73999786376953,68.41000366210938,67.44999694824219,68.19999694824219,68.19999694824219,292700
2019-12-09,67.91000366210938,68.16000366210938,67.45999908447266,68.05999755859375,68.05999755859375,297300
2019-12-10,68.08000183105469,68.37000274658203,67.70999908447266,68.08999633789062,68.08999633789062,288000
2019-12-11,68.3499984741211,68.45999908447266,67.27999877929688,68.2300033569336,68.2300033569336,208600
2019-12-12,68.0,69.38999938964844,67.5999984741211,69.19999694824219,69.19999694824219,406700
2019-12-13,69.11000061035156,69.95999908447266,68.72000122070312,69.87999725341797,69.87999725341797,254500
2019-12-16,70.33999633789062,70.69999694824219,68.9800033569336,69.19999694824219,69.19999694824219,294400
2019-12-17,69.3499984741211,69.62999725341797,69.0,69.20999908447266,69.20999908447266,198900
2019-12-18,69.41999816894531,69.41999816894531,67.88999938964844,68.68000030517578,68.68000030517578,254900
2019-12-19,68.61000061035156,69.44000244140625,68.2300033569336,69.26000213623047,69.26000213623047,185500
2019-12-20,69.5,70.61000061035156,69.36000061035156,70.23999786376953,70.23999786376953,994900
2019-12-23,70.23999786376953,70.79000091552734,69.0999984741211,70.19000244140625,70.19000244140625,187600
2019-12-24,70.19000244140625,70.98999786376953,69.70999908447266,70.80000305175781,70.80000305175781,167800
2019-12-26,70.79000091552734,71.30999755859375,70.55000305175781,71.1500015258789,71.1500015258789,246000
2019-12-27,71.4000015258789,71.70999908447266,70.87000274658203,71.1500015258789,71.1500015258789,255900
2019-12-30,71.25,71.95999908447266,70.55000305175781,71.66999816894531,71.66999816894531,237500
2019-12-31,71.4800033569336,72.66000366210938,70.95999908447266,70.97000122070312,70.97000122070312,303000
2020-01-02,71.5999984741211,71.7300033569336,70.05000305175781,71.19000244140625,71.19000244140625,256800
2020-01-03,69.80999755859375,70.9800033569336,69.75,70.79000091552734,70.79000091552734,304300
2020-01-06,69.9800033569336,70.52999877929688,69.5199966430664,70.2699966430664,70.2699966430664,218700
2020-01-07,69.94999694824219,70.41000366210938,69.37999725341797,69.45999908447266,69.45999908447266,279900
2020-01-08,69.7699966430664,70.43000030517578,69.44000244140625,69.94999694824219,69.94999694824219,229300
2020-01-09,71.0,71.0199966430664,70.41000366210938,70.63999938964844,70.63999938964844,190000
2020-01-10,70.61000061035156,70.86000061035156,69.94000244140625,70.48999786376953,70.48999786376953,162600
2020-01-13,70.66000366210938,70.66000366210938,69.9800033569336,70.30999755859375,70.30999755859375,189900
2020-01-14,70.31999969482422,70.55999755859375,69.75,69.93000030517578,69.93000030517578,202300
2020-01-15,69.80000305175781,70.44999694824219,69.45999908447266,69.91999816894531,69.91999816894531,162700
2020-01-16,70.5,70.94999694824219,70.30999755859375,70.5999984741211,70.5999984741211,159700
2020-01-17,70.97000122070312,71.0,69.81999969482422,69.98999786376953,69.98999786376953,127300
2020-01-21,69.68000030517578,69.83999633789062,68.66999816894531,69.25,69.25,154000
2020-01-22,69.62000274658203,70.33000183105469,69.38999938964844,69.88999938964844,69.88999938964844,186300
2020-01-23,69.72000122070312,69.87999725341797,68.9800033569336,69.62999725341797,69.62999725341797,160700
2020-01-24,69.70999908447266,69.88999938964844,68.93000030517578,69.33999633789062,69.33999633789062,145800
2020-01-27,67.97000122070312,69.37999725341797,66.62999725341797,68.8499984741211,68.8499984741211,205100
2020-01-28,69.16999816894531,70.12999725341797,69.01000213623047,69.95999908447266,69.95999908447266,176900
2020-01-29,70.1500015258789,70.33999633789062,69.19000244140625,69.31999969482422,69.31999969482422,212400
2020-01-30,68.7300033569336,69.76000213623047,68.4800033569336,69.69999694824219,69.69999694824219,192400
2020-01-31,69.37999725341797,69.70999908447266,67.63999938964844,67.69000244140625,67.69000244140625,311600
2020-02-03,68.08000183105469,69.5199966430664,68.08000183105469,68.91000366210938,68.91000366210938,211900
2020-02-04,70.01000213623047,70.5999984741211,69.68000030517578,69.97000122070312,69.97000122070312,147700
2020-02-05,70.91000366210938,71.98999786376953,70.2300033569336,71.94000244140625,71.94000244140625,174900
2020-02-06,72.0,72.0,69.77999877929688,69.81999969482422,69.81999969482422,131100
2020-02-07,69.5,69.6500015258789,68.41999816894531,68.43000030517578,68.43000030517578,112800
2020-02-10,68.12000274658203,68.62999725341797,67.80000305175781,68.11000061035156,68.11000061035156,263900
2020-02-11,68.5199966430664,68.95999908447266,68.08000183105469,68.22000122070312,68.22000122070312,446300
2020-02-12,68.79000091552734,68.87999725341797,67.73999786376953,68.45999908447266,68.45999908447266,351500
2020-02-13,66.52999877929688,67.83999633789062,64.27999877929688,64.70999908447266,64.70999908447266,615200
2020-02-14,64.9000015258789,64.9000015258789,62.869998931884766,63.02000045776367,63.02000045776367,328600
2020-02-18,62.970001220703125,63.18000030517578,61.0099983215332,61.790000915527344,61.790000915527344,490800
2020-02-19,61.06999969482422,61.66999816894531,60.060001373291016,61.25,61.25,464100
2020-02-20,60.900001525878906,61.439998626708984,60.02000045776367,61.38999938964844,61.38999938964844,412400
2020-02-21,61.27000045776367,61.310001373291016,60.630001068115234,60.810001373291016,60.810001373291016,188100
2020-02-24,58.81999969482422,58.9900016784668,57.33000183105469,57.349998474121094,57.349998474121094,232600
2020-02-25,57.400001525878906,57.63999938964844,55.029998779296875,55.2599983215332,55.2599983215332,528300
2020-02-26,55.90999984741211,57.41999816894531,55.52000045776367,57.380001068115234,57.380001068115234,546500
2020-02-27,56.099998474121094,56.61000061035156,53.45000076293945,53.470001220703125,53.470001220703125,728800
2020-02-28,51.619998931884766,52.59000015258789,49.630001068115234,50.709999084472656,50.709999084472656,666900
2020-03-02,51.06999969482422,51.41999816894531,50.11000061035156,50.93000030517578,50.93000030517578,540300
2020-03-03,50.97999954223633,51.77000045776367,48.130001068115234,48.65999984741211,48.65999984741211,402500
2020-03-04,49.599998474121094,50.2599983215332,48.349998474121094,50.18000030517578,50.18000030517578,312200
2020-03-05,48.86000061035156,49.400001525878906,45.7599983215332,46.560001373291016,46.560001373291016,374000
2020-03-06,44.75,46.209999084472656,44.04999923706055,45.290000915527344,45.290000915527344,362800
2020-03-09,41.619998931884766,43.52000045776367,38.13999938964844,38.16999816894531,38.16999816894531,678400
2020-03-10,39.81999969482422,41.33000183105469,39.2400016784668,41.220001220703125,41.220001220703125,885900
2020-03-11,39.689998626708984,40.38999938964844,38.84000015258789,39.869998931884766,39.869998931884766,552400
2020-03-12,37.40999984741211,37.40999984741211,34.279998779296875,35.2599983215332,35.2599983215332,770500
2020-03-13,37.15999984741211,40.97999954223633,35.849998474121094,40.97999954223633,40.97999954223633,903400
2020-03-16,35.29999923706055,37.9900016784668,32.04999923706055,32.349998474121094,32.349998474121094,947800
2020-03-17,32.959999084472656,35.5099983215332,30.84000015258789,33.06999969482422,33.06999969482422,925800
2020-03-18,30.739999771118164,33.77000045776367,29.040000915527344,33.38999938964844,33.38999938964844,960000
2020-03-19,33.08000183105469,37.61000061035156,32.0,36.939998626708984,36.939998626708984,792900
2020-03-20,37.029998779296875,37.65999984741211,33.7400016784668,33.970001220703125,33.970001220703125,858000
2020-03-23,34.33000183105469,34.689998626708984,30.059999465942383,32.349998474121094,32.349998474121094,706900
2020-03-24,33.349998474121094,34.810001373291016,31.780000686645508,32.810001373291016,32.810001373291016,801100
2020-03-25,32.59000015258789,35.20000076293945,31.520000457763672,33.13999938964844,33.13999938964844,660000
2020-03-26,33.27000045776367,35.70000076293945,33.27000045776367,34.84000015258789,34.84000015258789,655900
2020-03-27,33.43000030517578,34.91999816894531,33.060001373291016,33.66999816894531,33.66999816894531,494800
2020-03-30,34.25,36.029998779296875,33.220001220703125,35.15999984741211,35.15999984741211,576100
2020-03-31,34.849998474121094,35.70000076293945,33.93000030517578,35.31999969482422,35.31999969482422,620400
2020-04-01,33.4900016784668,34.34000015258789,31.469999313354492,31.940000534057617,31.940000534057617,545100
2020-04-02,31.489999771118164,32.77000045776367,31.049999237060547,32.16999816894531,32.16999816894531,513100
2020-04-03,31.639999389648438,32.59000015258789,30.149999618530273,31.260000228881836,31.260000228881836,406200
2020-04-06,32.900001525878906,34.619998931884766,32.880001068115234,33.0099983215332,33.0099983215332,580500
2020-04-07,34.689998626708984,36.279998779296875,33.70000076293945,34.11000061035156,34.11000061035156,502500
2020-04-08,34.90999984741211,37.720001220703125,34.099998474121094,37.11000061035156,37.11000061035156,402500
2020-04-09,38.40999984741211,40.41999816894531,38.0,39.83000183105469,39.83000183105469,353700
2020-04-13,39.33000183105469,39.33000183105469,36.380001068115234,37.150001525878906,37.150001525878906,230700
2020-04-14,37.869998931884766,39.38999938964844,37.349998474121094,39.119998931884766,39.119998931884766,410800
2020-04-15,37.15999984741211,38.060001373291016,36.029998779296875,37.41999816894531,37.41999816894531,319000
2020-04-16,37.310001373291016,37.349998474121094,34.970001220703125,36.16999816894531,36.16999816894531,316100
2020-04-17,37.709999084472656,39.27000045776367,37.279998779296875,38.689998626708984,38.689998626708984,257400
2020-04-20,37.09000015258789,38.36000061035156,36.5,37.40999984741211,37.40999984741211,257200
2020-04-21,36.349998474121094,37.40999984741211,36.06999969482422,36.900001525878906,36.900001525878906,313700
2020-04-22,38.060001373291016,38.290000915527344,37.209999084472656,37.43000030517578,37.43000030517578,213300
2020-04-23,37.52000045776367,39.22999954223633,37.52000045776367,38.77000045776367,38.77000045776367,314600
2020-04-24,39.20000076293945,39.81999969482422,38.290000915527344,39.290000915527344,39.290000915527344,275200
2020-04-27,39.93000030517578,42.060001373291016,39.630001068115234,41.709999084472656,41.709999084472656,297300
2020-04-28,43.38999938964844,44.70000076293945,42.83000183105469,44.209999084472656,44.209999084472656,437400
2020-04-29,45.900001525878906,48.2400016784668,45.560001373291016,47.9900016784668,47.9900016784668,517500
2020-04-30,46.47999954223633,47.130001068115234,45.31999969482422,46.45000076293945,46.45000076293945,502300
2020-05-01,50.25,55.650001525878906,50.16999816894531,53.040000915527344,53.040000915527344,1339800
2020-05-04,52.25,53.310001373291016,50.709999084472656,52.470001220703125,52.470001220703125,819900
2020-05-05,53.779998779296875,54.70000076293945,52.29999923706055,52.29999923706055,52.29999923706055,628700
2020-05-06,52.400001525878906,52.88999938964844,51.400001525878906,51.630001068115234,51.630001068115234,325600
2020-05-07,52.720001220703125,53.849998474121094,51.779998779296875,52.06999969482422,52.06999969482422,391700
2020-05-08,53.630001068115234,55.20000076293945,52.529998779296875,54.77000045776367,54.77000045776367,405400
2020-05-11,53.41999816894531,54.130001068115234,52.689998626708984,53.88999938964844,53.88999938964844,549100
2020-05-12,53.7400016784668,54.36000061035156,52.13999938964844,52.150001525878906,52.150001525878906,413900
2020-05-13,51.47999954223633,51.66999816894531,50.06999969482422,51.150001525878906,51.150001525878906,434700
2020-05-14,50.849998474121094,51.52000045776367,48.66999816894531,51.47999954223633,51.47999954223633,323400
2020-05-15,50.9900016784668,52.400001525878906,50.790000915527344,52.220001220703125,52.220001220703125,270200
2020-05-18,55.0,58.220001220703125,54.630001068115234,57.86000061035156,57.86000061035156,405800
2020-05-19,57.22999954223633,59.290000915527344,57.0099983215332,57.4900016784668,57.4900016784668,401800
2020-05-20,58.79999923706055,60.34000015258789,58.47999954223633,59.33000183105469,59.33000183105469,267800
2020-05-21,59.34000015258789,60.560001373291016,58.650001525878906,59.70000076293945,59.70000076293945,299700
2020-05-22,59.779998779296875,60.34000015258789,59.150001525878906,59.810001373291016,59.810001373291016,196100
2020-05-26,62.65999984741211,63.25,61.75,61.939998626708984,61.939998626708984,333800
2020-05-27,63.689998626708984,64.9800033569336,62.2599983215332,64.9000015258789,64.9000015258789,363700
2020-05-28,65.88999938964844,65.88999938964844,63.040000915527344,63.310001373291016,63.310001373291016,313800
2020-05-29,62.279998779296875,62.88999938964844,61.060001373291016,61.59000015258789,61.59000015258789,436300
2020-06-01,62.34000015258789,64.3499984741211,61.939998626708984,62.939998626708984,62.939998626708984,305400
2020-06-02,63.209999084472656,63.810001373291016,62.779998779296875,63.310001373291016,63.310001373291016,221000
2020-06-03,64.98999786376953,65.69000244140625,64.41000366210938,65.05999755859375,65.05999755859375,364100
2020-06-04,64.75,66.0999984741211,63.970001220703125,65.37000274658203,65.37000274658203,212700
2020-06-05,68.0,71.72000122070312,67.75,70.45999908447266,70.45999908447266,427000
2020-06-08,70.48999786376953,71.87999725341797,70.44000244140625,70.68000030517578,70.68000030517578,321200
2020-06-09,68.91000366210938,69.88999938964844,68.41999816894531,68.69999694824219,68.69999694824219,329000
2020-06-10,68.58000183105469,69.48999786376953,67.3499984741211,67.76000213623047,67.76000213623047,353800
2020-06-11,64.23999786376953,64.69000244140625,58.9900016784668,59.0,59.0,561600
2020-06-12,61.70000076293945,61.93000030517578,56.790000915527344,59.04999923706055,59.04999923706055,696800
2020-06-15,56.63999938964844,61.720001220703125,55.97999954223633,61.16999816894531,61.16999816894531,680600
2020-06-16,64.19999694824219,64.80999755859375,62.84000015258789,63.88999938964844,63.88999938964844,382500
2020-06-17,64.47000122070312,64.83999633789062,63.34000015258789,63.880001068115234,63.880001068115234,327800
2020-06-18,62.90999984741211,64.94999694824219,62.90999984741211,64.06999969482422,64.06999969482422,295000
2020-06-19,64.86000061035156,65.08999633789062,62.369998931884766,64.0,64.0,767700
2020-06-22,63.22999954223633,64.83999633789062,62.5,64.79000091552734,64.79000091552734,247900
2020-06-23,65.69999694824219,65.94000244140625,63.88999938964844,65.45999908447266,65.45999908447266,292400
2020-06-24,64.25,64.48999786376953,62.04999923706055,62.18000030517578,62.18000030517578,275800
2020-06-25,61.900001525878906,64.0,61.599998474121094,63.91999816894531,63.91999816894531,333100
2020-06-26,63.38999938964844,64.01000213623047,62.29999923706055,62.959999084472656,62.959999084472656,536500
2020-06-29,63.88999938964844,66.0,63.279998779296875,65.63999938964844,65.63999938964844,347500
2020-06-30,65.16000366210938,67.22000122070312,65.16000366210938,66.68000030517578,66.68000030517578,388300
2020-07-01,66.77999877929688,67.05000305175781,65.31999969482422,65.37999725341797,65.37999725341797,262700
2020-07-02,66.87000274658203,66.9800033569336,64.4800033569336,64.69000244140625,64.69000244140625,219700
2020-07-06,66.13999938964844,66.13999938964844,64.16999816894531,65.44000244140625,65.44000244140625,311000
2020-07-07,64.70999908447266,65.37000274658203,63.43000030517578,63.65999984741211,63.65999984741211,262900
2020-07-08,63.45000076293945,64.45999908447266,62.36000061035156,63.959999084472656,63.959999084472656,328600
2020-07-09,63.63999938964844,63.869998931884766,62.27000045776367,63.47999954223633,63.47999954223633,399700
2020-07-10,63.689998626708984,65.22000122070312,63.02000045776367,65.06999969482422,65.06999969482422,261800
2020-07-13,66.06999969482422,67.86000061035156,64.66999816894531,66.33000183105469,66.33000183105469,304500
2020-07-14,66.2699966430664,67.0199966430664,64.69999694824219,66.94000244140625,66.94000244140625,291300
2020-07-15,69.27999877929688,70.9000015258789,67.86000061035156,69.02999877929688,69.02999877929688,425600
2020-07-16,68.91999816894531,69.38999938964844,67.4000015258789,67.69000244140625,67.69000244140625,274100
2020-07-17,67.70999908447266,68.25,66.66000366210938,67.6500015258789,67.6500015258789,215800
2020-07-20,67.11000061035156,68.2699966430664,66.69999694824219,68.20999908447266,68.20999908447266,260800
2020-07-21,68.83000183105469,69.77999877929688,67.97000122070312,68.44999694824219,68.44999694824219,319200
2020-07-22,67.87999725341797,69.44000244140625,67.62000274658203,69.2699966430664,69.2699966430664,287000
2020-07-23,68.54000091552734,70.70999908447266,68.54000091552734,69.91999816894531,69.91999816894531,222200
2020-07-24,69.55000305175781,69.9000015258789,68.27999877929688,68.4000015258789,68.4000015258789,145800
2020-07-27,67.98999786376953,68.81999969482422,67.5199966430664,68.4000015258789,68.4000015258789,197300
2020-07-28,68.16999816894531,68.61000061035156,66.20999908447266,66.45999908447266,66.45999908447266,274700
2020-07-29,66.91000366210938,68.80999755859375,66.2699966430664,68.7300033569336,68.7300033569336,269300
2020-07-30,67.91000366210938,71.0,66.44000244140625,70.38999938964844,70.38999938964844,394900
2020-07-31,70.2300033569336,70.2300033569336,65.91000366210938,68.45999908447266,68.45999908447266,286900
2020-08-03,69.0,69.7699966430664,68.19999694824219,68.58000183105469,68.58000183105469,188800
2020-08-04,68.31999969482422,68.58000183105469,66.93000030517578,68.1500015258789,68.1500015258789,250500
2020-08-05,69.12000274658203,69.26000213623047,67.56999969482422,68.94999694824219,68.94999694824219,220100
2020-08-06,69.18000030517578,69.75,68.58000183105469,69.38999938964844,69.38999938964844,221200
2020-08-07,69.06999969482422,71.41000366210938,69.06999969482422,71.2699966430664,71.2699966430664,235900
2020-08-10,71.69999694824219,73.62000274658203,71.61000061035156,72.4800033569336,72.4800033569336,217200
2020-08-11,73.31999969482422,74.77999877929688,72.69000244140625,72.83000183105469,72.83000183105469,292300
2020-08-12,73.4800033569336,73.4800033569336,71.63999938964844,73.04000091552734,73.04000091552734,197800
2020-08-13,72.25,73.05000305175781,71.95999908447266,72.5999984741211,72.5999984741211,205100
2020-08-14,71.80999755859375,73.20999908447266,71.73999786376953,72.87000274658203,72.87000274658203,135300
2020-08-17,72.8499984741211,73.01000213623047,72.0999984741211,72.88999938964844,72.88999938964844,198200
2020-08-18,72.55999755859375,72.73999786376953,71.36000061035156,71.76000213623047,71.76000213623047,234000
2020-08-19,71.79000091552734,71.93000030517578,71.08000183105469,71.4800033569336,71.4800033569336,356100
2020-08-20,70.61000061035156,70.83000183105469,69.88999938964844,69.88999938964844,69.88999938964844,340100
2020-08-21,69.54000091552734,70.44000244140625,68.80000305175781,70.4000015258789,70.4000015258789,269800
2020-08-24,72.0,73.0,71.23999786376953,72.5999984741211,72.5999984741211,184900
2020-08-25,73.3499984741211,73.3499984741211,71.19000244140625,72.37000274658203,72.37000274658203,100200
2020-08-26,72.12999725341797,72.52999877929688,71.16000366210938,71.69999694824219,71.69999694824219,158500
2020-08-27,72.33000183105469,72.75,71.37999725341797,72.2699966430664,72.2699966430664,158700
2020-08-28,72.8499984741211,72.87999725341797,72.05000305175781,72.83000183105469,72.83000183105469,119100
2020-08-31,72.51000213623047,73.12000274658203,71.37000274658203,71.7699966430664,71.7699966430664,252200
2020-09-01,71.4000015258789,73.44999694824219,71.25,73.33000183105469,73.33000183105469,140400
2020-09-02,73.41000366210938,74.8499984741211,73.36000061035156,74.63999938964844,74.63999938964844,177200
2020-09-03,74.77999877929688,74.77999877929688,71.05999755859375,71.2300033569336,71.2300033569336,189500
2020-09-04,72.2699966430664,72.52999877929688,69.2699966430664,70.7300033569336,70.7300033569336,159800
2020-09-08,70.12999725341797,70.19999694824219,69.12000274658203,69.41000366210938,69.41000366210938,207300
2020-09-09,69.94000244140625,70.83000183105469,69.62000274658203,70.51000213623047,70.51000213623047,225700
2020-09-10,70.8499984741211,71.22000122070312,69.61000061035156,70.02999877929688,70.02999877929688,247300
2020-09-11,70.5,70.88999938964844,69.77999877929688,70.33000183105469,70.33000183105469,229600
2020-09-14,70.94000244140625,71.44999694824219,69.73999786376953,69.94999694824219,69.94999694824219,174800
2020-09-15,70.4000015258789,70.62999725341797,69.48999786376953,69.5999984741211,69.5999984741211,147900
2020-09-16,69.98999786376953,70.43000030517578,69.16000366210938,69.36000061035156,69.36000061035156,225600
2020-09-17,68.36000061035156,69.6500015258789,68.23999786376953,69.05000305175781,69.05000305175781,240100
2020-09-18,69.54000091552734,69.54000091552734,67.06999969482422,67.69000244140625,67.69000244140625,726200
2020-09-21,66.18000030517578,66.37999725341797,62.459999084472656,64.38999938964844,64.38999938964844,297300
2020-09-22,64.83000183105469,65.55000305175781,63.65999984741211,64.36000061035156,64.36000061035156,231300
2020-09-23,64.51000213623047,65.02999877929688,62.40999984741211,62.47999954223633,62.47999954223633,272200
2020-09-24,62.779998779296875,64.01000213623047,61.70000076293945,63.540000915527344,63.540000915527344,156700
2020-09-25,62.95000076293945,64.05000305175781,62.560001373291016,63.91999816894531,63.91999816894531,208600
2020-09-28,64.86000061035156,65.93000030517578,64.86000061035156,65.2699966430664,65.2699966430664,189500
2020-09-29,65.2699966430664,65.36000061035156,63.400001525878906,64.05999755859375,64.05999755859375,210000
2020-09-30,64.51000213623047,65.41999816894531,63.040000915527344,63.560001373291016,63.560001373291016,219500
2020-10-01,63.88999938964844,64.62000274658203,63.0,63.88999938964844,63.88999938964844,282300
2020-10-02,62.880001068115234,66.94999694824219,62.209999084472656,66.4000015258789,66.4000015258789,225500
2020-10-05,66.94000244140625,68.29000091552734,66.44999694824219,67.66000366210938,67.66000366210938,181600
2020-10-06,68.27999877929688,69.88999938964844,67.70999908447266,68.4800033569336,68.4800033569336,256900
2020-10-07,69.33999633789062,70.87999725341797,69.33999633789062,70.52999877929688,70.52999877929688,220100
2020-10-08,71.0999984741211,71.91000366210938,70.33000183105469,71.11000061035156,71.11000061035156,158800
2020-10-09,72.0,72.0,69.16000366210938,69.2699966430664,69.2699966430664,140000
2020-10-12,69.19000244140625,70.73999786376953,69.19000244140625,70.29000091552734,70.29000091552734,138700
2020-10-13,69.54000091552734,70.61000061035156,69.2699966430664,70.23999786376953,70.23999786376953,189100
2020-10-14,70.23999786376953,71.25,69.9800033569336,70.04000091552734,70.04000091552734,81000
2020-10-15,69.1500015258789,71.62000274658203,68.73999786376953,71.48999786376953,71.48999786376953,127900
2020-10-16,71.3499984741211,72.05000305175781,70.3499984741211,71.80000305175781,71.80000305175781,179900
2020-10-19,72.01000213623047,72.38999938964844,69.98999786376953,70.05000305175781,70.05000305175781,170900
2020-10-20,70.91000366210938,71.91000366210938,69.08000183105469,69.38999938964844,69.38999938964844,111300
2020-10-21,69.1500015258789,70.05000305175781,68.5,68.52999877929688,68.52999877929688,125100
2020-10-22,69.0999984741211,71.11000061035156,68.5199966430664,71.05999755859375,71.05999755859375,226200
2020-10-23,71.5199966430664,71.5199966430664,69.0999984741211,70.36000061035156,70.36000061035156,124000
2020-10-26,69.45999908447266,70.0999984741211,67.5199966430664,68.5199966430664,68.5199966430664,147900
2020-10-27,68.27999877929688,69.55999755859375,67.9800033569336,69.08000183105469,69.08000183105469,173300
2020-10-28,67.45999908447266,67.93000030517578,65.72000122070312,66.04000091552734,66.04000091552734,249700
2020-10-29,69.0,69.37999725341797,66.69000244140625,67.30000305175781,67.30000305175781,441900
2020-10-30,66.94000244140625,67.68000030517578,65.20999908447266,66.68000030517578,66.68000030517578,300100
2020-11-02,67.83000183105469,69.33999633789062,67.23999786376953,69.2699966430664,69.2699966430664,340800
2020-11-03,70.54000091552734,72.27999877929688,70.4800033569336,71.44999694824219,71.44999694824219,280900
2020-11-04,70.2699966430664,73.12000274658203,70.20999908447266,72.30000305175781,72.30000305175781,201700
2020-11-05,73.0,74.62000274658203,72.83000183105469,73.06999969482422,73.06999969482422,179400
2020-11-06,73.58000183105469,73.94999694824219,70.37999725341797,70.58999633789062,70.58999633789062,118400
2020-11-09,75.5,82.13999938964844,75.29000091552734,78.58999633789062,78.58999633789062,385500
2020-11-10,80.08999633789062,84.36000061035156,79.13999938964844,82.91000366210938,82.91000366210938,613300
2020-11-11,83.1500015258789,83.1500015258789,79.12000274658203,80.02999877929688,80.02999877929688,149700
2020-11-12,78.73999786376953,78.9800033569336,76.41000366210938,77.45999908447266,77.45999908447266,239300
2020-11-13,78.12999725341797,80.27999877929688,77.70999908447266,80.08000183105469,80.08000183105469,178700
2020-11-16,82.79000091552734,84.83000183105469,81.12000274658203,84.66000366210938,84.66000366210938,290600
2020-11-17,83.2300033569336,85.51000213623047,82.05000305175781,84.33999633789062,84.33999633789062,361500
2020-11-18,84.69999694824219,85.6500015258789,82.51000213623047,82.5199966430664,82.5199966430664,213700
2020-11-19,82.0199966430664,82.26000213623047,79.3499984741211,80.3499984741211,80.3499984741211,190300
2020-11-20,79.81999969482422,80.11000061035156,78.66000366210938,79.5999984741211,79.5999984741211,505200
2020-11-23,80.88999938964844,83.16000366210938,80.88999938964844,81.80999755859375,81.80999755859375,315300
2020-11-24,83.20999908447266,83.41000366210938,81.25,82.12999725341797,82.12999725341797,626000
2020-11-25,81.87999725341797,82.16000366210938,81.1500015258789,81.52999877929688,81.52999877929688,304000
2020-11-27,80.97000122070312,81.0,79.33000183105469,80.41999816894531,80.41999816894531,78600
2020-11-30,79.97000122070312,80.68000030517578,77.9000015258789,78.18000030517578,78.18000030517578,221200
2020-12-01,79.76000213623047,80.37999725341797,78.54000091552734,78.77999877929688,78.77999877929688,213800
2020-12-02,78.8499984741211,79.1500015258789,77.44999694824219,78.19999694824219,78.19999694824219,162600
2020-12-03,78.36000061035156,79.56999969482422,77.68000030517578,78.87000274658203,78.87000274658203,220900
2020-12-04,79.58000183105469,82.62999725341797,79.33999633789062,82.45999908447266,82.45999908447266,149700
2020-12-07,82.12999725341797,82.83000183105469,81.19999694824219,82.44000244140625,82.44000244140625,155000
2020-12-08,81.4000015258789,83.87999725341797,81.4000015258789,83.6500015258789,83.6500015258789,312000
2020-12-09,84.19000244140625,84.80000305175781,83.6500015258789,83.81999969482422,83.81999969482422,202300
2020-12-10,83.0199966430664,84.26000213623047,82.62000274658203,83.94999694824219,83.94999694824219,142800
2020-12-11,82.88999938964844,84.69000244140625,82.01000213623047,83.51000213623047,83.51000213623047,211200
2020-12-14,84.55999755859375,85.48999786376953,83.72000122070312,83.7300033569336,83.7300033569336,278200
2020-12-15,84.79000091552734,85.86000061035156,83.22000122070312,85.55000305175781,85.55000305175781,179000
2020-12-16,86.27999877929688,86.72000122070312,84.95999908447266,86.66000366210938,86.66000366210938,257900
2020-12-17,86.9000015258789,87.4800033569336,85.7300033569336,86.05999755859375,86.05999755859375,282000
2020-12-18,86.33000183105469,86.5199966430664,84.5199966430664,84.95999908447266,84.95999908447266,827500
2020-12-21,82.73999786376953,84.01000213623047,79.51000213623047,83.86000061035156,83.86000061035156,312200
2020-12-22,83.69000244140625,84.0199966430664,82.51000213623047,82.69999694824219,82.69999694824219,179800
2020-12-23,83.6500015258789,84.48999786376953,83.58999633789062,84.16000366210938,84.16000366210938,203900
2020-12-24,84.51000213623047,85.12000274658203,83.63999938964844,84.13999938964844,84.13999938964844,37800
2020-12-28,85.19999694824219,85.87000274658203,84.66999816894531,84.94999694824219,84.94999694824219,136900
2020-12-29,85.27999877929688,85.62000274658203,82.33000183105469,83.7699966430664,83.7699966430664,176800
2020-12-30,83.8499984741211,84.47000122070312,82.44000244140625,83.12000274658203,83.12000274658203,130700
2020-12-31,82.98999786376953,84.29000091552734,82.43000030517578,83.52999877929688,83.52999877929688,163100
2021-01-04,84.22000122070312,84.22000122070312,79.98999786376953,80.55999755859375,80.55999755859375,217900
2021-01-05,80.72000122070312,83.04000091552734,80.72000122070312,82.41999816894531,82.41999816894531,209300
2021-01-06,83.55999755859375,87.98999786376953,83.55999755859375,87.38999938964844,87.38999938964844,273000
2021-01-07,87.3499984741211,89.13999938964844,86.9000015258789,89.01000213623047,89.01000213623047,179300
2021-01-08,89.20999908447266,90.25,88.51000213623047,89.62999725341797,89.62999725341797,272800
2021-01-11,88.30999755859375,90.08999633789062,88.30999755859375,88.93000030517578,88.93000030517578,175400
2021-01-12,89.08000183105469,91.58000183105469,88.58000183105469,91.47000122070312,91.47000122070312,157100
2021-01-13,91.20999908447266,91.25,89.4000015258789,90.27999877929688,90.27999877929688,251800
2021-01-14,90.75,92.0,90.29000091552734,90.87999725341797,90.87999725341797,162900
2021-01-15,89.55999755859375,89.76000213623047,85.69000244140625,85.83999633789062,85.83999633789062,216400
2021-01-19,86.54000091552734,87.66999816894531,85.75,87.58999633789062,87.58999633789062,200400
2021-01-20,88.02999877929688,90.81999969482422,88.02999877929688,90.29000091552734,90.29000091552734,231900
2021-01-21,90.61000061035156,90.7699966430664,89.08999633789062,89.37999725341797,89.37999725341797,157400
2021-01-22,88.22000122070312,90.54000091552734,87.8499984741211,90.41000366210938,90.41000366210938,150600
2021-01-25,89.52999877929688,91.02999877929688,88.19999694824219,90.30000305175781,90.30000305175781,155400
2021-01-26,91.04000091552734,91.04000091552734,88.51000213623047,88.75,88.75,117400
2021-01-27,86.70999908447266,86.70999908447266,83.63999938964844,84.37000274658203,84.37000274658203,199900
2021-01-28,85.9000015258789,87.4000015258789,85.0,86.66999816894531,86.66999816894531,227100
2021-01-29,86.38999938964844,86.38999938964844,82.69000244140625,82.91000366210938,82.91000366210938,193700
2021-02-01,84.01000213623047,86.47000122070312,82.9800033569336,85.97000122070312,85.97000122070312,197300
2021-02-02,87.48999786376953,87.76000213623047,85.44000244140625,87.19999694824219,87.19999694824219,127200
2021-02-03,86.72000122070312,88.33999633789062,86.38999938964844,88.1500015258789,88.1500015258789,160300
2021-02-04,88.33999633789062,90.20999908447266,87.29000091552734,89.66000366210938,89.66000366210938,108700
2021-02-05,90.94000244140625,90.94000244140625,87.93000030517578,89.19999694824219,89.19999694824219,139000
2021-02-08,89.73999786376953,92.83000183105469,89.18000030517578,92.81999969482422,92.81999969482422,180300
2021-02-09,92.0,93.18000030517578,90.62000274658203,93.06999969482422,93.06999969482422,172400
2021-02-10,93.81999969482422,95.36000061035156,93.06999969482422,94.41999816894531,94.41999816894531,287300
2021-02-11,97.55000305175781,100.97000122070312,89.58000183105469,93.26000213623047,93.26000213623047,455900
2021-02-12,92.55000305175781,93.37000274658203,91.26000213623047,93.06999969482422,93.06999969482422,231200
2021-02-16,93.5,95.13999938964844,92.51000213623047,94.33999633789062,94.33999633789062,210400
2021-02-17,93.04000091552734,95.94999694824219,92.86000061035156,95.25,95.25,173500
2021-02-18,94.20999908447266,95.23999786376953,92.5199966430664,92.55000305175781,92.55000305175781,147900
2021-02-19,92.83000183105469,94.75,92.80000305175781,94.16000366210938,94.16000366210938,168500
2021-02-22,93.1500015258789,96.01000213623047,93.1500015258789,95.80000305175781,95.80000305175781,186600
2021-02-23,94.83000183105469,97.8499984741211,94.76000213623047,97.58000183105469,97.58000183105469,355000
2021-02-24,97.0,98.41000366210938,95.26000213623047,97.94999694824219,97.94999694824219,255800
2021-02-25,98.23999786376953,98.23999786376953,93.7699966430664,93.87000274658203,93.87000274658203,182500
2021-02-26,93.9800033569336,95.12999725341797,91.30999755859375,92.97000122070312,92.97000122070312,257400
2021-03-01,94.93000030517578,95.81999969482422,93.12999725341797,95.63999938964844,95.63999938964844,253600
2021-03-02,95.30000305175781,95.30000305175781,92.20999908447266,92.30999755859375,92.30999755859375,169300
2021-03-03,92.80000305175781,95.30000305175781,92.36000061035156,93.13999938964844,93.13999938964844,234200
2021-03-04,93.0199966430664,93.86000061035156,89.33000183105469,90.5199966430664,90.5199966430664,207800
2021-03-05,92.62000274658203,93.44999694824219,89.98999786376953,93.01000213623047,93.01000213623047,310400
2021-03-08,93.72000122070312,95.79000091552734,93.12000274658203,93.68000030517578,93.68000030517578,220300
2021-03-09,94.5999984741211,94.5999984741211,93.08000183105469,93.41000366210938,93.41000366210938,224100
2021-03-10,93.87000274658203,96.48999786376953,92.3499984741211,95.69000244140625,95.69000244140625,210300
2021-03-11,96.19999694824219,97.19000244140625,94.8499984741211,97.02999877929688,97.02999877929688,132700
2021-03-12,97.04000091552734,99.97000122070312,97.04000091552734,99.70999908447266,99.70999908447266,213100
2021-03-15,98.94999694824219,99.58999633789062,97.62000274658203,98.6500015258789,98.6500015258789,149000
2021-03-16,98.27999877929688,99.11000061035156,96.66999816894531,98.61000061035156,98.61000061035156,173600
2021-03-17,98.94999694824219,99.16999816894531,96.86000061035156,99.08999633789062,99.08999633789062,175300
2021-03-18,99.4000015258789,102.77999877929688,98.37000274658203,100.4800033569336,100.4800033569336,349300
2021-03-19,100.29000091552734,100.95999908447266,98.58000183105469,100.04000091552734,100.04000091552734,588400
2021-03-22,99.4000015258789,100.2300033569336,97.19000244140625,98.94000244140625,98.94000244140625,211300
2021-03-23,97.1500015258789,98.2300033569336,95.61000061035156,96.4800033569336,96.4800033569336,207600
2021-03-24,97.2699966430664,98.73999786376953,94.73999786376953,94.77999877929688,94.77999877929688,213300
2021-03-25,94.37000274658203,96.48999786376953,92.41999816894531,95.87999725341797,95.87999725341797,189000
2021-03-26,97.23999786376953,97.23999786376953,94.61000061035156,96.5199966430664,96.5199966430664,207600
2021-03-29,95.69999694824219,96.16999816894531,92.18000030517578,92.31999969482422,92.31999969482422,213500
2021-03-30,92.6500015258789,95.11000061035156,91.33999633789062,94.47000122070312,94.47000122070312,283600
2021-03-31,94.80000305175781,96.47000122070312,94.2300033569336,95.44000244140625,95.44000244140625,219600
2021-04-01,95.68000030517578,98.69000244140625,95.68000030517578,98.55999755859375,98.55999755859375,178200
2021-04-05,99.25,99.7300033569336,98.06999969482422,99.62999725341797,99.62999725341797,171500
2021-04-06,99.20999908447266,100.86000061035156,99.20999908447266,100.62000274658203,100.62000274658203,188200
2021-04-07,100.5,100.80999755859375,99.9000015258789,100.58000183105469,100.58000183105469,194200
2021-04-08,100.97000122070312,103.52999877929688,100.0,103.36000061035156,103.36000061035156,157400
2021-04-09,103.25,105.81999969482422,103.25,105.7300033569336,105.7300033569336,226600
2021-04-12,105.43000030517578,105.54000091552734,103.55999755859375,104.83999633789062,104.83999633789062,245900
2021-04-13,104.29000091552734,106.52999877929688,103.98999786376953,106.22000122070312,106.22000122070312,228700
2021-04-14,105.87000274658203,109.4800033569336,105.66999816894531,108.04000091552734,108.04000091552734,197300
2021-04-15,108.97000122070312,109.0,107.12000274658203,107.87999725341797,107.87999725341797,188500
2021-04-16,109.26000213623047,109.86000061035156,108.48999786376953,109.4000015258789,109.4000015258789,209900
2021-04-19,109.04000091552734,109.58999633789062,108.0199966430664,109.02999877929688,109.02999877929688,249800
2021-04-20,108.72000122070312,109.02999877929688,103.8499984741211,105.2699966430664,105.2699966430664,230800
2021-04-21,104.87999725341797,107.51000213623047,104.87999725341797,105.98999786376953,105.98999786376953,165900
2021-04-22,106.55999755859375,106.55999755859375,103.30000305175781,103.41000366210938,103.41000366210938,278800
2021-04-23,104.0199966430664,107.44000244140625,104.0,106.5199966430664,106.5199966430664,156500
2021-04-26,107.44000244140625,107.69999694824219,105.76000213623047,105.93000030517578,105.93000030517578,144700
2021-04-27,106.08999633789062,107.58999633789062,106.02999877929688,107.36000061035156,107.36000061035156,145500
2021-04-28,107.30000305175781,109.2300033569336,106.95999908447266,108.37000274658203,108.37000274658203,180000
2021-04-29,109.52999877929688,110.5199966430664,102.91999816894531,104.68000030517578,104.68000030517578,342700
2021-04-30,103.97000122070312,105.68000030517578,103.47000122070312,105.18000030517578,105.18000030517578,229600
2021-05-03,105.94999694824219,106.4800033569336,104.3499984741211,104.58999633789062,104.58999633789062,201600
2021-05-04,104.11000061035156,104.33000183105469,102.93000030517578,103.18000030517578,103.18000030517578,188000
2021-05-05,103.08999633789062,104.19999694824219,100.91000366210938,103.6500015258789,103.6500015258789,202100
2021-05-06,103.94999694824219,104.33999633789062,102.12000274658203,104.33999633789062,104.33999633789062,128700
2021-05-07,103.87000274658203,107.33999633789062,103.87000274658203,107.04000091552734,107.04000091552734,272600
2021-05-10,106.87999725341797,107.26000213623047,105.04000091552734,105.13999938964844,105.13999938964844,207800
2021-05-11,102.86000061035156,104.66000366210938,101.58999633789062,102.19000244140625,102.19000244140625,139900
2021-05-12,101.3499984741211,102.19999694824219,99.30999755859375,99.69000244140625,99.69000244140625,259600
2021-05-13,100.18000030517578,102.0,99.2699966430664,100.8499984741211,100.8499984741211,375300
2021-05-14,101.95999908447266,102.93000030517578,100.87000274658203,102.80000305175781,102.80000305175781,266500
2021-05-17,101.62000274658203,103.41000366210938,101.0,103.27999877929688,103.27999877929688,193900
2021-05-18,103.30000305175781,103.5,100.98999786376953,101.05999755859375,101.05999755859375,190300
2021-05-19,99.04000091552734,100.70999908447266,97.4000015258789,100.66999816894531,100.66999816894531,134800
2021-05-20,100.47000122070312,101.26000213623047,99.47000122070312,100.91999816894531,100.91999816894531,109700
2021-05-21,102.31999969482422,102.94999694824219,100.91000366210938,101.33999633789062,101.33999633789062,117200
2021-05-24,101.75,103.2300033569336,101.44999694824219,102.87999725341797,102.87999725341797,89600
2021-05-25,103.16000366210938,103.56999969482422,101.94000244140625,101.94999694824219,101.94999694824219,177400
2021-05-26,102.29000091552734,102.97000122070312,101.41000366210938,102.04000091552734,102.04000091552734,180300
2021-05-27,103.55999755859375,104.68000030517578,103.02999877929688,104.12999725341797,104.12999725341797,250800
2021-05-28,104.55999755859375,104.55999755859375,102.62000274658203,103.08999633789062,103.08999633789062,208000
2021-06-01,103.91000366210938,104.83999633789062,102.9000015258789,103.9000015258789,103.9000015258789,264500
2021-06-02,104.19000244140625,104.19000244140625,99.26000213623047,99.83999633789062,99.83999633789062,264300
2021-06-03,99.36000061035156,100.5,98.16999816894531,100.02999877929688,100.02999877929688,142500
2021-06-04,100.7699966430664,101.26000213623047,99.30000305175781,99.83999633789062,99.83999633789062,132800
2021-06-07,99.72000122070312,99.72000122070312,97.8499984741211,97.94000244140625,97.94000244140625,220300
2021-06-08,98.08000183105469,101.0,97.52999877929688,100.55999755859375,100.55999755859375,119400
2021-06-09,100.38999938964844,100.9000015258789,99.83000183105469,100.2300033569336,100.2300033569336,141200
2021-06-10,100.83999633789062,100.83999633789062,99.25,99.9000015258789,99.9000015258789,197100
2021-06-11,100.30000305175781,101.5199966430664,100.23999786376953,101.45999908447266,101.45999908447266,99600
2021-06-14,101.72000122070312,101.7300033569336,100.7300033569336,101.20999908447266,101.20999908447266,96700
2021-06-15,101.58999633789062,103.04000091552734,100.62000274658203,102.41000366210938,102.41000366210938,173300
2021-06-16,101.86000061035156,101.86000061035156,100.01000213623047,100.97000122070312,100.97000122070312,163700
2021-06-17,100.68000030517578,100.68000030517578,97.27999877929688,97.97000122070312,97.97000122070312,125900
2021-06-18,96.58000183105469,96.58000183105469,92.97000122070312,93.18000030517578,93.18000030517578,472800
2021-06-21,94.44000244140625,96.05999755859375,93.80999755859375,95.9800033569336,95.9800033569336,211500
2021-06-22,96.2699966430664,97.56999969482422,94.72000122070312,97.4000015258789,97.4000015258789,116500
2021-06-23,97.11000061035156,97.73999786376953,96.11000061035156,96.26000213623047,96.26000213623047,205500
2021-06-24,96.94000244140625,97.79000091552734,95.91000366210938,97.73999786376953,97.73999786376953,134500
2021-06-25,97.88999938964844,99.2300033569336,97.63999938964844,98.4000015258789,98.4000015258789,438600
2021-06-28,98.26000213623047,98.41000366210938,96.16000366210938,96.5,96.5,253500
2021-06-29,96.62000274658203,98.0,96.62000274658203,97.08999633789062,97.08999633789062,112900
2021-06-30,96.33000183105469,97.44999694824219,96.33000183105469,96.93000030517578,96.93000030517578,184900
2021-07-01,99.20999908447266,99.2300033569336,97.5,98.22000122070312,98.22000122070312,233200
2021-07-02,97.51000213623047,98.16000366210938,93.98999786376953,94.56999969482422,94.56999969482422,194600
2021-07-06,94.25,94.9800033569336,91.61000061035156,93.18000030517578,93.18000030517578,200400
2021-07-07,92.98999786376953,95.0999984741211,92.45999908447266,94.37999725341797,94.37999725341797,230800
2021-07-08,92.70999908447266,95.5199966430664,92.44999694824219,93.37000274658203,93.37000274658203,202800
2021-07-09,95.02999877929688,96.62000274658203,95.02999877929688,96.25,96.25,141600
2021-07-12,95.23999786376953,97.06999969482422,95.23999786376953,96.87999725341797,96.87999725341797,127800
2021-07-13,96.25,96.77999877929688,95.6500015258789,96.5199966430664,96.5199966430664,179500
2021-07-14,97.30000305175781,98.23999786376953,96.7300033569336,97.12000274658203,97.12000274658203,170700
2021-07-15,96.4800033569336,97.55000305175781,95.93000030517578,96.19000244140625,96.19000244140625,136100
2021-07-16,97.22000122070312,97.2699966430664,94.95999908447266,95.05999755859375,95.05999755859375,145200
2021-07-19,92.94000244140625,95.16000366210938,92.80999755859375,93.36000061035156,93.36000061035156,213100
2021-07-20,93.37000274658203,97.72000122070312,93.37000274658203,96.79000091552734,96.79000091552734,294000
2021-07-21,97.80000305175781,98.9000015258789,96.95999908447266,97.56999969482422,97.56999969482422,168100
2021-07-22,96.91999816894531,97.6500015258789,95.41999816894531,95.51000213623047,95.51000213623047,164700
2021-07-23,96.80999755859375,97.86000061035156,96.43000030517578,97.23999786376953,97.23999786376953,156500
2021-07-26,97.87000274658203,98.19999694824219,96.93000030517578,97.55999755859375,97.55999755859375,151100
2021-07-27,96.47000122070312,98.08000183105469,96.47000122070312,97.19999694824219,97.19999694824219,199000
2021-07-28,98.0,98.73999786376953,96.02999877929688,97.44000244140625,97.44000244140625,312300
2021-07-29,98.02999877929688,102.7300033569336,97.68000030517578,101.2699966430664,101.2699966430664,171600
2021-07-30,100.7699966430664,101.5999984741211,99.7300033569336,101.12999725341797,101.12999725341797,197100
2021-08-02,101.41999816894531,103.45999908447266,100.55999755859375,100.66999816894531,100.66999816894531,185700
2021-08-03,100.9800033569336,103.12000274658203,99.63999938964844,102.69000244140625,102.69000244140625,242400
2021-08-04,100.9000015258789,102.63999938964844,99.38999938964844,99.52999877929688,99.52999877929688,223300
2021-08-05,100.23999786376953,103.13999938964844,100.19999694824219,102.87999725341797,102.87999725341797,143500
2021-08-06,103.04000091552734,104.36000061035156,102.5199966430664,104.23999786376953,104.23999786376953,168900
2021-08-09,104.2300033569336,104.25,102.27999877929688,102.4000015258789,102.4000015258789,177700
2021-08-10,102.0,104.5999984741211,101.61000061035156,104.48999786376953,104.48999786376953,151000
2021-08-11,104.08999633789062,107.0,103.94000244140625,106.94000244140625,106.94000244140625,221700
2021-08-12,107.0,108.19999694824219,106.52999877929688,106.93000030517578,106.93000030517578,203600
2021-08-13,106.70999908447266,106.88999938964844,105.70999908447266,106.30999755859375,106.30999755859375,105900
2021-08-16,105.75,107.63999938964844,104.41999816894531,107.04000091552734,107.04000091552734,172800
2021-08-17,106.38999938964844,106.72000122070312,104.27999877929688,104.98999786376953,104.98999786376953,176900
2021-08-18,104.5,105.73999786376953,102.88999938964844,103.05000305175781,103.05000305175781,166500
2021-08-19,101.6500015258789,103.2699966430664,101.6500015258789,102.7300033569336,102.7300033569336,194900
2021-08-20,102.37999725341797,105.62000274658203,102.0199966430664,105.54000091552734,105.54000091552734,298300
2021-08-23,105.0,107.73999786376953,104.87000274658203,107.16000366210938,107.16000366210938,243500
2021-08-24,108.08000183105469,109.08000183105469,107.72000122070312,108.43000030517578,108.43000030517578,192800
2021-08-25,108.36000061035156,111.83000183105469,108.2699966430664,110.5999984741211,110.5999984741211,221900
2021-08-26,110.70999908447266,111.38999938964844,109.61000061035156,109.9000015258789,109.9000015258789,196900
2021-08-27,110.06999969482422,114.22000122070312,110.06999969482422,113.33000183105469,113.33000183105469,215400
2021-08-30,113.52999877929688,113.52999877929688,112.23999786376953,112.4000015258789,112.4000015258789,161700
2021-08-31,111.97000122070312,113.25,111.38999938964844,112.19000244140625,112.19000244140625,248100
2021-09-01,112.66000366210938,113.66000366210938,110.87000274658203,112.77999877929688,112.77999877929688,170500
2021-09-02,113.55000305175781,114.44999694824219,112.58999633789062,113.83999633789062,113.83999633789062,190800
2021-09-03,113.23999786376953,113.87999725341797,112.86000061035156,113.04000091552734,113.04000091552734,150100
2021-09-07,112.54000091552734,113.48999786376953,111.02999877929688,112.0,112.0,211500
2021-09-08,111.98999786376953,112.87000274658203,111.61000061035156,112.7300033569336,112.7300033569336,169600
2021-09-09,112.77999877929688,114.23999786376953,112.16999816894531,112.55000305175781,112.55000305175781,210300
2021-09-10,113.48999786376953,113.77999877929688,111.58000183105469,112.05000305175781,112.05000305175781,186500
2021-09-13,113.04000091552734,113.04000091552734,111.66000366210938,112.73999786376953,112.73999786376953,151300
2021-09-14,112.93000030517578,112.9800033569336,110.62000274658203,110.9000015258789,110.9000015258789,221600
2021-09-15,111.5,112.52999877929688,111.23999786376953,111.83999633789062,111.83999633789062,293400
2021-09-16,112.16000366210938,112.33000183105469,109.36000061035156,110.7300033569336,110.7300033569336,274800
2021-09-17,110.94000244140625,110.94000244140625,108.77999877929688,110.18000030517578,110.18000030517578,696300
2021-09-20,107.31999969482422,111.3499984741211,105.54000091552734,111.19000244140625,111.19000244140625,478700
2021-09-21,112.16000366210938,112.16000366210938,110.5,110.9800033569336,110.9800033569336,315800
2021-09-22,112.23999786376953,113.97000122070312,110.86000061035156,113.26000213623047,113.26000213623047,238800
2021-09-23,113.81999969482422,116.91000366210938,113.81999969482422,116.04000091552734,116.04000091552734,214100
2021-09-24,115.44000244140625,116.66999816894531,115.37000274658203,115.56999969482422,115.56999969482422,155000
2021-09-27,115.79000091552734,118.26000213623047,115.69999694824219,117.3499984741211,117.3499984741211,249000
2021-09-28,117.36000061035156,117.63999938964844,115.33999633789062,116.19000244140625,116.19000244140625,218900
2021-09-29,116.33999633789062,116.95999908447266,115.04000091552734,115.27999877929688,115.27999877929688,149900
2021-09-30,116.33000183105469,116.62000274658203,113.11000061035156,113.13999938964844,113.13999938964844,148700
2021-10-01,113.69999694824219,116.70999908447266,113.12999725341797,116.0,116.0,153700
2021-10-04,115.75,116.75,114.95999908447266,115.79000091552734,115.79000091552734,189200
2021-10-05,116.45999908447266,118.4000015258789,115.87999725341797,116.9800033569336,116.9800033569336,191600
2021-10-06,115.62000274658203,117.97000122070312,114.33999633789062,117.91000366210938,117.91000366210938,160200
2021-10-07,118.0,122.47000122070312,117.98999786376953,122.41000366210938,122.41000366210938,286700
2021-10-08,122.12999725341797,125.3499984741211,122.11000061035156,123.3499984741211,123.3499984741211,219700
2021-10-11,123.20999908447266,124.08999633789062,120.55999755859375,120.63999938964844,120.63999938964844,208200
2021-10-12,120.77999877929688,121.91000366210938,119.36000061035156,119.79000091552734,119.79000091552734,222300
2021-10-13,119.68000030517578,119.73999786376953,117.0199966430664,117.68000030517578,117.68000030517578,198500
2021-10-14,119.12999725341797,120.86000061035156,117.79000091552734,118.55000305175781,118.55000305175781,261600
2021-10-15,120.36000061035156,120.9800033569336,118.68000030517578,118.69999694824219,118.69999694824219,260700
2021-10-18,118.36000061035156,119.19999694824219,118.05000305175781,118.55000305175781,118.55000305175781,145600
2021-10-19,118.79000091552734,119.63999938964844,117.58000183105469,118.38999938964844,118.38999938964844,163900
2021-10-20,118.05999755859375,118.87000274658203,116.5,117.8499984741211,117.8499984741211,175200
2021-10-21,117.48999786376953,118.30000305175781,116.69000244140625,117.18000030517578,117.18000030517578,230800
2021-10-22,117.69000244140625,118.97000122070312,117.63999938964844,118.61000061035156,118.61000061035156,161600
2021-10-25,118.0,119.79000091552734,117.41999816894531,117.62000274658203,117.62000274658203,370100
2021-10-26,117.91000366210938,118.33999633789062,116.5,116.55000305175781,116.55000305175781,188000
2021-10-27,116.33999633789062,117.73999786376953,114.80000305175781,114.80000305175781,114.80000305175781,216600
2021-10-28,120.0,123.38999938964844,116.97000122070312,117.6500015258789,117.6500015258789,308400
2021-10-29,116.83999633789062,120.33000183105469,116.83000183105469,119.66000366210938,119.66000366210938,365600
2021-11-01,118.98999786376953,121.7699966430664,118.98999786376953,121.33999633789062,121.33999633789062,302200
2021-11-02,121.73999786376953,123.58000183105469,121.45999908447266,122.30000305175781,122.30000305175781,169000
2021-11-03,121.94999694824219,123.62000274658203,121.62000274658203,122.27999877929688,122.27999877929688,211900
2021-11-04,122.55999755859375,125.2699966430664,122.55999755859375,124.9000015258789,124.9000015258789,242600
2021-11-05,126.83000183105469,128.22000122070312,126.19999694824219,127.75,127.75,347000
2021-11-08,128.49000549316406,129.19000244140625,127.31999969482422,128.3800048828125,128.3800048828125,265100
2021-11-09,128.19000244140625,128.92999267578125,127.43000030517578,127.45999908447266,127.45999908447266,207300
2021-11-10,127.5999984741211,128.0,125.0,125.68000030517578,125.68000030517578,156800
2021-11-11,125.66000366210938,129.36000061035156,125.66000366210938,128.22000122070312,128.22000122070312,240100
2021-11-12,128.5,128.5,126.66000366210938,127.0199966430664,127.0199966430664,205300
2021-11-15,127.54000091552734,127.54000091552734,125.5,126.80000305175781,126.80000305175781,169300
2021-11-16,126.05999755859375,127.41999816894531,125.48999786376953,126.51000213623047,126.51000213623047,226500
2021-11-17,126.26000213623047,126.5199966430664,124.4000015258789,124.86000061035156,124.86000061035156,183800
2021-11-18,125.0,126.37999725341797,123.58000183105469,126.08999633789062,126.08999633789062,205100
2021-11-19,125.33999633789062,126.30999755859375,125.05000305175781,125.56999969482422,125.56999969482422,183900
2021-11-22,126.44999694824219,128.3300018310547,125.02999877929688,126.9800033569336,126.9800033569336,205500
2021-11-23,127.08999633789062,131.0,126.48999786376953,130.4600067138672,130.4600067138672,300800
2021-11-24,129.2899932861328,130.50999450683594,128.32000732421875,129.3699951171875,129.3699951171875,136400
2021-11-26,125.19000244140625,127.05999755859375,121.08999633789062,121.76000213623047,121.76000213623047,214500
2021-11-29,123.7699966430664,124.0999984741211,121.12999725341797,123.30000305175781,123.30000305175781,211600
2021-11-30,122.12999725341797,122.9800033569336,121.16999816894531,121.68000030517578,121.68000030517578,302100
2021-12-01,124.29000091552734,124.29000091552734,118.16999816894531,118.37000274658203,118.37000274658203,250600
2021-12-02,119.18000030517578,123.98999786376953,118.4800033569336,123.18000030517578,123.18000030517578,175200
2021-12-03,123.7300033569336,123.7300033569336,119.38999938964844,121.77999877929688,121.77999877929688,249600
2021-12-06,124.01000213623047,125.2699966430664,122.4000015258789,124.5199966430664,124.5199966430664,171800
2021-12-07,125.87999725341797,127.44999694824219,125.77999877929688,127.04000091552734,127.04000091552734,192700
2021-12-08,127.5999984741211,128.75,126.1500015258789,128.41000366210938,128.41000366210938,215800
2021-12-09,127.12999725341797,128.72000122070312,127.12999725341797,127.51000213623047,127.51000213623047,172800
2021-12-10,127.80999755859375,128.35000610351562,126.01000213623047,126.63999938964844,126.63999938964844,218800
2021-12-13,125.45999908447266,126.18000030517578,124.69999694824219,125.0199966430664,125.0199966430664,153100
2021-12-14,124.73999786376953,125.88999938964844,121.7300033569336,122.2699966430664,122.2699966430664,246500
2021-12-15,122.31999969482422,123.23999786376953,120.62999725341797,122.9800033569336,122.9800033569336,229000
2021-12-16,124.0,124.0,119.05999755859375,119.58999633789062,119.58999633789062,255000
2021-12-17,118.37000274658203,120.2699966430664,117.20999908447266,119.18000030517578,119.18000030517578,781600
2021-12-20,117.44000244140625,117.44000244140625,114.19999694824219,115.91000366210938,115.91000366210938,229000
2021-12-21,117.22000122070312,120.05000305175781,117.19000244140625,119.9800033569336,119.9800033569336,245600
2021-12-22,119.62000274658203,120.38999938964844,118.7300033569336,119.7699966430664,119.7699966430664,198700
2021-12-23,120.51000213623047,121.7300033569336,119.69000244140625,120.9000015258789,120.9000015258789,184200
2021-12-27,121.45999908447266,124.27999877929688,121.33000183105469,124.19000244140625,124.19000244140625,111400
2021-12-28,123.6500015258789,125.5999984741211,123.30999755859375,124.1500015258789,124.1500015258789,127500
2021-12-29,124.66000366210938,125.5999984741211,123.7699966430664,124.45999908447266,124.45999908447266,82300
2021-12-30,124.7699966430664,125.13999938964844,123.18000030517578,123.38999938964844,123.38999938964844,102000
2021-12-31,123.0,124.16999816894531,123.0,123.4000015258789,123.4000015258789,83300
2022-01-03,123.69000244140625,124.68000030517578,122.4000015258789,124.05999755859375,124.05999755859375,144500
2022-01-04,127.08000183105469,131.5800018310547,126.73999786376953,131.25999450683594,131.25999450683594,261600
2022-01-05,130.77999877929688,131.88999938964844,126.02999877929688,126.1500015258789,126.1500015258789,214100
2022-01-06,126.58999633789062,127.66000366210938,124.05000305175781,124.25,124.25,196800
2022-01-07,123.8499984741211,124.33000183105469,119.33999633789062,119.5199966430664,119.5199966430664,174300
2022-01-10,118.08000183105469,119.0999984741211,116.45999908447266,119.04000091552734,119.04000091552734,170200
2022-01-11,120.83000183105469,121.47000122070312,118.08999633789062,120.80999755859375,120.80999755859375,167500
2022-01-12,121.4000015258789,122.11000061035156,118.0999984741211,118.36000061035156,118.36000061035156,208900
2022-01-13,119.36000061035156,121.16000366210938,117.63999938964844,118.2300033569336,118.2300033569336,201300
2022-01-14,117.29000091552734,119.1500015258789,116.69999694824219,118.44999694824219,118.44999694824219,194200
2022-01-18,116.47000122070312,116.91000366210938,113.6500015258789,114.77999877929688,114.77999877929688,234600
2022-01-19,115.01000213623047,115.48999786376953,113.54000091552734,114.81999969482422,114.81999969482422,253900
2022-01-20,114.83000183105469,116.81999969482422,113.52999877929688,113.81999969482422,113.81999969482422,236600
2022-01-21,113.48999786376953,116.47000122070312,112.66999816894531,113.3499984741211,113.3499984741211,332100
2022-01-24,111.0999984741211,117.4800033569336,110.41999816894531,116.54000091552734,116.54000091552734,257400
2022-01-25,114.75,115.3499984741211,111.69999694824219,113.20999908447266,113.20999908447266,269700
2022-01-26,113.91999816894531,116.86000061035156,111.1500015258789,112.31999969482422,112.31999969482422,254600
2022-01-27,113.41999816894531,114.69000244140625,111.0,111.7699966430664,111.7699966430664,216700
2022-01-28,112.37999725341797,112.37999725341797,108.43000030517578,111.8499984741211,111.8499984741211,329700
2022-01-31,110.7699966430664,114.87999725341797,110.30999755859375,114.87000274658203,114.87000274658203,379100
2022-02-01,114.58999633789062,116.12000274658203,112.45999908447266,115.69000244140625,115.69000244140625,272100
2022-02-02,115.12000274658203,116.0,113.5199966430664,115.47000122070312,115.47000122070312,280400
2022-02-03,114.33000183105469,115.88999938964844,113.5999984741211,114.44000244140625,114.44000244140625,228700
2022-02-04,113.33999633789062,115.27999877929688,111.76000213623047,114.29000091552734,114.29000091552734,163700
2022-02-07,113.4000015258789,113.55000305175781,111.68000030517578,112.37000274658203,112.37000274658203,186300
2022-02-08,112.02999877929688,116.47000122070312,112.02999877929688,115.9000015258789,115.9000015258789,176100
2022-02-09,116.75,118.5,116.66000366210938,117.62000274658203,117.62000274658203,181100
2022-02-10,114.76000213623047,117.41999816894531,111.70999908447266,111.94000244140625,111.94000244140625,351900
2022-02-11,112.55000305175781,112.55000305175781,107.61000061035156,108.18000030517578,108.18000030517578,248700
2022-02-14,108.88999938964844,110.30999755859375,108.66000366210938,109.47000122070312,109.47000122070312,279200
2022-02-15,110.75,112.19000244140625,110.37999725341797,111.75,111.75,136400
2022-02-16,111.33000183105469,111.51000213623047,109.94000244140625,110.93000030517578,110.93000030517578,228100
2022-02-17,110.0,110.0,107.44000244140625,107.55000305175781,107.55000305175781,170400
2022-02-18,107.33000183105469,108.79000091552734,106.79000091552734,107.37999725341797,107.37999725341797,184800
2022-02-22,107.37000274658203,108.18000030517578,104.5199966430664,104.91999816894531,104.91999816894531,244900
2022-02-23,106.02999877929688,106.22000122070312,104.26000213623047,104.3499984741211,104.3499984741211,244200
2022-02-24,101.94000244140625,107.48999786376953,101.7699966430664,107.3499984741211,107.3499984741211,293800
2022-02-25,108.16000366210938,111.29000091552734,107.73999786376953,111.26000213623047,111.26000213623047,211100
2022-02-28,109.18000030517578,111.7300033569336,109.18000030517578,110.79000091552734,110.79000091552734,249500
2022-03-01,110.37000274658203,111.0,106.45999908447266,107.08999633789062,107.08999633789062,273000
2022-03-02,108.47000122070312,111.22000122070312,107.87999725341797,109.94999694824219,109.94999694824219,158400
2022-03-03,110.80000305175781,111.05000305175781,107.87999725341797,108.48999786376953,108.48999786376953,122100
2022-03-04,106.86000061035156,108.63999938964844,106.1500015258789,108.33000183105469,108.33000183105469,195700
2022-03-07,108.19999694824219,108.19999694824219,101.45999908447266,101.68000030517578,101.68000030517578,242200
2022-03-08,101.86000061035156,102.56999969482422,98.9000015258789,100.75,100.75,287900
2022-03-09,103.97000122070312,105.43000030517578,103.70999908447266,104.04000091552734,104.04000091552734,254400
2022-03-10,101.87000274658203,103.87999725341797,100.66000366210938,103.41999816894531,103.41999816894531,196900
2022-03-11,104.93000030517578,106.26000213623047,104.55000305175781,105.66000366210938,105.66000366210938,199100
2022-03-14,106.13999938964844,108.9800033569336,105.12000274658203,108.0,108.0,151200
2022-03-15,108.94999694824219,111.30999755859375,108.69999694824219,110.41000366210938,110.41000366210938,301700
2022-03-16,111.45999908447266,113.56999969482422,110.47000122070312,113.23999786376953,113.23999786376953,201900
2022-03-17,111.93000030517578,114.66999816894531,111.93000030517578,114.56999969482422,114.56999969482422,135500
2022-03-18,114.79000091552734,118.44000244140625,113.08000183105469,117.44999694824219,117.44999694824219,483100
2022-03-21,116.33999633789062,117.5199966430664,114.30000305175781,115.33000183105469,115.33000183105469,183500
2022-03-22,115.8499984741211,117.33000183105469,114.62000274658203,116.16999816894531,116.16999816894531,165000
2022-03-23,114.83999633789062,115.47000122070312,113.5999984741211,114.76000213623047,114.76000213623047,169400
2022-03-24,115.44000244140625,115.7300033569336,114.08000183105469,115.68000030517578,115.68000030517578,139000
2022-03-25,116.08000183105469,117.0,115.44999694824219,116.02999877929688,116.02999877929688,148000
2022-03-28,115.05000305175781,115.5999984741211,113.94999694824219,114.93000030517578,114.93000030517578,138700
2022-03-29,117.08999633789062,120.22000122070312,117.08999633789062,119.01000213623047,119.01000213623047,206600
2022-03-30,118.36000061035156,119.41999816894531,116.54000091552734,116.86000061035156,116.86000061035156,117800
2022-03-31,116.2300033569336,117.73999786376953,116.1500015258789,116.70999908447266,116.70999908447266,201200
2022-04-01,117.20999908447266,118.5999984741211,116.94999694824219,118.01000213623047,118.01000213623047,222900
2022-04-04,118.05999755859375,118.5,116.12999725341797,116.66999816894531,116.66999816894531,154700
2022-04-05,116.48999786376953,116.54000091552734,113.97000122070312,114.0999984741211,114.0999984741211,160100
2022-04-06,113.51000213623047,113.51000213623047,111.9800033569336,112.4800033569336,112.4800033569336,166200
2022-04-07,111.75,113.7300033569336,111.75,113.20999908447266,113.20999908447266,143100
2022-04-08,112.87999725341797,114.87999725341797,112.56999969482422,112.9800033569336,112.9800033569336,152900
2022-04-11,112.33000183105469,114.05999755859375,111.05000305175781,111.37000274658203,111.37000274658203,166100
2022-04-12,112.0199966430664,114.45999908447266,112.0199966430664,112.66999816894531,112.66999816894531,166600
2022-04-13,112.70999908447266,115.19000244140625,112.69999694824219,114.79000091552734,114.79000091552734,99000
2022-04-14,115.19999694824219,116.0999984741211,114.5999984741211,115.7300033569336,115.7300033569336,188700
2022-04-18,115.19999694824219,116.62000274658203,114.4800033569336,115.4800033569336,115.4800033569336,168000
2022-04-19,115.94999694824219,120.25,115.94999694824219,120.19000244140625,120.19000244140625,135500
2022-04-20,120.33000183105469,123.79000091552734,119.87000274658203,122.33999633789062,122.33999633789062,205300
2022-04-21,123.44000244140625,124.3499984741211,119.51000213623047,120.1500015258789,120.1500015258789,168300
2022-04-22,119.44999694824219,119.97000122070312,116.08000183105469,116.2699966430664,116.2699966430664,122200
2022-04-25,115.9000015258789,116.22000122070312,112.80000305175781,116.12000274658203,116.12000274658203,193300
2022-04-26,115.33000183105469,115.77999877929688,113.44000244140625,113.62999725341797,113.62999725341797,160700
2022-04-27,113.2300033569336,114.19000244140625,109.87000274658203,110.77999877929688,110.77999877929688,277800
2022-04-28,115.81999969482422,118.55999755859375,114.18000030517578,116.98999786376953,116.98999786376953,258700
2022-04-29,115.2300033569336,116.69000244140625,113.04000091552734,113.44999694824219,113.44999694824219,237200
2022-05-02,112.83999633789062,113.62999725341797,109.69000244140625,113.2300033569336,113.2300033569336,306700
2022-05-03,112.79000091552734,116.48999786376953,112.70999908447266,115.44999694824219,115.44999694824219,252700
2022-05-04,115.7699966430664,119.20999908447266,114.41999816894531,118.6500015258789,118.6500015258789,213500
2022-05-05,116.77999877929688,117.0,113.8499984741211,115.41000366210938,115.41000366210938,212700
2022-05-06,114.66000366210938,115.95999908447266,112.06999969482422,113.80999755859375,113.80999755859375,220000
2022-05-09,111.9000015258789,113.5,109.69999694824219,110.27999877929688,110.27999877929688,290800
2022-05-10,111.62000274658203,112.19000244140625,109.08999633789062,110.1500015258789,110.1500015258789,213900
2022-05-11,110.72000122070312,111.23999786376953,106.68000030517578,106.73999786376953,106.73999786376953,191800
2022-05-12,104.73999786376953,105.63999938964844,99.38999938964844,101.13999938964844,101.13999938964844,451800
2022-05-13,102.69999694824219,105.9000015258789,102.26000213623047,104.63999938964844,104.63999938964844,532700
2022-05-16,103.75,105.2300033569336,101.79000091552734,102.16000366210938,102.16000366210938,231400
2022-05-17,104.58999633789062,106.83999633789062,103.4800033569336,106.37000274658203,106.37000274658203,229600
2022-05-18,105.2699966430664,106.16000366210938,100.38999938964844,100.47000122070312,100.47000122070312,227500
2022-05-19,98.98999786376953,100.26000213623047,97.08000183105469,98.27999877929688,98.27999877929688,349500
2022-05-20,99.19999694824219,99.9800033569336,95.33000183105469,97.95999908447266,97.95999908447266,241300
2022-05-23,98.94999694824219,99.52999877929688,97.19999694824219,98.48999786376953,98.48999786376953,221800
2022-05-24,97.45999908447266,101.0199966430664,96.02999877929688,100.4800033569336,100.4800033569336,279000
2022-05-25,95.73999786376953,97.18000030517578,90.95999908447266,94.0,94.0,684500
2022-05-26,91.12999725341797,94.08000183105469,91.12999725341797,93.25,93.25,447900
2022-05-27,94.5,96.08999633789062,94.5,95.62000274658203,95.62000274658203,263300
2022-05-31,94.94999694824219,96.43000030517578,93.30999755859375,95.2300033569336,95.2300033569336,341500
2022-06-01,95.58000183105469,96.12999725341797,92.05999755859375,92.73999786376953,92.73999786376953,239000
2022-06-02,94.19999694824219,97.4800033569336,92.45999908447266,97.45999908447266,97.45999908447266,369800
2022-06-03,95.76000213623047,96.72000122070312,94.44000244140625,95.66000366210938,95.66000366210938,304600
2022-06-06,96.98999786376953,96.98999786376953,95.54000091552734,96.18000030517578,96.18000030517578,337900
2022-06-07,94.56999969482422,98.44000244140625,94.30999755859375,98.13999938964844,98.13999938964844,257200
2022-06-08,98.02999877929688,98.95999908447266,96.22000122070312,96.48999786376953,96.48999786376953,258600
2022-06-09,95.91999816894531,96.58999633789062,93.30999755859375,93.4000015258789,93.4000015258789,302800
2022-06-10,91.69999694824219,92.01000213623047,88.73999786376953,89.31999969482422,89.31999969482422,324300
2022-06-13,86.7300033569336,87.6500015258789,84.91000366210938,85.68000030517578,85.68000030517578,294700
2022-06-14,84.61000061035156,85.30000305175781,82.55999755859375,83.19999694824219,83.19999694824219,435500
2022-06-15,84.5199966430664,85.51000213623047,83.56999969482422,84.31999969482422,84.31999969482422,447900
2022-06-16,81.9800033569336,82.0,78.80000305175781,79.79000091552734,79.79000091552734,447300
2022-06-17,80.18000030517578,81.33000183105469,78.26000213623047,79.47000122070312,79.47000122070312,772900
2022-06-21,81.44999694824219,82.16000366210938,78.94999694824219,81.58999633789062,81.58999633789062,433500
2022-06-22,80.83999633789062,83.05000305175781,80.83999633789062,82.48999786376953,82.48999786376953,419600
2022-06-23,82.33999633789062,82.80000305175781,80.87999725341797,82.55999755859375,82.55999755859375,313600
2022-06-24,83.5199966430664,87.5199966430664,83.5199966430664,87.5,87.5,761800
2022-06-27,88.05000305175781,88.48999786376953,85.87000274658203,87.51000213623047,87.51000213623047,239500
2022-06-28,88.26000213623047,89.05000305175781,86.79000091552734,87.16999816894531,87.16999816894531,388400
2022-06-29,87.30000305175781,88.72000122070312,85.9800033569336,87.94000244140625,87.94000244140625,286500
2022-06-30,86.63999938964844,90.69999694824219,86.37999725341797,90.25,90.25,422700
2022-07-01,89.55999755859375,91.38999938964844,88.45999908447266,89.48999786376953,89.48999786376953,278600
2022-07-05,87.3499984741211,89.77999877929688,86.12999725341797,89.63999938964844,89.63999938964844,288800
2022-07-06,89.54000091552734,91.3499984741211,88.63999938964844,90.86000061035156,90.86000061035156,188900
2022-07-07,91.45999908447266,94.23999786376953,91.45999908447266,94.19999694824219,94.19999694824219,230300
2022-07-08,93.69999694824219,94.4800033569336,92.33000183105469,92.87999725341797,92.87999725341797,221000
2022-07-11,91.72000122070312,92.19999694824219,90.9000015258789,91.08999633789062,91.08999633789062,179600
2022-07-12,91.08000183105469,93.16999816894531,91.06999969482422,91.41999816894531,91.41999816894531,247600
2022-07-13,89.73999786376953,91.91000366210938,89.73999786376953,91.70999908447266,91.70999908447266,269300
2022-07-14,89.55999755859375,91.01000213623047,89.31999969482422,90.22000122070312,90.22000122070312,201700
2022-07-15,92.1500015258789,92.22000122070312,90.19000244140625,91.68000030517578,91.68000030517578,328300
2022-07-18,92.9800033569336,93.94000244140625,90.62000274658203,90.79000091552734,90.79000091552734,174100
2022-07-19,92.51000213623047,94.08000183105469,92.19000244140625,93.51000213623047,93.51000213623047,181600
2022-07-20,93.52999877929688,96.36000061035156,93.29000091552734,96.06999969482422,96.06999969482422,208900
2022-07-21,94.95999908447266,98.08000183105469,94.87999725341797,98.06999969482422,98.06999969482422,194200
2022-07-22,97.66000366210938,98.05000305175781,94.86000061035156,95.52999877929688,95.52999877929688,227500
2022-07-25,95.76000213623047,96.9000015258789,94.94000244140625,96.80000305175781,96.80000305175781,228000
2022-07-26,96.19999694824219,96.55000305175781,94.98999786376953,95.51000213623047,95.51000213623047,180500
2022-07-27,96.18000030517578,97.22000122070312,95.23999786376953,97.1500015258789,97.1500015258789,246400
2022-07-28,98.44000244140625,103.33999633789062,97.87999725341797,102.18000030517578,102.18000030517578,298000
2022-07-29,102.11000061035156,104.5199966430664,102.11000061035156,103.76000213623047,103.76000213623047,236500
2022-08-01,102.11000061035156,106.0,102.08000183105469,104.81999969482422,104.81999969482422,223200
2022-08-02,103.87000274658203,103.87000274658203,100.70999908447266,100.76000213623047,100.76000213623047,173700
2022-08-03,101.08999633789062,103.75,101.08999633789062,103.55000305175781,103.55000305175781,186000
2022-08-04,103.55000305175781,104.23999786376953,102.0,102.47000122070312,102.47000122070312,146800
2022-08-05,100.80000305175781,103.19999694824219,100.80000305175781,102.73999786376953,102.73999786376953,141400
2022-08-08,104.75,104.91000366210938,101.91000366210938,103.06999969482422,103.06999969482422,211000
2022-08-09,103.0,103.12999725341797,101.47000122070312,102.69999694824219,102.69999694824219,255100
2022-08-10,104.80000305175781,105.8499984741211,104.19999694824219,104.4800033569336,104.4800033569336,153700
2022-08-11,104.91999816894531,105.62999725341797,103.51000213623047,103.56999969482422,103.56999969482422,223200
2022-08-12,104.41999816894531,106.68000030517578,103.4800033569336,106.68000030517578,106.68000030517578,220000
2022-08-15,105.33999633789062,106.87999725341797,105.08000183105469,106.5,106.5,195000
2022-08-16,105.37999725341797,106.55999755859375,104.8499984741211,106.27999877929688,106.27999877929688,216700
2022-08-17,105.06999969482422,105.29000091552734,103.93000030517578,104.70999908447266,104.70999908447266,128100
2022-08-18,105.3499984741211,105.52999877929688,103.86000061035156,105.04000091552734,105.04000091552734,232700
2022-08-19,104.41999816894531,105.13999938964844,103.1500015258789,104.91999816894531,104.91999816894531,196900
2022-08-22,103.75,103.75,101.4800033569336,102.5999984741211,102.5999984741211,188000
2022-08-23,102.0999984741211,103.12000274658203,100.63999938964844,101.30000305175781,101.30000305175781,141200
2022-08-24,101.54000091552734,102.66000366210938,101.12000274658203,101.70999908447266,101.70999908447266,157000
2022-08-25,101.81999969482422,103.97000122070312,101.7699966430664,103.87999725341797,103.87999725341797,122800
2022-08-26,103.87000274658203,104.43000030517578,99.69000244140625,99.7300033569336,99.7300033569336,139000
2022-08-29,98.77999877929688,100.30999755859375,97.94000244140625,98.62000274658203,98.62000274658203,138400
2022-08-30,99.33999633789062,99.58000183105469,96.95999908447266,97.25,97.25,116600
2022-08-31,97.51000213623047,98.81999969482422,95.98999786376953,96.69999694824219,96.69999694824219,199700
2022-09-01,96.22000122070312,96.6500015258789,94.72000122070312,96.55999755859375,96.55999755859375,161400
2022-09-02,97.47000122070312,97.72000122070312,94.22000122070312,94.70999908447266,94.70999908447266,170300
2022-09-06,95.26000213623047,95.56999969482422,93.36000061035156,95.45999908447266,95.45999908447266,182700
2022-09-07,95.58000183105469,97.30000305175781,93.63999938964844,97.02999877929688,97.02999877929688,255500
2022-09-08,95.63999938964844,96.31999969482422,94.33000183105469,96.16000366210938,96.16000366210938,174000
2022-09-09,96.7699966430664,97.98999786376953,96.76000213623047,97.56999969482422,97.56999969482422,173400
2022-09-12,98.56999969482422,99.20999908447266,98.0999984741211,99.06999969482422,99.06999969482422,147200
2022-09-13,96.26000213623047,96.63999938964844,93.36000061035156,93.7300033569336,93.7300033569336,199800
2022-09-14,93.51000213623047,93.8499984741211,92.05000305175781,93.37000274658203,93.37000274658203,179500
2022-09-15,92.41999816894531,94.0199966430664,92.06999969482422,92.62000274658203,92.62000274658203,285600
2022-09-16,91.69999694824219,92.1500015258789,90.55000305175781,92.0199966430664,92.0199966430664,712600
2022-09-19,91.2699966430664,95.05999755859375,91.2699966430664,94.83999633789062,94.83999633789062,286400
2022-09-20,93.8499984741211,93.8499984741211,92.37000274658203,93.33000183105469,93.33000183105469,159700
2022-09-21,94.55000305175781,96.33000183105469,93.0999984741211,93.13999938964844,93.13999938964844,220900
2022-09-22,92.37000274658203,92.37000274658203,90.18000030517578,90.51000213623047,90.51000213623047,141700
2022-09-23,89.37999725341797,90.08999633789062,88.12999725341797,89.43000030517578,89.43000030517578,162800
2022-09-26,89.69000244140625,90.58999633789062,88.3499984741211,88.4800033569336,88.4800033569336,224300
2022-09-27,89.55999755859375,90.62999725341797,86.80999755859375,88.5999984741211,88.5999984741211,226400
2022-09-28,89.7699966430664,92.87999725341797,88.94000244140625,92.19999694824219,92.19999694824219,211000
2022-09-29,91.06999969482422,91.18000030517578,89.5,90.47000122070312,90.47000122070312,150800
2022-09-30,90.22000122070312,93.02999877929688,89.98999786376953,90.37000274658203,90.37000274658203,289800
2022-10-03,91.47000122070312,93.51000213623047,90.33000183105469,93.20999908447266,93.20999908447266,175000
2022-10-04,94.98999786376953,97.52999877929688,94.20999908447266,97.51000213623047,97.51000213623047,250600
2022-10-05,95.7699966430664,96.76000213623047,94.31999969482422,95.8499984741211,95.8499984741211,205500
2022-10-06,95.38999938964844,96.29000091552734,95.05000305175781,95.37000274658203,95.37000274658203,117800
2022-10-07,94.51000213623047,94.51000213623047,92.33000183105469,92.70999908447266,92.70999908447266,127300
2022-10-10,93.26000213623047,93.72000122070312,92.51000213623047,92.80000305175781,92.80000305175781,179500
2022-10-11,92.30999755859375,92.80999755859375,90.69000244140625,91.22000122070312,91.22000122070312,382800
2022-10-12,91.88999938964844,91.9800033569336,90.72000122070312,91.33999633789062,91.33999633789062,238100
2022-10-13,88.8499984741211,95.05999755859375,87.70999908447266,94.44999694824219,94.44999694824219,222700
2022-10-14,95.27999877929688,95.5199966430664,91.13999938964844,91.33000183105469,91.33000183105469,158200
2022-10-17,93.66000366210938,95.98999786376953,93.52999877929688,95.37999725341797,95.37999725341797,214000
2022-10-18,98.02999877929688,99.69000244140625,97.05000305175781,98.26000213623047,98.26000213623047,259500
2022-10-19,96.79000091552734,97.94000244140625,95.4000015258789,96.66999816894531,96.66999816894531,170500
2022-10-20,97.0199966430664,98.4000015258789,95.01000213623047,95.66000366210938,95.66000366210938,194200
2022-10-21,93.31999969482422,93.31999969482422,88.0999984741211,91.87999725341797,91.87999725341797,442500
2022-10-24,92.72000122070312,94.19999694824219,91.54000091552734,93.83999633789062,93.83999633789062,215400
2022-10-25,93.45999908447266,95.4800033569336,93.45999908447266,95.37999725341797,95.37999725341797,332000
2022-10-26,95.43000030517578,96.01000213623047,93.45999908447266,93.58000183105469,93.58000183105469,264800
2022-10-27,90.0199966430664,91.44999694824219,84.06999969482422,84.7300033569336,84.7300033569336,726300
2022-10-28,85.19999694824219,86.76000213623047,84.68000030517578,86.04000091552734,86.04000091552734,323700
2022-10-31,85.58999633789062,86.86000061035156,84.68000030517578,84.77999877929688,84.77999877929688,378900
2022-11-01,86.0,86.87999725341797,84.79000091552734,85.01000213623047,85.01000213623047,271300
2022-11-02,84.80999755859375,85.37000274658203,81.66000366210938,81.77999877929688,81.77999877929688,351700
2022-11-03,80.73999786376953,82.5999984741211,79.97000122070312,80.66000366210938,80.66000366210938,213200
2022-11-04,82.36000061035156,82.55999755859375,80.05999755859375,82.5,82.5,283600
2022-11-07,83.25,83.44000244140625,80.80000305175781,82.48999786376953,82.48999786376953,277700
2022-11-08,83.30999755859375,84.70999908447266,82.4000015258789,83.69999694824219,83.69999694824219,260900
2022-11-09,82.87999725341797,82.94000244140625,81.02999877929688,81.12999725341797,81.12999725341797,184900
2022-11-10,85.33999633789062,90.04000091552734,85.33999633789062,89.97000122070312,89.97000122070312,309400
2022-11-11,90.11000061035156,91.30999755859375,89.01000213623047,89.4000015258789,89.4000015258789,209500
2022-11-14,88.8499984741211,89.9800033569336,88.12999725341797,88.62000274658203,88.62000274658203,175400
2022-11-15,90.52999877929688,91.29000091552734,89.36000061035156,89.76000213623047,89.76000213623047,217100
2022-11-16,89.19999694824219,89.73999786376953,88.58999633789062,89.4800033569336,89.4800033569336,209700
2022-11-17,88.29000091552734,88.61000061035156,86.41000366210938,86.87999725341797,86.87999725341797,259500
2022-11-18,88.48999786376953,89.16000366210938,86.62999725341797,87.80000305175781,87.80000305175781,271700
2022-11-21,87.43000030517578,89.0999984741211,87.43000030517578,88.56999969482422,88.56999969482422,201700
2022-11-22,89.25,90.56999969482422,88.44999694824219,90.47000122070312,90.47000122070312,209100
2022-11-23,90.16999816894531,91.44999694824219,89.56999969482422,89.83999633789062,89.83999633789062,150900
2022-11-25,89.61000061035156,90.58999633789062,89.45999908447266,90.0,90.0,105700
2022-11-28,89.48999786376953,89.58000183105469,86.93000030517578,88.1500015258789,88.1500015258789,247800
2022-11-29,88.0999984741211,88.38999938964844,86.9000015258789,87.06999969482422,87.06999969482422,184900
2022-11-30,86.69000244140625,90.7300033569336,85.95999908447266,90.5999984741211,90.5999984741211,355400
2022-12-01,90.97000122070312,92.25,89.08999633789062,89.69000244140625,89.69000244140625,257300
2022-12-02,88.37999725341797,89.4000015258789,87.87000274658203,87.93000030517578,87.93000030517578,187300
2022-12-05,86.58000183105469,86.69999694824219,85.36000061035156,86.0,86.0,128900
2022-12-06,85.6500015258789,85.83999633789062,83.62999725341797,84.05999755859375,84.05999755859375,158000
2022-12-07,83.76000213623047,84.5199966430664,82.13999938964844,82.52999877929688,82.52999877929688,214100
2022-12-08,83.06999969482422,83.22000122070312,81.19000244140625,82.69999694824219,82.69999694824219,284500
2022-12-09,82.43000030517578,84.43000030517578,82.38999938964844,84.11000061035156,84.11000061035156,168200
2022-12-12,84.02999877929688,85.61000061035156,83.12000274658203,85.5199966430664,85.5199966430664,286200
2022-12-13,88.98999786376953,89.62999725341797,85.68000030517578,87.0,87.0,276400
2022-12-14,86.80000305175781,88.69999694824219,86.52999877929688,86.91999816894531,86.91999816894531,368300
2022-12-15,85.83999633789062,85.83999633789062,81.61000061035156,81.94999694824219,81.94999694824219,273700
2022-12-16,81.2300033569336,81.62999725341797,80.51000213623047,81.27999877929688,81.27999877929688,1007100
2022-12-19,81.20999908447266,81.27999877929688,79.38999938964844,79.48999786376953,79.48999786376953,180700
2022-12-20,79.33999633789062,81.2699966430664,78.5199966430664,81.05000305175781,81.05000305175781,181700
2022-12-21,81.75,83.58000183105469,81.69000244140625,82.4800033569336,82.4800033569336,184400
2022-12-22,81.4800033569336,81.4800033569336,79.22000122070312,80.62000274658203,80.62000274658203,207000
2022-12-23,79.98999786376953,82.06999969482422,79.56999969482422,81.73999786376953,81.73999786376953,103000
2022-12-27,81.98999786376953,82.33000183105469,80.66000366210938,81.16999816894531,81.16999816894531,108800
2022-12-28,81.54000091552734,81.95999908447266,79.38999938964844,79.38999938964844,79.38999938964844,141400
2022-12-29,80.12999725341797,83.29000091552734,79.70999908447266,82.75,82.75,152500
2022-12-30,81.66000366210938,82.18000030517578,80.87999725341797,81.4800033569336,81.4800033569336,129600
2023-01-03,82.6500015258789,83.69000244140625,81.30000305175781,82.45999908447266,82.45999908447266,201100
2023-01-04,83.31999969482422,84.88999938964844,83.0199966430664,84.30999755859375,84.30999755859375,153300
2023-01-05,83.79000091552734,84.01000213623047,81.7300033569336,82.13999938964844,82.13999938964844,152300
2023-01-06,83.93000030517578,85.47000122070312,82.66000366210938,85.01000213623047,85.01000213623047,151800
2023-01-09,85.79000091552734,86.47000122070312,84.79000091552734,84.81999969482422,84.81999969482422,134000
2023-01-10,84.16000366210938,85.58999633789062,84.08999633789062,85.48999786376953,85.48999786376953,132300
2023-01-11,86.08000183105469,86.94999694824219,85.58999633789062,86.37000274658203,86.37000274658203,108000
2023-01-12,86.62000274658203,87.19000244140625,85.8499984741211,86.44999694824219,86.44999694824219,149400
2023-01-13,85.68000030517578,87.38999938964844,85.22000122070312,86.80999755859375,86.80999755859375,155900
2023-01-17,86.79000091552734,87.2699966430664,86.11000061035156,86.16999816894531,86.16999816894531,157800
2023-01-18,86.51000213623047,88.2300033569336,85.4800033569336,85.70999908447266,85.70999908447266,162900
2023-01-19,85.05000305175781,85.98999786376953,84.68000030517578,85.37000274658203,85.37000274658203,182700
2023-01-20,85.88999938964844,87.75,84.7699966430664,87.55999755859375,87.55999755859375,151600
2023-01-23,87.5,89.70999908447266,87.26000213623047,89.0,89.0,150700
2023-01-24,88.08999633789062,88.5199966430664,87.75,87.91999816894531,87.91999816894531,132300
2023-01-25,86.62000274658203,88.83000183105469,85.62999725341797,88.0199966430664,88.0199966430664,135200
2023-01-26,88.69999694824219,88.94000244140625,87.30999755859375,88.87000274658203,88.87000274658203,169900
2023-01-27,88.01000213623047,90.7300033569336,88.01000213623047,90.2699966430664,90.2699966430664,253700
2023-01-30,89.68000030517578,90.19999694824219,88.36000061035156,88.41000366210938,88.41000366210938,179000
2023-01-31,88.83999633789062,91.16999816894531,88.80999755859375,90.94999694824219,90.94999694824219,218100
2023-02-01,90.94000244140625,93.30999755859375,90.01000213623047,92.83000183105469,92.83000183105469,179300
2023-02-02,94.19999694824219,97.19000244140625,93.70999908447266,96.77999877929688,96.77999877929688,237300
2023-02-03,95.54000091552734,97.80000305175781,95.25,95.72000122070312,95.72000122070312,265600
2023-02-06,94.41000366210938,95.04000091552734,93.31999969482422,94.16999816894531,94.16999816894531,158000
2023-02-07,93.3499984741211,95.69000244140625,92.69999694824219,95.4000015258789,95.4000015258789,221300
2023-02-08,94.73999786376953,95.1500015258789,90.0,91.33999633789062,91.33999633789062,334200
2023-02-09,88.7300033569336,90.73999786376953,87.11000061035156,88.25,88.25,396700
2023-02-10,87.8499984741211,91.72000122070312,87.3499984741211,91.58999633789062,91.58999633789062,384600
2023-02-13,91.2300033569336,92.38999938964844,90.69999694824219,91.80000305175781,91.80000305175781,229100
2023-02-14,91.16000366210938,92.80999755859375,90.87000274658203,91.41000366210938,91.41000366210938,210400
2023-02-15,90.69999694824219,92.87999725341797,90.37000274658203,92.72000122070312,92.72000122070312,181200
2023-02-16,91.08000183105469,92.9000015258789,90.66999816894531,91.30000305175781,91.30000305175781,225500
2023-02-17,91.3499984741211,92.91999816894531,90.41000366210938,92.45999908447266,92.45999908447266,190500
2023-02-21,90.97000122070312,91.69000244140625,89.51000213623047,89.54000091552734,89.54000091552734,218900
2023-02-22,89.45999908447266,90.22000122070312,88.98999786376953,89.37999725341797,89.37999725341797,214000
2023-02-23,89.8499984741211,90.44000244140625,88.25,89.55000305175781,89.55000305175781,137100
2023-02-24,88.0999984741211,88.9000015258789,87.79000091552734,88.41999816894531,88.41999816894531,289600
2023-02-27,89.43000030517578,89.91999816894531,88.62999725341797,88.94999694824219,88.94999694824219,426700
2023-02-28,89.04000091552734,89.70999908447266,88.44999694824219,88.80000305175781,88.80000305175781,426200
2023-03-01,88.76000213623047,89.38999938964844,87.66000366210938,88.25,88.25,242700
2023-03-02,87.52999877929688,88.33000183105469,87.13999938964844,88.04000091552734,88.04000091552734,154000
2023-03-03,88.93000030517578,88.93000030517578,87.6500015258789,87.79000091552734,87.79000091552734,197500
2023-03-06,88.01000213623047,88.91000366210938,87.81999969482422,88.20999908447266,88.20999908447266,207900
2023-03-07,88.30000305175781,88.69999694824219,87.08999633789062,87.13999938964844,87.13999938964844,104000
2023-03-08,87.5,88.12999725341797,85.8499984741211,86.68000030517578,86.68000030517578,126000
2023-03-09,86.9800033569336,87.51000213623047,85.05000305175781,85.05999755859375,85.05999755859375,152200
2023-03-10,84.6500015258789,84.86000061035156,82.2300033569336,82.61000061035156,82.61000061035156,223100
2023-03-13,81.19999694824219,82.02999877929688,79.73999786376953,79.98999786376953,79.98999786376953,273400
2023-03-14,82.87000274658203,83.19999694824219,80.7699966430664,81.88999938964844,81.88999938964844,242800
2023-03-15,79.7300033569336,80.81999969482422,78.29000091552734,80.73999786376953,80.73999786376953,519400
2023-03-16,79.51000213623047,83.87999725341797,79.51000213623047,83.2300033569336,83.2300033569336,399000
2023-03-17,82.87000274658203,83.55000305175781,80.30000305175781,80.51000213623047,80.51000213623047,637500
2023-03-20,81.08000183105469,82.25,80.4000015258789,80.7699966430664,80.7699966430664,348300
2023-03-21,82.05999755859375,82.86000061035156,80.97000122070312,81.86000061035156,81.86000061035156,338100
2023-03-22,81.75,82.58000183105469,78.93000030517578,78.98999786376953,78.98999786376953,231800
2023-03-23,79.19000244140625,80.2699966430664,78.0199966430664,78.52999877929688,78.52999877929688,284300
2023-03-24,77.91999816894531,79.05000305175781,77.33000183105469,79.0199966430664,79.0199966430664,178500
2023-03-27,80.04000091552734,80.6500015258789,79.55000305175781,80.4000015258789,80.4000015258789,162800
2023-03-28,80.05000305175781,80.76000213623047,79.58999633789062,80.43000030517578,80.43000030517578,193300
2023-03-29,81.70999908447266,81.70999908447266,80.69999694824219,81.20999908447266,81.20999908447266,116200
2023-03-30,82.01000213623047,82.37999725341797,80.75,81.04000091552734,81.04000091552734,120300
2023-03-31,81.70999908447266,82.83999633789062,81.6500015258789,82.66999816894531,82.66999816894531,279800
2023-04-03,82.2300033569336,83.33999633789062,81.91999816894531,82.93000030517578,82.93000030517578,231400
2023-04-04,83.05999755859375,83.05999755859375,80.79000091552734,81.3499984741211,81.3499984741211,155500
2023-04-05,80.66999816894531,80.91000366210938,78.58000183105469,79.08000183105469,79.08000183105469,266300
2023-04-06,79.31999969482422,80.0,78.31999969482422,78.94000244140625,78.94000244140625,114200
2023-04-10,78.33999633789062,79.83999633789062,78.33999633789062,79.75,79.75,155200
2023-04-11,80.33000183105469,80.52999877929688,79.30999755859375,79.8499984741211,79.8499984741211,239900
2023-04-12,80.83000183105469,80.83000183105469,78.6500015258789,78.80999755859375,78.80999755859375,163500
2023-04-13,79.06999969482422,80.30000305175781,78.5199966430664,80.2300033569336,80.2300033569336,267800
2023-04-14,80.30000305175781,81.01000213623047,77.02999877929688,78.01000213623047,78.01000213623047,444300
2023-04-17,78.1500015258789,80.08000183105469,78.02999877929688,80.04000091552734,80.04000091552734,376400
2023-04-18,80.5,80.62000274658203,78.58999633789062,79.2699966430664,79.2699966430664,231100
2023-04-19,79.01000213623047,79.9800033569336,78.41000366210938,79.79000091552734,79.79000091552734,289700
2023-04-20,78.95999908447266,80.48999786376953,78.2699966430664,79.58999633789062,79.58999633789062,335400
2023-04-21,79.9800033569336,79.9800033569336,78.62000274658203,78.88999938964844,78.88999938964844,295300
2023-04-24,78.80000305175781,79.19999694824219,77.30000305175781,77.56999969482422,77.56999969482422,334800
2023-04-25,76.73999786376953,77.11000061035156,74.5199966430664,74.83000183105469,74.83000183105469,369400
2023-04-26,74.31999969482422,74.98999786376953,73.94000244140625,74.54000091552734,74.54000091552734,310700
2023-04-27,65.25,71.44000244140625,64.94000244140625,70.97000122070312,70.97000122070312,988100
2023-04-28,71.05999755859375,72.72000122070312,70.73999786376953,71.58999633789062,71.58999633789062,643700
2023-05-01,71.7300033569336,72.98999786376953,71.27999877929688,72.62999725341797,72.62999725341797,499300
2023-05-02,71.97000122070312,71.97000122070312,68.4800033569336,68.5199966430664,68.5199966430664,489900
2023-05-03,68.52999877929688,69.6500015258789,67.80000305175781,67.97000122070312,67.97000122070312,442600
2023-05-04,67.19000244140625,67.19000244140625,64.16000366210938,64.55999755859375,64.55999755859375,616600
2023-05-05,65.76000213623047,66.62999725341797,65.33000183105469,66.37999725341797,66.37999725341797,440800
2023-05-08,66.48999786376953,66.79000091552734,64.5,65.83000183105469,65.83000183105469,355900
2023-05-09,65.4800033569336,65.68000030517578,64.06999969482422,64.12000274658203,64.12000274658203,498800
2023-05-10,65.33000183105469,65.4000015258789,63.27000045776367,63.900001525878906,63.900001525878906,499200
2023-05-11,63.38999938964844,64.12999725341797,63.31999969482422,64.0,64.0,319600
2023-05-12,64.19999694824219,65.05999755859375,64.1500015258789,64.7300033569336,64.7300033569336,282600
2023-05-15,64.66000366210938,65.93000030517578,64.38999938964844,65.41000366210938,65.41000366210938,213900
2023-05-16,65.12999725341797,65.16999816894531,63.849998474121094,63.849998474121094,63.849998474121094,269500
2023-05-17,64.27999877929688,66.54000091552734,64.06999969482422,66.51000213623047,66.51000213623047,395900
2023-05-18,66.1500015258789,67.79000091552734,65.9000015258789,67.68000030517578,67.68000030517578,291300
2023-05-19,68.30999755859375,68.4000015258789,66.01000213623047,66.04000091552734,66.04000091552734,322200
2023-05-22,66.2699966430664,68.75,66.04000091552734,68.26000213623047,68.26000213623047,498100
2023-05-23,67.83000183105469,69.66000366210938,67.7300033569336,67.9000015258789,67.9000015258789,515300
2023-05-24,67.69000244140625,68.0199966430664,67.05000305175781,67.20999908447266,67.20999908447266,362500
2023-05-25,66.87999725341797,67.05000305175781,65.25,66.08000183105469,66.08000183105469,334800
2023-05-26,66.08000183105469,67.54000091552734,66.0199966430664,67.37999725341797,67.37999725341797,267400
2023-05-30,67.91000366210938,68.29000091552734,66.6500015258789,67.0,67.0,309100
2023-05-31,66.44000244140625,67.05000305175781,64.91000366210938,65.43000030517578,65.43000030517578,497900
2023-06-01,66.81999969482422,67.06999969482422,65.80000305175781,66.41999816894531,66.41999816894531,283800
2023-06-02,67.44999694824219,69.44000244140625,67.41000366210938,69.26000213623047,69.26000213623047,450700
2023-06-05,68.12000274658203,68.62000274658203,67.63999938964844,67.86000061035156,67.86000061035156,352700
2023-06-06,67.5,70.43000030517578,67.30000305175781,70.2699966430664,70.2699966430664,416800
2023-06-07,70.73999786376953,73.68000030517578,70.73999786376953,73.58999633789062,73.58999633789062,520900
2023-06-08,73.19000244140625,73.4000015258789,72.13999938964844,72.70999908447266,72.70999908447266,467800
2023-06-09,72.72000122070312,73.31999969482422,72.0,72.52999877929688,72.52999877929688,243400
2023-06-12,72.51000213623047,73.37000274658203,72.16000366210938,72.80000305175781,72.80000305175781,257300
2023-06-13,73.0,74.30999755859375,72.81999969482422,74.0,74.0,318300
2023-06-14,73.9000015258789,74.5999984741211,71.4800033569336,71.7699966430664,71.7699966430664,287900
2023-06-15,71.29000091552734,73.0999984741211,71.27999877929688,73.02999877929688,73.02999877929688,336100
2023-06-16,73.72000122070312,73.72000122070312,71.97000122070312,72.38999938964844,72.38999938964844,684800
2023-06-20,71.8499984741211,72.12999725341797,70.94000244140625,70.9800033569336,70.9800033569336,304500
2023-06-21,70.44000244140625,71.62000274658203,70.30999755859375,70.9000015258789,70.9000015258789,283400
2023-06-22,70.83000183105469,71.16000366210938,69.5,70.52999877929688,70.52999877929688,236100
2023-06-23,69.19999694824219,71.05999755859375,69.19999694824219,70.31999969482422,70.31999969482422,1586200
2023-06-26,70.11000061035156,72.30999755859375,70.11000061035156,71.97000122070312,71.97000122070312,279500
2023-06-27,71.91000366210938,73.55000305175781,71.2300033569336,73.48999786376953,73.48999786376953,408100
2023-06-28,73.63999938964844,73.95999908447266,72.70999908447266,73.94999694824219,73.94999694824219,358400
2023-06-29,73.8499984741211,75.69999694824219,73.81999969482422,75.41999816894531,75.41999816894531,334800
2023-06-30,75.97000122070312,76.56999969482422,75.31999969482422,75.62999725341797,75.62999725341797,474200
2023-07-03,75.01000213623047,76.33000183105469,75.01000213623047,75.41999816894531,75.41999816894531,109600
2023-07-05,75.48999786376953,75.87000274658203,74.75,75.25,75.25,271800
2023-07-06,74.08000183105469,74.58999633789062,73.56999969482422,74.47000122070312,74.47000122070312,327200
2023-07-07,74.76000213623047,75.70999908447266,74.2300033569336,74.25,74.25,276700
2023-07-10,73.69999694824219,75.56999969482422,73.69999694824219,75.3499984741211,75.3499984741211,281300
2023-07-11,75.77999877929688,77.08000183105469,75.5199966430664,77.0199966430664,77.0199966430664,169100
2023-07-12,78.2699966430664,78.43000030517578,76.80999755859375,77.66000366210938,77.66000366210938,248600
2023-07-13,77.95999908447266,79.58000183105469,77.75,79.4000015258789,79.4000015258789,235800
2023-07-14,78.7699966430664,79.18000030517578,77.94000244140625,78.9800033569336,78.9800033569336,251200
2023-07-17,78.69999694824219,80.44000244140625,78.6500015258789,80.11000061035156,80.11000061035156,187900
2023-07-18,80.11000061035156,82.93000030517578,80.11000061035156,82.8499984741211,82.8499984741211,226200
2023-07-19,83.30000305175781,84.08999633789062,82.87999725341797,83.83000183105469,83.83000183105469,224100
2023-07-20,83.61000061035156,83.72000122070312,80.69000244140625,81.01000213623047,81.01000213623047,386700
2023-07-21,81.6500015258789,81.66999816894531,79.76000213623047,79.94000244140625,79.94000244140625,380900
2023-07-24,79.66999816894531,81.4000015258789,79.44000244140625,81.19999694824219,81.19999694824219,271800
2023-07-25,81.11000061035156,81.69000244140625,80.52999877929688,81.25,81.25,346100
2023-07-26,78.83999633789062,80.43000030517578,78.51000213623047,79.41999816894531,79.41999816894531,670800
2023-07-27,83.08999633789062,86.69000244140625,78.58000183105469,78.62999725341797,78.62999725341797,673500
2023-07-28,79.02999877929688,79.80000305175781,78.5,78.80000305175781,78.80000305175781,382400
2023-07-31,78.4000015258789,78.44999694824219,76.13999938964844,76.31999969482422,76.31999969482422,390400
2023-08-01,76.16999816894531,77.56999969482422,75.8499984741211,77.52999877929688,77.52999877929688,316600
2023-08-02,76.2699966430664,78.52999877929688,76.16999816894531,78.44999694824219,78.44999694824219,275100
2023-08-03,78.30999755859375,80.33999633789062,77.7300033569336,79.88999938964844,79.88999938964844,285100
2023-08-04,79.93000030517578,81.0999984741211,79.48999786376953,79.5,79.5,224000
2023-08-07,79.66999816894531,81.02999877929688,79.38999938964844,80.88999938964844,80.88999938964844,204700
2023-08-08,79.7300033569336,80.31999969482422,78.51000213623047,80.19000244140625,80.19000244140625,155500
2023-08-09,79.87000274658203,79.95999908447266,79.02999877929688,79.37999725341797,79.37999725341797,305300
2023-08-10,79.70999908447266,81.30000305175781,79.6500015258789,80.23999786376953,80.23999786376953,328600
2023-08-11,79.7300033569336,81.29000091552734,79.7300033569336,81.05000305175781,81.05000305175781,224000
2023-08-14,80.48999786376953,81.5999984741211,79.95999908447266,81.58000183105469,81.58000183105469,216600
2023-08-15,80.80000305175781,80.80000305175781,79.33999633789062,79.5199966430664,79.5199966430664,234000
2023-08-16,79.43000030517578,79.94000244140625,78.25,78.51000213623047,78.51000213623047,238400
2023-08-17,78.58999633789062,78.98999786376953,77.91000366210938,78.44999694824219,78.44999694824219,203900
2023-08-18,77.86000061035156,79.41999816894531,77.86000061035156,78.94000244140625,78.94000244140625,225600
2023-08-21,78.83000183105469,80.4000015258789,78.83000183105469,79.94000244140625,79.94000244140625,272700
2023-08-22,80.01000213623047,80.61000061035156,78.81999969482422,79.2699966430664,79.2699966430664,228200
2023-08-23,79.55000305175781,80.23999786376953,79.16000366210938,80.08000183105469,80.08000183105469,157300
2023-08-24,80.05000305175781,80.87000274658203,79.5199966430664,79.66000366210938,79.66000366210938,177600
2023-08-25,80.27999877929688,81.5199966430664,79.55999755859375,80.73999786376953,80.73999786376953,160400
2023-08-28,80.87999725341797,81.68000030517578,80.02999877929688,81.2699966430664,81.2699966430664,177900
2023-08-29,81.05999755859375,82.80000305175781,80.26000213623047,82.79000091552734,82.79000091552734,154600
2023-08-30,82.2699966430664,83.0199966430664,82.2699966430664,82.47000122070312,82.47000122070312,160100
2023-08-31,82.72000122070312,83.56999969482422,82.08000183105469,82.16000366210938,82.16000366210938,189500
2023-09-01,82.93000030517578,83.36000061035156,82.36000061035156,82.5199966430664,82.5199966430664,222800
