Date,Open,High,Low,Close,Adj Close,Volume
1972-06-01,0.0,2.283737897872925,2.2536098957061768,2.2716870307922363,0.010385380126535892,82978
1972-06-02,2.2656610012054443,2.2656610012054443,2.241558074951172,2.247584104537964,0.010275187902152538,120318
1972-06-05,2.2355329990386963,2.2355329990386963,2.19937801361084,2.205404043197632,0.010082360357046127,107871
1972-06-06,2.205404043197632,2.217456102371216,2.1813011169433594,2.1933529376983643,0.010027259588241577,327763
1972-06-07,2.1873269081115723,2.1873269081115723,2.175276041030884,2.175276041030884,0.009944618679583073,43563
1972-06-08,2.175276041030884,2.1873269081115723,2.175276041030884,2.175276041030884,0.009944618679583073,87127
1972-06-09,2.175276041030884,2.175276041030884,2.157198905944824,2.157198905944824,0.00986197218298912,497868
1972-06-12,2.157198905944824,2.1632239818573,2.1330959796905518,2.1330959796905518,0.00975178275257349,109946
1972-06-13,2.1330959796905518,2.169250011444092,2.1089930534362793,2.169250011444092,0.009917066432535648,103722
1972-06-14,2.169250011444092,2.1813011169433594,2.157198905944824,2.1813011169433594,0.009972158819437027,35266
1972-06-15,2.1933529376983643,2.205404043197632,2.1933529376983643,2.205404043197632,0.010082360357046127,62233
1972-06-16,2.217456102371216,2.2536098957061768,2.217456102371216,2.247584104537964,0.010275187902152538,51861
1972-06-19,2.2355329990386963,2.2355329990386963,2.2295069694519043,2.2295069694519043,0.01019254233688116,47712
1972-06-20,2.2295069694519043,2.2656610012054443,2.217456102371216,2.2536098957061768,0.010302736423909664,190849
1972-06-21,2.2777130603790283,2.3138670921325684,2.2777130603790283,2.283737897872925,0.010440466925501823,136914
1972-06-22,2.283737897872925,2.283737897872925,2.283737897872925,2.283737897872925,0.010440466925501823,53936
1972-06-23,2.283737897872925,2.3018150329589844,2.283737897872925,2.283737897872925,0.010440466925501823,95425
1972-06-26,2.283737897872925,2.283737897872925,2.2234809398651123,2.2234809398651123,0.010164993815124035,701164
1972-06-27,2.2295069694519043,2.2596349716186523,2.2295069694519043,2.2355329990386963,0.010220094583928585,350582
1972-06-28,2.2234809398651123,2.2234809398651123,2.19937801361084,2.19937801361084,0.01005480531603098,85052
1972-06-29,2.19937801361084,2.205404043197632,2.157198905944824,2.169250011444092,0.009917066432535648,105797
1972-06-30,2.169250011444092,2.19937801361084,2.157198905944824,2.1873269081115723,0.009999709203839302,109946
1972-07-03,2.1873269081115723,2.19937801361084,2.1813011169433594,2.1933529376983643,0.010027259588241577,47712
1972-07-05,2.1933529376983643,2.217456102371216,2.1933529376983643,2.19937801361084,0.01005480531603098,43563
1972-07-06,2.217456102371216,2.2536098957061768,2.217456102371216,2.247584104537964,0.010275187902152538,141063
1972-07-07,2.2355329990386963,2.2355329990386963,2.1933529376983643,2.211430072784424,0.010109897702932358,134839
1972-07-10,2.211430072784424,2.217456102371216,2.1933529376983643,2.211430072784424,0.010109897702932358,85052
1972-07-11,2.1933529376983643,2.1933529376983643,2.175276041030884,2.175276041030884,0.009944618679583073,20744
1972-07-12,2.175276041030884,2.205404043197632,2.1632239818573,2.205404043197632,0.010082360357046127,47712
1972-07-13,2.1933529376983643,2.1933529376983643,2.169250011444092,2.169250011444092,0.009917066432535648,514464
1972-07-14,2.169250011444092,2.1933529376983643,2.169250011444092,2.1933529376983643,0.010027259588241577,49787
1972-07-17,2.1933529376983643,2.205404043197632,2.1873269081115723,2.1873269081115723,0.009999709203839302,138988
1972-07-18,2.1873269081115723,2.1873269081115723,2.169250011444092,2.169250011444092,0.009917066432535648,132765
1972-07-19,2.169250011444092,2.205404043197632,2.169250011444092,2.205404043197632,0.010082360357046127,99574
1972-07-20,2.19937801361084,2.19937801361084,2.175276041030884,2.175276041030884,0.009944618679583073,91276
1972-07-21,2.169250011444092,2.169250011444092,2.157198905944824,2.169250011444092,0.009917066432535648,62233
1972-07-24,2.1813011169433594,2.211430072784424,2.1813011169433594,2.1933529376983643,0.010027259588241577,369252
1972-07-25,2.1933529376983643,2.205404043197632,2.169250011444092,2.169250011444092,0.009917066432535648,400369
1972-07-26,2.175276041030884,2.19937801361084,2.175276041030884,2.175276041030884,0.009944618679583073,163882
1972-07-27,2.175276041030884,2.1813011169433594,2.1270699501037598,2.1511731147766113,0.009834429249167442,213668
1972-07-28,2.1330959796905518,2.1330959796905518,2.0969419479370117,2.0969419479370117,0.009586503729224205,163882
1972-07-31,2.0848898887634277,2.0848898887634277,2.042710065841675,2.0547618865966797,0.009393672458827496,182552
1972-08-01,2.0306589603424072,2.0306589603424072,1.9764280319213867,2.0306589603424072,0.009360328316688538,369252
1972-08-02,2.036684989929199,2.0788650512695312,2.036684989929199,2.0788650512695312,0.009582540020346642,205371
1972-08-03,2.0909159183502197,2.1150190830230713,2.0909159183502197,2.0969419479370117,0.009665858931839466,116169
1972-08-04,2.0848898887634277,2.0848898887634277,2.0547618865966797,2.0728390216827393,0.009554754942655563,89201
1972-08-07,2.0848898887634277,2.1150190830230713,2.0848898887634277,2.0909159183502197,0.009638084098696709,87127
1972-08-08,2.0909159183502197,2.1089930534362793,2.0788650512695312,2.1089930534362793,0.009721416980028152,182552
1972-08-09,2.1089930534362793,2.1089930534362793,2.0728390216827393,2.0848898887634277,0.009610307402908802,143137
1972-08-10,2.0848898887634277,2.1029670238494873,2.0306589603424072,2.0306589603424072,0.009360328316688538,78829
1972-08-11,2.0306589603424072,2.048736095428467,2.000530958175659,2.048736095428467,0.009443657472729683,356805
1972-08-14,2.048736095428467,2.0668129920959473,2.036684989929199,2.0668129920959473,0.009526976384222507,138988
1972-08-15,2.0668129920959473,2.0788650512695312,2.0547618865966797,2.0547618865966797,0.009471433237195015,1568284
1972-08-16,2.0547618865966797,2.0668129920959473,2.048736095428467,2.0547618865966797,0.009471433237195015,122393
1972-08-17,2.0547618865966797,2.0668129920959473,2.0246329307556152,2.0246329307556152,0.009332548826932907,49787
1972-08-18,2.0246329307556152,2.0668129920959473,2.0125820636749268,2.0607879161834717,0.009499210864305496,180477
1972-08-21,2.0607879161834717,2.1029670238494873,2.0607879161834717,2.0848898887634277,0.009610307402908802,271753
1972-08-22,2.0848898887634277,2.1089930534362793,2.0848898887634277,2.1089930534362793,0.009721416980028152,74680
1972-08-23,2.1089930534362793,2.1330959796905518,2.0969419479370117,2.1330959796905518,0.009832513518631458,122393
1972-08-24,2.1330959796905518,2.169250011444092,2.1270699501037598,2.157198905944824,0.009943610057234764,207445
1972-08-25,2.157198905944824,2.169250011444092,2.1511731147766113,2.1511731147766113,0.009915830567479134,78829
1972-08-28,2.1511731147766113,2.1632239818573,2.1511731147766113,2.1511731147766113,0.009915830567479134,74680
1972-08-29,2.1511731147766113,2.1813011169433594,2.1511731147766113,2.169250011444092,0.0099991699680686,263455
1972-08-30,2.169250011444092,2.1933529376983643,2.169250011444092,2.169250011444092,0.0099991699680686,207445
1972-08-31,2.169250011444092,2.1813011169433594,2.1632239818573,2.169250011444092,0.0099991699680686,265530
1972-09-01,2.169250011444092,2.169250011444092,2.157198905944824,2.169250011444092,0.0099991699680686,66382
1972-09-05,2.169250011444092,2.1813011169433594,2.169250011444092,2.169250011444092,0.0099991699680686,105797
1972-09-06,2.169250011444092,2.1873269081115723,2.169250011444092,2.169250011444092,0.0099991699680686,255157
1972-09-07,2.169250011444092,2.1873269081115723,2.169250011444092,2.175276041030884,0.010026941075921059,68457
1972-09-08,2.175276041030884,2.1933529376983643,2.169250011444092,2.1813011169433594,0.01005471870303154,352656
1972-09-11,2.1813011169433594,2.1873269081115723,2.175276041030884,2.175276041030884,0.010026941075921059,58085
1972-09-12,2.175276041030884,2.1813011169433594,2.1632239818573,2.169250011444092,0.0099991699680686,149360
1972-09-13,2.169250011444092,2.169250011444092,2.1451470851898193,2.1451470851898193,0.009888064116239548,329838
1972-09-14,2.1451470851898193,2.157198905944824,2.1391220092773438,2.1451470851898193,0.009888064116239548,112020
1972-09-15,2.1451470851898193,2.1511731147766113,2.1391220092773438,2.1511731147766113,0.009915830567479134,35266
1972-09-18,2.1511731147766113,2.1511731147766113,2.1451470851898193,2.1451470851898193,0.009888064116239548,14521
1972-09-19,2.1451470851898193,2.1632239818573,2.1330959796905518,2.1632239818573,0.009971384890377522,97499
1972-09-20,2.1632239818573,2.1632239818573,2.1330959796905518,2.1511731147766113,0.009915830567479134,118244
1972-09-21,2.1511731147766113,2.1511731147766113,2.1391220092773438,2.1511731147766113,0.009915830567479134,24893
1972-09-22,2.1511731147766113,2.157198905944824,2.1451470851898193,2.1451470851898193,0.009888064116239548,56010
1972-09-25,2.1451470851898193,2.1451470851898193,2.1270699501037598,2.1270699501037598,0.0098047386854887,558027
1972-09-26,2.1150190830230713,2.1150190830230713,2.048736095428467,2.0607879161834717,0.009499210864305496,387922
1972-09-27,2.0607879161834717,2.0969419479370117,2.0607879161834717,2.0909159183502197,0.009638084098696709,176328
1972-09-28,2.0909159183502197,2.1150190830230713,2.0788650512695312,2.0969419479370117,0.009665858931839466,109946
1972-09-29,2.0969419479370117,2.1089930534362793,2.0788650512695312,2.0909159183502197,0.009638084098696709,307019
1972-10-02,2.0909159183502197,2.0909159183502197,2.0607879161834717,2.0788650512695312,0.009582540020346642,186700
1972-10-03,2.0788650512695312,2.0909159183502197,2.048736095428467,2.0547618865966797,0.009471433237195015,439783
1972-10-04,2.0547618865966797,2.0607879161834717,2.048736095428467,2.0547618865966797,0.009471433237195015,165956
1972-10-05,2.0547618865966797,2.0607879161834717,2.036684989929199,2.036684989929199,0.00938811432570219,89201
1972-10-06,2.036684989929199,2.0547618865966797,2.000530958175659,2.0186080932617188,0.009304785169661045,485421
1972-10-09,2.0186080932617188,2.0186080932617188,2.0065560340881348,2.0065560340881348,0.009249227121472359,26968
1972-10-10,2.0065560340881348,2.0125820636749268,1.9884790182113647,2.000530958175659,0.009221444837749004,174254
1972-10-11,2.0186080932617188,2.042710065841675,2.0186080932617188,2.0246329307556152,0.009332548826932907,267604
1972-10-12,2.0246329307556152,2.0306589603424072,2.000530958175659,2.0065560340881348,0.009249227121472359,60159
1972-10-13,2.0065560340881348,2.0186080932617188,2.000530958175659,2.000530958175659,0.009221444837749004,35266
1972-10-16,2.000530958175659,2.0125820636749268,1.9824529886245728,2.000530958175659,0.009221444837749004,62233
1972-10-17,2.000530958175659,2.000530958175659,1.9643759727478027,1.9643759727478027,0.009054799564182758,76755
1972-10-18,1.9704020023345947,1.9824529886245728,1.9704020023345947,1.9824529886245728,0.009138119406998158,143137
1972-10-19,1.9824529886245728,1.9824529886245728,1.9643759727478027,1.9643759727478027,0.009054799564182758,74680
1972-10-20,1.9643759727478027,1.9764280319213867,1.9462989568710327,1.9704020023345947,0.009082566946744919,109946
1972-10-23,1.9764280319213867,2.0065560340881348,1.9764280319213867,2.000530958175659,0.009221444837749004,138988
1972-10-24,2.000530958175659,2.0246329307556152,1.9945050477981567,1.9945050477981567,0.009193675592541695,319465
1972-10-25,1.9884790182113647,1.9884790182113647,1.9764280319213867,1.9764280319213867,0.009110353887081146,255157
1972-10-26,1.9764280319213867,1.9764280319213867,1.9041190147399902,1.9041190147399902,0.008777042850852013,2416734
1972-10-27,1.9161709547042847,1.9282219409942627,1.9161709547042847,1.9161709547042847,0.008832595311105251,259306
1972-10-30,1.9161709547042847,1.9523249864578247,1.9161709547042847,1.9523249864578247,0.008999250829219818,338135
1972-10-31,1.9583510160446167,2.0125820636749268,1.9583510160446167,1.9884790182113647,0.009165900759398937,468826
1972-11-01,1.9884790182113647,1.9884790182113647,1.9764280319213867,1.9764280319213867,0.009199545718729496,194998
1972-11-02,1.9764280319213867,2.000530958175659,1.9764280319213867,1.9764280319213867,0.009199545718729496,356805
1972-11-03,1.9764280319213867,2.000530958175659,1.9704020023345947,2.000530958175659,0.00931173749268055,201222
1972-11-06,2.000530958175659,2.0125820636749268,2.000530958175659,2.0125820636749268,0.009367836639285088,340210
1972-11-08,2.0125820636749268,2.036684989929199,2.0125820636749268,2.0125820636749268,0.009367836639285088,350582
1972-11-09,2.0065560340881348,2.0065560340881348,1.9884790182113647,1.9884790182113647,0.009255645796656609,255157
1972-11-10,1.9884790182113647,2.0065560340881348,1.9824529886245728,1.9945050477981567,0.009283692575991154,419039
1972-11-13,1.9945050477981567,2.0065560340881348,1.9824529886245728,1.9884790182113647,0.009255645796656609,296646
1972-11-14,1.9884790182113647,1.9884790182113647,1.9643759727478027,1.9643759727478027,0.009143448434770107,159733
1972-11-15,1.9643759727478027,1.9704020023345947,1.9282219409942627,1.9282219409942627,0.008975165896117687,138988
1972-11-16,1.9221969842910767,1.9221969842910767,1.9041190147399902,1.9161709547042847,0.008919070474803448,371326
1972-11-17,1.9161709547042847,1.9583510160446167,1.9041190147399902,1.9523249864578247,0.009087354876101017,275902
1972-11-20,1.9523249864578247,1.9764280319213867,1.9523249864578247,1.9764280319213867,0.009199545718729496,126541
1972-11-21,1.9764280319213867,1.9764280319213867,1.9523249864578247,1.9764280319213867,0.009199545718729496,178403
1972-11-22,1.9764280319213867,1.9764280319213867,1.9523249864578247,1.9704020023345947,0.009171494282782078,636856
1972-11-24,1.9764280319213867,2.000530958175659,1.9764280319213867,2.000530958175659,0.00931173749268055,224041
1972-11-27,2.000530958175659,2.0186080932617188,1.9945050477981567,2.0065560340881348,0.00933978334069252,159733
1972-11-28,2.0065560340881348,2.0065560340881348,1.9764280319213867,1.9884790182113647,0.009255645796656609,182552
1972-11-29,1.9884790182113647,2.0065560340881348,1.9824529886245728,1.9945050477981567,0.009283692575991154,126541
1972-11-30,1.9945050477981567,1.9945050477981567,1.9583510160446167,1.9945050477981567,0.009283692575991154,161807
1972-12-01,1.9945050477981567,1.9945050477981567,1.9402740001678467,1.9583510160446167,0.009115408174693584,2748646
1972-12-04,1.9583510160446167,1.9764280319213867,1.9402740001678467,1.9764280319213867,0.009199545718729496,657601
1972-12-05,1.9764280319213867,1.9945050477981567,1.9764280319213867,1.9884790182113647,0.009255645796656609,512389
1972-12-06,1.9884790182113647,2.036684989929199,1.9764280319213867,2.036684989929199,0.009480026550590992,456379
1972-12-07,2.0547618865966797,2.0848898887634277,2.0547618865966797,2.0848898887634277,0.009704400785267353,833929
1972-12-08,2.0848898887634277,2.1150190830230713,2.0848898887634277,2.1150190830230713,0.009844639338552952,242711
1972-12-11,2.1150190830230713,2.1391220092773438,2.1029670238494873,2.1330959796905518,0.009928780607879162,228189
1972-12-12,2.1270699501037598,2.1270699501037598,2.1089930534362793,2.1210439205169678,0.00987268052995205,143137
1972-12-13,2.1210439205169678,2.1210439205169678,2.0728390216827393,2.0969419479370117,0.009760498069226742,116169
1972-12-14,2.0909159183502197,2.0909159183502197,2.0728390216827393,2.0728390216827393,0.009648305363953114,852599
1972-12-15,2.0607879161834717,2.0607879161834717,2.0065560340881348,2.0065560340881348,0.00933978334069252,850524
1972-12-18,2.0065560340881348,2.0186080932617188,1.9824529886245728,2.0186080932617188,0.009395875036716461,178403
1972-12-19,2.0125820636749268,2.0125820636749268,1.9945050477981567,2.0125820636749268,0.009367836639285088,1010257
1972-12-20,2.0125820636749268,2.0125820636749268,1.9583510160446167,1.9643759727478027,0.009143448434770107,130690
1972-12-21,1.9643759727478027,1.9643759727478027,1.9161709547042847,1.9402740001678467,0.009031261317431927,282125
1972-12-22,1.9402740001678467,1.9523249864578247,1.9221969842910767,1.9402740001678467,0.009031261317431927,80904
1972-12-26,1.9402740001678467,1.9523249864578247,1.9402740001678467,1.9402740001678467,0.009031261317431927,120318
1972-12-27,1.9402740001678467,1.9583510160446167,1.9221969842910767,1.9221969842910767,0.00894712284207344,331912
1972-12-29,1.9221969842910767,1.9523249864578247,1.9221969842910767,1.9462989568710327,0.009059308096766472,246860
1973-01-02,1.9462989568710327,1.9945050477981567,1.9282219409942627,1.9462989568710327,0.009059308096766472,1412700
1973-01-03,1.9462989568710327,1.9643759727478027,1.9462989568710327,1.9643759727478027,0.009143448434770107,180477
1973-01-04,1.9643759727478027,1.9704020023345947,1.9462989568710327,1.9523249864578247,0.009087354876101017,184626
1973-01-05,1.9523249864578247,1.9764280319213867,1.9462989568710327,1.9764280319213867,0.009199545718729496,159733
1973-01-08,1.9764280319213867,1.9884790182113647,1.9523249864578247,1.9643759727478027,0.009143448434770107,180477
1973-01-09,1.9643759727478027,1.9764280319213867,1.9643759727478027,1.9764280319213867,0.009199545718729496,282125
1973-01-10,1.9643759727478027,1.9643759727478027,1.9282219409942627,1.9342479705810547,0.009003212675452232,495793
1973-01-11,1.9462989568710327,1.9704020023345947,1.9462989568710327,1.9704020023345947,0.009171494282782078,149360
1973-01-12,1.9704020023345947,2.000530958175659,1.9462989568710327,1.9523249864578247,0.009087354876101017,114095
1973-01-15,1.9523249864578247,1.9704020023345947,1.9402740001678467,1.9402740001678467,0.009031261317431927,91276
1973-01-16,1.9462989568710327,1.9643759727478027,1.9462989568710327,1.9583510160446167,0.009115408174693584,112020
1973-01-17,1.9583510160446167,1.9583510160446167,1.9161709547042847,1.9282219409942627,0.008975165896117687,172179
1973-01-18,1.9282219409942627,1.9282219409942627,1.9221969842910767,1.9282219409942627,0.008975165896117687,74680
1973-01-19,1.9282219409942627,1.9282219409942627,1.8438630104064941,1.9101450443267822,0.00889102928340435,495793
1973-01-22,1.9101450443267822,1.9101450443267822,1.8800170421600342,1.8920680284500122,0.008806882426142693,136914
1973-01-23,1.8920680284500122,1.8920680284500122,1.8498879671096802,1.8920680284500122,0.008806882426142693,275902
1973-01-24,1.8800170421600342,1.8800170421600342,1.8077080249786377,1.8077080249786377,0.008414223790168762,354731
1973-01-26,1.8077080249786377,1.8257850408554077,1.7655279636383057,1.8077080249786377,0.008414223790168762,943875
1973-01-29,1.8197599649429321,1.8739910125732422,1.8197599649429321,1.8739910125732422,0.008722743019461632,151435
1973-01-30,1.8739910125732422,1.9041190147399902,1.8619400262832642,1.9041190147399902,0.008862980641424656,184626
1973-01-31,1.9041190147399902,1.9161709547042847,1.8920680284500122,1.9041190147399902,0.008947943337261677,587069
1973-02-01,1.9041190147399902,1.9041190147399902,1.8739910125732422,1.8739910125732422,0.008806364610791206,1360839
1973-02-02,1.8739910125732422,1.8860419988632202,1.8619400262832642,1.8619400262832642,0.008749735541641712,101648
1973-02-05,1.8619400262832642,1.8739910125732422,1.8378369808197021,1.8619400262832642,0.008749735541641712,112020
1973-02-06,1.8619400262832642,1.8619400262832642,1.8438630104064941,1.8438630104064941,0.008664784021675587,70531
1973-02-07,1.8438630104064941,1.8619400262832642,1.8378369808197021,1.8498879671096802,0.008693101815879345,101648
1973-02-08,1.8498879671096802,1.8559139966964722,1.8318109512329102,1.8318109512329102,0.008608140051364899,2194768
1973-02-09,1.8318109512329102,1.8739910125732422,1.8257850408554077,1.8498879671096802,0.008693101815879345,161807
1973-02-12,1.8378369808197021,1.8378369808197021,1.8077080249786377,1.8257850408554077,0.008579828776419163,147286
1973-02-13,1.8257850408554077,1.8438630104064941,1.8077080249786377,1.8077080249786377,0.008494882844388485,649303
1973-02-14,1.8077080249786377,1.8257850408554077,1.7655279636383057,1.7836060523986816,0.008381616324186325,240636
1973-02-15,1.7775800228118896,1.7775800228118896,1.7414259910583496,1.7534769773483276,0.008240032941102982,128616
1973-02-16,1.7595030069351196,1.7956570386886597,1.7595030069351196,1.7956570386886597,0.008438250981271267,114095
1973-02-20,1.7956570386886597,1.8077080249786377,1.7353999614715576,1.7595030069351196,0.008268354460597038,273827
1973-02-21,1.7534769773483276,1.7534769773483276,1.7233489751815796,1.7233489751815796,0.008098461665213108,342284
1973-02-22,1.7112970352172852,1.7112970352172852,1.651039958000183,1.657065987586975,0.007786978501826525,176328
1973-02-23,1.657065987586975,1.6871939897537231,1.651039958000183,1.663092017173767,0.007815294899046421,182552
1973-02-26,1.681169033050537,1.6992460489273071,1.681169033050537,1.681169033050537,0.007900240831077099,170105
1973-02-27,1.681169033050537,1.6992460489273071,1.632962942123413,1.632962942123413,0.007673709653317928,1004034
1973-02-28,1.632962942123413,1.7173229455947876,1.626937985420227,1.7173229455947876,0.008070139214396477,304944
1973-03-01,1.7173229455947876,1.7474509477615356,1.7052719593048096,1.7173229455947876,0.008070139214396477,732281
1973-03-02,1.7474509477615356,1.7775800228118896,1.7474509477615356,1.7715539932250977,0.008324980735778809,782068
1973-03-05,1.7715539932250977,1.7836060523986816,1.7595030069351196,1.7595030069351196,0.008268354460597038,535208
1973-03-06,1.7595030069351196,1.7775800228118896,1.7414259910583496,1.7534769773483276,0.008240032941102982,157658
1973-03-07,1.7534769773483276,1.7836060523986816,1.7534769773483276,1.7655279636383057,0.008296659216284752,194998
1973-03-08,1.7655279636383057,1.7715539932250977,1.7534769773483276,1.7655279636383057,0.008296659216284752,114095
1973-03-09,1.7655279636383057,1.8077080249786377,1.7655279636383057,1.7956570386886597,0.008438250981271267,143137
1973-03-12,1.7956570386886597,1.8257850408554077,1.7836060523986816,1.801682949066162,0.008466565981507301,315316
1973-03-13,1.801682949066162,1.8077080249786377,1.7836060523986816,1.7836060523986816,0.008381616324186325,89201
1973-03-14,1.7836060523986816,1.8077080249786377,1.7836060523986816,1.7836060523986816,0.008381616324186325,74680
1973-03-15,1.7836060523986816,1.7956570386886597,1.7595030069351196,1.7715539932250977,0.008324980735778809,60159
1973-03-16,1.7715539932250977,1.7896310091018677,1.7534769773483276,1.7595030069351196,0.008268354460597038,792440
1973-03-19,1.7595030069351196,1.7655279636383057,1.7414259910583496,1.7414259910583496,0.008183406665921211,51861
1973-03-20,1.7293740510940552,1.7293740510940552,1.6932200193405151,1.7293740510940552,0.008126771077513695,120318
1973-03-21,1.7293740510940552,1.7293740510940552,1.6992460489273071,1.6992460489273071,0.0079851895570755,564250
1973-03-22,1.6992460489273071,1.7595030069351196,1.6992460489273071,1.7112970352172852,0.008041818626224995,157658
1973-03-23,1.7112970352172852,1.7112970352172852,1.6992460489273071,1.6992460489273071,0.0079851895570755,240636
1973-03-26,1.6992460489273071,1.7112970352172852,1.6932200193405151,1.7112970352172852,0.008041818626224995,103722
1973-03-27,1.7112970352172852,1.7173229455947876,1.6992460489273071,1.7173229455947876,0.008070139214396477,60159
1973-03-28,1.7173229455947876,1.7353999614715576,1.6992460489273071,1.7233489751815796,0.008098461665213108,80904
1973-03-29,1.7233489751815796,1.7474509477615356,1.7173229455947876,1.7474509477615356,0.008211720734834671,87127
1973-03-30,1.7474509477615356,1.7595030069351196,1.7112970352172852,1.7233489751815796,0.008098461665213108,360954
1973-04-02,1.7233489751815796,1.7353999614715576,1.6992460489273071,1.6992460489273071,0.0079851895570755,95425
1973-04-03,1.6932200193405151,1.6932200193405151,1.6751430034637451,1.681169033050537,0.007900240831077099,381699
1973-04-04,1.681169033050537,1.7293740510940552,1.6751430034637451,1.6992460489273071,0.0079851895570755,85052
1973-04-05,1.6992460489273071,1.6992460489273071,1.6751430034637451,1.6751430034637451,0.00787192303687334,101648
1973-04-06,1.6691169738769531,1.6691169738769531,1.645015001296997,1.651039958000183,0.007758654188364744,155584
1973-04-09,1.651039958000183,1.6932200193405151,1.651039958000183,1.681169033050537,0.007900240831077099,58085
1973-04-10,1.681169033050537,1.7052719593048096,1.6751430034637451,1.6871939897537231,0.007928556762635708,350582
1973-04-11,1.7052719593048096,1.7595030069351196,1.7052719593048096,1.7595030069351196,0.008268354460597038,97499
1973-04-12,1.7595030069351196,1.7715539932250977,1.7414259910583496,1.7414259910583496,0.008183406665921211,632707
1973-04-13,1.7414259910583496,1.7474509477615356,1.7293740510940552,1.7353999614715576,0.00815508607774973,103722
1973-04-16,1.7353999614715576,1.7414259910583496,1.7112970352172852,1.7233489751815796,0.008098461665213108,78829
1973-04-17,1.7233489751815796,1.7534769773483276,1.7233489751815796,1.7534769773483276,0.008240032941102982,56010
1973-04-18,1.7534769773483276,1.7775800228118896,1.7414259910583496,1.7414259910583496,0.008183406665921211,72606
1973-04-19,1.7414259910583496,1.7655279636383057,1.7414259910583496,1.7534769773483276,0.008240032941102982,51861
1973-04-23,1.7534769773483276,1.7775800228118896,1.7534769773483276,1.7534769773483276,0.008240032941102982,95425
1973-04-24,1.7534769773483276,1.7595030069351196,1.7233489751815796,1.7233489751815796,0.008098461665213108,163882
1973-04-25,1.7112970352172852,1.7112970352172852,1.6751430034637451,1.6751430034637451,0.00787192303687334,321540
1973-04-26,1.6751430034637451,1.7112970352172852,1.6691169738769531,1.6751430034637451,0.00787192303687334,124467
1973-04-27,1.6751430034637451,1.7052719593048096,1.645015001296997,1.645015001296997,0.007730346173048019,89201
1973-04-30,1.645015001296997,1.663092017173767,1.645015001296997,1.645015001296997,0.007730346173048019,68457
1973-05-01,1.645015001296997,1.6751430034637451,1.645015001296997,1.6691169738769531,0.00784360896795988,53936
1973-05-02,1.6691169738769531,1.6751430034637451,1.651039958000183,1.651039958000183,0.007843618281185627,120318
1973-05-03,1.651039958000183,1.657065987586975,1.6028350591659546,1.638988971710205,0.007786373607814312,209519
1973-05-04,1.651039958000183,1.663092017173767,1.620911955833435,1.663092017173767,0.007900883443653584,251008
1973-05-07,1.6691169738769531,1.6932200193405151,1.6691169738769531,1.6932200193405151,0.008044004440307617,89201
1973-05-08,1.6932200193405151,1.6932200193405151,1.681169033050537,1.6932200193405151,0.008044004440307617,85052
1973-05-09,1.681169033050537,1.681169033050537,1.6088600158691406,1.6088600158691406,0.0076432302594184875,72606
1973-05-10,1.620911955833435,1.663092017173767,1.620911955833435,1.620911955833435,0.0077004870399832726,126541
1973-05-11,1.620911955833435,1.651039958000183,1.620911955833435,1.626937985420227,0.007729115895926952,89201
1973-05-14,1.626937985420227,1.6691169738769531,1.626937985420227,1.626937985420227,0.007729115895926952,298721
1973-05-15,1.626937985420227,1.626937985420227,1.5968090295791626,1.6088600158691406,0.0076432302594184875,39415
1973-05-16,1.620911955833435,1.663092017173767,1.620911955833435,1.620911955833435,0.0077004870399832726,176328
1973-05-17,1.620911955833435,1.638988971710205,1.6088600158691406,1.620911955833435,0.0077004870399832726,72606
1973-05-18,1.6088600158691406,1.6088600158691406,1.5666810274124146,1.5666810274124146,0.007442854810506105,64308
1973-05-21,1.5486030578613281,1.5486030578613281,1.4160380363464355,1.4461669921875,0.006870327051728964,277976
1973-05-22,1.4461669921875,1.476294994354248,1.42808997631073,1.470268964767456,0.006984831765294075,186700
1973-05-23,1.470268964767456,1.51847505569458,1.470268964767456,1.51847505569458,0.007213840261101723,89201
1973-05-24,1.51847505569458,1.5606549978256226,1.5064239501953125,1.5606549978256226,0.007414225488901138,209519
1973-05-25,1.5787320137023926,1.5968090295791626,1.5787320137023926,1.5968090295791626,0.007585985120385885,103722
1973-05-29,1.5968090295791626,1.620911955833435,1.5666810274124146,1.6088600158691406,0.0076432302594184875,186700
1973-05-30,1.5907829999923706,1.5907829999923706,1.5365519523620605,1.5365519523620605,0.007299714721739292,143137
1973-05-31,1.51847505569458,1.51847505569458,1.476294994354248,1.476294994354248,0.007013455033302307,203296
1973-06-01,1.476294994354248,1.488347053527832,1.476294994354248,1.488347053527832,0.007070709019899368,70531
1973-06-04,1.488347053527832,1.51847505569458,1.476294994354248,1.488347053527832,0.007070709019899368,665898
1973-06-05,1.488347053527832,1.488347053527832,1.458217978477478,1.476294994354248,0.007013455033302307,97499
1973-06-06,1.476294994354248,1.51847505569458,1.470268964767456,1.5064239501953125,0.00715659512206912,97499
1973-06-07,1.5064239501953125,1.51847505569458,1.476294994354248,1.476294994354248,0.007013455033302307,68457
1973-06-08,1.476294994354248,1.5064239501953125,1.476294994354248,1.476294994354248,0.007013455033302307,114095
1973-06-11,1.476294994354248,1.488347053527832,1.476294994354248,1.488347053527832,0.007070709019899368,45638
1973-06-12,1.488347053527832,1.5365519523620605,1.488347053527832,1.51847505569458,0.007213840261101723,234413
1973-06-13,1.5365519523620605,1.5666810274124146,1.5365519523620605,1.5486030578613281,0.007356966845691204,101648
1973-06-14,1.5486030578613281,1.5907829999923706,1.5365519523620605,1.5486030578613281,0.007356966845691204,205371
1973-06-15,1.5486030578613281,1.5907829999923706,1.51847505569458,1.5486030578613281,0.007356966845691204,236487
1973-06-18,1.5486030578613281,1.5486030578613281,1.5064239501953125,1.51847505569458,0.007213840261101723,1180362
1973-06-19,1.51847505569458,1.5486030578613281,1.476294994354248,1.476294994354248,0.007013455033302307,203296
1973-06-20,1.50039803981781,1.5365519523620605,1.50039803981781,1.5064239501953125,0.00715659512206912,155584
1973-06-21,1.5064239501953125,1.5064239501953125,1.488347053527832,1.488347053527832,0.007070709019899368,47712
1973-06-22,1.488347053527832,1.50039803981781,1.476294994354248,1.488347053527832,0.007070709019899368,95425
1973-06-25,1.488347053527832,1.50039803981781,1.476294994354248,1.50039803981781,0.007127965334802866,56010
1973-06-26,1.50039803981781,1.51847505569458,1.476294994354248,1.50039803981781,0.007127965334802866,47712
1973-06-27,1.488347053527832,1.488347053527832,1.470268964767456,1.476294994354248,0.007013455033302307,97499
1973-06-28,1.476294994354248,1.476294994354248,1.458217978477478,1.470268964767456,0.006984831765294075,64308
1973-06-29,1.470268964767456,1.488347053527832,1.458217978477478,1.476294994354248,0.007013455033302307,43563
1973-07-02,1.476294994354248,1.476294994354248,1.4461669921875,1.476294994354248,0.007013455033302307,51861
1973-07-03,1.476294994354248,1.476294994354248,1.4461669921875,1.458217978477478,0.00692758010700345,56010
1973-07-05,1.458217978477478,1.476294994354248,1.458217978477478,1.476294994354248,0.007013455033302307,37340
1973-07-06,1.476294994354248,1.476294994354248,1.440140962600708,1.440140962600708,0.006841703318059444,493719
1973-07-09,1.440140962600708,1.458217978477478,1.440140962600708,1.458217978477478,0.00692758010700345,145211
1973-07-10,1.458217978477478,1.476294994354248,1.458217978477478,1.458217978477478,0.00692758010700345,76755
1973-07-11,1.458217978477478,1.50039803981781,1.458217978477478,1.50039803981781,0.007127965334802866,242711
1973-07-12,1.50039803981781,1.5064239501953125,1.488347053527832,1.488347053527832,0.007070709019899368,85052
1973-07-13,1.488347053527832,1.488347053527832,1.458217978477478,1.458217978477478,0.00692758010700345,64308
1973-07-16,1.458217978477478,1.458217978477478,1.4461669921875,1.4461669921875,0.006870327051728964,72606
1973-07-17,1.4461669921875,1.488347053527832,1.4461669921875,1.476294994354248,0.007013455033302307,228189
1973-07-18,1.476294994354248,1.5064239501953125,1.476294994354248,1.5064239501953125,0.00715659512206912,350582
1973-07-19,1.5064239501953125,1.5666810274124146,1.488347053527832,1.5486030578613281,0.007356966845691204,226115
1973-07-20,1.5486030578613281,1.6088600158691406,1.5486030578613281,1.6088600158691406,0.0076432302594184875,126541
1973-07-23,1.620911955833435,1.6992460489273071,1.620911955833435,1.681169033050537,0.00798675138503313,429411
1973-07-24,1.681169033050537,1.6932200193405151,1.651039958000183,1.681169033050537,0.00798675138503313,296646
1973-07-25,1.681169033050537,1.7112970352172852,1.6691169738769531,1.6932200193405151,0.008044004440307617,97499
1973-07-26,1.6932200193405151,1.7233489751815796,1.6691169738769531,1.681169033050537,0.00798675138503313,182552
1973-07-27,1.681169033050537,1.7112970352172852,1.681169033050537,1.6932200193405151,0.008044004440307617,105797
1973-07-30,1.681169033050537,1.681169033050537,1.626937985420227,1.6691169738769531,0.00792949739843607,163882
1973-07-31,1.6691169738769531,1.6932200193405151,1.663092017173767,1.663092017173767,0.007900883443653584,87127
1973-08-01,1.663092017173767,1.663092017173767,1.638988971710205,1.651039958000183,0.007843618281185627,76755
1973-08-02,1.620911955833435,1.620911955833435,1.5787320137023926,1.5907829999923706,0.0076579563319683075,78829
1973-08-03,1.5907829999923706,1.6088600158691406,1.5787320137023926,1.5907829999923706,0.0076579563319683075,385848
1973-08-06,1.5907829999923706,1.6088600158691406,1.5486030578613281,1.5787320137023926,0.007599949836730957,114095
1973-08-07,1.5787320137023926,1.5968090295791626,1.5666810274124146,1.5666810274124146,0.007541932165622711,43563
1973-08-08,1.5666810274124146,1.5666810274124146,1.5606549978256226,1.5606549978256226,0.0075129237957298756,29042
1973-08-09,1.5606549978256226,1.5606549978256226,1.5486030578613281,1.5606549978256226,0.0075129237957298756,47712
1973-08-10,1.5606549978256226,1.5666810274124146,1.5486030578613281,1.5606549978256226,0.0075129237957298756,60159
1973-08-13,1.5606549978256226,1.5968090295791626,1.5606549978256226,1.5606549978256226,0.0075129237957298756,97499
1973-08-14,1.5606549978256226,1.5907829999923706,1.5606549978256226,1.5907829999923706,0.0076579563319683075,51861
1973-08-15,1.5907829999923706,1.5907829999923706,1.5666810274124146,1.5907829999923706,0.0076579563319683075,128616
1973-08-16,1.5968090295791626,1.620911955833435,1.5968090295791626,1.6088600158691406,0.007744978182017803,72606
1973-08-17,1.6088600158691406,1.620911955833435,1.5787320137023926,1.6088600158691406,0.007744978182017803,122393
1973-08-20,1.6088600158691406,1.6088600158691406,1.5907829999923706,1.5968090295791626,0.007686971221119165,72606
1973-08-21,1.5968090295791626,1.5968090295791626,1.5666810274124146,1.5666810274124146,0.007541932165622711,282125
1973-08-22,1.5666810274124146,1.5666810274124146,1.5486030578613281,1.5486030578613281,0.0074549042619764805,35266
1973-08-23,1.5606549978256226,1.5787320137023926,1.5606549978256226,1.5606549978256226,0.0075129237957298756,39415
1973-08-24,1.5606549978256226,1.5666810274124146,1.5486030578613281,1.5486030578613281,0.0074549042619764805,56010
1973-08-27,1.5606549978256226,1.5666810274124146,1.5606549978256226,1.5606549978256226,0.0075129237957298756,43563
1973-08-28,1.5606549978256226,1.5666810274124146,1.5486030578613281,1.5666810274124146,0.007541932165622711,89201
1973-08-29,1.5666810274124146,1.5666810274124146,1.5486030578613281,1.5606549978256226,0.0075129237957298756,288349
1973-08-30,1.5606549978256226,1.5666810274124146,1.5606549978256226,1.5666810274124146,0.007541932165622711,39415
1973-08-31,1.5666810274124146,1.5666810274124146,1.5606549978256226,1.5666810274124146,0.007541932165622711,26968
1973-09-04,1.5907829999923706,1.6088600158691406,1.5907829999923706,1.5968090295791626,0.007686971221119165,143137
1973-09-05,1.5968090295791626,1.620911955833435,1.5787320137023926,1.620911955833435,0.0078029935248196125,80904
1973-09-06,1.638988971710205,1.663092017173767,1.638988971710205,1.651039958000183,0.007948031648993492,240636
1973-09-07,1.651039958000183,1.6691169738769531,1.651039958000183,1.6691169738769531,0.00803506188094616,236487
1973-09-10,1.6691169738769531,1.681169033050537,1.663092017173767,1.681169033050537,0.008093074895441532,70531
1973-09-11,1.681169033050537,1.681169033050537,1.638988971710205,1.663092017173767,0.00800605583935976,124467
1973-09-12,1.651039958000183,1.651039958000183,1.620911955833435,1.651039958000183,0.007948031648993492,47712
1973-09-13,1.651039958000183,1.651039958000183,1.620911955833435,1.620911955833435,0.0078029935248196125,333986
1973-09-14,1.620911955833435,1.6691169738769531,1.620911955833435,1.651039958000183,0.007948031648993492,373401
1973-09-17,1.651039958000183,1.663092017173767,1.626937985420227,1.638988971710205,0.007890027016401291,155584
1973-09-18,1.638988971710205,1.6691169738769531,1.626937985420227,1.6691169738769531,0.00803506188094616,80904
1973-09-19,1.6691169738769531,1.6932200193405151,1.663092017173767,1.6932200193405151,0.008151081390678883,280051
1973-09-20,1.6932200193405151,1.7896310091018677,1.6932200193405151,1.7836060523986816,0.008586199954152107,653452
1973-09-21,1.7715539932250977,1.7715539932250977,1.7534769773483276,1.7715539932250977,0.008528182283043861,78829
1973-09-24,1.7715539932250977,1.7836060523986816,1.6932200193405151,1.7233489751815796,0.008296126499772072,371326
1973-09-25,1.7233489751815796,1.7595030069351196,1.7233489751815796,1.7595030069351196,0.008470172062516212,120318
1973-09-26,1.7715539932250977,1.7896310091018677,1.7715539932250977,1.7715539932250977,0.008528182283043861,207445
1973-09-27,1.7715539932250977,1.8137340545654297,1.7534769773483276,1.7595030069351196,0.008470172062516212,182552
1973-09-28,1.7595030069351196,1.7836060523986816,1.7233489751815796,1.7715539932250977,0.008528182283043861,215743
1973-10-01,1.7715539932250977,1.7836060523986816,1.7595030069351196,1.7715539932250977,0.008528182283043861,97499
1973-10-02,1.7715539932250977,1.7896310091018677,1.7414259910583496,1.7896310091018677,0.008615203201770782,153509
1973-10-03,1.801682949066162,1.8318109512329102,1.801682949066162,1.8137340545654297,0.008731240406632423,190849
1973-10-04,1.8137340545654297,1.8197599649429321,1.7896310091018677,1.8137340545654297,0.008731240406632423,176328
1973-10-05,1.8137340545654297,1.8498879671096802,1.8137340545654297,1.8438630104064941,0.008876276202499866,192924
1973-10-08,1.8438630104064941,1.8619400262832642,1.8137340545654297,1.8619400262832642,0.008963300846517086,265530
1973-10-09,1.8619400262832642,1.8800170421600342,1.8619400262832642,1.8739910125732422,0.009021309204399586,209519
1973-10-10,1.8739910125732422,1.9161709547042847,1.8619400262832642,1.8800170421600342,0.009050318039953709,309093
1973-10-11,1.8800170421600342,1.8800170421600342,1.8438630104064941,1.8800170421600342,0.009050318039953709,151435
1973-10-12,1.8800170421600342,1.9342479705810547,1.8438630104064941,1.9342479705810547,0.009311381727457047,365103
1973-10-15,1.9041190147399902,1.9041190147399902,1.8498879671096802,1.8498879671096802,0.008905282244086266,228189
1973-10-16,1.8498879671096802,1.8800170421600342,1.7896310091018677,1.8739910125732422,0.009021309204399586,219892
1973-10-17,1.8739910125732422,1.9041190147399902,1.8619400262832642,1.8920680284500122,0.009108328260481358,360954
1973-10-18,1.8920680284500122,1.8920680284500122,1.8739910125732422,1.8920680284500122,0.009108328260481358,136914
1973-10-19,1.8800170421600342,1.8800170421600342,1.8498879671096802,1.8739910125732422,0.009021309204399586,176328
1973-10-22,1.8498879671096802,1.8498879671096802,1.8137340545654297,1.8137340545654297,0.008731240406632423,76755
1973-10-23,1.8137340545654297,1.8318109512329102,1.7896310091018677,1.8197599649429321,0.008760244585573673,89201
1973-10-24,1.8137340545654297,1.8137340545654297,1.7896310091018677,1.8137340545654297,0.008731240406632423,126541
1973-10-25,1.8137340545654297,1.8137340545654297,1.7896310091018677,1.7896310091018677,0.008615203201770782,53936
1973-10-26,1.7896310091018677,1.7896310091018677,1.7595030069351196,1.7715539932250977,0.008528182283043861,251008
1973-10-29,1.7715539932250977,1.7715539932250977,1.7414259910583496,1.7715539932250977,0.008528182283043861,188775
1973-10-30,1.7414259910583496,1.7414259910583496,1.6691169738769531,1.7233489751815796,0.008296126499772072,300795
1973-10-31,1.7112970352172852,1.7112970352172852,1.6691169738769531,1.6691169738769531,0.00803506188094616,124467
1973-11-01,1.620911955833435,1.651039958000183,1.620911955833435,1.651039958000183,0.008052674122154713,78829
1973-11-02,1.651039958000183,1.651039958000183,1.6088600158691406,1.620911955833435,0.007905728183686733,184626
1973-11-05,1.5968090295791626,1.5968090295791626,1.5666810274124146,1.5907829999923706,0.007758782245218754,64308
1973-11-06,1.5907829999923706,1.620911955833435,1.5907829999923706,1.5968090295791626,0.007788177579641342,56010
1973-11-07,1.6088600158691406,1.626937985420227,1.6088600158691406,1.626937985420227,0.007935120724141598,68457
1973-11-08,1.626937985420227,1.626937985420227,1.5907829999923706,1.5907829999923706,0.007758782245218754,105797
1973-11-09,1.5907829999923706,1.6088600158691406,1.5606549978256226,1.5968090295791626,0.007788177579641342,89201
1973-11-12,1.5787320137023926,1.5787320137023926,1.5064239501953125,1.5064239501953125,0.007347341626882553,120318
1973-11-13,1.5064239501953125,1.5064239501953125,1.458217978477478,1.476294994354248,0.007200384978204966,402443
1973-11-14,1.476294994354248,1.5064239501953125,1.4160380363464355,1.4160380363464355,0.006906496360898018,657601
1973-11-15,1.4160380363464355,1.4160380363464355,1.3557809591293335,1.3979610204696655,0.006818327587097883,462602
1973-11-16,1.3979610204696655,1.458217978477478,1.3859100341796875,1.4461669921875,0.007053441368043423,186700
1973-11-19,1.42808997631073,1.42808997631073,1.2533440589904785,1.283473014831543,0.00625993125140667,437709
1973-11-20,1.283473014831543,1.313601016998291,1.2533440589904785,1.283473014831543,0.00625993125140667,1111905
1973-11-21,1.283473014831543,1.295524001121521,1.265395998954773,1.295524001121521,0.006318703759461641,165956
1973-11-23,1.295524001121521,1.3075759410858154,1.2533440589904785,1.265395998954773,0.006171766202896833,172179
1973-11-26,1.265395998954773,1.265395998954773,1.1750099658966064,1.1870620250701904,0.0057897018268704414,153509
1973-11-27,1.1870620250701904,1.2232160568237305,1.1629589796066284,1.1870620250701904,0.0057897018268704414,184626
1973-11-28,1.2051390409469604,1.2232160568237305,1.2051390409469604,1.2171900272369385,0.005936646368354559,406592
1973-11-29,1.2171900272369385,1.2352670431137085,1.2051390409469604,1.2171900272369385,0.005936646368354559,219892
1973-11-30,1.2051390409469604,1.2051390409469604,1.1629589796066284,1.1629589796066284,0.005672140512615442,522761
1973-12-03,1.1629589796066284,1.1870620250701904,1.1448819637298584,1.1629589796066284,0.005672140512615442,273827
1973-12-04,1.1629589796066284,1.1870620250701904,1.102702021598816,1.120779037475586,0.005466414615511894,354731
1973-12-05,1.120779037475586,1.1569329500198364,1.084625005722046,1.084625005722046,0.005290081724524498,178403
1973-12-06,1.084625005722046,1.1448819637298584,1.084625005722046,1.090651035308838,0.005319469608366489,389997
1973-12-07,1.090651035308838,1.1750099658966064,1.084625005722046,1.1569329500198364,0.005642753094434738,168030
1973-12-10,1.1569329500198364,1.2533440589904785,1.1448819637298584,1.2232160568237305,0.0059660328552126884,257232
1973-12-11,1.2352670431137085,1.295524001121521,1.2352670431137085,1.2533440589904785,0.006112981587648392,282125
1973-12-12,1.2533440589904785,1.2533440589904785,1.2232160568237305,1.2232160568237305,0.0059660328552126884,116169
1973-12-13,1.2232160568237305,1.2352670431137085,1.1870620250701904,1.1870620250701904,0.0057897018268704414,300795
1973-12-14,1.1870620250701904,1.2533440589904785,1.1870620250701904,1.247318983078003,0.006083595100790262,138988
1973-12-17,1.247318983078003,1.247318983078003,1.2051390409469604,1.2171900272369385,0.005936646368354559,356805
1973-12-18,1.2171900272369385,1.2352670431137085,1.1870620250701904,1.1930880546569824,0.005819092970341444,271753
1973-12-19,1.1930880546569824,1.1930880546569824,1.1629589796066284,1.1870620250701904,0.0057897018268704414,217817
1973-12-20,1.1870620250701904,1.2171900272369385,1.1629589796066284,1.1750099658966064,0.005730917211622,136914
1973-12-21,1.1750099658966064,1.2232160568237305,1.1750099658966064,1.1870620250701904,0.0057897018268704414,497868
1973-12-24,1.1870620250701904,1.1870620250701904,1.1448819637298584,1.1569329500198364,0.005642753094434738,211594
1973-12-26,1.1569329500198364,1.1870620250701904,1.1569329500198364,1.1569329500198364,0.005642753094434738,124467
1973-12-27,1.1629589796066284,1.2533440589904785,1.1629589796066284,1.2533440589904785,0.006112981587648392,163882
1973-12-28,1.2533440589904785,1.2533440589904785,1.2232160568237305,1.247318983078003,0.006083595100790262,230264
1973-12-31,1.247318983078003,1.277446985244751,1.2352670431137085,1.2533440589904785,0.006112981587648392,228189
1974-01-02,1.2533440589904785,1.2533440589904785,1.2352670431137085,1.2533440589904785,0.006112981587648392,331912
1974-01-03,1.283473014831543,1.3738579750061035,1.283473014831543,1.3738579750061035,0.006700768135488033,153509
1974-01-04,1.3738579750061035,1.3738579750061035,1.3437299728393555,1.3557809591293335,0.006612598896026611,56010
1974-01-07,1.3437299728393555,1.3437299728393555,1.3256529569625854,1.3377039432525635,0.006524430587887764,39415
1974-01-08,1.3377039432525635,1.3557809591293335,1.3377039432525635,1.3437299728393555,0.006553817540407181,72606
1974-01-09,1.3256529569625854,1.3256529569625854,1.277446985244751,1.295524001121521,0.006318703759461641,141063
1974-01-10,1.295524001121521,1.295524001121521,1.2533440589904785,1.2533440589904785,0.006112981587648392,89201
1974-01-11,1.2533440589904785,1.283473014831543,1.2533440589904785,1.283473014831543,0.00625993125140667,759249
1974-01-14,1.283473014831543,1.3075759410858154,1.277446985244751,1.295524001121521,0.006318703759461641,87127
1974-01-15,1.295524001121521,1.3075759410858154,1.277446985244751,1.283473014831543,0.00625993125140667,47712
1974-01-16,1.295524001121521,1.3437299728393555,1.295524001121521,1.3377039432525635,0.006524430587887764,95425
1974-01-17,1.3256529569625854,1.3256529569625854,1.283473014831543,1.313601016998291,0.006406872067600489,275902
1974-01-18,1.313601016998291,1.3377039432525635,1.295524001121521,1.3075759410858154,0.0063774846494197845,277976
1974-01-21,1.3075759410858154,1.313601016998291,1.277446985244751,1.277446985244751,0.006230536848306656,230264
1974-01-22,1.277446985244751,1.295524001121521,1.277446985244751,1.277446985244751,0.006230536848306656,174254
1974-01-23,1.277446985244751,1.295524001121521,1.277446985244751,1.283473014831543,0.00625993125140667,192924
1974-01-24,1.283473014831543,1.3075759410858154,1.2533440589904785,1.277446985244751,0.006230536848306656,95425
1974-01-25,1.277446985244751,1.283473014831543,1.2352670431137085,1.265395998954773,0.006171766202896833,213668
1974-01-28,1.265395998954773,1.3075759410858154,1.2533440589904785,1.3075759410858154,0.0063774846494197845,64308
1974-01-29,1.313601016998291,1.3738579750061035,1.313601016998291,1.3557809591293335,0.006612598896026611,89201
1974-01-30,1.3557809591293335,1.3557809591293335,1.313601016998291,1.3437299728393555,0.006553817540407181,122393
1974-01-31,1.3557809591293335,1.3557809591293335,1.3075759410858154,1.3256529569625854,0.006571735255420208,97499
1974-02-01,1.3256529569625854,1.3377039432525635,1.295524001121521,1.3075759410858154,0.006482115481048822,147286
1974-02-04,1.295524001121521,1.295524001121521,1.247318983078003,1.277446985244751,0.006332758814096451,253083
1974-02-05,1.277446985244751,1.283473014831543,1.2533440589904785,1.283473014831543,0.006362635176628828,37340
1974-02-06,1.283473014831543,1.283473014831543,1.2352670431137085,1.247318983078003,0.006183407735079527,64308
1974-02-07,1.247318983078003,1.295524001121521,1.247318983078003,1.295524001121521,0.006422367412596941,120318
1974-02-08,1.295524001121521,1.295524001121521,1.277446985244751,1.295524001121521,0.006422367412596941,120318
1974-02-11,1.295524001121521,1.3075759410858154,1.283473014831543,1.295524001121521,0.006422367412596941,153509
1974-02-12,1.295524001121521,1.313601016998291,1.283473014831543,1.295524001121521,0.006422367412596941,97499
1974-02-13,1.295524001121521,1.295524001121521,1.295524001121521,1.295524001121521,0.006422367412596941,37340
1974-02-14,1.295524001121521,1.3256529569625854,1.295524001121521,1.313601016998291,0.006511985324323177,265530
1974-02-15,1.3075759410858154,1.3075759410858154,1.283473014831543,1.295524001121521,0.006422367412596941,145211
1974-02-19,1.295524001121521,1.3075759410858154,1.283473014831543,1.283473014831543,0.006362635176628828,159733
1974-02-20,1.283473014831543,1.313601016998291,1.277446985244751,1.313601016998291,0.006511985324323177,87127
1974-02-21,1.313601016998291,1.3437299728393555,1.295524001121521,1.3256529569625854,0.006571735255420208,105797
1974-02-22,1.3256529569625854,1.3256529569625854,1.277446985244751,1.313601016998291,0.006511985324323177,72606
1974-02-25,1.313601016998291,1.3377039432525635,1.277446985244751,1.295524001121521,0.006422367412596941,76755
1974-02-26,1.295524001121521,1.295524001121521,1.283473014831543,1.295524001121521,0.006422367412596941,116169
1974-02-27,1.295524001121521,1.3075759410858154,1.295524001121521,1.3075759410858154,0.006482115481048822,72606
1974-02-28,1.3075759410858154,1.3256529569625854,1.3075759410858154,1.3256529569625854,0.006571735255420208,103722
1974-03-01,1.313601016998291,1.313601016998291,1.3075759410858154,1.3075759410858154,0.006482115481048822,960470
1974-03-04,1.3075759410858154,1.3557809591293335,1.295524001121521,1.3557809591293335,0.006721088662743568,68457
1974-03-05,1.3738579750061035,1.4160380363464355,1.3738579750061035,1.3979610204696655,0.006930194795131683,232338
1974-03-06,1.3979610204696655,1.3979610204696655,1.3859100341796875,1.3979610204696655,0.006930194795131683,221966
1974-03-07,1.3979610204696655,1.3979610204696655,1.3738579750061035,1.3979610204696655,0.006930194795131683,53936
1974-03-08,1.3859100341796875,1.3859100341796875,1.3678330183029175,1.3859100341796875,0.006870452780276537,134839
1974-03-11,1.3859100341796875,1.3979610204696655,1.3738579750061035,1.3979610204696655,0.006930194795131683,1553763
1974-03-12,1.3979610204696655,1.4160380363464355,1.3979610204696655,1.4160380363464355,0.007019806187599897,64308
1974-03-13,1.4160380363464355,1.4160380363464355,1.3979610204696655,1.41001296043396,0.006989934016019106,109946
1974-03-14,1.4160380363464355,1.476294994354248,1.4160380363464355,1.4461669921875,0.007169162388890982,132765
1974-03-15,1.4461669921875,1.476294994354248,1.440140962600708,1.4461669921875,0.007169162388890982,103722
1974-03-18,1.4461669921875,1.50039803981781,1.3979610204696655,1.4160380363464355,0.007019806187599897,323614
1974-03-19,1.4160380363464355,1.440140962600708,1.3979610204696655,1.4160380363464355,0.007019806187599897,163882
1974-03-20,1.4160380363464355,1.42808997631073,1.41001296043396,1.41001296043396,0.006989934016019106,47712
1974-03-21,1.41001296043396,1.4160380363464355,1.41001296043396,1.4160380363464355,0.007019806187599897,47712
1974-03-22,1.42808997631073,1.4461669921875,1.42808997631073,1.4461669921875,0.007169162388890982,20744
1974-03-25,1.440140962600708,1.440140962600708,1.41001296043396,1.4160380363464355,0.007019806187599897,87127
1974-03-26,1.440140962600708,1.476294994354248,1.440140962600708,1.440140962600708,0.007139293011277914,192924
1974-03-27,1.440140962600708,1.458217978477478,1.440140962600708,1.440140962600708,0.007139293011277914,45638
1974-03-28,1.440140962600708,1.4461669921875,1.41001296043396,1.41001296043396,0.006989934016019106,213668
1974-03-29,1.41001296043396,1.4160380363464355,1.3979610204696655,1.41001296043396,0.006989934016019106,97499
1974-04-01,1.3979610204696655,1.3979610204696655,1.3738579750061035,1.3859100341796875,0.006870452780276537,101648
1974-04-02,1.3859100341796875,1.3979610204696655,1.3738579750061035,1.3859100341796875,0.006870452780276537,39415
1974-04-03,1.3859100341796875,1.3979610204696655,1.3859100341796875,1.3979610204696655,0.006930194795131683,62233
1974-04-04,1.41001296043396,1.4160380363464355,1.41001296043396,1.41001296043396,0.006989934016019106,80904
1974-04-05,1.41001296043396,1.4160380363464355,1.3979610204696655,1.4160380363464355,0.007019806187599897,105797
1974-04-08,1.4160380363464355,1.4160380363464355,1.3979610204696655,1.4160380363464355,0.007019806187599897,39415
1974-04-09,1.4160380363464355,1.440140962600708,1.4160380363464355,1.4160380363464355,0.007019806187599897,37340
1974-04-10,1.4160380363464355,1.42808997631073,1.3859100341796875,1.3979610204696655,0.006930194795131683,188775
1974-04-11,1.3979610204696655,1.3979610204696655,1.3859100341796875,1.3859100341796875,0.006870452780276537,165956
1974-04-15,1.3859100341796875,1.3979610204696655,1.3738579750061035,1.3859100341796875,0.006870452780276537,39415
1974-04-16,1.3859100341796875,1.3979610204696655,1.3738579750061035,1.3979610204696655,0.006930194795131683,147286
1974-04-17,1.3979610204696655,1.42808997631073,1.3979610204696655,1.3979610204696655,0.006930194795131683,60159
1974-04-18,1.3979610204696655,1.3979610204696655,1.3738579750061035,1.3738579750061035,0.006810701917856932,72606
1974-04-19,1.3738579750061035,1.3859100341796875,1.3557809591293335,1.3678330183029175,0.006780838128179312,163882
1974-04-22,1.3557809591293335,1.3557809591293335,1.3075759410858154,1.3256529569625854,0.006571735255420208,80904
1974-04-23,1.3256529569625854,1.3377039432525635,1.3075759410858154,1.3256529569625854,0.006571735255420208,105797
1974-04-24,1.313601016998291,1.313601016998291,1.277446985244751,1.283473014831543,0.006362635176628828,419039
1974-04-25,1.283473014831543,1.3075759410858154,1.277446985244751,1.295524001121521,0.006422367412596941,78829
1974-04-26,1.295524001121521,1.313601016998291,1.277446985244751,1.277446985244751,0.006332758814096451,105797
1974-04-29,1.277446985244751,1.295524001121521,1.277446985244751,1.295524001121521,0.006422367412596941,51861
1974-04-30,1.295524001121521,1.3256529569625854,1.283473014831543,1.313601016998291,0.006511985324323177,76755
1974-05-01,1.313601016998291,1.3557809591293335,1.313601016998291,1.3437299728393555,0.006661341991275549,56010
1974-05-02,1.3256529569625854,1.3557809591293335,1.313601016998291,1.3256529569625854,0.006679556332528591,120318
1974-05-03,1.3256529569625854,1.3437299728393555,1.313601016998291,1.3256529569625854,0.006679556332528591,70531
1974-05-06,1.3256529569625854,1.3437299728393555,1.313601016998291,1.3377039432525635,0.006740276236087084,87127
1974-05-07,1.3377039432525635,1.3557809591293335,1.3377039432525635,1.3557809591293335,0.006831358186900616,20744
1974-05-08,1.3557809591293335,1.3738579750061035,1.3437299728393555,1.3557809591293335,0.006831358186900616,325689
1974-05-09,1.3557809591293335,1.42808997631073,1.3557809591293335,1.42808997631073,0.007195699959993362,1645039
1974-05-10,1.42808997631073,1.458217978477478,1.41001296043396,1.41001296043396,0.007104615680873394,331912
1974-05-13,1.41001296043396,1.4160380363464355,1.3979610204696655,1.3979610204696655,0.007043890189379454,78829
1974-05-14,1.3859100341796875,1.3859100341796875,1.3738579750061035,1.3859100341796875,0.0069831726141273975,31117
1974-05-15,1.3859100341796875,1.4160380363464355,1.3738579750061035,1.4160380363464355,0.007134976331144571,116169
1974-05-16,1.4160380363464355,1.440140962600708,1.3859100341796875,1.3859100341796875,0.0069831726141273975,331912
1974-05-17,1.3738579750061035,1.3738579750061035,1.3678330183029175,1.3678330183029175,0.006892089266330004,155584
1974-05-20,1.3678330183029175,1.3738579750061035,1.3557809591293335,1.3557809591293335,0.006831358186900616,39415
1974-05-21,1.3557809591293335,1.3678330183029175,1.3256529569625854,1.3256529569625854,0.006679556332528591,170105
1974-05-22,1.3256529569625854,1.3256529569625854,1.313601016998291,1.313601016998291,0.006618822459131479,522761
1974-05-23,1.313601016998291,1.313601016998291,1.283473014831543,1.283473014831543,0.006467023398727179,64308
1974-05-24,1.283473014831543,1.295524001121521,1.277446985244751,1.283473014831543,0.006467023398727179,97499
1974-05-28,1.283473014831543,1.295524001121521,1.277446985244751,1.283473014831543,0.006467023398727179,170105
1974-05-29,1.283473014831543,1.295524001121521,1.277446985244751,1.283473014831543,0.006467023398727179,78829
1974-05-30,1.283473014831543,1.283473014831543,1.277446985244751,1.283473014831543,0.006467023398727179,184626
1974-05-31,1.283473014831543,1.283473014831543,1.277446985244751,1.277446985244751,0.006436659023165703,163882
1974-06-03,1.277446985244751,1.283473014831543,1.2533440589904785,1.277446985244751,0.006436659023165703,244785
1974-06-04,1.295524001121521,1.313601016998291,1.295524001121521,1.3075759410858154,0.006588463205844164,155584
1974-06-05,1.3075759410858154,1.3557809591293335,1.283473014831543,1.3256529569625854,0.006679556332528591,89201
1974-06-06,1.3256529569625854,1.3256529569625854,1.295524001121521,1.3256529569625854,0.006679556332528591,43563
1974-06-07,1.3256529569625854,1.3678330183029175,1.3256529569625854,1.3678330183029175,0.006892089266330004,80904
1974-06-10,1.3979610204696655,1.3979610204696655,1.3979610204696655,1.3979610204696655,0.007043890189379454,39415
1974-06-11,1.3979610204696655,1.4160380363464355,1.3859100341796875,1.3859100341796875,0.0069831726141273975,97499
1974-06-12,1.3859100341796875,1.41001296043396,1.3859100341796875,1.3859100341796875,0.0069831726141273975,124467
1974-06-13,1.3859100341796875,1.3859100341796875,1.3859100341796875,1.3859100341796875,0.0069831726141273975,80904
1974-06-14,1.3738579750061035,1.3738579750061035,1.3557809591293335,1.3738579750061035,0.006922442000359297,78829
1974-06-17,1.3557809591293335,1.3557809591293335,1.3437299728393555,1.3557809591293335,0.006831358186900616,109946
1974-06-18,1.3437299728393555,1.3437299728393555,1.295524001121521,1.313601016998291,0.006618822459131479,93350
1974-06-19,1.295524001121521,1.295524001121521,1.277446985244751,1.277446985244751,0.006436659023165703,89201
1974-06-20,1.277446985244751,1.283473014831543,1.2533440589904785,1.2533440589904785,0.006315209437161684,103722
1974-06-21,1.2533440589904785,1.277446985244751,1.2533440589904785,1.2533440589904785,0.006315209437161684,72606
1974-06-24,1.283473014831543,1.295524001121521,1.283473014831543,1.283473014831543,0.006467023398727179,78829
1974-06-25,1.283473014831543,1.313601016998291,1.283473014831543,1.313601016998291,0.006618822459131479,64308
1974-06-26,1.313601016998291,1.313601016998291,1.313601016998291,1.313601016998291,0.006618822459131479,39415
1974-06-27,1.313601016998291,1.313601016998291,1.295524001121521,1.295524001121521,0.0065277391113340855,85052
1974-06-28,1.295524001121521,1.295524001121521,1.277446985244751,1.295524001121521,0.0065277391113340855,45638
1974-07-01,1.295524001121521,1.313601016998291,1.283473014831543,1.295524001121521,0.0065277391113340855,64308
1974-07-02,1.295524001121521,1.295524001121521,1.2232160568237305,1.2232160568237305,0.006163401994854212,211594
1974-07-03,1.2232160568237305,1.2533440589904785,1.2171900272369385,1.2352670431137085,0.006224125158041716,317391
1974-07-05,1.2352670431137085,1.2352670431137085,1.2171900272369385,1.2171900272369385,0.006133047863841057,18670
1974-07-08,1.2171900272369385,1.2171900272369385,1.1870620250701904,1.1870620250701904,0.0059812371619045734,387922
1974-07-09,1.1569329500198364,1.1569329500198364,1.120779037475586,1.1569329500198364,0.005829427391290665,149360
1974-07-10,1.1569329500198364,1.2171900272369385,1.1569329500198364,1.1750099658966064,0.00592050701379776,147286
1974-07-11,1.1870620250701904,1.2352670431137085,1.1870620250701904,1.2171900272369385,0.006133047863841057,103722
1974-07-12,1.2171900272369385,1.2533440589904785,1.2171900272369385,1.2533440589904785,0.006315209437161684,153509
1974-07-15,1.2533440589904785,1.295524001121521,1.247318983078003,1.2533440589904785,0.006315209437161684,149360
1974-07-16,1.2533440589904785,1.283473014831543,1.2533440589904785,1.277446985244751,0.006436659023165703,31117
1974-07-17,1.277446985244751,1.283473014831543,1.277446985244751,1.283473014831543,0.006467023398727179,20744
1974-07-18,1.313601016998291,1.3557809591293335,1.313601016998291,1.3557809591293335,0.006831358186900616,273827
1974-07-19,1.3557809591293335,1.3979610204696655,1.3377039432525635,1.3437299728393555,0.006770631764084101,261381
1974-07-22,1.3437299728393555,1.3557809591293335,1.3256529569625854,1.3256529569625854,0.006679556332528591,53936
1974-07-23,1.3256529569625854,1.3678330183029175,1.3256529569625854,1.3678330183029175,0.006892089266330004,78829
1974-07-24,1.3738579750061035,1.3979610204696655,1.3738579750061035,1.3859100341796875,0.0069831726141273975,89201
1974-07-25,1.3859100341796875,1.3979610204696655,1.3738579750061035,1.3738579750061035,0.006922442000359297,105797
1974-07-26,1.3738579750061035,1.3859100341796875,1.3377039432525635,1.3437299728393555,0.006770631764084101,118244
1974-07-29,1.3437299728393555,1.3678330183029175,1.3377039432525635,1.3437299728393555,0.006770631764084101,109946
1974-07-30,1.3377039432525635,1.3377039432525635,1.3256529569625854,1.3256529569625854,0.006679556332528591,29042
1974-07-31,1.3256529569625854,1.3557809591293335,1.3256529569625854,1.3557809591293335,0.006831358186900616,62233
1974-08-01,1.3437299728393555,1.3437299728393555,1.295524001121521,1.295524001121521,0.0065277391113340855,134839
1974-08-02,1.283473014831543,1.283473014831543,1.2533440589904785,1.283473014831543,0.006577139254659414,14521
1974-08-05,1.283473014831543,1.3075759410858154,1.277446985244751,1.295524001121521,0.0066388933919370174,87127
1974-08-06,1.3075759410858154,1.3256529569625854,1.3075759410858154,1.313601016998291,0.006731529254466295,31117
1974-08-07,1.313601016998291,1.3377039432525635,1.295524001121521,1.313601016998291,0.006731529254466295,170105
1974-08-08,1.313601016998291,1.3437299728393555,1.283473014831543,1.283473014831543,0.006577139254659414,64308
1974-08-09,1.283473014831543,1.295524001121521,1.2533440589904785,1.295524001121521,0.0066388933919370174,95425
1974-08-12,1.295524001121521,1.3075759410858154,1.295524001121521,1.3075759410858154,0.006700647994875908,47712
1974-08-13,1.3075759410858154,1.3075759410858154,1.277446985244751,1.277446985244751,0.00654625752940774,26968
1974-08-14,1.277446985244751,1.283473014831543,1.2533440589904785,1.2533440589904785,0.006422741338610649,114095
1974-08-15,1.265395998954773,1.277446985244751,1.265395998954773,1.277446985244751,0.00654625752940774,116169
1974-08-16,1.277446985244751,1.3256529569625854,1.265395998954773,1.3075759410858154,0.006700647994875908,194998
1974-08-19,1.295524001121521,1.295524001121521,1.2533440589904785,1.2533440589904785,0.006422741338610649,60159
1974-08-20,1.2533440589904785,1.283473014831543,1.2533440589904785,1.2533440589904785,0.006422741338610649,56010
1974-08-21,1.2533440589904785,1.295524001121521,1.2533440589904785,1.2533440589904785,0.006422741338610649,176328
1974-08-22,1.2533440589904785,1.277446985244751,1.2352670431137085,1.2533440589904785,0.006422741338610649,60159
1974-08-23,1.2352670431137085,1.2352670431137085,1.1750099658966064,1.1750099658966064,0.0060213184915483,120318
1974-08-26,1.1750099658966064,1.2051390409469604,1.1629589796066284,1.1629589796066284,0.005959561560302973,145211
1974-08-27,1.1750099658966064,1.1870620250701904,1.1750099658966064,1.1870620250701904,0.006083081942051649,70531
1974-08-28,1.1870620250701904,1.1930880546569824,1.1870620250701904,1.1870620250701904,0.006083081942051649,109946
1974-08-29,1.1870620250701904,1.2051390409469604,1.1870620250701904,1.1930880546569824,0.006113961338996887,37340
1974-08-30,1.1930880546569824,1.2171900272369385,1.1870620250701904,1.2171900272369385,0.006237472873181105,290423
1974-09-03,1.2171900272369385,1.2352670431137085,1.1870620250701904,1.1930880546569824,0.006113961338996887,72606
1974-09-04,1.1930880546569824,1.2051390409469604,1.1870620250701904,1.1870620250701904,0.006083081942051649,97499
1974-09-05,1.1870620250701904,1.2051390409469604,1.1870620250701904,1.2051390409469604,0.006175714544951916,37340
1974-09-06,1.2051390409469604,1.2051390409469604,1.1870620250701904,1.1930880546569824,0.006113961338996887,47712
1974-09-09,1.1930880546569824,1.2051390409469604,1.1750099658966064,1.1750099658966064,0.0060213184915483,12447
1974-09-10,1.1750099658966064,1.1930880546569824,1.1750099658966064,1.1930880546569824,0.006113961338996887,47712
1974-09-11,1.1629589796066284,1.1629589796066284,1.1448819637298584,1.1569329500198364,0.0059286863543093204,618186
1974-09-12,1.1569329500198364,1.1629589796066284,1.120779037475586,1.1328309774398804,0.005805176682770252,78829
1974-09-13,1.1328309774398804,1.1328309774398804,1.0605219602584839,1.0605219602584839,0.0054346295073628426,213668
1974-09-16,1.0605219602584839,1.084625005722046,1.0303939580917358,1.084625005722046,0.005558144301176071,97499
1974-09-17,1.084625005722046,1.102702021598816,1.084625005722046,1.090651035308838,0.00558902183547616,159733
1974-09-18,1.090651035308838,1.102702021598816,1.084625005722046,1.090651035308838,0.00558902183547616,136914
1974-09-19,1.114753007888794,1.1870620250701904,1.114753007888794,1.1448819637298584,0.005866927560418844,132765
1974-09-20,1.1448819637298584,1.1569329500198364,1.114753007888794,1.120779037475586,0.005743412766605616,149360
1974-09-23,1.120779037475586,1.1328309774398804,1.114753007888794,1.114753007888794,0.005712533835321665,51861
1974-09-24,1.114753007888794,1.120779037475586,1.0725740194320679,1.0725740194320679,0.005496388301253319,114095
1974-09-25,1.0725740194320679,1.084625005722046,1.0605219602584839,1.0725740194320679,0.005496388301253319,458453
1974-09-26,1.0725740194320679,1.0725740194320679,1.0303939580917358,1.0544970035552979,0.005403753370046616,246860
1974-09-27,1.0544970035552979,1.0725740194320679,1.0303939580917358,1.0303939580917358,0.005280239041894674,56010
1974-09-30,1.0303939580917358,1.0725740194320679,1.0303939580917358,1.0303939580917358,0.005280239041894674,85052
1974-10-01,1.0303939580917358,1.0605219602584839,1.0243680477142334,1.0424449443817139,0.005341995041817427,85052
1974-10-02,1.0544970035552979,1.0725740194320679,1.0544970035552979,1.0605219602584839,0.0054346295073628426,56010
1974-10-03,1.0605219602584839,1.0725740194320679,1.0544970035552979,1.0605219602584839,0.0054346295073628426,37340
1974-10-04,1.0725740194320679,1.102702021598816,1.0725740194320679,1.090651035308838,0.00558902183547616,95425
1974-10-07,1.090651035308838,1.1569329500198364,1.084625005722046,1.1569329500198364,0.0059286863543093204,51861
1974-10-08,1.1569329500198364,1.1750099658966064,1.114753007888794,1.120779037475586,0.005743412766605616,224041
1974-10-09,1.1328309774398804,1.1870620250701904,1.1328309774398804,1.1870620250701904,0.006083081942051649,53936
1974-10-10,1.1870620250701904,1.2352670431137085,1.1629589796066284,1.1629589796066284,0.005959561560302973,628558
1974-10-11,1.1629589796066284,1.1750099658966064,1.1569329500198364,1.1569329500198364,0.0059286863543093204,136914
1974-10-14,1.1569329500198364,1.1870620250701904,1.1569329500198364,1.1629589796066284,0.005959561560302973,114095
1974-10-15,1.1629589796066284,1.1870620250701904,1.1448819637298584,1.1569329500198364,0.0059286863543093204,78829
1974-10-16,1.1569329500198364,1.1569329500198364,1.120779037475586,1.120779037475586,0.005743412766605616,22819
1974-10-17,1.120779037475586,1.1569329500198364,1.114753007888794,1.120779037475586,0.005743412766605616,163882
1974-10-18,1.1328309774398804,1.1629589796066284,1.1328309774398804,1.1629589796066284,0.005959561560302973,101648
1974-10-21,1.1629589796066284,1.1870620250701904,1.1569329500198364,1.1569329500198364,0.0059286863543093204,105797
1974-10-22,1.1569329500198364,1.1870620250701904,1.1569329500198364,1.1569329500198364,0.0059286863543093204,188775
1974-10-23,1.1569329500198364,1.1629589796066284,1.1448819637298584,1.1569329500198364,0.0059286863543093204,226115
1974-10-24,1.1328309774398804,1.1328309774398804,1.114753007888794,1.114753007888794,0.005712533835321665,56010
1974-10-25,1.114753007888794,1.114753007888794,1.0725740194320679,1.0725740194320679,0.005496388301253319,132765
1974-10-28,1.084625005722046,1.090651035308838,1.084625005722046,1.090651035308838,0.00558902183547616,72606
1974-10-29,1.090651035308838,1.120779037475586,1.090651035308838,1.120779037475586,0.005743412766605616,26968
1974-10-30,1.120779037475586,1.120779037475586,1.0725740194320679,1.090651035308838,0.00558902183547616,182552
1974-10-31,1.090651035308838,1.090651035308838,1.0544970035552979,1.0725740194320679,0.00560791464522481,120318
1974-11-01,1.0725740194320679,1.102702021598816,1.0725740194320679,1.084625005722046,0.00567092327401042,62233
1974-11-04,1.084625005722046,1.084625005722046,1.0725740194320679,1.084625005722046,0.00567092327401042,70531
1974-11-05,1.084625005722046,1.114753007888794,1.0725740194320679,1.114753007888794,0.005828443914651871,37340
1974-11-06,1.114753007888794,1.1448819637298584,1.102702021598816,1.114753007888794,0.005828443914651871,298721
1974-11-07,1.120779037475586,1.1750099658966064,1.120779037475586,1.1750099658966064,0.006143495906144381,116169
1974-11-08,1.1750099658966064,1.1870620250701904,1.1629589796066284,1.1629589796066284,0.006080485414713621,72606
1974-11-11,1.1569329500198364,1.1569329500198364,1.120779037475586,1.1328309774398804,0.0059229666367173195,39415
1974-11-12,1.1328309774398804,1.1629589796066284,1.120779037475586,1.1569329500198364,0.006048983428627253,64308
1974-11-13,1.1569329500198364,1.1750099658966064,1.120779037475586,1.1569329500198364,0.006048983428627253,87127
1974-11-14,1.1569329500198364,1.1629589796066284,1.114753007888794,1.114753007888794,0.005828443914651871,103722
1974-11-15,1.114753007888794,1.1569329500198364,1.114753007888794,1.120779037475586,0.0058599510230124,89201
1974-11-18,1.120779037475586,1.120779037475586,1.0605219602584839,1.0605219602584839,0.0055448999628424644,624409
1974-11-19,1.0605219602584839,1.0605219602584839,1.0123169422149658,1.0243680477142334,0.005355869885534048,130690
1974-11-20,1.0243680477142334,1.0424449443817139,1.0243680477142334,1.0303939580917358,0.005387378856539726,1477008
1974-11-21,1.0303939580917358,1.084625005722046,1.0243680477142334,1.0725740194320679,0.00560791464522481,64308
1974-11-22,1.0725740194320679,1.114753007888794,1.0605219602584839,1.090651035308838,0.005702429451048374,159733
1974-11-25,1.084625005722046,1.084625005722046,1.0544970035552979,1.0605219602584839,0.0055448999628424644,118244
1974-11-26,1.0725740194320679,1.114753007888794,1.0725740194320679,1.084625005722046,0.00567092327401042,56010
1974-11-27,1.084625005722046,1.102702021598816,1.0544970035552979,1.0544970035552979,0.00551340077072382,64308
1974-11-29,1.0544970035552979,1.0605219602584839,1.0303939580917358,1.0544970035552979,0.00551340077072382,95425
1974-12-02,1.0544970035552979,1.0605219602584839,1.0243680477142334,1.0424449443817139,0.005450386554002762,149360
1974-12-03,1.0303939580917358,1.0303939580917358,0.9701370000839233,0.9821879863739014,0.0051353322342038155,159733
1974-12-04,0.9821879863739014,0.9942399859428406,0.9641109704971313,0.9641109704971313,0.0050408183597028255,132765
1974-12-05,0.9641109704971313,0.9821879863739014,0.9520599842071533,0.9641109704971313,0.0050408183597028255,60159
1974-12-06,0.9641109704971313,0.9821879863739014,0.9520599842071533,0.9821879863739014,0.0051353322342038155,128616
1974-12-09,0.9641109704971313,0.9641109704971313,0.9339830279350281,0.9520599842071533,0.004977811593562365,217817
1974-12-10,0.9520599842071533,0.9641109704971313,0.9339830279350281,0.9520599842071533,0.004977811593562365,246860
1974-12-11,0.9520599842071533,0.9641109704971313,0.9400079846382141,0.9641109704971313,0.0050408183597028255,126541
1974-12-12,0.9641109704971313,0.9641109704971313,0.9219310283660889,0.9339830279350281,0.004883293993771076,136914
1974-12-13,0.9339830279350281,0.9400079846382141,0.9219310283660889,0.9339830279350281,0.004883293993771076,180477
1974-12-16,0.9339830279350281,0.9400079846382141,0.9098799824714661,0.9219310283660889,0.004820286296308041,120318
1974-12-17,0.9219310283660889,0.9400079846382141,0.8918030261993408,0.9038540124893188,0.0047257705591619015,122393
1974-12-18,0.9098799824714661,0.9400079846382141,0.9098799824714661,0.9400079846382141,0.004914797376841307,64308
1974-12-19,0.9400079846382141,0.9400079846382141,0.9098799824714661,0.9400079846382141,0.004914797376841307,226115
1974-12-20,0.9400079846382141,0.9520599842071533,0.9219310283660889,0.9219310283660889,0.004820286296308041,153509
1974-12-23,0.9219310283660889,0.9219310283660889,0.8676999807357788,0.8676999807357788,0.004536735825240612,280051
1974-12-24,0.8797510266304016,0.9098799824714661,0.8797510266304016,0.9098799824714661,0.004757274873554707,72606
1974-12-26,0.9219310283660889,0.9641109704971313,0.9219310283660889,0.9520599842071533,0.004977811593562365,78829
1974-12-27,0.9520599842071533,0.9701370000839233,0.9339830279350281,0.9701370000839233,0.005072323139756918,93350
1974-12-30,0.9641109704971313,0.9641109704971313,0.9339830279350281,0.9339830279350281,0.004883293993771076,145211
1974-12-31,0.9339830279350281,0.9520599842071533,0.9219310283660889,0.9339830279350281,0.004883293993771076,174254
1975-01-02,0.9520599842071533,0.9821879863739014,0.9520599842071533,0.9821879863739014,0.0051353322342038155,199147
1975-01-03,0.9821879863739014,0.9942399859428406,0.9701370000839233,0.9821879863739014,0.0051353322342038155,176328
1975-01-06,0.9942399859428406,1.0243680477142334,0.9942399859428406,1.0123169422149658,0.005292866379022598,194998
1975-01-07,1.0123169422149658,1.0243680477142334,0.9942399859428406,1.0243680477142334,0.005355869885534048,284200
1975-01-08,1.0243680477142334,1.0605219602584839,1.0123169422149658,1.0605219602584839,0.0055448999628424644,255157
1975-01-09,1.0605219602584839,1.0725740194320679,1.0303939580917358,1.0725740194320679,0.00560791464522481,136914
1975-01-10,1.102702021598816,1.1569329500198364,1.102702021598816,1.1448819637298584,0.005985969677567482,141063
1975-01-13,1.1448819637298584,1.1870620250701904,1.1448819637298584,1.1629589796066284,0.006080485414713621,124467
1975-01-14,1.1629589796066284,1.2171900272369385,1.1629589796066284,1.1629589796066284,0.006080485414713621,122393
1975-01-15,1.1569329500198364,1.1569329500198364,1.114753007888794,1.1448819637298584,0.005985969677567482,87127
1975-01-16,1.1448819637298584,1.1569329500198364,1.090651035308838,1.120779037475586,0.0058599510230124,211594
1975-01-17,1.120779037475586,1.120779037475586,1.084625005722046,1.084625005722046,0.00567092327401042,43563
1975-01-20,1.084625005722046,1.102702021598816,1.0725740194320679,1.084625005722046,0.00567092327401042,89201
1975-01-21,1.084625005722046,1.120779037475586,1.0725740194320679,1.0725740194320679,0.00560791464522481,182552
1975-01-22,1.0725740194320679,1.114753007888794,1.0725740194320679,1.084625005722046,0.00567092327401042,238562
1975-01-23,1.084625005722046,1.120779037475586,1.084625005722046,1.090651035308838,0.005702429451048374,101648
1975-01-24,1.114753007888794,1.1629589796066284,1.114753007888794,1.120779037475586,0.0058599510230124,105797
1975-01-27,1.1629589796066284,1.2171900272369385,1.1629589796066284,1.2171900272369385,0.006364035420119762,313242
1975-01-28,1.2232160568237305,1.277446985244751,1.2232160568237305,1.247318983078003,0.00652156351134181,174254
1975-01-29,1.247318983078003,1.247318983078003,1.1930880546569824,1.2352670431137085,0.0064585451036691666,97499
1975-01-30,1.2352670431137085,1.2533440589904785,1.1930880546569824,1.2352670431137085,0.0064585451036691666,199147
1975-01-31,1.1930880546569824,1.2533440589904785,1.1930880546569824,1.247318983078003,0.006638122256845236,128616
1975-02-03,1.247318983078003,1.283473014831543,1.2232160568237305,1.277446985244751,0.006798462010920048,112020
1975-02-04,1.277446985244751,1.283473014831543,1.2533440589904785,1.277446985244751,0.006798462010920048,369252
1975-02-05,1.2533440589904785,1.2533440589904785,1.2232160568237305,1.2352670431137085,0.0065739816054701805,221966
1975-02-06,1.2352670431137085,1.2533440589904785,1.2232160568237305,1.2352670431137085,0.0065739816054701805,85052
1975-02-07,1.2352670431137085,1.247318983078003,1.2232160568237305,1.2352670431137085,0.0065739816054701805,78829
1975-02-10,1.2352670431137085,1.2533440589904785,1.2171900272369385,1.2232160568237305,0.006509842351078987,43563
1975-02-11,1.2232160568237305,1.2533440589904785,1.1930880546569824,1.2352670431137085,0.0065739816054701805,170105
1975-02-12,1.2352670431137085,1.283473014831543,1.2352670431137085,1.277446985244751,0.006798462010920048,118244
1975-02-13,1.277446985244751,1.313601016998291,1.265395998954773,1.3075759410858154,0.006958800833672285,116169
1975-02-14,1.3075759410858154,1.3256529569625854,1.295524001121521,1.295524001121521,0.006894663441926241,176328
1975-02-18,1.295524001121521,1.3075759410858154,1.247318983078003,1.283473014831543,0.006830528844147921,87127
1975-02-19,1.277446985244751,1.277446985244751,1.2533440589904785,1.2533440589904785,0.006670182570815086,31117
1975-02-20,1.2533440589904785,1.2533440589904785,1.1930880546569824,1.2171900272369385,0.006477776914834976,105797
1975-02-21,1.2171900272369385,1.2352670431137085,1.1930880546569824,1.2232160568237305,0.006509842351078987,87127
1975-02-24,1.2232160568237305,1.2533440589904785,1.2171900272369385,1.2352670431137085,0.0065739816054701805,213668
1975-02-25,1.2352670431137085,1.2533440589904785,1.2352670431137085,1.2533440589904785,0.006670182570815086,161807
1975-02-26,1.2533440589904785,1.277446985244751,1.247318983078003,1.2533440589904785,0.006670182570815086,128616
1975-02-27,1.2533440589904785,1.277446985244751,1.2533440589904785,1.265395998954773,0.006734327878803015,128616
1975-02-28,1.265395998954773,1.277446985244751,1.2352670431137085,1.2352670431137085,0.0065739816054701805,211594
1975-03-03,1.2352670431137085,1.2533440589904785,1.2232160568237305,1.247318983078003,0.006638122256845236,134839
1975-03-04,1.2533440589904785,1.295524001121521,1.2533440589904785,1.295524001121521,0.006894663441926241,87127
1975-03-05,1.295524001121521,1.3256529569625854,1.283473014831543,1.283473014831543,0.006830528844147921,124467
1975-03-06,1.283473014831543,1.295524001121521,1.277446985244751,1.295524001121521,0.006894663441926241,159733
1975-03-07,1.295524001121521,1.3075759410858154,1.265395998954773,1.283473014831543,0.006830528844147921,114095
1975-03-10,1.277446985244751,1.277446985244751,1.2232160568237305,1.2352670431137085,0.0065739816054701805,112020
1975-03-11,1.2352670431137085,1.2533440589904785,1.2171900272369385,1.2232160568237305,0.006509842351078987,205371
1975-03-12,1.2232160568237305,1.247318983078003,1.2232160568237305,1.247318983078003,0.006638122256845236,296646
1975-03-13,1.247318983078003,1.2533440589904785,1.2352670431137085,1.247318983078003,0.006638122256845236,76755
1975-03-14,1.247318983078003,1.2533440589904785,1.2232160568237305,1.2533440589904785,0.006670182570815086,292497
1975-03-17,1.265395998954773,1.313601016998291,1.265395998954773,1.295524001121521,0.006894663441926241,178403
1975-03-18,1.295524001121521,1.3256529569625854,1.295524001121521,1.295524001121521,0.006894663441926241,228189
1975-03-19,1.295524001121521,1.313601016998291,1.295524001121521,1.3075759410858154,0.006958800833672285,97499
1975-03-20,1.313601016998291,1.3256529569625854,1.313601016998291,1.313601016998291,0.0069908685982227325,213668
1975-03-21,1.313601016998291,1.3377039432525635,1.313601016998291,1.313601016998291,0.0069908685982227325,143137
1975-03-24,1.313601016998291,1.313601016998291,1.2533440589904785,1.2533440589904785,0.006670182570815086,263455
1975-03-25,1.2533440589904785,1.283473014831543,1.2352670431137085,1.277446985244751,0.006798462010920048,132765
1975-03-26,1.277446985244751,1.313601016998291,1.2533440589904785,1.265395998954773,0.006734327878803015,186700
1975-03-27,1.265395998954773,1.283473014831543,1.265395998954773,1.265395998954773,0.006734327878803015,39415
1975-03-31,1.265395998954773,1.295524001121521,1.265395998954773,1.283473014831543,0.006830528844147921,35266
1975-04-01,1.283473014831543,1.3075759410858154,1.277446985244751,1.283473014831543,0.006830528844147921,118244
1975-04-02,1.283473014831543,1.295524001121521,1.277446985244751,1.277446985244751,0.006798462010920048,149360
1975-04-03,1.277446985244751,1.295524001121521,1.277446985244751,1.283473014831543,0.006830528844147921,80904
1975-04-04,1.283473014831543,1.3075759410858154,1.283473014831543,1.295524001121521,0.006894663441926241,151435
1975-04-07,1.295524001121521,1.313601016998291,1.295524001121521,1.313601016998291,0.0069908685982227325,124467
1975-04-08,1.313601016998291,1.313601016998291,1.283473014831543,1.295524001121521,0.006894663441926241,53936
1975-04-09,1.295524001121521,1.313601016998291,1.283473014831543,1.313601016998291,0.0069908685982227325,72606
1975-04-10,1.313601016998291,1.313601016998291,1.295524001121521,1.295524001121521,0.006894663441926241,70531
1975-04-11,1.295524001121521,1.295524001121521,1.295524001121521,1.295524001121521,0.006894663441926241,0
1975-04-14,1.295524001121521,1.295524001121521,1.277446985244751,1.277446985244751,0.006798462010920048,56010
1975-04-15,1.277446985244751,1.283473014831543,1.2352670431137085,1.2352670431137085,0.0065739816054701805,68457
1975-04-16,1.2352670431137085,1.2533440589904785,1.2232160568237305,1.2533440589904785,0.006670182570815086,155584
1975-04-17,1.2533440589904785,1.295524001121521,1.2533440589904785,1.295524001121521,0.006894663441926241,226115
1975-04-18,1.295524001121521,1.295524001121521,1.2533440589904785,1.2533440589904785,0.006670182570815086,161807
1975-04-21,1.2533440589904785,1.2533440589904785,1.2352670431137085,1.247318983078003,0.006638122256845236,172179
1975-04-22,1.247318983078003,1.277446985244751,1.2352670431137085,1.2352670431137085,0.0065739816054701805,165956
1975-04-23,1.2352670431137085,1.2352670431137085,1.2232160568237305,1.2352670431137085,0.0065739816054701805,29042
1975-04-24,1.2352670431137085,1.2533440589904785,1.2171900272369385,1.2171900272369385,0.006477776914834976,194998
1975-04-25,1.2352670431137085,1.2533440589904785,1.2352670431137085,1.247318983078003,0.006638122256845236,97499
1975-04-28,1.247318983078003,1.2533440589904785,1.2232160568237305,1.2533440589904785,0.006670182570815086,95425
1975-04-29,1.2533440589904785,1.2533440589904785,1.2352670431137085,1.2352670431137085,0.0065739816054701805,134839
1975-04-30,1.2352670431137085,1.2533440589904785,1.2232160568237305,1.2232160568237305,0.006509842351078987,122393
1975-05-01,1.2232160568237305,1.2533440589904785,1.2232160568237305,1.247318983078003,0.006638122256845236,80904
1975-05-02,1.247318983078003,1.247318983078003,1.2051390409469604,1.247318983078003,0.00675559788942337,226115
1975-05-05,1.2533440589904785,1.313601016998291,1.2533440589904785,1.313601016998291,0.007114587351679802,116169
1975-05-06,1.313601016998291,1.313601016998291,1.277446985244751,1.277446985244751,0.006918774917721748,143137
1975-05-07,1.277446985244751,1.295524001121521,1.277446985244751,1.277446985244751,0.006918774917721748,97499
1975-05-08,1.277446985244751,1.295524001121521,1.277446985244751,1.277446985244751,0.006918774917721748,134839
1975-05-09,1.283473014831543,1.295524001121521,1.283473014831543,1.295524001121521,0.007016677875071764,70531
1975-05-12,1.295524001121521,1.3377039432525635,1.295524001121521,1.3075759410858154,0.00708194961771369,143137
1975-05-13,1.3075759410858154,1.3377039432525635,1.3075759410858154,1.313601016998291,0.007114587351679802,609888
1975-05-14,1.313601016998291,1.313601016998291,1.2533440589904785,1.2533440589904785,0.006788225844502449,257232
1975-05-15,1.2533440589904785,1.277446985244751,1.2352670431137085,1.2533440589904785,0.006788225844502449,313242
1975-05-16,1.2533440589904785,1.2533440589904785,1.2352670431137085,1.247318983078003,0.00675559788942337,118244
1975-05-19,1.247318983078003,1.2533440589904785,1.2232160568237305,1.2533440589904785,0.006788225844502449,105797
1975-05-20,1.2533440589904785,1.2533440589904785,1.2352670431137085,1.247318983078003,0.00675559788942337,72606
1975-05-21,1.247318983078003,1.2533440589904785,1.2171900272369385,1.2171900272369385,0.006592413876205683,70531
1975-05-22,1.2171900272369385,1.2533440589904785,1.2171900272369385,1.2352670431137085,0.006690321024507284,70531
1975-05-23,1.2352670431137085,1.247318983078003,1.2171900272369385,1.2352670431137085,0.006690321024507284,85052
1975-05-27,1.2352670431137085,1.2533440589904785,1.2171900272369385,1.2232160568237305,0.006625048816204071,126541
1975-05-28,1.2232160568237305,1.2352670431137085,1.2171900272369385,1.2232160568237305,0.006625048816204071,168030
1975-05-29,1.2232160568237305,1.2232160568237305,1.1930880546569824,1.2232160568237305,0.006625048816204071,427337
1975-05-30,1.2232160568237305,1.2232160568237305,1.1328309774398804,1.1629589796066284,0.0062986924313008785,404518
1975-06-02,1.1629589796066284,1.1870620250701904,1.1448819637298584,1.1629589796066284,0.0062986924313008785,240636
1975-06-03,1.1750099658966064,1.2171900272369385,1.1750099658966064,1.2171900272369385,0.006592413876205683,134839
1975-06-04,1.2171900272369385,1.2232160568237305,1.1930880546569824,1.2051390409469604,0.0065271430648863316,454304
1975-06-05,1.2051390409469604,1.2051390409469604,1.1870620250701904,1.2051390409469604,0.0065271430648863316,265530
1975-06-06,1.2051390409469604,1.2171900272369385,1.1930880546569824,1.1930880546569824,0.006461878307163715,85052
1975-06-09,1.1930880546569824,1.1930880546569824,1.1750099658966064,1.1870620250701904,0.0064292363822460175,190849
1975-06-10,1.1629589796066284,1.1629589796066284,1.1569329500198364,1.1629589796066284,0.0062986924313008785,170105
1975-06-11,1.1629589796066284,1.1930880546569824,1.1569329500198364,1.1930880546569824,0.006461878307163715,149360
1975-06-12,1.1930880546569824,1.2051390409469604,1.1870620250701904,1.1870620250701904,0.0064292363822460175,56010
1975-06-13,1.1870620250701904,1.2051390409469604,1.1870620250701904,1.1930880546569824,0.006461878307163715,143137
1975-06-16,1.1930880546569824,1.1930880546569824,1.1629589796066284,1.1870620250701904,0.0064292363822460175,234413
1975-06-17,1.1930880546569824,1.2051390409469604,1.1930880546569824,1.2051390409469604,0.0065271430648863316,199147
1975-06-18,1.2051390409469604,1.2171900272369385,1.1870620250701904,1.2051390409469604,0.0065271430648863316,244785
1975-06-19,1.2051390409469604,1.2232160568237305,1.1930880546569824,1.2232160568237305,0.006625048816204071,2449925
1975-06-20,1.2232160568237305,1.2232160568237305,1.1930880546569824,1.2171900272369385,0.006592413876205683,244785
1975-06-23,1.2171900272369385,1.2171900272369385,1.2051390409469604,1.2171900272369385,0.006592413876205683,101648
1975-06-24,1.2171900272369385,1.2232160568237305,1.2171900272369385,1.2232160568237305,0.006625048816204071,145211
1975-06-25,1.2232160568237305,1.2232160568237305,1.2171900272369385,1.2232160568237305,0.006625048816204071,97499
1975-06-26,1.2232160568237305,1.2232160568237305,1.2051390409469604,1.2171900272369385,0.006592413876205683,149360
1975-06-27,1.2171900272369385,1.2232160568237305,1.1930880546569824,1.2232160568237305,0.006625048816204071,80904
1975-06-30,1.2232160568237305,1.2232160568237305,1.2232160568237305,1.2232160568237305,0.006625048816204071,273827
1975-07-01,1.2232160568237305,1.2352670431137085,1.2171900272369385,1.2352670431137085,0.006690321024507284,221966
1975-07-02,1.2352670431137085,1.2352670431137085,1.2232160568237305,1.2352670431137085,0.006690321024507284,215743
1975-07-03,1.2352670431137085,1.2352670431137085,1.2232160568237305,1.2352670431137085,0.006690321024507284,251008
1975-07-07,1.2352670431137085,1.2352670431137085,1.2232160568237305,1.2352670431137085,0.006690321024507284,120318
1975-07-08,1.2352670431137085,1.2352670431137085,1.2232160568237305,1.2352670431137085,0.006690321024507284,132765
1975-07-09,1.2352670431137085,1.247318983078003,1.2352670431137085,1.247318983078003,0.00675559788942337,479198
1975-07-10,1.247318983078003,1.2533440589904785,1.2352670431137085,1.2533440589904785,0.006788225844502449,354731
1975-07-11,1.2533440589904785,1.2533440589904785,1.247318983078003,1.247318983078003,0.00675559788942337,219892
1975-07-14,1.247318983078003,1.2533440589904785,1.2352670431137085,1.247318983078003,0.00675559788942337,230264
1975-07-15,1.247318983078003,1.313601016998291,1.2352670431137085,1.313601016998291,0.007114587351679802,3682148
1975-07-16,1.313601016998291,1.3437299728393555,1.313601016998291,1.3377039432525635,0.007245127111673355,699090
1975-07-17,1.3377039432525635,1.3437299728393555,1.3256529569625854,1.3377039432525635,0.007245127111673355,211594
1975-07-18,1.3377039432525635,1.3377039432525635,1.313601016998291,1.3377039432525635,0.007245127111673355,363029
1975-07-21,1.3377039432525635,1.3738579750061035,1.3256529569625854,1.3557809591293335,0.00734303193166852,549729
1975-07-22,1.3557809591293335,1.3557809591293335,1.3256529569625854,1.3377039432525635,0.007245127111673355,983289
1975-07-23,1.3377039432525635,1.3437299728393555,1.3256529569625854,1.3377039432525635,0.007245127111673355,182552
1975-07-24,1.3377039432525635,1.3377039432525635,1.313601016998291,1.3256529569625854,0.007179859094321728,543506
1975-07-25,1.3256529569625854,1.3377039432525635,1.3256529569625854,1.3377039432525635,0.007245127111673355,93350
1975-07-28,1.3377039432525635,1.3437299728393555,1.3256529569625854,1.3437299728393555,0.007277762982994318,307019
1975-07-29,1.3437299728393555,1.3738579750061035,1.3437299728393555,1.3437299728393555,0.007277762982994318,271753
1975-07-30,1.3437299728393555,1.3859100341796875,1.3377039432525635,1.3859100341796875,0.00750622246414423,207445
1975-07-31,1.3859100341796875,1.42808997631073,1.3859100341796875,1.3979610204696655,0.007571488618850708,352656
1975-08-01,1.3678330183029175,1.3979610204696655,1.3678330183029175,1.3678330183029175,0.00752506498247385,80904
1975-08-04,1.3678330183029175,1.3859100341796875,1.3557809591293335,1.3557809591293335,0.007458763662725687,190849
1975-08-05,1.3557809591293335,1.3979610204696655,1.3377039432525635,1.3437299728393555,0.007392460480332375,211594
1975-08-06,1.3437299728393555,1.3437299728393555,1.3256529569625854,1.3377039432525635,0.0073593114502727985,321540
1975-08-07,1.3377039432525635,1.3437299728393555,1.3256529569625854,1.3256529569625854,0.007293017115443945,277976
1975-08-08,1.3256529569625854,1.3377039432525635,1.313601016998291,1.313601016998291,0.007226709742099047,64308
1975-08-11,1.313601016998291,1.3256529569625854,1.3075759410858154,1.313601016998291,0.007226709742099047,56010
1975-08-12,1.3377039432525635,1.3437299728393555,1.3377039432525635,1.3437299728393555,0.007392460480332375,68457
1975-08-13,1.3437299728393555,1.3437299728393555,1.3256529569625854,1.3256529569625854,0.007293017115443945,331912
1975-08-14,1.3256529569625854,1.3377039432525635,1.3075759410858154,1.3075759410858154,0.007193559780716896,31117
1975-08-15,1.3075759410858154,1.3256529569625854,1.3075759410858154,1.3075759410858154,0.007193559780716896,105797
1975-08-18,1.3075759410858154,1.313601016998291,1.3075759410858154,1.3075759410858154,0.007193559780716896,56010
1975-08-19,1.3075759410858154,1.3256529569625854,1.283473014831543,1.283473014831543,0.0070609599351882935,3445661
1975-08-20,1.283473014831543,1.283473014831543,1.2533440589904785,1.265395998954773,0.006961515638977289,105797
1975-08-21,1.265395998954773,1.277446985244751,1.2232160568237305,1.2352670431137085,0.006795763038098812,201222
1975-08-22,1.2352670431137085,1.2533440589904785,1.2232160568237305,1.247318983078003,0.006862064357846975,56010
1975-08-25,1.247318983078003,1.283473014831543,1.2352670431137085,1.283473014831543,0.0070609599351882935,64308
1975-08-26,1.295524001121521,1.3377039432525635,1.295524001121521,1.3377039432525635,0.0073593114502727985,271753
1975-08-27,1.3256529569625854,1.3256529569625854,1.295524001121521,1.3075759410858154,0.007193559780716896,112020
1975-08-28,1.3256529569625854,1.3557809591293335,1.3256529569625854,1.3437299728393555,0.007392460480332375,230264
1975-08-29,1.3437299728393555,1.3557809591293335,1.3256529569625854,1.3377039432525635,0.0073593114502727985,124467
1975-09-02,1.3377039432525635,1.3437299728393555,1.313601016998291,1.3437299728393555,0.007392460480332375,188775
1975-09-03,1.3437299728393555,1.3557809591293335,1.3437299728393555,1.3437299728393555,0.007392460480332375,103722
1975-09-04,1.3437299728393555,1.3738579750061035,1.3437299728393555,1.3437299728393555,0.007392460480332375,103722
1975-09-05,1.3437299728393555,1.3437299728393555,1.313601016998291,1.3256529569625854,0.007293017115443945,93350
1975-09-08,1.3256529569625854,1.3437299728393555,1.313601016998291,1.3437299728393555,0.007392460480332375,168030
1975-09-09,1.3256529569625854,1.3256529569625854,1.295524001121521,1.295524001121521,0.007127260323613882,116169
1975-09-10,1.295524001121521,1.295524001121521,1.277446985244751,1.277446985244751,0.007027807179838419,80904
1975-09-11,1.277446985244751,1.283473014831543,1.265395998954773,1.283473014831543,0.0070609599351882935,95425
1975-09-12,1.295524001121521,1.3256529569625854,1.295524001121521,1.313601016998291,0.007226709742099047,45638
1975-09-15,1.313601016998291,1.3437299728393555,1.313601016998291,1.3437299728393555,0.007392460480332375,89201
1975-09-16,1.3437299728393555,1.3437299728393555,1.3075759410858154,1.3075759410858154,0.007193559780716896,327763
1975-09-17,1.3075759410858154,1.313601016998291,1.283473014831543,1.283473014831543,0.0070609599351882935,118244
1975-09-18,1.283473014831543,1.313601016998291,1.283473014831543,1.295524001121521,0.007127260323613882,165956
1975-09-19,1.295524001121521,1.3377039432525635,1.295524001121521,1.3256529569625854,0.007293017115443945,80904
1975-09-22,1.3256529569625854,1.3437299728393555,1.3075759410858154,1.313601016998291,0.007226709742099047,346433
1975-09-23,1.313601016998291,1.3256529569625854,1.283473014831543,1.283473014831543,0.0070609599351882935,120318
1975-09-24,1.283473014831543,1.3256529569625854,1.283473014831543,1.3075759410858154,0.007193559780716896,209519
1975-09-25,1.313601016998291,1.3377039432525635,1.313601016998291,1.313601016998291,0.007226709742099047,165956
1975-09-26,1.277446985244751,1.277446985244751,1.2232160568237305,1.2533440589904785,0.006895205471664667,489570
1975-09-29,1.2533440589904785,1.2533440589904785,1.2232160568237305,1.2232160568237305,0.006729463115334511,120318
1975-09-30,1.2232160568237305,1.2232160568237305,1.2171900272369385,1.2171900272369385,0.006696311291307211,97499
1975-10-01,1.2171900272369385,1.2352670431137085,1.2171900272369385,1.2232160568237305,0.006729463115334511,105797
1975-10-02,1.2232160568237305,1.2232160568237305,1.2171900272369385,1.2171900272369385,0.006696311291307211,159733
1975-10-03,1.2352670431137085,1.2533440589904785,1.2352670431137085,1.247318983078003,0.006862064357846975,163882
1975-10-06,1.265395998954773,1.283473014831543,1.265395998954773,1.283473014831543,0.0070609599351882935,56010
1975-10-07,1.283473014831543,1.295524001121521,1.277446985244751,1.283473014831543,0.0070609599351882935,163882
1975-10-08,1.283473014831543,1.295524001121521,1.277446985244751,1.277446985244751,0.007027807179838419,105797
1975-10-09,1.277446985244751,1.283473014831543,1.265395998954773,1.277446985244751,0.007027807179838419,205371
1975-10-10,1.283473014831543,1.313601016998291,1.283473014831543,1.313601016998291,0.007226709742099047,87127
1975-10-13,1.313601016998291,1.313601016998291,1.295524001121521,1.295524001121521,0.007127260323613882,93350
1975-10-14,1.295524001121521,1.3075759410858154,1.283473014831543,1.295524001121521,0.007127260323613882,128616
1975-10-15,1.295524001121521,1.313601016998291,1.283473014831543,1.283473014831543,0.0070609599351882935,143137
1975-10-16,1.295524001121521,1.3437299728393555,1.295524001121521,1.295524001121521,0.007127260323613882,587069
1975-10-17,1.295524001121521,1.295524001121521,1.277446985244751,1.277446985244751,0.007027807179838419,159733
1975-10-20,1.277446985244751,1.313601016998291,1.277446985244751,1.313601016998291,0.007226709742099047,78829
1975-10-21,1.3256529569625854,1.3557809591293335,1.3256529569625854,1.3437299728393555,0.007392460480332375,302870
1975-10-22,1.3437299728393555,1.3437299728393555,1.295524001121521,1.3075759410858154,0.007193559780716896,184626
1975-10-23,1.3075759410858154,1.3437299728393555,1.3075759410858154,1.3377039432525635,0.0073593114502727985,47712
1975-10-24,1.3377039432525635,1.3437299728393555,1.313601016998291,1.3256529569625854,0.007293017115443945,112020
1975-10-27,1.3256529569625854,1.3256529569625854,1.313601016998291,1.3256529569625854,0.007293017115443945,56010
1975-10-28,1.3256529569625854,1.3557809591293335,1.313601016998291,1.3377039432525635,0.0073593114502727985,80904
1975-10-29,1.3377039432525635,1.3437299728393555,1.3075759410858154,1.3256529569625854,0.007293017115443945,661749
1975-10-30,1.3256529569625854,1.3859100341796875,1.313601016998291,1.3678330183029175,0.00752506498247385,271753
1975-10-31,1.3557809591293335,1.3557809591293335,1.3377039432525635,1.3557809591293335,0.007578940596431494,39415
1975-11-03,1.3557809591293335,1.3979610204696655,1.3557809591293335,1.3859100341796875,0.007747367490082979,159733
1975-11-04,1.3738579750061035,1.3738579750061035,1.3437299728393555,1.3437299728393555,0.00751157384365797,132765
1975-11-05,1.3437299728393555,1.3738579750061035,1.3437299728393555,1.3437299728393555,0.00751157384365797,72606
1975-11-06,1.3437299728393555,1.3678330183029175,1.3437299728393555,1.3437299728393555,0.00751157384365797,116169
1975-11-07,1.3437299728393555,1.3678330183029175,1.3437299728393555,1.3557809591293335,0.007578940596431494,43563
1975-11-10,1.3557809591293335,1.3738579750061035,1.3437299728393555,1.3557809591293335,0.007578940596431494,109946
1975-11-11,1.3738579750061035,1.3979610204696655,1.3738579750061035,1.3979610204696655,0.007814736105501652,130690
1975-11-12,1.3979610204696655,1.4160380363464355,1.3859100341796875,1.3859100341796875,0.007747367490082979,112020
1975-11-13,1.3859100341796875,1.4160380363464355,1.3859100341796875,1.3859100341796875,0.007747367490082979,186700
1975-11-14,1.3859100341796875,1.3979610204696655,1.3859100341796875,1.3859100341796875,0.007747367490082979,37340
1975-11-17,1.3979610204696655,1.458217978477478,1.3979610204696655,1.4461669921875,0.008084209635853767,253083
1975-11-18,1.4461669921875,1.458217978477478,1.4160380363464355,1.4160380363464355,0.007915781810879707,157658
1975-11-19,1.4160380363464355,1.440140962600708,1.3859100341796875,1.4160380363464355,0.007915781810879707,309093
1975-11-20,1.4160380363464355,1.440140962600708,1.41001296043396,1.41001296043396,0.007882101461291313,267604
1975-11-21,1.41001296043396,1.41001296043396,1.3859100341796875,1.3859100341796875,0.007747367490082979,174254
1975-11-24,1.3859100341796875,1.3859100341796875,1.3738579750061035,1.3859100341796875,0.007747367490082979,103722
1975-11-25,1.3859100341796875,1.42808997631073,1.3859100341796875,1.4160380363464355,0.007915781810879707,89201
1975-11-26,1.4160380363464355,1.42808997631073,1.3979610204696655,1.42808997631073,0.007983160205185413,128616
1975-11-28,1.42808997631073,1.440140962600708,1.3979610204696655,1.440140962600708,0.00805052649229765,68457
1975-12-01,1.440140962600708,1.440140962600708,1.4160380363464355,1.4160380363464355,0.007915781810879707,172179
1975-12-02,1.4160380363464355,1.4160380363464355,1.3979610204696655,1.41001296043396,0.007882101461291313,105797
1975-12-03,1.41001296043396,1.4160380363464355,1.3859100341796875,1.3859100341796875,0.007747367490082979,163882
1975-12-04,1.3859100341796875,1.4160380363464355,1.3859100341796875,1.4160380363464355,0.007915781810879707,101648
1975-12-05,1.4160380363464355,1.4160380363464355,1.3979610204696655,1.4160380363464355,0.007915781810879707,168030
1975-12-08,1.4160380363464355,1.4160380363464355,1.3859100341796875,1.3859100341796875,0.007747367490082979,89201
1975-12-09,1.3859100341796875,1.3979610204696655,1.3859100341796875,1.3859100341796875,0.007747367490082979,56010
1975-12-10,1.3859100341796875,1.3979610204696655,1.3557809591293335,1.3557809591293335,0.007578940596431494,126541
1975-12-11,1.3557809591293335,1.3859100341796875,1.3557809591293335,1.3859100341796875,0.007747367490082979,203296
1975-12-12,1.3859100341796875,1.3859100341796875,1.3678330183029175,1.3678330183029175,0.0076463189907372,80904
1975-12-15,1.3738579750061035,1.3979610204696655,1.3738579750061035,1.3979610204696655,0.007814736105501652,80904
1975-12-16,1.3979610204696655,1.3979610204696655,1.3859100341796875,1.3979610204696655,0.007814736105501652,56010
1975-12-17,1.3979610204696655,1.41001296043396,1.3859100341796875,1.3859100341796875,0.007747367490082979,190849
1975-12-18,1.3859100341796875,1.440140962600708,1.3859100341796875,1.440140962600708,0.00805052649229765,72606
1975-12-19,1.440140962600708,1.440140962600708,1.4160380363464355,1.4160380363464355,0.007915781810879707,31117
1975-12-22,1.4160380363464355,1.42808997631073,1.41001296043396,1.41001296043396,0.007882101461291313,151435
1975-12-23,1.41001296043396,1.440140962600708,1.41001296043396,1.41001296043396,0.007882101461291313,211594
1975-12-24,1.41001296043396,1.41001296043396,1.41001296043396,1.41001296043396,0.007882101461291313,64308
1975-12-26,1.41001296043396,1.440140962600708,1.41001296043396,1.42808997631073,0.007983160205185413,39415
1975-12-29,1.42808997631073,1.4461669921875,1.4160380363464355,1.4160380363464355,0.007915781810879707,60159
1975-12-30,1.4160380363464355,1.42808997631073,1.41001296043396,1.41001296043396,0.007882101461291313,70531
1975-12-31,1.41001296043396,1.4461669921875,1.41001296043396,1.440140962600708,0.00805052649229765,78829
1976-01-02,1.440140962600708,1.4461669921875,1.42808997631073,1.440140962600708,0.00805052649229765,47712
1976-01-05,1.440140962600708,1.458217978477478,1.440140962600708,1.4461669921875,0.008084209635853767,103722
1976-01-06,1.458217978477478,1.50039803981781,1.458217978477478,1.488347053527832,0.00831999909132719,294572
1976-01-07,1.488347053527832,1.5365519523620605,1.488347053527832,1.5064239501953125,0.008421054109930992,340210
1976-01-08,1.51847505569458,1.5486030578613281,1.51847505569458,1.51847505569458,0.00848841667175293,545580
1976-01-09,1.51847505569458,1.5365519523620605,1.5064239501953125,1.51847505569458,0.00848841667175293,80904
1976-01-12,1.51847505569458,1.5365519523620605,1.5064239501953125,1.530526041984558,0.008555786684155464,143137
1976-01-13,1.530526041984558,1.5365519523620605,1.488347053527832,1.51847505569458,0.00848841667175293,224041
1976-01-14,1.51847505569458,1.5606549978256226,1.51847505569458,1.5606549978256226,0.008724206127226353,228189
1976-01-15,1.5606549978256226,1.5907829999923706,1.530526041984558,1.530526041984558,0.008555786684155464,141063
1976-01-16,1.530526041984558,1.5486030578613281,1.530526041984558,1.5486030578613281,0.008656833320856094,122393
1976-01-19,1.5486030578613281,1.5907829999923706,1.5365519523620605,1.5907829999923706,0.008892624638974667,277976
1976-01-20,1.5907829999923706,1.5907829999923706,1.5486030578613281,1.5907829999923706,0.008892624638974667,199147
1976-01-21,1.5907829999923706,1.5968090295791626,1.5666810274124146,1.5968090295791626,0.008926315233111382,176328
1976-01-22,1.5968090295791626,1.620911955833435,1.5907829999923706,1.6088600158691406,0.008993670344352722,221966
1976-01-23,1.6088600158691406,1.651039958000183,1.6088600158691406,1.638988971710205,0.00916210561990738,128616
1976-01-26,1.638988971710205,1.663092017173767,1.620911955833435,1.620911955833435,0.009061046876013279,267604
1976-01-27,1.620911955833435,1.638988971710205,1.5787320137023926,1.5907829999923706,0.008892624638974667,408667
1976-01-28,1.5968090295791626,1.620911955833435,1.5968090295791626,1.6088600158691406,0.008993670344352722,174254
1976-01-29,1.620911955833435,1.663092017173767,1.620911955833435,1.651039958000183,0.009229465387761593,114095
1976-01-30,1.651039958000183,1.663092017173767,1.651039958000183,1.663092017173767,0.009296846576035023,271753
1976-02-02,1.663092017173767,1.663092017173767,1.651039958000183,1.651039958000183,0.009229465387761593,284200
1976-02-03,1.638988971710205,1.663092017173767,1.638988971710205,1.651039958000183,0.009352331981062889,184626
1976-02-04,1.651039958000183,1.651039958000183,1.620911955833435,1.626937985420227,0.009215802885591984,105797
1976-02-05,1.626937985420227,1.638988971710205,1.6088600158691406,1.6088600158691406,0.00911339744925499,109946
1976-02-06,1.6088600158691406,1.638988971710205,1.6088600158691406,1.626937985420227,0.009215802885591984,128616
1976-02-09,1.626937985420227,1.638988971710205,1.626937985420227,1.626937985420227,0.009215802885591984,85052
1976-02-10,1.626937985420227,1.638988971710205,1.626937985420227,1.626937985420227,0.009215802885591984,89201
1976-02-11,1.626937985420227,1.681169033050537,1.626937985420227,1.681169033050537,0.009522995911538601,263455
1976-02-12,1.6932200193405151,1.7414259910583496,1.6932200193405151,1.7414259910583496,0.009864326566457748,568399
1976-02-13,1.7414259910583496,1.7414259910583496,1.7112970352172852,1.7293740510940552,0.009796055033802986,153509
1976-02-17,1.7293740510940552,1.7414259910583496,1.7112970352172852,1.7112970352172852,0.009693657979369164,149360
1976-02-18,1.7112970352172852,1.7293740510940552,1.6932200193405151,1.7112970352172852,0.009693657979369164,315316
1976-02-19,1.7112970352172852,1.7293740510940552,1.6932200193405151,1.7112970352172852,0.009693657979369164,1815143
1976-02-20,1.7112970352172852,1.7534769773483276,1.7112970352172852,1.7534769773483276,0.009932588785886765,365103
1976-02-23,1.7534769773483276,1.7836060523986816,1.7414259910583496,1.7414259910583496,0.009864326566457748,336061
1976-02-24,1.7534769773483276,1.7836060523986816,1.7534769773483276,1.7715539932250977,0.010034986771643162,219892
1976-02-25,1.7715539932250977,1.7836060523986816,1.7715539932250977,1.7836060523986816,0.010103254579007626,234413
1976-02-26,1.7836060523986816,1.8197599649429321,1.7715539932250977,1.7836060523986816,0.010103254579007626,516538
1976-02-27,1.7836060523986816,1.801682949066162,1.7534769773483276,1.7836060523986816,0.010103254579007626,213668
1976-03-01,1.7836060523986816,1.7836060523986816,1.7534769773483276,1.7534769773483276,0.009932588785886765,184626
1976-03-02,1.7534769773483276,1.7896310091018677,1.7414259910583496,1.7715539932250977,0.010034986771643162,219892
1976-03-03,1.7836060523986816,1.7896310091018677,1.7836060523986816,1.7836060523986816,0.010103254579007626,95425
1976-03-04,1.7836060523986816,1.7896310091018677,1.7715539932250977,1.7836060523986816,0.010103254579007626,207445
1976-03-05,1.7836060523986816,1.7836060523986816,1.7293740510940552,1.7715539932250977,0.010034986771643162,304944
1976-03-08,1.7715539932250977,1.7715539932250977,1.7293740510940552,1.7534769773483276,0.009932588785886765,1174139
1976-03-09,1.7534769773483276,1.7715539932250977,1.7534769773483276,1.7595030069351196,0.00996672734618187,232338
1976-03-10,1.7595030069351196,1.8137340545654297,1.7595030069351196,1.8137340545654297,0.010273918509483337,300795
1976-03-11,1.8137340545654297,1.8137340545654297,1.7896310091018677,1.801682949066162,0.010205652564764023,823557
1976-03-12,1.801682949066162,1.8137340545654297,1.7896310091018677,1.8137340545654297,0.010273918509483337,489570
1976-03-15,1.8137340545654297,1.8137340545654297,1.7896310091018677,1.8137340545654297,0.010273918509483337,240636
1976-03-16,1.8137340545654297,1.8438630104064941,1.8137340545654297,1.8137340545654297,0.010273918509483337,692866
1976-03-17,1.8137340545654297,1.8498879671096802,1.8137340545654297,1.8197599649429321,0.01030805055052042,290423
1976-03-18,1.8197599649429321,1.8318109512329102,1.7896310091018677,1.7896310091018677,0.010137381963431835,112020
1976-03-19,1.7896310091018677,1.8137340545654297,1.7896310091018677,1.8137340545654297,0.010273918509483337,199147
1976-03-22,1.8137340545654297,1.8318109512329102,1.8137340545654297,1.8137340545654297,0.010273918509483337,194998
1976-03-23,1.8137340545654297,1.8318109512329102,1.8137340545654297,1.8318109512329102,0.010376309975981712,101648
1976-03-24,1.8318109512329102,1.8498879671096802,1.8197599649429321,1.8438630104064941,0.01044457871466875,323614
1976-03-25,1.8197599649429321,1.8197599649429321,1.7896310091018677,1.801682949066162,0.010205652564764023,740579
1976-03-26,1.7896310091018677,1.7896310091018677,1.7595030069351196,1.7595030069351196,0.00996672734618187,120318
1976-03-29,1.7534769773483276,1.7534769773483276,1.7112970352172852,1.7233489751815796,0.009761934168636799,232338
1976-03-30,1.7233489751815796,1.7293740510940552,1.7233489751815796,1.7233489751815796,0.009761934168636799,194998
1976-03-31,1.7233489751815796,1.7414259910583496,1.7233489751815796,1.7293740510940552,0.009796055033802986,232338
1976-04-01,1.7293740510940552,1.7534769773483276,1.7233489751815796,1.7293740510940552,0.009796055033802986,427337
1976-04-02,1.7293740510940552,1.7534769773483276,1.7233489751815796,1.7534769773483276,0.009932588785886765,184626
1976-04-05,1.7534769773483276,1.7715539932250977,1.7534769773483276,1.7715539932250977,0.010034986771643162,367178
1976-04-06,1.7715539932250977,1.8137340545654297,1.7715539932250977,1.7896310091018677,0.010137381963431835,389997
1976-04-07,1.7836060523986816,1.7836060523986816,1.7534769773483276,1.7534769773483276,0.009932588785886765,120318
1976-04-08,1.7534769773483276,1.7715539932250977,1.7534769773483276,1.7534769773483276,0.009932588785886765,124467
1976-04-09,1.7534769773483276,1.7836060523986816,1.7534769773483276,1.7534769773483276,0.009932588785886765,232338
1976-04-12,1.7534769773483276,1.7836060523986816,1.7534769773483276,1.7715539932250977,0.010034986771643162,180477
1976-04-13,1.7715539932250977,1.8137340545654297,1.7715539932250977,1.7896310091018677,0.010137381963431835,228189
1976-04-14,1.7896310091018677,1.8438630104064941,1.7896310091018677,1.8197599649429321,0.01030805055052042,271753
1976-04-15,1.8197599649429321,1.8197599649429321,1.7896310091018677,1.8197599649429321,0.01030805055052042,132765
1976-04-19,1.8197599649429321,1.8197599649429321,1.801682949066162,1.801682949066162,0.010205652564764023,533134
1976-04-20,1.801682949066162,1.8197599649429321,1.801682949066162,1.8197599649429321,0.01030805055052042,176328
1976-04-21,1.8318109512329102,1.8619400262832642,1.8318109512329102,1.8498879671096802,0.010478710755705833,197073
1976-04-22,1.8498879671096802,1.8800170421600342,1.8498879671096802,1.8739910125732422,0.010615240782499313,448081
1976-04-23,1.8739910125732422,1.8800170421600342,1.8438630104064941,1.8619400262832642,0.010546986013650894,255157
1976-04-26,1.8619400262832642,1.8739910125732422,1.8498879671096802,1.8498879671096802,0.010478710755705833,72606
1976-04-27,1.8498879671096802,1.8739910125732422,1.8438630104064941,1.8438630104064941,0.01044457871466875,89201
1976-04-28,1.8438630104064941,1.8498879671096802,1.8438630104064941,1.8438630104064941,0.01044457871466875,136914
1976-04-29,1.8438630104064941,1.8498879671096802,1.8438630104064941,1.8438630104064941,0.01044457871466875,356805
1976-04-30,1.8438630104064941,1.8739910125732422,1.8438630104064941,1.8498879671096802,0.010478710755705833,80904
1976-05-03,1.8318109512329102,1.8438630104064941,1.8318109512329102,1.8318109512329102,0.010499415919184685,97499
1976-05-04,1.8438630104064941,1.8619400262832642,1.8438630104064941,1.8498879671096802,0.01060303021222353,165956
1976-05-05,1.8498879671096802,1.8800170421600342,1.8438630104064941,1.8739910125732422,0.010741179808974266,199147
1976-05-06,1.8739910125732422,1.8800170421600342,1.8739910125732422,1.8739910125732422,0.010741179808974266,68457
1976-05-07,1.8739910125732422,1.8920680284500122,1.8739910125732422,1.8739910125732422,0.010741179808974266,163882
1976-05-10,1.8739910125732422,1.9161709547042847,1.8739910125732422,1.9161709547042847,0.01098293624818325,885790
1976-05-11,1.9161709547042847,1.9161709547042847,1.8739910125732422,1.8800170421600342,0.01077572163194418,253083
1976-05-12,1.8800170421600342,1.8920680284500122,1.8438630104064941,1.8619400262832642,0.010672114789485931,1510199
1976-05-13,1.8619400262832642,1.8739910125732422,1.8197599649429321,1.8197599649429321,0.010430344380438328,275902
1976-05-14,1.8197599649429321,1.8197599649429321,1.7595030069351196,1.7715539932250977,0.010154042392969131,230264
1976-05-17,1.7836060523986816,1.8197599649429321,1.7836060523986816,1.7836060523986816,0.010223121382296085,294572
1976-05-18,1.7836060523986816,1.8137340545654297,1.7836060523986816,1.7836060523986816,0.010223121382296085,161807
1976-05-19,1.7896310091018677,1.8498879671096802,1.7896310091018677,1.8197599649429321,0.010430344380438328,344359
1976-05-20,1.8197599649429321,1.8498879671096802,1.8197599649429321,1.8498879671096802,0.01060303021222353,402443
1976-05-21,1.8498879671096802,1.8739910125732422,1.8438630104064941,1.8619400262832642,0.010672114789485931,132765
1976-05-24,1.8498879671096802,1.8498879671096802,1.7896310091018677,1.7896310091018677,0.010257652960717678,118244
1976-05-25,1.7896310091018677,1.8318109512329102,1.7896310091018677,1.8137340545654297,0.010395810008049011,373401
1976-05-26,1.8137340545654297,1.8318109512329102,1.7896310091018677,1.7896310091018677,0.010257652960717678,284200
1976-05-27,1.7896310091018677,1.801682949066162,1.7836060523986816,1.801682949066162,0.010326732881367207,168030
1976-05-28,1.8137340545654297,1.8318109512329102,1.8137340545654297,1.8318109512329102,0.010499415919184685,182552
1976-06-01,1.8318109512329102,1.8498879671096802,1.8197599649429321,1.8498879671096802,0.01060303021222353,300795
1976-06-02,1.8498879671096802,1.8619400262832642,1.8438630104064941,1.8438630104064941,0.010568495839834213,76755
1976-06-03,1.8438630104064941,1.8739910125732422,1.8438630104064941,1.8498879671096802,0.01060303021222353,174254
1976-06-04,1.8498879671096802,1.8619400262832642,1.8438630104064941,1.8438630104064941,0.010568495839834213,2404287
1976-06-07,1.8438630104064941,1.8498879671096802,1.7896310091018677,1.7896310091018677,0.010257652960717678,757174
1976-06-08,1.801682949066162,1.8197599649429321,1.801682949066162,1.8137340545654297,0.010395810008049011,280051
1976-06-09,1.8137340545654297,1.8318109512329102,1.801682949066162,1.8197599649429321,0.010430344380438328,159733
1976-06-10,1.8197599649429321,1.8438630104064941,1.8137340545654297,1.8197599649429321,0.010430344380438328,462602
1976-06-11,1.8197599649429321,1.8438630104064941,1.8137340545654297,1.8197599649429321,0.010430344380438328,280051
1976-06-14,1.8197599649429321,1.8498879671096802,1.8137340545654297,1.8498879671096802,0.01060303021222353,170105
1976-06-15,1.8498879671096802,1.8498879671096802,1.8438630104064941,1.8438630104064941,0.010568495839834213,155584
1976-06-16,1.8438630104064941,1.8438630104064941,1.8197599649429321,1.8197599649429321,0.010430344380438328,80904
1976-06-17,1.8197599649429321,1.8438630104064941,1.8137340545654297,1.8137340545654297,0.010395810008049011,95425
1976-06-18,1.8197599649429321,1.8619400262832642,1.8197599649429321,1.8498879671096802,0.01060303021222353,446007
1976-06-21,1.8498879671096802,1.8619400262832642,1.8318109512329102,1.8438630104064941,0.010568495839834213,163882
1976-06-22,1.8438630104064941,1.8619400262832642,1.8438630104064941,1.8438630104064941,0.010568495839834213,298721
1976-06-23,1.8438630104064941,1.8498879671096802,1.8438630104064941,1.8498879671096802,0.01060303021222353,313242
1976-06-24,1.8619400262832642,1.9041190147399902,1.8619400262832642,1.9041190147399902,0.010913865640759468,782068
1976-06-25,1.9161709547042847,1.9462989568710327,1.9161709547042847,1.9221969842910767,0.011017479002475739,686643
1976-06-28,1.9342479705810547,1.9643759727478027,1.9342479705810547,1.9523249864578247,0.011190167628228664,566325
1976-06-29,1.9523249864578247,2.036684989929199,1.9462989568710327,2.0125820636749268,0.01153554767370224,867120
1976-06-30,2.0125820636749268,2.0246329307556152,1.9945050477981567,2.0125820636749268,0.01153554767370224,520687
1976-07-01,2.0125820636749268,2.036684989929199,2.0065560340881348,2.0065560340881348,0.011501004919409752,344359
1976-07-02,2.0065560340881348,2.0065560340881348,1.9945050477981567,1.9945050477981567,0.011431935243308544,153509
1976-07-06,1.9945050477981567,2.0065560340881348,1.9764280319213867,1.9945050477981567,0.011431935243308544,134839
1976-07-07,1.9824529886245728,1.9824529886245728,1.9342479705810547,1.9342479705810547,0.011086552403867245,182552
1976-07-08,1.9342479705810547,1.9764280319213867,1.9342479705810547,1.9523249864578247,0.011190167628228664,248934
1976-07-09,1.9643759727478027,2.0125820636749268,1.9643759727478027,2.0065560340881348,0.011501004919409752,327763
1976-07-12,2.0065560340881348,2.0246329307556152,2.0065560340881348,2.0125820636749268,0.01153554767370224,105797
1976-07-13,2.0125820636749268,2.0547618865966797,2.0125820636749268,2.036684989929199,0.0116737000644207,423188
1976-07-14,2.036684989929199,2.0848898887634277,2.036684989929199,2.0848898887634277,0.011949997395277023,560101
1976-07-15,2.0848898887634277,2.0969419479370117,2.0547618865966797,2.0848898887634277,0.011949997395277023,159733
1976-07-16,2.0848898887634277,2.1029670238494873,2.0848898887634277,2.0969419479370117,0.012019076384603977,389997
1976-07-19,2.0969419479370117,2.1029670238494873,2.0848898887634277,2.0969419479370117,0.012019076384603977,221966
1976-07-20,2.0969419479370117,2.1330959796905518,2.0848898887634277,2.1330959796905518,0.012226291000843048,651377
1976-07-21,2.1330959796905518,2.1451470851898193,2.1270699501037598,2.1270699501037598,0.012191749177873135,371326
1976-07-22,2.1270699501037598,2.1451470851898193,2.1270699501037598,2.1330959796905518,0.012226291000843048,443932
1976-07-23,2.1330959796905518,2.157198905944824,2.1270699501037598,2.157198905944824,0.012364440597593784,416964
1976-07-26,2.157198905944824,2.169250011444092,2.1451470851898193,2.1451470851898193,0.012295371852815151,267604
1976-07-27,2.1451470851898193,2.157198905944824,2.1270699501037598,2.1270699501037598,0.012191749177873135,176328
1976-07-28,2.1270699501037598,2.1270699501037598,2.1150190830230713,2.1150190830230713,0.01212268602102995,132765
1976-07-29,2.1150190830230713,2.1270699501037598,2.1029670238494873,2.1029670238494873,0.01205360796302557,147286
1976-07-30,2.1029670238494873,2.1150190830230713,2.1029670238494873,2.1150190830230713,0.01212268602102995,184626
1976-08-02,2.1150190830230713,2.1270699501037598,2.0969419479370117,2.1150190830230713,0.01212268602102995,298721
1976-08-03,2.0848898887634277,2.1270699501037598,2.0848898887634277,2.1270699501037598,0.012318074703216553,244785
1976-08-04,2.1270699501037598,2.157198905944824,2.1270699501037598,2.1451470851898193,0.012422780506312847,344359
1976-08-05,2.1451470851898193,2.1451470851898193,2.036684989929199,2.042710065841675,0.011829543858766556,543506
1976-08-06,2.042710065841675,2.0668129920959473,2.036684989929199,2.0547618865966797,0.011899339035153389,116169
1976-08-09,2.0668129920959473,2.0969419479370117,2.0668129920959473,2.0969419479370117,0.012143610045313835,207445
1976-08-10,2.0969419479370117,2.1270699501037598,2.0969419479370117,2.1270699501037598,0.012318074703216553,147286
1976-08-11,2.1270699501037598,2.157198905944824,2.1150190830230713,2.1150190830230713,0.012248294427990913,502017
1976-08-12,2.1150190830230713,2.1150190830230713,2.0969419479370117,2.0969419479370117,0.012143610045313835,182552
1976-08-13,2.0969419479370117,2.1150190830230713,2.0969419479370117,2.1029670238494873,0.01217850111424923,97499
1976-08-16,2.1150190830230713,2.1270699501037598,2.1150190830230713,2.1270699501037598,0.012318074703216553,209519
1976-08-17,2.1270699501037598,2.1270699501037598,2.0848898887634277,2.1029670238494873,0.01217850111424923,97499
1976-08-18,2.1029670238494873,2.1270699501037598,2.0969419479370117,2.0969419479370117,0.012143610045313835,327763
1976-08-19,2.0969419479370117,2.1150190830230713,2.0848898887634277,2.0848898887634277,0.012073810212314129,128616
1976-08-20,2.0547618865966797,2.0547618865966797,1.9945050477981567,1.9945050477981567,0.01155038271099329,192924
1976-08-23,1.9945050477981567,1.9945050477981567,1.9342479705810547,1.9523249864578247,0.011306112632155418,234413
1976-08-24,1.9523249864578247,1.9764280319213867,1.9462989568710327,1.9462989568710327,0.011271217837929726,168030
1976-08-25,1.9462989568710327,1.9764280319213867,1.9342479705810547,1.9523249864578247,0.011306112632155418,116169
1976-08-26,1.9523249864578247,1.9764280319213867,1.9342479705810547,1.9342479705810547,0.011201423592865467,238562
1976-08-27,1.9342479705810547,1.9643759727478027,1.9161709547042847,1.9643759727478027,0.011375905014574528,219892
1976-08-30,1.9824529886245728,2.0065560340881348,1.9824529886245728,1.9945050477981567,0.01155038271099329,118244
1976-08-31,2.0065560340881348,2.036684989929199,2.0065560340881348,2.036684989929199,0.01179465465247631,271753
1976-09-01,2.036684989929199,2.036684989929199,2.0125820636749268,2.036684989929199,0.01179465465247631,194998
1976-09-02,2.036684989929199,2.036684989929199,2.0125820636749268,2.0125820636749268,0.01165507361292839,105797
1976-09-03,2.0125820636749268,2.036684989929199,2.0125820636749268,2.036684989929199,0.01179465465247631,342284
1976-09-07,2.036684989929199,2.036684989929199,2.0065560340881348,2.0125820636749268,0.01165507361292839,80904
1976-09-08,2.0125820636749268,2.036684989929199,1.9824529886245728,1.9824529886245728,0.011480588465929031,118244
1976-09-09,1.9824529886245728,1.9824529886245728,1.9462989568710327,1.9523249864578247,0.011306112632155418,161807
1976-09-10,1.9342479705810547,1.9342479705810547,1.9161709547042847,1.9342479705810547,0.011201423592865467,105797
1976-09-13,1.9462989568710327,1.9523249864578247,1.9462989568710327,1.9523249864578247,0.011306112632155418,338135
1976-09-14,1.9523249864578247,1.9764280319213867,1.9523249864578247,1.9764280319213867,0.011445695534348488,149360
1976-09-15,1.9824529886245728,2.036684989929199,1.9824529886245728,2.036684989929199,0.01179465465247631,161807
1976-09-16,2.036684989929199,2.036684989929199,2.0125820636749268,2.0125820636749268,0.01165507361292839,342284
1976-09-17,2.0125820636749268,2.0547618865966797,2.0125820636749268,2.036684989929199,0.01179465465247631,126541
1976-09-20,2.036684989929199,2.0668129920959473,2.036684989929199,2.0547618865966797,0.011899339035153389,715685
1976-09-21,2.0547618865966797,2.0547618865966797,2.042710065841675,2.0547618865966797,0.011899339035153389,406592
1976-09-22,2.0547618865966797,2.0848898887634277,2.0547618865966797,2.0728390216827393,0.012004018761217594,192924
1976-09-23,2.0728390216827393,2.0848898887634277,2.0547618865966797,2.0848898887634277,0.012073810212314129,385848
1976-09-24,2.0848898887634277,2.0848898887634277,2.0668129920959473,2.0668129920959473,0.011969119310379028,72606
1976-09-27,2.0668129920959473,2.1150190830230713,2.0668129920959473,2.0969419479370117,0.012143610045313835,242711
1976-09-28,2.0969419479370117,2.0969419479370117,2.0547618865966797,2.0547618865966797,0.011899339035153389,288349
1976-09-29,2.0547618865966797,2.0728390216827393,2.042710065841675,2.0668129920959473,0.011969119310379028,149360
1976-09-30,2.0668129920959473,2.0668129920959473,2.0547618865966797,2.0668129920959473,0.011969119310379028,89201
1976-10-01,2.0668129920959473,2.0668129920959473,2.0125820636749268,2.0125820636749268,0.01165507361292839,454304
1976-10-04,2.0125820636749268,2.0246329307556152,2.0125820636749268,2.0125820636749268,0.01165507361292839,105797
1976-10-05,2.0065560340881348,2.0065560340881348,1.9945050477981567,2.0065560340881348,0.01162017323076725,120318
1976-10-06,2.0065560340881348,2.0065560340881348,1.9764280319213867,1.9764280319213867,0.011445695534348488,118244
1976-10-07,1.9764280319213867,2.0065560340881348,1.9764280319213867,2.0065560340881348,0.01162017323076725,124467
1976-10-08,2.0065560340881348,2.0125820636749268,1.9523249864578247,1.9523249864578247,0.011306112632155418,153509
1976-10-11,1.9523249864578247,1.9523249864578247,1.9221969842910767,1.9221969842910767,0.011131636798381805,78829
1976-10-12,1.9221969842910767,1.9342479705810547,1.9221969842910767,1.9221969842910767,0.011131636798381805,153509
1976-10-13,1.9221969842910767,1.9523249864578247,1.9221969842910767,1.9523249864578247,0.011306112632155418,132765
1976-10-14,1.9523249864578247,1.9523249864578247,1.9161709547042847,1.9221969842910767,0.011131636798381805,354731
1976-10-15,1.9221969842910767,1.9342479705810547,1.8920680284500122,1.9161709547042847,0.011096731759607792,109946
1976-10-18,1.9161709547042847,1.9462989568710327,1.9041190147399902,1.9342479705810547,0.011201423592865467,311167
1976-10-19,1.9342479705810547,1.9462989568710327,1.9342479705810547,1.9462989568710327,0.011271217837929726,47712
1976-10-20,1.9462989568710327,1.9764280319213867,1.9342479705810547,1.9764280319213867,0.011445695534348488,338135
1976-10-21,1.9764280319213867,1.9764280319213867,1.9523249864578247,1.9523249864578247,0.011306112632155418,80904
1976-10-22,1.9523249864578247,1.9523249864578247,1.9462989568710327,1.9523249864578247,0.011306112632155418,275902
1976-10-25,1.9523249864578247,1.9824529886245728,1.9462989568710327,1.9764280319213867,0.011445695534348488,477123
1976-10-26,1.9764280319213867,2.0065560340881348,1.9764280319213867,1.9824529886245728,0.011480588465929031,244785
1976-10-27,1.9764280319213867,1.9764280319213867,1.9462989568710327,1.9643759727478027,0.011375905014574528,145211
1976-10-28,1.9643759727478027,1.9764280319213867,1.9523249864578247,1.9764280319213867,0.011445695534348488,76755
1976-10-29,1.9764280319213867,1.9764280319213867,1.9643759727478027,1.9764280319213867,0.011445695534348488,53936
1976-11-01,1.9523249864578247,1.9523249864578247,1.9342479705810547,1.9342479705810547,0.011201423592865467,128616
1976-11-03,1.8920680284500122,1.8920680284500122,1.8498879671096802,1.8498879671096802,0.01084805279970169,64308
1976-11-04,1.8498879671096802,1.8800170421600342,1.8498879671096802,1.8800170421600342,0.01102473121136427,292497
1976-11-05,1.8800170421600342,1.8920680284500122,1.8438630104064941,1.8438630104064941,0.010812721215188503,109946
1976-11-08,1.8438630104064941,1.8498879671096802,1.8438630104064941,1.8438630104064941,0.010812721215188503,45638
1976-11-09,1.8318109512329102,1.8318109512329102,1.8137340545654297,1.8318109512329102,0.010742045007646084,53936
1976-11-10,1.8318109512329102,1.8318109512329102,1.7896310091018677,1.801682949066162,0.010565374046564102,172179
1976-11-11,1.7896310091018677,1.7896310091018677,1.7836060523986816,1.7896310091018677,0.010494694113731384,35266
1976-11-12,1.7896310091018677,1.7896310091018677,1.7896310091018677,1.7896310091018677,0.010494694113731384,56010
1976-11-15,1.7896310091018677,1.8197599649429321,1.7836060523986816,1.8197599649429321,0.010671383701264858,292497
1976-11-16,1.8197599649429321,1.8498879671096802,1.8197599649429321,1.8498879671096802,0.01084805279970169,147286
1976-11-17,1.8498879671096802,1.8800170421600342,1.8438630104064941,1.8800170421600342,0.01102473121136427,255157
1976-11-18,1.8800170421600342,1.9161709547042847,1.8739910125732422,1.9161709547042847,0.011236737482249737,475049
1976-11-19,1.9161709547042847,1.9342479705810547,1.8920680284500122,1.8920680284500122,0.011095404624938965,138988
1976-11-22,1.8920680284500122,1.9161709547042847,1.8920680284500122,1.9041190147399902,0.011166078969836235,47712
1976-11-23,1.9041190147399902,1.9221969842910767,1.8920680284500122,1.8920680284500122,0.011095404624938965,122393
1976-11-24,1.9041190147399902,1.9462989568710327,1.9041190147399902,1.9342479705810547,0.011342749930918217,238562
1976-11-26,1.9342479705810547,1.9523249864578247,1.8800170421600342,1.8920680284500122,0.011095404624938965,528985
1976-11-29,1.9041190147399902,1.9221969842910767,1.9041190147399902,1.9161709547042847,0.011236737482249737,45638
1976-11-30,1.9161709547042847,1.9161709547042847,1.8920680284500122,1.9161709547042847,0.011236737482249737,116169
1976-12-01,1.9161709547042847,1.9342479705810547,1.9041190147399902,1.9342479705810547,0.011342749930918217,122393
1976-12-02,1.9342479705810547,1.9342479705810547,1.9161709547042847,1.9221969842910767,0.011272083036601543,72606
1976-12-03,1.9342479705810547,1.9462989568710327,1.9342479705810547,1.9462989568710327,0.011413424275815487,85052
1976-12-06,1.9462989568710327,1.9523249864578247,1.9342479705810547,1.9523249864578247,0.011448759585618973,68457
1976-12-07,1.9523249864578247,1.9824529886245728,1.9523249864578247,1.9824529886245728,0.011625437997281551,149360
1976-12-08,1.9824529886245728,2.0125820636749268,1.9824529886245728,2.0125820636749268,0.011802122928202152,134839
1976-12-09,2.036684989929199,2.0668129920959473,2.036684989929199,2.0668129920959473,0.012120132334530354,531059
1976-12-10,2.0668129920959473,2.0668129920959473,2.036684989929199,2.036684989929199,0.011943466030061245,56010
1976-12-13,2.036684989929199,2.0547618865966797,2.036684989929199,2.036684989929199,0.011943466030061245,89201
1976-12-14,2.036684989929199,2.0547618865966797,2.036684989929199,2.036684989929199,0.011943466030061245,190849
1976-12-15,2.036684989929199,2.042710065841675,2.036684989929199,2.042710065841675,0.011978796683251858,168030
1976-12-16,2.042710065841675,2.0547618865966797,2.036684989929199,2.042710065841675,0.011978796683251858,259306
1976-12-17,2.042710065841675,2.0547618865966797,1.9945050477981567,1.9945050477981567,0.011696112342178822,56010
1976-12-20,1.9824529886245728,1.9824529886245728,1.9462989568710327,1.9462989568710327,0.011413424275815487,89201
1976-12-21,1.9462989568710327,2.0125820636749268,1.9462989568710327,2.0065560340881348,0.011766782030463219,327763
1976-12-22,2.0065560340881348,2.0969419479370117,2.0065560340881348,2.0668129920959473,0.012120132334530354,304944
1976-12-23,2.0668129920959473,2.0969419479370117,2.0668129920959473,2.0969419479370117,0.012296823784708977,209519
1976-12-27,2.0969419479370117,2.1451470851898193,2.0969419479370117,2.1451470851898193,0.012579516507685184,138988
1976-12-28,2.1451470851898193,2.1451470851898193,2.1270699501037598,2.1270699501037598,0.012473490089178085,389997
1976-12-29,2.1270699501037598,2.1270699501037598,2.1029670238494873,2.1029670238494873,0.012332155369222164,199147
1976-12-30,2.1029670238494873,2.1270699501037598,2.1029670238494873,2.1270699501037598,0.012473490089178085,103722
1976-12-31,2.1270699501037598,2.1270699501037598,2.1150190830230713,2.1270699501037598,0.012473490089178085,116169
1977-01-03,2.1270699501037598,2.1330959796905518,2.1150190830230713,2.1270699501037598,0.012473490089178085,302870
1977-01-04,2.1270699501037598,2.1270699501037598,2.1029670238494873,2.1029670238494873,0.012332155369222164,103722
1977-01-05,2.0969419479370117,2.0969419479370117,2.0547618865966797,2.0547618865966797,0.012049472890794277,149360
1977-01-06,2.0547618865966797,2.0848898887634277,2.036684989929199,2.0547618865966797,0.012049472890794277,319465
1977-01-07,2.0547618865966797,2.0728390216827393,2.0547618865966797,2.0668129920959473,0.012120132334530354,151435
1977-01-10,2.0668129920959473,2.0728390216827393,2.042710065841675,2.042710065841675,0.011978796683251858,120318
1977-01-11,2.042710065841675,2.0668129920959473,2.042710065841675,2.0547618865966797,0.012049472890794277,105797
1977-01-12,2.042710065841675,2.042710065841675,1.9824529886245728,1.9824529886245728,0.011625437997281551,101648
1977-01-13,1.9824529886245728,2.0065560340881348,1.9523249864578247,1.9523249864578247,0.011448759585618973,244785
1977-01-14,1.9523249864578247,1.9764280319213867,1.9462989568710327,1.9523249864578247,0.011448759585618973,89201
1977-01-17,1.9523249864578247,1.9764280319213867,1.9462989568710327,1.9764280319213867,0.01159010361880064,217817
1977-01-18,1.9764280319213867,1.9764280319213867,1.9342479705810547,1.9342479705810547,0.011342749930918217,209519
1977-01-19,1.9342479705810547,1.9462989568710327,1.9342479705810547,1.9342479705810547,0.011342749930918217,379624
1977-01-20,1.9342479705810547,1.9643759727478027,1.9221969842910767,1.9342479705810547,0.011342749930918217,346433
1977-01-21,1.9342479705810547,1.9462989568710327,1.9161709547042847,1.9462989568710327,0.011413424275815487,95425
1977-01-24,1.9462989568710327,1.9764280319213867,1.9462989568710327,1.9643759727478027,0.01151943113654852,267604
1977-01-25,1.9824529886245728,1.9945050477981567,1.9824529886245728,1.9945050477981567,0.011696112342178822,450156
1977-01-26,2.0065560340881348,2.036684989929199,2.0065560340881348,2.0065560340881348,0.011766782030463219,238562
1977-01-27,2.0065560340881348,2.0246329307556152,2.0065560340881348,2.0065560340881348,0.011766782030463219,68457
1977-01-28,1.9945050477981567,1.9945050477981567,1.9824529886245728,1.9945050477981567,0.011696112342178822,72606
1977-01-31,1.9945050477981567,2.0065560340881348,1.9764280319213867,2.0065560340881348,0.011766782030463219,313242
1977-02-01,2.0065560340881348,2.0065560340881348,1.9824529886245728,2.0065560340881348,0.011766782030463219,22819
1977-02-02,1.9824529886245728,2.0065560340881348,1.9824529886245728,1.9824529886245728,0.0117667680606246,47712
1977-02-03,1.9824529886245728,1.9945050477981567,1.9764280319213867,1.9824529886245728,0.0117667680606246,159733
1977-02-04,1.9824529886245728,2.0065560340881348,1.9824529886245728,2.0065560340881348,0.011909826658666134,95425
1977-02-07,2.0065560340881348,2.0246329307556152,2.0065560340881348,2.0065560340881348,0.011909826658666134,452230
1977-02-08,2.0065560340881348,2.0065560340881348,1.9945050477981567,2.0065560340881348,0.011909826658666134,51861
1977-02-09,2.0065560340881348,2.0065560340881348,1.9824529886245728,1.9824529886245728,0.0117667680606246,564250
1977-02-10,1.9824529886245728,1.9945050477981567,1.9824529886245728,1.9945050477981567,0.011838291771709919,553878
1977-02-11,1.9945050477981567,2.0125820636749268,1.9945050477981567,2.0065560340881348,0.011909826658666134,143137
1977-02-14,2.0065560340881348,2.0125820636749268,2.0065560340881348,2.0125820636749268,0.011945598758757114,128616
1977-02-15,2.0125820636749268,2.036684989929199,2.0125820636749268,2.036684989929199,0.012088658288121223,524836
1977-02-16,2.036684989929199,2.042710065841675,2.0065560340881348,2.0065560340881348,0.011909826658666134,340210
1977-02-17,2.0065560340881348,2.036684989929199,2.0065560340881348,2.036684989929199,0.012088658288121223,143137
1977-02-18,2.036684989929199,2.036684989929199,2.0125820636749268,2.0125820636749268,0.011945598758757114,120318
1977-02-22,2.0125820636749268,2.036684989929199,2.0125820636749268,2.0125820636749268,0.011945598758757114,47712
1977-02-23,2.0125820636749268,2.0246329307556152,2.0125820636749268,2.0125820636749268,0.011945598758757114,128616
1977-02-24,2.0125820636749268,2.0246329307556152,2.0125820636749268,2.0246329307556152,0.012017123401165009,97499
1977-02-25,2.0246329307556152,2.0246329307556152,2.0125820636749268,2.0246329307556152,0.012017123401165009,151435
1977-02-28,2.0246329307556152,2.036684989929199,2.0246329307556152,2.036684989929199,0.012088658288121223,118244
1977-03-01,2.036684989929199,2.042710065841675,2.036684989929199,2.036684989929199,0.012088658288121223,112020
1977-03-02,2.036684989929199,2.036684989929199,2.0125820636749268,2.0125820636749268,0.011945598758757114,448081
1977-03-03,2.0125820636749268,2.036684989929199,2.0125820636749268,2.036684989929199,0.012088658288121223,31117
1977-03-04,2.036684989929199,2.042710065841675,2.0246329307556152,2.036684989929199,0.012088658288121223,68457
1977-03-07,2.036684989929199,2.0547618865966797,2.036684989929199,2.042710065841675,0.01212441548705101,180477
1977-03-08,2.042710065841675,2.0547618865966797,2.036684989929199,2.042710065841675,0.01212441548705101,259306
1977-03-09,2.042710065841675,2.0668129920959473,2.042710065841675,2.0547618865966797,0.012195947580039501,120318
1977-03-10,2.0547618865966797,2.0848898887634277,2.0547618865966797,2.0547618865966797,0.012195947580039501,259306
1977-03-11,2.0547618865966797,2.0547618865966797,2.0547618865966797,2.0547618865966797,0.012195947580039501,76755
1977-03-14,2.0668129920959473,2.0728390216827393,2.0668129920959473,2.0668129920959473,0.01226747501641512,161807
1977-03-15,2.0728390216827393,2.1029670238494873,2.0728390216827393,2.0969419479370117,0.01244631502777338,300795
1977-03-16,2.0969419479370117,2.1451470851898193,2.0969419479370117,2.1451470851898193,0.012732433155179024,873343
1977-03-17,2.1270699501037598,2.1270699501037598,2.1150190830230713,2.1270699501037598,0.012625134550035,145211
1977-03-18,2.1150190830230713,2.1150190830230713,2.0969419479370117,2.1150190830230713,0.012553608044981956,89201
1977-03-21,2.1150190830230713,2.1150190830230713,2.0969419479370117,2.0969419479370117,0.01244631502777338,85052
1977-03-22,2.0969419479370117,2.0969419479370117,2.0848898887634277,2.0848898887634277,0.012374780140817165,72606
1977-03-23,2.0848898887634277,2.0969419479370117,2.0728390216827393,2.0848898887634277,0.012374780140817165,186700
1977-03-24,2.0728390216827393,2.0728390216827393,2.036684989929199,2.036684989929199,0.012088658288121223,209519
1977-03-25,2.036684989929199,2.0547618865966797,2.0246329307556152,2.0246329307556152,0.012017123401165009,145211
1977-03-28,2.0246329307556152,2.0547618865966797,2.0246329307556152,2.0547618865966797,0.012195947580039501,294572
1977-03-29,2.0547618865966797,2.0547618865966797,2.036684989929199,2.0547618865966797,0.012195947580039501,85052
1977-03-30,2.0547618865966797,2.0728390216827393,2.0547618865966797,2.0547618865966797,0.012195947580039501,72606
1977-03-31,2.0547618865966797,2.0547618865966797,2.036684989929199,2.042710065841675,0.01212441548705101,412815
1977-04-01,2.042710065841675,2.042710065841675,2.036684989929199,2.042710065841675,0.01212441548705101,118244
1977-04-04,2.042710065841675,2.042710065841675,2.0125820636749268,2.0246329307556152,0.012017123401165009,182552
1977-04-05,2.0246329307556152,2.042710065841675,2.0065560340881348,2.0246329307556152,0.012017123401165009,443932
1977-04-06,2.0246329307556152,2.036684989929199,2.0246329307556152,2.036684989929199,0.012088658288121223,103722
1977-04-07,2.036684989929199,2.042710065841675,2.0246329307556152,2.0246329307556152,0.012017123401165009,116169
1977-04-11,2.0246329307556152,2.036684989929199,2.0125820636749268,2.036684989929199,0.012088658288121223,217817
1977-04-12,2.036684989929199,2.0668129920959473,2.036684989929199,2.0547618865966797,0.012195947580039501,101648
1977-04-13,2.0668129920959473,2.0668129920959473,2.0668129920959473,2.0668129920959473,0.01226747501641512,72606
1977-04-14,2.0668129920959473,2.0969419479370117,2.0668129920959473,2.0728390216827393,0.012303249910473824,176328
1977-04-15,2.0848898887634277,2.0969419479370117,2.0848898887634277,2.0848898887634277,0.012374780140817165,398294
1977-04-18,2.0848898887634277,2.0969419479370117,2.0728390216827393,2.0848898887634277,0.012374780140817165,103722
1977-04-19,2.0848898887634277,2.0848898887634277,2.0668129920959473,2.0728390216827393,0.012303249910473824,147286
1977-04-20,2.0728390216827393,2.0969419479370117,2.0728390216827393,2.0848898887634277,0.012374780140817165,97499
1977-04-21,2.0848898887634277,2.0848898887634277,2.0668129920959473,2.0668129920959473,0.01226747501641512,506166
1977-04-22,2.0668129920959473,2.0728390216827393,2.0547618865966797,2.0668129920959473,0.01226747501641512,39415
1977-04-25,2.0668129920959473,2.0848898887634277,2.0668129920959473,2.0728390216827393,0.012303249910473824,228189
1977-04-26,2.0728390216827393,2.0728390216827393,2.0668129920959473,2.0728390216827393,0.012303249910473824,97499
1977-04-27,2.0728390216827393,2.0969419479370117,2.0668129920959473,2.0848898887634277,0.012374780140817165,126541
1977-04-28,2.0848898887634277,2.0969419479370117,2.0728390216827393,2.0848898887634277,0.012374780140817165,68457
1977-04-29,2.0848898887634277,2.0848898887634277,2.0668129920959473,2.0728390216827393,0.012303249910473824,255157
1977-05-02,2.0848898887634277,2.1029670238494873,2.0848898887634277,2.1029670238494873,0.012482072226703167,128616
1977-05-03,2.0969419479370117,2.1150190830230713,2.0969419479370117,2.0969419479370117,0.012590602971613407,333986
1977-05-04,2.1150190830230713,2.1270699501037598,2.1150190830230713,2.1270699501037598,0.012771496549248695,217817
1977-05-05,2.1270699501037598,2.1451470851898193,2.1150190830230713,2.1150190830230713,0.012699141167104244,145211
1977-05-06,2.1150190830230713,2.1270699501037598,2.1150190830230713,2.1150190830230713,0.012699141167104244,64308
1977-05-09,2.1150190830230713,2.1270699501037598,2.1150190830230713,2.1150190830230713,0.012699141167104244,89201
1977-05-10,2.1150190830230713,2.1270699501037598,2.1150190830230713,2.1150190830230713,0.012699141167104244,443932
1977-05-11,2.1150190830230713,2.1451470851898193,2.1150190830230713,2.1270699501037598,0.012771496549248695,138988
1977-05-12,2.1270699501037598,2.1451470851898193,2.1270699501037598,2.1270699501037598,0.012771496549248695,346433
1977-05-13,2.1270699501037598,2.1330959796905518,2.1270699501037598,2.1270699501037598,0.012771496549248695,157658
1977-05-16,2.1270699501037598,2.1451470851898193,2.1270699501037598,2.1330959796905518,0.012807675637304783,159733
1977-05-17,2.1330959796905518,2.1451470851898193,2.1270699501037598,2.1270699501037598,0.012771496549248695,416964
1977-05-18,2.1330959796905518,2.175276041030884,2.1330959796905518,2.175276041030884,0.013060934841632843,188775
1977-05-19,2.175276041030884,2.1873269081115723,2.175276041030884,2.175276041030884,0.013060934841632843,665898
1977-05-20,2.1873269081115723,2.205404043197632,2.1873269081115723,2.205404043197632,0.013241834007203579,410741
1977-05-23,2.205404043197632,2.205404043197632,2.1873269081115723,2.1873269081115723,0.013133291155099869,186700
1977-05-24,2.1873269081115723,2.19937801361084,2.175276041030884,2.175276041030884,0.013060934841632843,217817
1977-05-25,2.175276041030884,2.1873269081115723,2.157198905944824,2.157198905944824,0.012952393852174282,302870
1977-05-26,2.157198905944824,2.169250011444092,2.157198905944824,2.157198905944824,0.012952393852174282,251008
1977-05-27,2.157198905944824,2.157198905944824,2.1270699501037598,2.1270699501037598,0.012771496549248695,236487
1977-05-31,2.1270699501037598,2.1270699501037598,2.1150190830230713,2.1150190830230713,0.012699141167104244,240636
1977-06-01,2.1150190830230713,2.1270699501037598,2.0969419479370117,2.1150190830230713,0.012699141167104244,439783
1977-06-02,2.1150190830230713,2.1150190830230713,2.042710065841675,2.042710065841675,0.012264969758689404,232338
1977-06-03,2.042710065841675,2.0668129920959473,2.036684989929199,2.0668129920959473,0.012409686110913754,597442
1977-06-06,2.0668129920959473,2.0668129920959473,2.036684989929199,2.036684989929199,0.012228802777826786,45638
1977-06-07,2.036684989929199,2.036684989929199,2.0125820636749268,2.036684989929199,0.012228802777826786,47712
1977-06-08,2.0125820636749268,2.0125820636749268,2.0065560340881348,2.0065560340881348,0.012047899886965752,450156
1977-06-09,2.0065560340881348,2.0065560340881348,1.9824529886245728,1.9824529886245728,0.011903176084160805,170105
1977-06-10,1.9824529886245728,2.0065560340881348,1.9824529886245728,2.0065560340881348,0.012047899886965752,80904
1977-06-13,2.0065560340881348,2.036684989929199,2.0065560340881348,2.0125820636749268,0.012084080837666988,273827
1977-06-14,2.0125820636749268,2.036684989929199,2.0065560340881348,2.0246329307556152,0.01215643435716629,60159
1977-06-15,2.0246329307556152,2.0547618865966797,2.0246329307556152,2.0547618865966797,0.012337335385382175,45638
1977-06-16,2.0547618865966797,2.0728390216827393,2.0547618865966797,2.0547618865966797,0.012337335385382175,298721
1977-06-17,2.0547618865966797,2.0848898887634277,2.0547618865966797,2.0547618865966797,0.012337335385382175,201222
1977-06-20,2.0547618865966797,2.0969419479370117,2.0547618865966797,2.0969419479370117,0.012590602971613407,170105
1977-06-21,2.0969419479370117,2.1029670238494873,2.0969419479370117,2.0969419479370117,0.012590602971613407,163882
1977-06-22,2.0969419479370117,2.0969419479370117,2.0668129920959473,2.0668129920959473,0.012409686110913754,78829
1977-06-23,2.0668129920959473,2.0848898887634277,2.0547618865966797,2.0848898887634277,0.012518241070210934,178403
1977-06-24,2.0969419479370117,2.1150190830230713,2.0969419479370117,2.1150190830230713,0.012699141167104244,489570
1977-06-27,2.1270699501037598,2.1451470851898193,2.1270699501037598,2.1270699501037598,0.012771496549248695,873343
1977-06-28,2.1270699501037598,2.1451470851898193,2.1270699501037598,2.1270699501037598,0.012771496549248695,103722
1977-06-29,2.1150190830230713,2.1150190830230713,2.1029670238494873,2.1150190830230713,0.012699141167104244,528985
1977-06-30,2.1150190830230713,2.1150190830230713,2.0848898887634277,2.0969419479370117,0.012590602971613407,95425
1977-07-01,2.1150190830230713,2.1270699501037598,2.1150190830230713,2.1150190830230713,0.012699141167104244,284200
1977-07-05,2.1150190830230713,2.1270699501037598,2.0969419479370117,2.1029670238494873,0.012626771815121174,331912
1977-07-06,2.1029670238494873,2.1270699501037598,2.0969419479370117,2.1150190830230713,0.012699141167104244,234413
1977-07-07,2.1270699501037598,2.1451470851898193,2.1270699501037598,2.1330959796905518,0.012807675637304783,184626
1977-07-08,2.1451470851898193,2.169250011444092,2.1451470851898193,2.157198905944824,0.012952393852174282,242711
1977-07-11,2.157198905944824,2.169250011444092,2.1451470851898193,2.157198905944824,0.012952393852174282,136914
1977-07-12,2.157198905944824,2.157198905944824,2.1451470851898193,2.157198905944824,0.012952393852174282,226115
1977-07-13,2.1451470851898193,2.1451470851898193,2.1270699501037598,2.1330959796905518,0.012807675637304783,120318
1977-07-15,2.1270699501037598,2.1270699501037598,2.1150190830230713,2.1270699501037598,0.012771496549248695,120318
1977-07-18,2.1270699501037598,2.1330959796905518,2.1150190830230713,2.1270699501037598,0.012771496549248695,221966
1977-07-19,2.1270699501037598,2.1330959796905518,2.0969419479370117,2.1029670238494873,0.012626771815121174,105797
1977-07-20,2.1029670238494873,2.1029670238494873,2.042710065841675,2.0547618865966797,0.012337335385382175,163882
1977-07-21,2.042710065841675,2.042710065841675,1.9824529886245728,1.9945050477981567,0.011975533328950405,186700
1977-07-22,1.9945050477981567,1.9945050477981567,1.9643759727478027,1.9764280319213867,0.011866992339491844,257232
1977-07-25,1.9764280319213867,1.9824529886245728,1.9342479705810547,1.9342479705810547,0.011613735929131508,178403
1977-07-26,1.9161709547042847,1.9161709547042847,1.8739910125732422,1.8739910125732422,0.011251944117248058,398294
1977-07-27,1.8739910125732422,1.8739910125732422,1.8197599649429321,1.8197599649429321,0.010926325805485249,124467
1977-07-28,1.8197599649429321,1.8800170421600342,1.801682949066162,1.8800170421600342,0.01128812413662672,439783
1977-07-29,1.8800170421600342,1.9041190147399902,1.8619400262832642,1.8619400262832642,0.011179585009813309,124467
1977-08-01,1.8619400262832642,1.8800170421600342,1.8498879671096802,1.8498879671096802,0.011107219383120537,105797
1977-08-02,1.8498879671096802,1.8498879671096802,1.8197599649429321,1.8498879671096802,0.011253831908106804,105797
1977-08-03,1.8498879671096802,1.8739910125732422,1.7896310091018677,1.8318109512329102,0.011143852025270462,257232
1977-08-04,1.8318109512329102,1.8318109512329102,1.8137340545654297,1.8137340545654297,0.011033887043595314,163882
1977-08-05,1.8137340545654297,1.8438630104064941,1.8137340545654297,1.8438630104064941,0.011217175982892513,466751
1977-08-08,1.8438630104064941,1.8438630104064941,1.8197599649429321,1.8318109512329102,0.011143852025270462,39415
1977-08-09,1.8318109512329102,1.8438630104064941,1.8197599649429321,1.8197599649429321,0.01107055600732565,454304
1977-08-10,1.8197599649429321,1.8498879671096802,1.8137340545654297,1.8438630104064941,0.011217175982892513,170105
1977-08-11,1.8438630104064941,1.8498879671096802,1.8438630104064941,1.8498879671096802,0.011253831908106804,199147
1977-08-12,1.8438630104064941,1.8438630104064941,1.8137340545654297,1.8137340545654297,0.011033887043595314,122393
1977-08-15,1.8137340545654297,1.8197599649429321,1.8137340545654297,1.8137340545654297,0.011033887043595314,80904
1977-08-16,1.8137340545654297,1.8137340545654297,1.7896310091018677,1.801682949066162,0.010960571467876434,109946
1977-08-17,1.7896310091018677,1.7896310091018677,1.7293740510940552,1.7293740510940552,0.010520679876208305,367178
1977-08-18,1.7414259910583496,1.7595030069351196,1.7414259910583496,1.7414259910583496,0.010593999177217484,145211
1977-08-19,1.7414259910583496,1.7534769773483276,1.7233489751815796,1.7293740510940552,0.010520679876208305,568399
1977-08-22,1.7293740510940552,1.7414259910583496,1.7233489751815796,1.7414259910583496,0.010593999177217484,80904
1977-08-23,1.7595030069351196,1.7836060523986816,1.7595030069351196,1.7836060523986816,0.010850604623556137,199147
1977-08-24,1.7836060523986816,1.7896310091018677,1.7715539932250977,1.7836060523986816,0.010850604623556137,134839
1977-08-25,1.7836060523986816,1.7836060523986816,1.7534769773483276,1.7715539932250977,0.010777278803288937,300795
1977-08-26,1.7715539932250977,1.7836060523986816,1.7534769773483276,1.7715539932250977,0.010777278803288937,155584
1977-08-29,1.7715539932250977,1.7715539932250977,1.7534769773483276,1.7715539932250977,0.010777278803288937,103722
1977-08-30,1.7715539932250977,1.7896310091018677,1.7715539932250977,1.7896310091018677,0.010887258686125278,161807
1977-08-31,1.7896310091018677,1.8137340545654297,1.7836060523986816,1.8137340545654297,0.011033887043595314,163882
1977-09-01,1.8137340545654297,1.8498879671096802,1.8137340545654297,1.8438630104064941,0.011217175982892513,470900
1977-09-02,1.8498879671096802,1.8619400262832642,1.8498879671096802,1.8619400262832642,0.01132715679705143,51861
1977-09-06,1.8619400262832642,1.8619400262832642,1.8498879671096802,1.8498879671096802,0.011253831908106804,80904
1977-09-07,1.8498879671096802,1.8619400262832642,1.8498879671096802,1.8619400262832642,0.01132715679705143,753025
1977-09-08,1.8619400262832642,1.8619400262832642,1.8438630104064941,1.8619400262832642,0.01132715679705143,62233
1977-09-09,1.8619400262832642,1.8619400262832642,1.8438630104064941,1.8619400262832642,0.01132715679705143,263455
1977-09-12,1.8619400262832642,1.8619400262832642,1.8438630104064941,1.8498879671096802,0.011253831908106804,356805
1977-09-13,1.8498879671096802,1.8498879671096802,1.8438630104064941,1.8438630104064941,0.011217175982892513,85052
1977-09-14,1.8438630104064941,1.8619400262832642,1.8438630104064941,1.8498879671096802,0.011253831908106804,360954
1977-09-15,1.8498879671096802,1.8619400262832642,1.8498879671096802,1.8498879671096802,0.011253831908106804,541431
1977-09-16,1.8498879671096802,1.8619400262832642,1.8498879671096802,1.8619400262832642,0.01132715679705143,80904
1977-09-19,1.8498879671096802,1.8498879671096802,1.8137340545654297,1.8137340545654297,0.011033887043595314,883716
1977-09-20,1.8137340545654297,1.8197599649429321,1.8137340545654297,1.8137340545654297,0.011033887043595314,101648
1977-09-21,1.8137340545654297,1.8197599649429321,1.7896310091018677,1.7896310091018677,0.010887258686125278,516538
1977-09-22,1.7896310091018677,1.7896310091018677,1.7715539932250977,1.7836060523986816,0.010850604623556137,201222
1977-09-23,1.7715539932250977,1.7715539932250977,1.7595030069351196,1.7715539932250977,0.010777278803288937,514464
1977-09-26,1.7715539932250977,1.7836060523986816,1.7715539932250977,1.7836060523986816,0.010850604623556137,105797
1977-09-27,1.7896310091018677,1.801682949066162,1.7896310091018677,1.801682949066162,0.010960571467876434,553878
1977-09-28,1.7836060523986816,1.7836060523986816,1.7534769773483276,1.7534769773483276,0.010667313821613789,315316
1977-09-29,1.7534769773483276,1.7534769773483276,1.7534769773483276,1.7534769773483276,0.010667313821613789,20744
1977-09-30,1.7534769773483276,1.7896310091018677,1.7534769773483276,1.7896310091018677,0.010887258686125278,126541
1977-10-03,1.7896310091018677,1.8137340545654297,1.7715539932250977,1.7836060523986816,0.010850604623556137,188775
1977-10-04,1.7896310091018677,1.8137340545654297,1.7896310091018677,1.7896310091018677,0.010887258686125278,80904
1977-10-05,1.7896310091018677,1.8137340545654297,1.7896310091018677,1.8137340545654297,0.011033887043595314,85052
1977-10-06,1.8137340545654297,1.8498879671096802,1.8137340545654297,1.8438630104064941,0.011217175982892513,97499
1977-10-07,1.8498879671096802,1.8619400262832642,1.8498879671096802,1.8498879671096802,0.011253831908106804,70531
1977-10-10,1.8498879671096802,1.8498879671096802,1.8438630104064941,1.8438630104064941,0.011217175982892513,53936
1977-10-11,1.8438630104064941,1.8498879671096802,1.8197599649429321,1.8318109512329102,0.011143852025270462,62233
1977-10-12,1.8318109512329102,1.8438630104064941,1.8197599649429321,1.8197599649429321,0.01107055600732565,114095
1977-10-13,1.8197599649429321,1.8197599649429321,1.801682949066162,1.801682949066162,0.010960571467876434,53936
1977-10-14,1.801682949066162,1.8318109512329102,1.801682949066162,1.8318109512329102,0.011143852025270462,87127
1977-10-17,1.8318109512329102,1.8438630104064941,1.8197599649429321,1.8438630104064941,0.011217175982892513,72606
1977-10-18,1.8438630104064941,1.8498879671096802,1.8438630104064941,1.8498879671096802,0.011253831908106804,72606
1977-10-19,1.8498879671096802,1.8739910125732422,1.8498879671096802,1.8498879671096802,0.011253831908106804,64308
1977-10-20,1.8498879671096802,1.8739910125732422,1.8438630104064941,1.8498879671096802,0.011253831908106804,138988
1977-10-21,1.8498879671096802,1.8739910125732422,1.8438630104064941,1.8438630104064941,0.011217175982892513,56010
1977-10-24,1.8438630104064941,1.8498879671096802,1.8137340545654297,1.8197599649429321,0.01107055600732565,153509
1977-10-25,1.8137340545654297,1.8137340545654297,1.7836060523986816,1.7836060523986816,0.010850604623556137,176328
1977-10-26,1.7836060523986816,1.7836060523986816,1.7293740510940552,1.7534769773483276,0.010667313821613789,346433
1977-10-27,1.7534769773483276,1.7595030069351196,1.7414259910583496,1.7414259910583496,0.010593999177217484,284200
1977-10-28,1.7414259910583496,1.7595030069351196,1.7414259910583496,1.7595030069351196,0.010703974403440952,748876
1977-10-31,1.7595030069351196,1.7715539932250977,1.7414259910583496,1.7534769773483276,0.010667313821613789,174254
1977-11-01,1.7414259910583496,1.7414259910583496,1.7233489751815796,1.7293740510940552,0.010667296126484871,124467
1977-11-02,1.7293740510940552,1.7414259910583496,1.7293740510940552,1.7414259910583496,0.010741635225713253,80904
1977-11-03,1.7293740510940552,1.7293740510940552,1.7233489751815796,1.7233489751815796,0.010630135424435139,236487
1977-11-04,1.7293740510940552,1.7414259910583496,1.7293740510940552,1.7414259910583496,0.010741635225713253,138988
1977-11-07,1.7414259910583496,1.7595030069351196,1.7293740510940552,1.7534769773483276,0.010815972462296486,145211
1977-11-08,1.7534769773483276,1.7715539932250977,1.7293740510940552,1.7293740510940552,0.010667296126484871,95425
1977-11-09,1.7534769773483276,1.7836060523986816,1.7534769773483276,1.7836060523986816,0.011001816019415855,192924
1977-11-10,1.7836060523986816,1.8137340545654297,1.7715539932250977,1.8137340545654297,0.011187656782567501,398294
1977-11-11,1.8197599649429321,1.8498879671096802,1.8197599649429321,1.8438630104064941,0.011373494751751423,95425
1977-11-14,1.8438630104064941,1.8619400262832642,1.8438630104064941,1.8498879671096802,0.011410657316446304,309093
1977-11-15,1.8498879671096802,1.8498879671096802,1.8438630104064941,1.8438630104064941,0.011373494751751423,93350
1977-11-16,1.8438630104064941,1.8619400262832642,1.8438630104064941,1.8498879671096802,0.011410657316446304,226115
1977-11-17,1.8498879671096802,1.8800170421600342,1.8498879671096802,1.8739910125732422,0.011559341102838516,128616
1977-11-18,1.8739910125732422,1.8800170421600342,1.8619400262832642,1.8739910125732422,0.011559341102838516,176328
1977-11-21,1.8739910125732422,1.8800170421600342,1.8619400262832642,1.8619400262832642,0.011485010385513306,47712
1977-11-22,1.8619400262832642,1.8739910125732422,1.8498879671096802,1.8498879671096802,0.011410657316446304,89201
1977-11-23,1.8498879671096802,1.8800170421600342,1.8498879671096802,1.8800170421600342,0.011596502736210823,105797
1977-11-25,1.8800170421600342,1.9221969842910767,1.8800170421600342,1.9161709547042847,0.011819513514637947,182552
1977-11-28,1.9161709547042847,1.9161709547042847,1.8739910125732422,1.8800170421600342,0.011596502736210823,124467
1977-11-29,1.8800170421600342,1.9161709547042847,1.8498879671096802,1.8498879671096802,0.011410657316446304,400369
1977-11-30,1.8498879671096802,1.8619400262832642,1.8438630104064941,1.8619400262832642,0.011485010385513306,151435
1977-12-01,1.8619400262832642,1.8800170421600342,1.8619400262832642,1.8800170421600342,0.011596502736210823,277976
1977-12-02,1.8800170421600342,1.8920680284500122,1.8739910125732422,1.8920680284500122,0.011670843698084354,130690
1977-12-05,1.8800170421600342,1.8800170421600342,1.8438630104064941,1.8438630104064941,0.011373494751751423,387922
1977-12-06,1.8318109512329102,1.8318109512329102,1.801682949066162,1.8197599649429321,0.011224823072552681,56010
1977-12-07,1.8197599649429321,1.8438630104064941,1.8197599649429321,1.8438630104064941,0.011373494751751423,178403
1977-12-08,1.8438630104064941,1.8619400262832642,1.8318109512329102,1.8438630104064941,0.011373494751751423,141063
1977-12-09,1.8438630104064941,1.8498879671096802,1.8438630104064941,1.8438630104064941,0.011373494751751423,97499
1977-12-12,1.8438630104064941,1.8498879671096802,1.8438630104064941,1.8438630104064941,0.011373494751751423,78829
1977-12-13,1.8438630104064941,1.8498879671096802,1.8318109512329102,1.8438630104064941,0.011373494751751423,159733
1977-12-14,1.8318109512329102,1.8318109512329102,1.8137340545654297,1.8197599649429321,0.011224823072552681,149360
1977-12-15,1.8197599649429321,1.8318109512329102,1.8137340545654297,1.8137340545654297,0.011187656782567501,151435
1977-12-16,1.8137340545654297,1.8318109512329102,1.7896310091018677,1.801682949066162,0.011113314889371395,124467
1977-12-19,1.801682949066162,1.8137340545654297,1.7836060523986816,1.7836060523986816,0.011001816019415855,56010
1977-12-20,1.7836060523986816,1.801682949066162,1.7233489751815796,1.7534769773483276,0.010815972462296486,313242
1977-12-21,1.7534769773483276,1.7836060523986816,1.7293740510940552,1.7836060523986816,0.011001816019415855,230264
1977-12-22,1.7715539932250977,1.7715539932250977,1.7534769773483276,1.7715539932250977,0.010927468538284302,221966
1977-12-23,1.7715539932250977,1.7896310091018677,1.7715539932250977,1.7896310091018677,0.011038979515433311,742653
1977-12-27,1.7836060523986816,1.7836060523986816,1.7715539932250977,1.7836060523986816,0.011001816019415855,93350
1977-12-28,1.7836060523986816,1.7836060523986816,1.7534769773483276,1.7715539932250977,0.010927468538284302,105797
1977-12-29,1.7715539932250977,1.7836060523986816,1.6932200193405151,1.7112970352172852,0.01055578701198101,717760
1977-12-30,1.7233489751815796,1.7715539932250977,1.7233489751815796,1.7715539932250977,0.010927468538284302,1014406
1978-01-03,1.7715539932250977,1.7836060523986816,1.7414259910583496,1.7534769773483276,0.010815972462296486,201222
1978-01-04,1.7414259910583496,1.7414259910583496,1.7293740510940552,1.7414259910583496,0.010741635225713253,253083
1978-01-05,1.7534769773483276,1.7715539932250977,1.7534769773483276,1.7534769773483276,0.010815972462296486,87127
1978-01-06,1.7534769773483276,1.7534769773483276,1.7414259910583496,1.7414259910583496,0.010741635225713253,205371
1978-01-09,1.7414259910583496,1.7534769773483276,1.7293740510940552,1.7293740510940552,0.010667296126484871,462602
1978-01-10,1.7233489751815796,1.7233489751815796,1.6691169738769531,1.6691169738769531,0.010295616462826729,489570
1978-01-11,1.6691169738769531,1.6932200193405151,1.651039958000183,1.663092017173767,0.01025844644755125,242711
1978-01-12,1.663092017173767,1.6691169738769531,1.651039958000183,1.651039958000183,0.010184105485677719,89201
1978-01-13,1.651039958000183,1.6691169738769531,1.638988971710205,1.638988971710205,0.010109777562320232,161807
1978-01-16,1.638988971710205,1.663092017173767,1.626937985420227,1.626937985420227,0.010035442188382149,244785
1978-01-17,1.626937985420227,1.638988971710205,1.5968090295791626,1.5968090295791626,0.009849593974649906,192924
1978-01-18,1.5968090295791626,1.620911955833435,1.5968090295791626,1.6088600158691406,0.009923924691975117,551804
1978-01-19,1.620911955833435,1.651039958000183,1.620911955833435,1.626937985420227,0.010035442188382149,271753
1978-01-20,1.651039958000183,1.6932200193405151,1.651039958000183,1.681169033050537,0.010369950905442238,224041
1978-01-23,1.681169033050537,1.6932200193405151,1.651039958000183,1.6691169738769531,0.010295616462826729,97499
1978-01-24,1.651039958000183,1.651039958000183,1.638988971710205,1.638988971710205,0.010109777562320232,165956
1978-01-25,1.638988971710205,1.663092017173767,1.626937985420227,1.663092017173767,0.01025844644755125,323614
1978-01-26,1.663092017173767,1.681169033050537,1.663092017173767,1.663092017173767,0.01025844644755125,165956
1978-01-27,1.663092017173767,1.663092017173767,1.626937985420227,1.626937985420227,0.010035442188382149,350582
1978-01-30,1.626937985420227,1.663092017173767,1.626937985420227,1.651039958000183,0.010184105485677719,255157
1978-01-31,1.651039958000183,1.663092017173767,1.651039958000183,1.651039958000183,0.010184105485677719,155584
1978-02-01,1.651039958000183,1.6691169738769531,1.651039958000183,1.6691169738769531,0.010295616462826729,423188
1978-02-02,1.663092017173767,1.663092017173767,1.626937985420227,1.626937985420227,0.010201000608503819,246860
1978-02-03,1.626937985420227,1.6691169738769531,1.626937985420227,1.651039958000183,0.010352122597396374,203296
1978-02-06,1.651039958000183,1.6932200193405151,1.651039958000183,1.651039958000183,0.010352122597396374,18670
1978-02-07,1.6691169738769531,1.681169033050537,1.6691169738769531,1.681169033050537,0.010541034862399101,53936
1978-02-08,1.681169033050537,1.6992460489273071,1.681169033050537,1.6932200193405151,0.010616589337587357,182552
1978-02-09,1.6932200193405151,1.6992460489273071,1.681169033050537,1.6932200193405151,0.010616589337587357,184626
1978-02-10,1.6932200193405151,1.6932200193405151,1.681169033050537,1.6932200193405151,0.010616589337587357,72606
1978-02-13,1.6932200193405151,1.6932200193405151,1.681169033050537,1.6932200193405151,0.010616589337587357,39415
1978-02-14,1.6932200193405151,1.6932200193405151,1.681169033050537,1.681169033050537,0.010541034862399101,147286
1978-02-15,1.681169033050537,1.681169033050537,1.651039958000183,1.663092017173767,0.010427691973745823,360954
1978-02-16,1.663092017173767,1.663092017173767,1.651039958000183,1.651039958000183,0.010352122597396374,60159
1978-02-17,1.651039958000183,1.663092017173767,1.651039958000183,1.663092017173767,0.010427691973745823,56010
1978-02-21,1.663092017173767,1.663092017173767,1.651039958000183,1.663092017173767,0.010427691973745823,134839
1978-02-22,1.663092017173767,1.663092017173767,1.626937985420227,1.626937985420227,0.010201000608503819,313242
1978-02-23,1.626937985420227,1.651039958000183,1.620911955833435,1.651039958000183,0.010352122597396374,319465
1978-02-24,1.651039958000183,1.663092017173767,1.626937985420227,1.651039958000183,0.010352122597396374,398294
1978-02-27,1.651039958000183,1.663092017173767,1.638988971710205,1.638988971710205,0.010276568122208118,638931
1978-02-28,1.638988971710205,1.651039958000183,1.626937985420227,1.626937985420227,0.010201000608503819,454304
1978-03-01,1.626937985420227,1.626937985420227,1.626937985420227,1.626937985420227,0.010201000608503819,163882
1978-03-02,1.626937985420227,1.626937985420227,1.620911955833435,1.620911955833435,0.010163216851651669,317391
1978-03-03,1.620911955833435,1.620911955833435,1.6088600158691406,1.620911955833435,0.010163216851651669,60159
1978-03-06,1.620911955833435,1.620911955833435,1.6088600158691406,1.620911955833435,0.010163216851651669,145211
1978-03-07,1.620911955833435,1.620911955833435,1.6088600158691406,1.620911955833435,0.010163216851651669,248934
1978-03-08,1.620911955833435,1.626937985420227,1.620911955833435,1.620911955833435,0.010163216851651669,56010
1978-03-09,1.620911955833435,1.626937985420227,1.620911955833435,1.626937985420227,0.010201000608503819,109946
1978-03-10,1.626937985420227,1.651039958000183,1.626937985420227,1.638988971710205,0.010276568122208118,286274
1978-03-13,1.651039958000183,1.681169033050537,1.651039958000183,1.681169033050537,0.010541034862399101,97499
1978-03-14,1.681169033050537,1.6932200193405151,1.6691169738769531,1.6932200193405151,0.010616589337587357,207445
1978-03-15,1.6932200193405151,1.6932200193405151,1.6691169738769531,1.681169033050537,0.010541034862399101,89201
1978-03-16,1.663092017173767,1.663092017173767,1.620911955833435,1.626937985420227,0.010201000608503819,201222
1978-03-17,1.626937985420227,1.651039958000183,1.626937985420227,1.651039958000183,0.010352122597396374,97499
1978-03-20,1.651039958000183,1.681169033050537,1.651039958000183,1.6691169738769531,0.010465462692081928,209519
1978-03-21,1.6691169738769531,1.6932200193405151,1.663092017173767,1.663092017173767,0.010427691973745823,304944
1978-03-22,1.663092017173767,1.663092017173767,1.663092017173767,1.663092017173767,0.010427691973745823,201222
1978-03-23,1.663092017173767,1.681169033050537,1.651039958000183,1.663092017173767,0.010427691973745823,248934
1978-03-27,1.663092017173767,1.7112970352172852,1.663092017173767,1.6932200193405151,0.010616589337587357,1184511
1978-03-28,1.6932200193405151,1.7112970352172852,1.6932200193405151,1.7112970352172852,0.010729939676821232,149360
1978-03-29,1.7112970352172852,1.7112970352172852,1.6932200193405151,1.6932200193405151,0.010616589337587357,47712
1978-03-30,1.6932200193405151,1.6932200193405151,1.681169033050537,1.6932200193405151,0.010616589337587357,95425
1978-03-31,1.6932200193405151,1.6932200193405151,1.681169033050537,1.681169033050537,0.010541034862399101,201222
1978-04-03,1.681169033050537,1.6932200193405151,1.681169033050537,1.681169033050537,0.010541034862399101,182552
1978-04-04,1.681169033050537,1.681169033050537,1.681169033050537,1.681169033050537,0.010541034862399101,97499
1978-04-05,1.681169033050537,1.7112970352172852,1.681169033050537,1.6932200193405151,0.010616589337587357,692866
1978-04-06,1.6932200193405151,1.7112970352172852,1.6932200193405151,1.6932200193405151,0.010616589337587357,43563
1978-04-07,1.6932200193405151,1.7112970352172852,1.6932200193405151,1.7112970352172852,0.010729939676821232,85052
1978-04-10,1.7112970352172852,1.7112970352172852,1.6932200193405151,1.6932200193405151,0.010616589337587357,72606
1978-04-11,1.6932200193405151,1.6992460489273071,1.6932200193405151,1.6992460489273071,0.010654379613697529,85052
1978-04-12,1.6992460489273071,1.7233489751815796,1.6992460489273071,1.7112970352172852,0.010729939676821232,130690
1978-04-13,1.7112970352172852,1.7112970352172852,1.6992460489273071,1.7112970352172852,0.010729939676821232,97499
1978-04-14,1.7233489751815796,1.7836060523986816,1.7233489751815796,1.7836060523986816,0.011183323338627815,199147
1978-04-17,1.801682949066162,1.8438630104064941,1.801682949066162,1.8197599649429321,0.011410009115934372,452230
1978-04-18,1.8197599649429321,1.8197599649429321,1.7715539932250977,1.7715539932250977,0.011107753962278366,782068
1978-04-19,1.7715539932250977,1.7836060523986816,1.7534769773483276,1.7534769773483276,0.010994416661560535,290423
1978-04-20,1.7715539932250977,1.7896310091018677,1.7715539932250977,1.7715539932250977,0.011107753962278366,238562
1978-04-21,1.7715539932250977,1.8197599649429321,1.7715539932250977,1.8197599649429321,0.011410009115934372,240636
1978-04-24,1.8197599649429321,1.8619400262832642,1.8197599649429321,1.8619400262832642,0.011674486100673676,452230
1978-04-25,1.8739910125732422,1.8920680284500122,1.8739910125732422,1.8739910125732422,0.011750047095119953,497868
1978-04-26,1.8739910125732422,1.8920680284500122,1.8619400262832642,1.8800170421600342,0.01178782433271408,831854
1978-04-27,1.8800170421600342,1.9041190147399902,1.8800170421600342,1.8800170421600342,0.01178782433271408,800738
1978-04-28,1.8800170421600342,1.8920680284500122,1.8739910125732422,1.8800170421600342,0.01178782433271408,419039
1978-05-01,1.8920680284500122,1.9041190147399902,1.8920680284500122,1.8920680284500122,0.011863388121128082,93350
1978-05-02,1.8920680284500122,1.8920680284500122,1.8739910125732422,1.8800170421600342,0.01178782433271408,213668
1978-05-03,1.8438630104064941,1.8739910125732422,1.8438630104064941,1.8498879671096802,0.011768493801355362,145211
1978-05-04,1.8498879671096802,1.8498879671096802,1.8197599649429321,1.8318109512329102,0.011653483845293522,692866
1978-05-05,1.8318109512329102,1.8438630104064941,1.8197599649429321,1.8438630104064941,0.011730160564184189,56010
1978-05-08,1.8318109512329102,1.8318109512329102,1.8137340545654297,1.8137340545654297,0.011538492515683174,232338
1978-05-09,1.8197599649429321,1.8197599649429321,1.8197599649429321,1.8197599649429321,0.011576824821531773,275902
1978-05-10,1.8197599649429321,1.8438630104064941,1.8197599649429321,1.8197599649429321,0.011576824821531773,439783
1978-05-11,1.8197599649429321,1.8438630104064941,1.8197599649429321,1.8438630104064941,0.011730160564184189,367178
1978-05-12,1.8438630104064941,1.8619400262832642,1.8318109512329102,1.8318109512329102,0.011653483845293522,389997
1978-05-15,1.8438630104064941,1.8739910125732422,1.8438630104064941,1.8739910125732422,0.011921830475330353,545580
1978-05-16,1.8739910125732422,1.8800170421600342,1.8739910125732422,1.8739910125732422,0.011921830475330353,721908
1978-05-17,1.8739910125732422,1.9161709547042847,1.8739910125732422,1.9041190147399902,0.01211349107325077,342284
1978-05-18,1.9041190147399902,1.9342479705810547,1.8920680284500122,1.9041190147399902,0.01211349107325077,248934
1978-05-19,1.9041190147399902,1.9161709547042847,1.8920680284500122,1.8920680284500122,0.012036842294037342,201222
1978-05-22,1.8920680284500122,1.9342479705810547,1.8800170421600342,1.9342479705810547,0.012305163778364658,255157
1978-05-23,1.9342479705810547,1.9342479705810547,1.9041190147399902,1.9221969842910767,0.012228496372699738,311167
1978-05-24,1.9221969842910767,1.9342479705810547,1.8800170421600342,1.8800170421600342,0.011960161849856377,321540
1978-05-25,1.8800170421600342,1.9161709547042847,1.8800170421600342,1.8920680284500122,0.012036842294037342,232338
1978-05-26,1.8920680284500122,1.9161709547042847,1.8920680284500122,1.9161709547042847,0.012190164998173714,410741
1978-05-30,1.9161709547042847,1.9161709547042847,1.8800170421600342,1.8920680284500122,0.012036842294037342,313242
1978-05-31,1.8920680284500122,1.9041190147399902,1.8920680284500122,1.9041190147399902,0.01211349107325077,35266
1978-06-01,1.9041190147399902,1.9161709547042847,1.8800170421600342,1.9161709547042847,0.012190164998173714,665898
1978-06-02,1.9161709547042847,1.9342479705810547,1.9161709547042847,1.9342479705810547,0.012305163778364658,155584
1978-06-05,1.9342479705810547,1.9523249864578247,1.9342479705810547,1.9462989568710327,0.012381826527416706,244785
1978-06-06,1.9462989568710327,1.9523249864578247,1.9161709547042847,1.9161709547042847,0.012190164998173714,815259
1978-06-07,1.9161709547042847,1.9161709547042847,1.8619400262832642,1.8800170421600342,0.011960161849856377,425262
1978-06-08,1.8800170421600342,1.8800170421600342,1.8619400262832642,1.8800170421600342,0.011960161849856377,788291
1978-06-09,1.8800170421600342,1.8920680284500122,1.8739910125732422,1.8739910125732422,0.011921830475330353,454304
1978-06-12,1.8739910125732422,1.8920680284500122,1.8739910125732422,1.8739910125732422,0.011921830475330353,190849
1978-06-13,1.8739910125732422,1.8800170421600342,1.8739910125732422,1.8739910125732422,0.011921830475330353,197073
1978-06-14,1.8800170421600342,1.8920680284500122,1.8800170421600342,1.8920680284500122,0.012036842294037342,155584
1978-06-15,1.8920680284500122,1.9041190147399902,1.8800170421600342,1.8800170421600342,0.011960161849856377,182552
1978-06-16,1.8800170421600342,1.8800170421600342,1.8739910125732422,1.8739910125732422,0.011921830475330353,101648
1978-06-19,1.8739910125732422,1.8800170421600342,1.8619400262832642,1.8619400262832642,0.011845169588923454,80904
1978-06-20,1.8619400262832642,1.8739910125732422,1.8438630104064941,1.8498879671096802,0.011768493801355362,292497
1978-06-21,1.8438630104064941,1.8438630104064941,1.8137340545654297,1.8197599649429321,0.011576824821531773,265530
1978-06-22,1.8197599649429321,1.8438630104064941,1.8197599649429321,1.8438630104064941,0.011730160564184189,333986
1978-06-23,1.8438630104064941,1.8498879671096802,1.8318109512329102,1.8438630104064941,0.011730160564184189,203296
1978-06-26,1.8438630104064941,1.8498879671096802,1.8438630104064941,1.8438630104064941,0.011730160564184189,101648
1978-06-27,1.8197599649429321,1.8197599649429321,1.8137340545654297,1.8197599649429321,0.011576824821531773,603665
1978-06-28,1.8137340545654297,1.8137340545654297,1.7896310091018677,1.7896310091018677,0.011385143734514713,72606
1978-06-29,1.7836060523986816,1.7836060523986816,1.7534769773483276,1.7534769773483276,0.011155151762068272,153509
1978-06-30,1.7715539932250977,1.7896310091018677,1.7715539932250977,1.7836060523986816,0.011346825398504734,114095
1978-07-03,1.7836060523986816,1.7896310091018677,1.7715539932250977,1.7715539932250977,0.011270150542259216,89201
1978-07-05,1.7715539932250977,1.7896310091018677,1.7715539932250977,1.7836060523986816,0.011346825398504734,109946
1978-07-06,1.7836060523986816,1.7836060523986816,1.7595030069351196,1.7715539932250977,0.011270150542259216,472975
1978-07-07,1.7715539932250977,1.7836060523986816,1.7715539932250977,1.7715539932250977,0.011270150542259216,95425
1978-07-10,1.7715539932250977,1.7836060523986816,1.7715539932250977,1.7715539932250977,0.011270150542259216,273827
1978-07-11,1.7715539932250977,1.8137340545654297,1.7715539932250977,1.801682949066162,0.011461825110018253,80904
1978-07-12,1.8137340545654297,1.8438630104064941,1.8137340545654297,1.8438630104064941,0.011730160564184189,89201
1978-07-13,1.8498879671096802,1.8739910125732422,1.8498879671096802,1.8498879671096802,0.011768493801355362,159733
1978-07-14,1.8498879671096802,1.8498879671096802,1.8318109512329102,1.8498879671096802,0.011768493801355362,188775
1978-07-17,1.8498879671096802,1.8498879671096802,1.8438630104064941,1.8498879671096802,0.011768493801355362,105797
1978-07-18,1.8498879671096802,1.8498879671096802,1.8438630104064941,1.8438630104064941,0.011730160564184189,149360
1978-07-19,1.8438630104064941,1.8619400262832642,1.8438630104064941,1.8498879671096802,0.011768493801355362,400369
1978-07-20,1.8619400262832642,1.8800170421600342,1.8619400262832642,1.8800170421600342,0.011960161849856377,236487
1978-07-21,1.8800170421600342,1.8800170421600342,1.8739910125732422,1.8739910125732422,0.011921830475330353,141063
1978-07-24,1.8739910125732422,1.8800170421600342,1.8619400262832642,1.8619400262832642,0.011845169588923454,122393
1978-07-25,1.8619400262832642,1.8800170421600342,1.8498879671096802,1.8739910125732422,0.011921830475330353,188775
1978-07-26,1.8739910125732422,1.8800170421600342,1.8619400262832642,1.8619400262832642,0.011845169588923454,215743
1978-07-27,1.8619400262832642,1.8800170421600342,1.8438630104064941,1.8438630104064941,0.011730160564184189,165956
1978-07-28,1.8498879671096802,1.8739910125732422,1.8498879671096802,1.8739910125732422,0.011921830475330353,199147
1978-07-31,1.8739910125732422,1.8800170421600342,1.8739910125732422,1.8739910125732422,0.011921830475330353,369252
1978-08-01,1.8800170421600342,1.9161709547042847,1.8800170421600342,1.8920680284500122,0.012036842294037342,186700
1978-08-02,1.8800170421600342,1.9342479705810547,1.8800170421600342,1.9161709547042847,0.01236722618341446,458453
1978-08-03,1.9161709547042847,1.9342479705810547,1.9161709547042847,1.9161709547042847,0.01236722618341446,558027
1978-08-04,1.9161709547042847,1.9342479705810547,1.9161709547042847,1.9161709547042847,0.01236722618341446,307019
1978-08-07,1.9462989568710327,1.9523249864578247,1.9462989568710327,1.9462989568710327,0.012561681680381298,425262
1978-08-08,1.9462989568710327,1.9462989568710327,1.9342479705810547,1.9462989568710327,0.012561681680381298,85052
1978-08-09,1.9462989568710327,1.9523249864578247,1.9161709547042847,1.9161709547042847,0.01236722618341446,761323
1978-08-10,1.9161709547042847,1.9342479705810547,1.9161709547042847,1.9161709547042847,0.01236722618341446,709462
1978-08-11,1.9161709547042847,1.9161709547042847,1.8920680284500122,1.9161709547042847,0.01236722618341446,481272
1978-08-14,1.9161709547042847,1.9161709547042847,1.8920680284500122,1.8920680284500122,0.012211671099066734,987438
1978-08-15,1.8920680284500122,1.9342479705810547,1.8920680284500122,1.9342479705810547,0.012483908794820309,236487
1978-08-16,1.9342479705810547,1.9342479705810547,1.9161709547042847,1.9221969842910767,0.012406121008098125,178403
1978-08-17,1.9342479705810547,1.9462989568710327,1.9342479705810547,1.9342479705810547,0.012483908794820309,163882
1978-08-18,1.9342479705810547,1.9462989568710327,1.9161709547042847,1.9161709547042847,0.01236722618341446,184626
1978-08-21,1.9161709547042847,1.9342479705810547,1.9161709547042847,1.9161709547042847,0.01236722618341446,392071
1978-08-22,1.9161709547042847,1.9221969842910767,1.9041190147399902,1.9161709547042847,0.01236722618341446,302870
1978-08-23,1.9161709547042847,1.9462989568710327,1.9161709547042847,1.9221969842910767,0.012406121008098125,288349
1978-08-24,1.9221969842910767,1.9342479705810547,1.9161709547042847,1.9221969842910767,0.012406121008098125,221966
1978-08-25,1.9342479705810547,1.9523249864578247,1.9342479705810547,1.9342479705810547,0.012483908794820309,307019
1978-08-28,1.9342479705810547,1.9462989568710327,1.9161709547042847,1.9342479705810547,0.012483908794820309,1196957
1978-08-29,1.9342479705810547,1.9462989568710327,1.9161709547042847,1.9342479705810547,0.012483908794820309,97499
1978-08-30,1.9342479705810547,1.9462989568710327,1.9221969842910767,1.9221969842910767,0.012406121008098125,80904
1978-08-31,1.9221969842910767,1.9342479705810547,1.9161709547042847,1.9342479705810547,0.012483908794820309,176328
1978-09-01,1.9342479705810547,1.9462989568710327,1.9161709547042847,1.9161709547042847,0.01236722618341446,126541
1978-09-05,1.9161709547042847,1.9342479705810547,1.9161709547042847,1.9342479705810547,0.012483908794820309,126541
1978-09-06,1.9462989568710327,1.9523249864578247,1.9462989568710327,1.9523249864578247,0.012600579299032688,307019
1978-09-07,1.9523249864578247,1.9523249864578247,1.9462989568710327,1.9523249864578247,0.012600579299032688,165956
1978-09-08,1.9523249864578247,1.9643759727478027,1.9462989568710327,1.9523249864578247,0.012600579299032688,750951
1978-09-11,1.9523249864578247,1.9764280319213867,1.9523249864578247,1.9523249864578247,0.012600579299032688,265530
1978-09-12,1.9523249864578247,1.9824529886245728,1.9462989568710327,1.9764280319213867,0.01275614369660616,425262
1978-09-13,1.9764280319213867,2.0065560340881348,1.9764280319213867,1.9824529886245728,0.01279502734541893,456379
1978-09-14,1.9824529886245728,1.9824529886245728,1.9523249864578247,1.9643759727478027,0.012678355909883976,302870
1978-09-15,1.9523249864578247,1.9523249864578247,1.9462989568710327,1.9523249864578247,0.012600579299032688,134839
1978-09-18,1.9523249864578247,1.9523249864578247,1.9462989568710327,1.9523249864578247,0.012600579299032688,105797
1978-09-19,1.9523249864578247,1.9523249864578247,1.9221969842910767,1.9221969842910767,0.012406121008098125,118244
1978-09-20,1.9221969842910767,1.9462989568710327,1.9221969842910767,1.9342479705810547,0.012483908794820309,690792
1978-09-21,1.9342479705810547,1.9342479705810547,1.9221969842910767,1.9342479705810547,0.012483908794820309,161807
1978-09-22,1.9342479705810547,1.9342479705810547,1.9161709547042847,1.9342479705810547,0.012483908794820309,275902
1978-09-25,1.9342479705810547,1.9342479705810547,1.9221969842910767,1.9221969842910767,0.012406121008098125,194998
1978-09-26,1.9342479705810547,1.9342479705810547,1.9342479705810547,1.9342479705810547,0.012483908794820309,31117
1978-09-27,1.9342479705810547,1.9342479705810547,1.9221969842910767,1.9342479705810547,0.012483908794820309,155584
1978-09-28,1.9342479705810547,1.9342479705810547,1.9221969842910767,1.9342479705810547,0.012483908794820309,147286
1978-09-29,1.9342479705810547,1.9462989568710327,1.9342479705810547,1.9342479705810547,0.012483908794820309,228189
1978-10-02,1.9342479705810547,1.9462989568710327,1.9221969842910767,1.9462989568710327,0.012561681680381298,85052
1978-10-03,1.9462989568710327,1.9523249864578247,1.9462989568710327,1.9523249864578247,0.012600579299032688,78829
1978-10-04,1.9523249864578247,1.9523249864578247,1.9342479705810547,1.9523249864578247,0.012600579299032688,389997
1978-10-05,1.9523249864578247,1.9643759727478027,1.9462989568710327,1.9523249864578247,0.012600579299032688,190849
1978-10-06,1.9523249864578247,1.9523249864578247,1.9342479705810547,1.9523249864578247,0.012600579299032688,232338
1978-10-09,1.9462989568710327,1.9462989568710327,1.9342479705810547,1.9462989568710327,0.012561681680381298,114095
1978-10-10,1.9462989568710327,1.9523249864578247,1.9462989568710327,1.9462989568710327,0.012561681680381298,122393
1978-10-11,1.9523249864578247,1.9824529886245728,1.9523249864578247,1.9824529886245728,0.01279502734541893,97499
1978-10-12,1.9824529886245728,1.9824529886245728,1.9643759727478027,1.9764280319213867,0.01275614369660616,209519
1978-10-13,1.9764280319213867,1.9824529886245728,1.9523249864578247,1.9523249864578247,0.012600579299032688,462602
1978-10-16,1.9523249864578247,1.9523249864578247,1.9221969842910767,1.9221969842910767,0.012406121008098125,228189
1978-10-17,1.9161709547042847,1.9161709547042847,1.8800170421600342,1.9161709547042847,0.01236722618341446,275902
1978-10-18,1.9161709547042847,1.9221969842910767,1.8920680284500122,1.9161709547042847,0.01236722618341446,105797
1978-10-19,1.9161709547042847,1.9221969842910767,1.8739910125732422,1.8739910125732422,0.012094998732209206,168030
1978-10-20,1.8739910125732422,1.8739910125732422,1.7896310091018677,1.801682949066162,0.011628316715359688,396220
1978-10-23,1.801682949066162,1.8197599649429321,1.7896310091018677,1.8137340545654297,0.0117060961201787,487496
1978-10-24,1.8137340545654297,1.8197599649429321,1.7896310091018677,1.8197599649429321,0.011744983494281769,80904
1978-10-25,1.8197599649429321,1.8739910125732422,1.8197599649429321,1.8498879671096802,0.011939434334635735,197073
1978-10-26,1.8318109512329102,1.8318109512329102,1.7836060523986816,1.7836060523986816,0.011511648073792458,178403
1978-10-27,1.7715539932250977,1.7715539932250977,1.7414259910583496,1.7414259910583496,0.011239409446716309,147286
1978-10-30,1.7293740510940552,1.7293740510940552,1.6691169738769531,1.7293740510940552,0.011161619797348976,356805
1978-10-31,1.7534769773483276,1.7896310091018677,1.7534769773483276,1.7715539932250977,0.01143385749310255,186700
1978-11-01,1.7896310091018677,1.7896310091018677,1.7414259910583496,1.7896310091018677,0.011729893274605274,147286
1978-11-02,1.7896310091018677,1.8137340545654297,1.7896310091018677,1.7896310091018677,0.011729893274605274,504091
1978-11-03,1.7896310091018677,1.801682949066162,1.7715539932250977,1.7715539932250977,0.011611416935920715,56010
1978-11-06,1.7715539932250977,1.7836060523986816,1.7715539932250977,1.7715539932250977,0.011611416935920715,97499
1978-11-07,1.7715539932250977,1.7896310091018677,1.7534769773483276,1.7534769773483276,0.011492927558720112,369252
1978-11-08,1.7534769773483276,1.7534769773483276,1.7293740510940552,1.7293740510940552,0.011334951967000961,103722
1978-11-09,1.7293740510940552,1.7293740510940552,1.7233489751815796,1.7233489751815796,0.011295462027192116,672122
1978-11-10,1.7233489751815796,1.7293740510940552,1.7112970352172852,1.7112970352172852,0.011216467246413231,105797
1978-11-13,1.7112970352172852,1.7112970352172852,1.5968090295791626,1.5968090295791626,0.010466072708368301,1080788
1978-11-14,1.6088600158691406,1.638988971710205,1.6088600158691406,1.620911955833435,0.010624048300087452,493719
1978-11-15,1.620911955833435,1.651039958000183,1.620911955833435,1.626937985420227,0.010663550347089767,116169
1978-11-16,1.626937985420227,1.626937985420227,1.620911955833435,1.626937985420227,0.010663550347089767,182552
1978-11-17,1.626937985420227,1.626937985420227,1.6088600158691406,1.620911955833435,0.010624048300087452,470900
1978-11-20,1.620911955833435,1.663092017173767,1.620911955833435,1.663092017173767,0.01090051606297493,182552
1978-11-21,1.663092017173767,1.6932200193405151,1.663092017173767,1.6932200193405151,0.011097986251115799,1161692
1978-11-22,1.6932200193405151,1.7112970352172852,1.6932200193405151,1.6932200193405151,0.011097986251115799,112020
1978-11-24,1.6932200193405151,1.7534769773483276,1.6932200193405151,1.7534769773483276,0.011492927558720112,85052
1978-11-27,1.7534769773483276,1.7715539932250977,1.7534769773483276,1.7595030069351196,0.011532425880432129,192924
1978-11-28,1.7595030069351196,1.7715539932250977,1.7534769773483276,1.7715539932250977,0.011611416935920715,670047
1978-11-29,1.7595030069351196,1.7595030069351196,1.7233489751815796,1.7233489751815796,0.011295462027192116,120318
1978-11-30,1.7233489751815796,1.7293740510940552,1.7112970352172852,1.7293740510940552,0.011334951967000961,78829
1978-12-01,1.7293740510940552,1.7414259910583496,1.6932200193405151,1.6932200193405151,0.011097986251115799,168030
1978-12-04,1.6932200193405151,1.7233489751815796,1.681169033050537,1.7233489751815796,0.011295462027192116,205371
1978-12-05,1.7233489751815796,1.7414259910583496,1.7112970352172852,1.7293740510940552,0.011334951967000961,134839
1978-12-06,1.7293740510940552,1.7414259910583496,1.7233489751815796,1.7293740510940552,0.011334951967000961,168030
1978-12-07,1.7293740510940552,1.7293740510940552,1.7233489751815796,1.7293740510940552,0.011334951967000961,101648
1978-12-08,1.7293740510940552,1.7293740510940552,1.7112970352172852,1.7112970352172852,0.011216467246413231,60159
1978-12-11,1.7233489751815796,1.7534769773483276,1.7233489751815796,1.7534769773483276,0.011492927558720112,485421
1978-12-12,1.7414259910583496,1.7414259910583496,1.7233489751815796,1.7233489751815796,0.011295462027192116,213668
1978-12-13,1.7233489751815796,1.7233489751815796,1.6992460489273071,1.6992460489273071,0.011137481778860092,319465
1978-12-14,1.6992460489273071,1.7112970352172852,1.681169033050537,1.6932200193405151,0.011097986251115799,205371
1978-12-15,1.681169033050537,1.681169033050537,1.663092017173767,1.663092017173767,0.01090051606297493,259306
1978-12-18,1.663092017173767,1.6691169738769531,1.651039958000183,1.651039958000183,0.010821526870131493,248934
1978-12-19,1.651039958000183,1.681169033050537,1.651039958000183,1.681169033050537,0.01101900264620781,153509
1978-12-20,1.681169033050537,1.681169033050537,1.663092017173767,1.663092017173767,0.01090051606297493,267604
1978-12-21,1.663092017173767,1.6691169738769531,1.626937985420227,1.626937985420227,0.010663550347089767,358880
1978-12-22,1.651039958000183,1.663092017173767,1.651039958000183,1.663092017173767,0.01090051606297493,186700
1978-12-26,1.6691169738769531,1.6932200193405151,1.6691169738769531,1.6932200193405151,0.011097986251115799,402443
1978-12-27,1.6992460489273071,1.7233489751815796,1.6992460489273071,1.6992460489273071,0.011137481778860092,182552
1978-12-28,1.6992460489273071,1.7112970352172852,1.663092017173767,1.681169033050537,0.01101900264620781,319465
1978-12-29,1.681169033050537,1.6932200193405151,1.6691169738769531,1.681169033050537,0.01101900264620781,363029
1979-01-02,1.681169033050537,1.6932200193405151,1.681169033050537,1.6932200193405151,0.011097986251115799,80904
1979-01-03,1.6932200193405151,1.7112970352172852,1.6932200193405151,1.6992460489273071,0.011137481778860092,251008
1979-01-04,1.6992460489273071,1.7534769773483276,1.6992460489273071,1.7414259910583496,0.011413941159844398,462602
1979-01-05,1.7414259910583496,1.7715539932250977,1.7414259910583496,1.7715539932250977,0.011611416935920715,85052
1979-01-08,1.7715539932250977,1.7836060523986816,1.7715539932250977,1.7836060523986816,0.0116904117166996,831854
1979-01-09,1.7836060523986816,1.801682949066162,1.7715539932250977,1.7896310091018677,0.011729893274605274,624409
1979-01-10,1.7896310091018677,1.7896310091018677,1.7836060523986816,1.7896310091018677,0.011729893274605274,313242
1979-01-11,1.7896310091018677,1.7896310091018677,1.7836060523986816,1.7896310091018677,0.011729893274605274,39415
1979-01-12,1.7896310091018677,1.7896310091018677,1.7836060523986816,1.7836060523986816,0.0116904117166996,379624
1979-01-15,1.7896310091018677,1.8137340545654297,1.7896310091018677,1.801682949066162,0.011808892711997032,421113
1979-01-16,1.801682949066162,1.8197599649429321,1.7896310091018677,1.7896310091018677,0.011729893274605274,539357
1979-01-17,1.7896310091018677,1.8137340545654297,1.7896310091018677,1.801682949066162,0.011808892711997032,240636
1979-01-18,1.801682949066162,1.8137340545654297,1.7896310091018677,1.7896310091018677,0.011729893274605274,553878
1979-01-19,1.7896310091018677,1.801682949066162,1.7896310091018677,1.7896310091018677,0.011729893274605274,68457
1979-01-22,1.7896310091018677,1.8137340545654297,1.7896310091018677,1.801682949066162,0.011808892711997032,138988
1979-01-23,1.801682949066162,1.8137340545654297,1.7896310091018677,1.8137340545654297,0.011887889355421066,145211
1979-01-24,1.8137340545654297,1.8137340545654297,1.7896310091018677,1.7896310091018677,0.011729893274605274,97499
1979-01-25,1.7896310091018677,1.8197599649429321,1.7896310091018677,1.8197599649429321,0.011927368119359016,234413
1979-01-26,1.8137340545654297,1.8137340545654297,1.7836060523986816,1.801682949066162,0.011808892711997032,352656
1979-01-29,1.801682949066162,1.8137340545654297,1.7836060523986816,1.7836060523986816,0.0116904117166996,246860
1979-01-30,1.7836060523986816,1.8137340545654297,1.7836060523986816,1.801682949066162,0.011808892711997032,304944
1979-01-31,1.801682949066162,1.801682949066162,1.7715539932250977,1.7715539932250977,0.011611416935920715,4292036
1979-02-01,1.7715539932250977,1.7836060523986816,1.7715539932250977,1.7715539932250977,0.011611416935920715,2561945
1979-02-02,1.7534769773483276,1.7534769773483276,1.7293740510940552,1.7293740510940552,0.01151097659021616,1340095
1979-02-05,1.7293740510940552,1.7293740510940552,1.7112970352172852,1.7112970352172852,0.01139064785093069,1130575
1979-02-06,1.7112970352172852,1.7233489751815796,1.6992460489273071,1.6992460489273071,0.011310442350804806,207445
1979-02-07,1.6992460489273071,1.7112970352172852,1.681169033050537,1.6932200193405151,0.011270332150161266,472975
1979-02-08,1.6932200193405151,1.7112970352172852,1.6932200193405151,1.7112970352172852,0.01139064785093069,80904
1979-02-09,1.7112970352172852,1.7112970352172852,1.681169033050537,1.6932200193405151,0.011270332150161266,526910
1979-02-12,1.6932200193405151,1.7112970352172852,1.681169033050537,1.6992460489273071,0.011310442350804806,1908494
1979-02-13,1.6992460489273071,1.7715539932250977,1.6932200193405151,1.7715539932250977,0.011791735887527466,238562
1979-02-14,1.7715539932250977,1.8137340545654297,1.7534769773483276,1.7836060523986816,0.011871946044266224,404518
1979-02-15,1.7836060523986816,1.7896310091018677,1.7414259910583496,1.7534769773483276,0.011671398766338825,122393
1979-02-16,1.7534769773483276,1.7534769773483276,1.7293740510940552,1.7414259910583496,0.011591198854148388,248934
1979-02-20,1.7414259910583496,1.7534769773483276,1.7233489751815796,1.7534769773483276,0.011671398766338825,89201
1979-02-21,1.7534769773483276,1.7715539932250977,1.7414259910583496,1.7534769773483276,0.011671398766338825,450156
1979-02-22,1.7534769773483276,1.7595030069351196,1.7534769773483276,1.7595030069351196,0.011711516417562962,178403
1979-02-23,1.7595030069351196,1.7595030069351196,1.7414259910583496,1.7534769773483276,0.011671398766338825,190849
1979-02-26,1.7534769773483276,1.7715539932250977,1.7534769773483276,1.7534769773483276,0.011671398766338825,105797
1979-02-27,1.7534769773483276,1.7534769773483276,1.7233489751815796,1.7293740510940552,0.01151097659021616,201222
1979-02-28,1.7293740510940552,1.7414259910583496,1.7233489751815796,1.7233489751815796,0.011470873840153217,126541
1979-03-01,1.7233489751815796,1.7836060523986816,1.7233489751815796,1.7836060523986816,0.011871946044266224,143137
1979-03-02,1.7836060523986816,1.7836060523986816,1.7715539932250977,1.7715539932250977,0.011791735887527466,87127
1979-03-05,1.7715539932250977,1.8137340545654297,1.7715539932250977,1.7715539932250977,0.011791735887527466,348508
1979-03-06,1.7715539932250977,1.7896310091018677,1.7595030069351196,1.7595030069351196,0.011711516417562962,342284
1979-03-07,1.7595030069351196,1.7896310091018677,1.7595030069351196,1.7896310091018677,0.011912048794329166,887864
1979-03-08,1.7896310091018677,1.801682949066162,1.7836060523986816,1.7896310091018677,0.011912048794329166,352656
1979-03-09,1.7896310091018677,1.8137340545654297,1.7896310091018677,1.7896310091018677,0.011912048794329166,286274
1979-03-12,1.7896310091018677,1.801682949066162,1.7896310091018677,1.7896310091018677,0.011912048794329166,56010
1979-03-13,1.7896310091018677,1.8318109512329102,1.7896310091018677,1.8137340545654297,0.012072483077645302,197073
1979-03-14,1.8137340545654297,1.8438630104064941,1.8137340545654297,1.8137340545654297,0.012072483077645302,97499
1979-03-15,1.8137340545654297,1.8137340545654297,1.7896310091018677,1.8137340545654297,0.012072483077645302,221966
1979-03-16,1.8137340545654297,1.8197599649429321,1.801682949066162,1.801682949066162,0.01199226826429367,709462
1979-03-19,1.801682949066162,1.8137340545654297,1.7896310091018677,1.801682949066162,0.01199226826429367,618186
1979-03-20,1.801682949066162,1.8197599649429321,1.801682949066162,1.8197599649429321,0.012112599797546864,296646
1979-03-21,1.8197599649429321,1.8318109512329102,1.8197599649429321,1.8318109512329102,0.012192800641059875,101648
1979-03-22,1.8318109512329102,1.8438630104064941,1.8197599649429321,1.8438630104064941,0.0122730303555727,118244
1979-03-23,1.8498879671096802,1.8619400262832642,1.8498879671096802,1.8619400262832642,0.012393353506922722,275902
1979-03-26,1.8619400262832642,1.8619400262832642,1.8498879671096802,1.8498879671096802,0.012313133105635643,141063
1979-03-27,1.8498879671096802,1.8619400262832642,1.8438630104064941,1.8438630104064941,0.0122730303555727,124467
1979-03-28,1.8438630104064941,1.8438630104064941,1.8197599649429321,1.8438630104064941,0.0122730303555727,205371
1979-03-29,1.8438630104064941,1.8438630104064941,1.8137340545654297,1.8197599649429321,0.012112599797546864,495793
1979-03-30,1.8197599649429321,1.8318109512329102,1.8197599649429321,1.8197599649429321,0.012112599797546864,35266
1979-04-02,1.8197599649429321,1.8197599649429321,1.7715539932250977,1.7836060523986816,0.011871946044266224,889939
1979-04-03,1.7836060523986816,1.7836060523986816,1.7715539932250977,1.7836060523986816,0.011871946044266224,280051
1979-04-04,1.7836060523986816,1.801682949066162,1.7836060523986816,1.7836060523986816,0.011871946044266224,282125
1979-04-05,1.7836060523986816,1.8197599649429321,1.7836060523986816,1.801682949066162,0.01199226826429367,244785
1979-04-06,1.8137340545654297,1.8197599649429321,1.8137340545654297,1.8137340545654297,0.012072483077645302,259306
1979-04-09,1.8137340545654297,1.8318109512329102,1.8137340545654297,1.8318109512329102,0.012192800641059875,580846
1979-04-10,1.8438630104064941,1.8498879671096802,1.8438630104064941,1.8498879671096802,0.012313133105635643,458453
1979-04-11,1.8498879671096802,1.8619400262832642,1.8438630104064941,1.8438630104064941,0.0122730303555727,269678
1979-04-12,1.8438630104064941,1.8498879671096802,1.8438630104064941,1.8438630104064941,0.0122730303555727,68457
1979-04-16,1.8438630104064941,1.8498879671096802,1.8438630104064941,1.8498879671096802,0.012313133105635643,145211
1979-04-17,1.8498879671096802,1.8619400262832642,1.8438630104064941,1.8619400262832642,0.012393353506922722,661749
1979-04-18,1.8619400262832642,1.8739910125732422,1.8498879671096802,1.8498879671096802,0.012313133105635643,109946
1979-04-19,1.8498879671096802,1.9342479705810547,1.8498879671096802,1.9221969842910767,0.012794431298971176,562176
1979-04-20,1.9221969842910767,1.9221969842910767,1.8800170421600342,1.8800170421600342,0.012513678520917892,302870
1979-04-23,1.8800170421600342,1.9221969842910767,1.8800170421600342,1.9161709547042847,0.012754321098327637,203296
1979-04-24,1.9161709547042847,1.9462989568710327,1.9161709547042847,1.9161709547042847,0.012754321098327637,667973
1979-04-25,1.9161709547042847,1.9221969842910767,1.8920680284500122,1.9041190147399902,0.012674104422330856,89201
1979-04-26,1.9041190147399902,1.9161709547042847,1.8800170421600342,1.9041190147399902,0.012674104422330856,93350
1979-04-27,1.9041190147399902,1.9041190147399902,1.8498879671096802,1.8498879671096802,0.012313133105635643,277976
1979-04-30,1.8498879671096802,1.8498879671096802,1.8498879671096802,1.8498879671096802,0.012313133105635643,176328
1979-05-01,1.8498879671096802,1.8800170421600342,1.8498879671096802,1.8619400262832642,0.012393353506922722,251008
1979-05-02,1.8318109512329102,1.8498879671096802,1.8318109512329102,1.8438630104064941,0.012454238720238209,116169
1979-05-03,1.8498879671096802,1.8739910125732422,1.8498879671096802,1.8739910125732422,0.01265772432088852,263455
1979-05-04,1.8739910125732422,1.8739910125732422,1.8197599649429321,1.8197599649429321,0.012291429564356804,381699
1979-05-07,1.8197599649429321,1.8438630104064941,1.8197599649429321,1.8197599649429321,0.012291429564356804,122393
1979-05-08,1.8197599649429321,1.8318109512329102,1.8197599649429321,1.8197599649429321,0.012291429564356804,226115
1979-05-09,1.8197599649429321,1.8438630104064941,1.8137340545654297,1.8137340545654297,0.01225072517991066,80904
1979-05-10,1.8137340545654297,1.8197599649429321,1.7896310091018677,1.801682949066162,0.012169326655566692,132765
1979-05-11,1.801682949066162,1.8137340545654297,1.7836060523986816,1.8137340545654297,0.01225072517991066,120318
1979-05-14,1.8137340545654297,1.8137340545654297,1.7896310091018677,1.801682949066162,0.012169326655566692,192924
1979-05-15,1.801682949066162,1.8137340545654297,1.7896310091018677,1.801682949066162,0.012169326655566692,182552
1979-05-16,1.801682949066162,1.801682949066162,1.7836060523986816,1.7896310091018677,0.012087922543287277,491645
1979-05-17,1.7896310091018677,1.8137340545654297,1.7896310091018677,1.801682949066162,0.012169326655566692,62233
1979-05-18,1.801682949066162,1.8137340545654297,1.801682949066162,1.801682949066162,0.012169326655566692,398294
1979-05-21,1.801682949066162,1.8137340545654297,1.7896310091018677,1.7896310091018677,0.012087922543287277,95425
1979-05-22,1.7896310091018677,1.8137340545654297,1.7896310091018677,1.8137340545654297,0.01225072517991066,224041
1979-05-23,1.8137340545654297,1.8318109512329102,1.8137340545654297,1.8137340545654297,0.01225072517991066,188775
1979-05-24,1.8137340545654297,1.8318109512329102,1.801682949066162,1.8318109512329102,0.01237281784415245,292497
1979-05-25,1.8318109512329102,1.8739910125732422,1.8197599649429321,1.8739910125732422,0.01265772432088852,352656
1979-05-29,1.8619400262832642,1.8619400262832642,1.8498879671096802,1.8498879671096802,0.012494922615587711,199147
1979-05-30,1.8498879671096802,1.8498879671096802,1.8438630104064941,1.8498879671096802,0.012494922615587711,68457
1979-05-31,1.8498879671096802,1.8498879671096802,1.8318109512329102,1.8498879671096802,0.012494922615587711,269678
1979-06-01,1.8438630104064941,1.8438630104064941,1.8438630104064941,1.8438630104064941,0.012454238720238209,64308
1979-06-04,1.8438630104064941,1.8498879671096802,1.8197599649429321,1.8197599649429321,0.012291429564356804,161807
1979-06-05,1.8197599649429321,1.8498879671096802,1.8197599649429321,1.8498879671096802,0.012494922615587711,130690
1979-06-06,1.8498879671096802,1.8619400262832642,1.8438630104064941,1.8498879671096802,0.012494922615587711,120318
1979-06-07,1.8498879671096802,1.8619400262832642,1.8438630104064941,1.8498879671096802,0.012494922615587711,387922
1979-06-08,1.8498879671096802,1.8498879671096802,1.8438630104064941,1.8498879671096802,0.012494922615587711,159733
1979-06-11,1.8498879671096802,1.8498879671096802,1.8438630104064941,1.8438630104064941,0.012454238720238209,51861
1979-06-12,1.8438630104064941,1.8800170421600342,1.8438630104064941,1.8739910125732422,0.01265772432088852,1145096
1979-06-13,1.8739910125732422,1.8800170421600342,1.8739910125732422,1.8800170421600342,0.012698423117399216,271753
1979-06-14,1.8800170421600342,1.8800170421600342,1.8739910125732422,1.8739910125732422,0.01265772432088852,259306
1979-06-15,1.8739910125732422,1.8800170421600342,1.8498879671096802,1.8800170421600342,0.012698423117399216,51861
1979-06-18,1.8800170421600342,1.8920680284500122,1.8800170421600342,1.8800170421600342,0.012698423117399216,242711
1979-06-19,1.8800170421600342,1.9041190147399902,1.8739910125732422,1.8920680284500122,0.012779822573065758,149360
1979-06-20,1.8920680284500122,1.9161709547042847,1.8920680284500122,1.9161709547042847,0.012942621484398842,211594
1979-06-21,1.9161709547042847,1.9161709547042847,1.8920680284500122,1.8920680284500122,0.012779822573065758,211594
1979-06-22,1.8920680284500122,1.9161709547042847,1.8800170421600342,1.8800170421600342,0.012698423117399216,769621
1979-06-25,1.8800170421600342,1.8920680284500122,1.8800170421600342,1.8800170421600342,0.012698423117399216,354731
1979-06-26,1.8800170421600342,1.8800170421600342,1.8739910125732422,1.8800170421600342,0.012698423117399216,114095
1979-06-27,1.8800170421600342,1.8920680284500122,1.8800170421600342,1.8800170421600342,0.012698423117399216,97499
1979-06-28,1.8800170421600342,1.8920680284500122,1.8800170421600342,1.8800170421600342,0.012698423117399216,176328
1979-06-29,1.8800170421600342,1.9041190147399902,1.8800170421600342,1.9041190147399902,0.012861229479312897,228189
1979-07-02,1.8920680284500122,1.8920680284500122,1.8619400262832642,1.8619400262832642,0.012576335109770298,269678
1979-07-03,1.8619400262832642,1.8739910125732422,1.8619400262832642,1.8739910125732422,0.01265772432088852,93350
1979-07-05,1.8739910125732422,1.8800170421600342,1.8739910125732422,1.8800170421600342,0.012698423117399216,259306
1979-07-06,1.8920680284500122,1.9161709547042847,1.8920680284500122,1.8920680284500122,0.012779822573065758,207445
1979-07-09,1.8920680284500122,1.9041190147399902,1.8920680284500122,1.8920680284500122,0.012779822573065758,242711
1979-07-10,1.9161709547042847,1.9523249864578247,1.9161709547042847,1.9342479705810547,0.013064726255834103,437709
1979-07-11,1.9342479705810547,1.9523249864578247,1.9342479705810547,1.9462989568710327,0.01314612664282322,89201
1979-07-12,1.9462989568710327,1.9462989568710327,1.9342479705810547,1.9342479705810547,0.013064726255834103,130690
1979-07-13,1.9342479705810547,1.9342479705810547,1.9161709547042847,1.9342479705810547,0.013064726255834103,307019
1979-07-16,1.9342479705810547,1.9462989568710327,1.9221969842910767,1.9342479705810547,0.013064726255834103,101648
1979-07-17,1.9342479705810547,1.9462989568710327,1.9342479705810547,1.9342479705810547,0.013064726255834103,460528
1979-07-18,1.9342479705810547,1.9342479705810547,1.9041190147399902,1.9161709547042847,0.012942621484398842,441858
1979-07-19,1.9161709547042847,1.9342479705810547,1.9161709547042847,1.9161709547042847,0.012942621484398842,89201
1979-07-20,1.9161709547042847,1.9342479705810547,1.9161709547042847,1.9342479705810547,0.013064726255834103,186700
1979-07-23,1.9342479705810547,1.9462989568710327,1.9161709547042847,1.9221969842910767,0.012983330525457859,172179
1979-07-24,1.9221969842910767,1.9342479705810547,1.9161709547042847,1.9221969842910767,0.012983330525457859,958396
1979-07-25,1.9221969842910767,1.9523249864578247,1.9041190147399902,1.9462989568710327,0.01314612664282322,597442
1979-07-26,1.9462989568710327,1.9523249864578247,1.9462989568710327,1.9462989568710327,0.01314612664282322,221966
1979-07-27,1.9462989568710327,1.9523249864578247,1.9462989568710327,1.9523249864578247,0.013186830095946789,213668
1979-07-30,1.9523249864578247,1.9643759727478027,1.9462989568710327,1.9643759727478027,0.013268223032355309,277976
1979-07-31,1.9643759727478027,2.0125820636749268,1.9523249864578247,2.0125820636749268,0.013593831099569798,128616
1979-08-01,2.0125820636749268,2.0547618865966797,2.0125820636749268,2.0547618865966797,0.01387873012572527,358880
1979-08-02,2.0065560340881348,2.036684989929199,2.0065560340881348,2.0125820636749268,0.013802684843540192,277976
1979-08-03,2.0125820636749268,2.036684989929199,2.0125820636749268,2.0246329307556152,0.013885325752198696,219892
1979-08-06,2.0246329307556152,2.0848898887634277,2.0246329307556152,2.0848898887634277,0.014298569411039352,251008
1979-08-07,2.0848898887634277,2.1150190830230713,2.0848898887634277,2.0969419479370117,0.014381230808794498,375475
1979-08-08,2.0969419479370117,2.1029670238494873,2.0668129920959473,2.0728390216827393,0.014215918257832527,383773
1979-08-09,2.0668129920959473,2.0668129920959473,2.036684989929199,2.0668129920959473,0.01417460571974516,423188
1979-08-10,2.0547618865966797,2.0547618865966797,2.036684989929199,2.042710065841675,0.014009303413331509,168030
1979-08-13,2.042710065841675,2.0848898887634277,2.036684989929199,2.0668129920959473,0.01417460571974516,1097384
1979-08-14,2.0668129920959473,2.0848898887634277,2.0668129920959473,2.0728390216827393,0.014215918257832527,597442
1979-08-15,2.0728390216827393,2.0728390216827393,2.0547618865966797,2.0668129920959473,0.01417460571974516,1840037
1979-08-16,2.0668129920959473,2.0728390216827393,2.0547618865966797,2.0547618865966797,0.014091954566538334,178403
1979-08-17,2.036684989929199,2.036684989929199,2.0125820636749268,2.036684989929199,0.013967977836728096,477123
1979-08-20,2.036684989929199,2.0547618865966797,2.0125820636749268,2.0547618865966797,0.014091954566538334,205371
1979-08-21,2.0668129920959473,2.0728390216827393,2.0668129920959473,2.0668129920959473,0.01417460571974516,161807
1979-08-22,2.0668129920959473,2.0848898887634277,2.0668129920959473,2.0848898887634277,0.014298569411039352,296646
1979-08-23,2.0848898887634277,2.0969419479370117,2.0668129920959473,2.0668129920959473,0.01417460571974516,387922
1979-08-24,2.0668129920959473,2.0848898887634277,2.0668129920959473,2.0668129920959473,0.01417460571974516,211594
1979-08-27,2.0668129920959473,2.0848898887634277,2.0668129920959473,2.0848898887634277,0.014298569411039352,228189
1979-08-28,2.0848898887634277,2.0848898887634277,2.0728390216827393,2.0848898887634277,0.014298569411039352,248934
1979-08-29,2.0848898887634277,2.0848898887634277,2.0547618865966797,2.0668129920959473,0.01417460571974516,118244
1979-08-30,2.0668129920959473,2.0848898887634277,2.0668129920959473,2.0848898887634277,0.014298569411039352,182552
1979-08-31,2.0848898887634277,2.0969419479370117,2.0848898887634277,2.0969419479370117,0.014381230808794498,149360
1979-09-04,2.0969419479370117,2.1029670238494873,2.0969419479370117,2.0969419479370117,0.014381230808794498,109946
1979-09-05,2.0969419479370117,2.0969419479370117,2.0668129920959473,2.0668129920959473,0.01417460571974516,209519
1979-09-06,2.0668129920959473,2.0728390216827393,2.0668129920959473,2.0728390216827393,0.014215918257832527,176328
1979-09-07,2.0668129920959473,2.0668129920959473,2.0547618865966797,2.0547618865966797,0.014091954566538334,246860
1979-09-10,2.0547618865966797,2.0848898887634277,2.0547618865966797,2.0547618865966797,0.014091954566538334,423188
1979-09-11,2.0547618865966797,2.0668129920959473,2.042710065841675,2.042710065841675,0.014009303413331509,85052
1979-09-12,2.042710065841675,2.042710065841675,2.0125820636749268,2.0246329307556152,0.013885325752198696,466751
1979-09-13,2.0246329307556152,2.036684989929199,2.0125820636749268,2.0246329307556152,0.013885325752198696,43563
1979-09-14,2.0246329307556152,2.0246329307556152,1.9945050477981567,2.0125820636749268,0.013802684843540192,112020
1979-09-17,2.0125820636749268,2.042710065841675,2.0125820636749268,2.036684989929199,0.013967977836728096,1302754
1979-09-18,2.036684989929199,2.036684989929199,2.0065560340881348,2.036684989929199,0.013967977836728096,170105
1979-09-19,2.036684989929199,2.036684989929199,2.0065560340881348,2.0065560340881348,0.013761349022388458,89201
1979-09-20,2.0065560340881348,2.036684989929199,1.9945050477981567,2.036684989929199,0.013967977836728096,80904
1979-09-21,2.036684989929199,2.0668129920959473,2.0125820636749268,2.0547618865966797,0.014091954566538334,296646
1979-09-24,2.0547618865966797,2.0547618865966797,2.036684989929199,2.036684989929199,0.013967977836728096,105797
1979-09-25,2.036684989929199,2.036684989929199,2.0065560340881348,2.0065560340881348,0.013761349022388458,103722
1979-09-26,2.0065560340881348,2.0547618865966797,2.0065560340881348,2.0547618865966797,0.014091954566538334,180477
1979-09-27,2.0547618865966797,2.0848898887634277,2.0547618865966797,2.0728390216827393,0.014215918257832527,333986
1979-09-28,2.0728390216827393,2.0728390216827393,2.036684989929199,2.042710065841675,0.014009303413331509,472975
1979-10-01,2.042710065841675,2.0728390216827393,2.0125820636749268,2.0728390216827393,0.014215918257832527,528985
1979-10-02,2.0728390216827393,2.0969419479370117,2.0668129920959473,2.0969419479370117,0.014381230808794498,481272
1979-10-03,2.0879030227661133,2.0879030227661133,2.0607879161834717,2.0607879161834717,0.014133275486528873,114786
1979-10-04,2.0607879161834717,2.1240570545196533,2.0607879161834717,2.1059799194335938,0.01444321684539318,99574
1979-10-05,2.1150190830230713,2.142133951187134,2.1150190830230713,2.1150190830230713,0.014505208469927311,632016
1979-10-08,2.1150190830230713,2.1240570545196533,2.1150190830230713,2.1150190830230713,0.014505208469927311,208828
1979-10-09,2.1150190830230713,2.1150190830230713,2.042710065841675,2.0517489910125732,0.014071286655962467,287657
1979-10-10,2.0246329307556152,2.0246329307556152,1.8709779977798462,1.8890550136566162,0.0129555007442832,839461
1979-10-11,1.8890550136566162,1.9523249864578247,1.8890550136566162,1.9342479705810547,0.013265439309179783,222658
1979-10-12,1.9342479705810547,1.9613640308380127,1.9252090454101562,1.9432859420776367,0.013327421620488167,142446
1979-10-15,1.9432859420776367,1.9613640308380127,1.9342479705810547,1.9342479705810547,0.013265439309179783,118935
1979-10-16,1.9342479705810547,1.9523249864578247,1.9342479705810547,1.9523249864578247,0.013389425352215767,47021
1979-10-17,1.9523249864578247,1.9613640308380127,1.9523249864578247,1.9523249864578247,0.013389425352215767,246168
1979-10-18,1.9432859420776367,1.9432859420776367,1.9252090454101562,1.9342479705810547,0.013265439309179783,125850
1979-10-19,1.9252090454101562,1.9252090454101562,1.8709779977798462,1.8709779977798462,0.012831521220505238,81595
1979-10-22,1.8709779977798462,1.8890550136566162,1.8348239660263062,1.8709779977798462,0.012831521220505238,425954
1979-10-23,1.8709779977798462,1.9071320295333862,1.8619400262832642,1.8709779977798462,0.012831521220505238,131382
1979-10-24,1.8709779977798462,1.8709779977798462,1.8348239660263062,1.8348239660263062,0.01258357334882021,81595
1979-10-25,1.8348239660263062,1.8529009819030762,1.8348239660263062,1.8438630104064941,0.012645573355257511,34574
1979-10-26,1.8438630104064941,1.8709779977798462,1.8077080249786377,1.8709779977798462,0.012831521220505238,70531
1979-10-29,1.8709779977798462,1.9161709547042847,1.8529009819030762,1.8709779977798462,0.012831521220505238,94042
1979-10-30,1.8709779977798462,1.8709779977798462,1.8438630104064941,1.8709779977798462,0.012831521220505238,107871
1979-10-31,1.8709779977798462,1.8800170421600342,1.8438630104064941,1.8438630104064941,0.012645573355257511,44255
1979-11-01,1.8438630104064941,1.8800170421600342,1.8348239660263062,1.8800170421600342,0.012893516570329666,611271
1979-11-02,1.8619400262832642,1.8619400262832642,1.8077080249786377,1.8077080249786377,0.012606079690158367,189466
1979-11-05,1.8077080249786377,1.8257850408554077,1.7444390058517456,1.7715539932250977,0.012353955768048763,221275
1979-11-06,1.7715539932250977,1.7715539932250977,1.7082840204238892,1.7625160217285156,0.01229092851281166,165956
1979-11-07,1.7625160217285156,1.7715539932250977,1.7534769773483276,1.7625160217285156,0.01229092851281166,34574
1979-11-08,1.7625160217285156,1.7986700534820557,1.7625160217285156,1.7805930376052856,0.012416981160640717,201913
1979-11-09,1.7805930376052856,1.8709779977798462,1.7715539932250977,1.8529009819030762,0.012921231798827648,186700
1979-11-12,1.8619400262832642,1.9342479705810547,1.8619400262832642,1.9342479705810547,0.013488504104316235,120318
1979-11-13,1.9252090454101562,1.9252090454101562,1.8890550136566162,1.9071320295333862,0.013299410231411457,88510
1979-11-14,1.8890550136566162,1.8890550136566162,1.8800170421600342,1.8800170421600342,0.013110321946442127,100957
1979-11-15,1.8800170421600342,1.9161709547042847,1.8800170421600342,1.8800170421600342,0.013110321946442127,100957
1979-11-16,1.8800170421600342,1.8800170421600342,1.8709779977798462,1.8709779977798462,0.013047287240624428,156275
1979-11-19,1.8709779977798462,1.8709779977798462,1.8529009819030762,1.8619400262832642,0.012984266504645348,84361
1979-11-20,1.8619400262832642,1.8800170421600342,1.8619400262832642,1.8709779977798462,0.013047287240624428,132765
1979-11-21,1.8709779977798462,1.8800170421600342,1.8529009819030762,1.8709779977798462,0.013047287240624428,224041
1979-11-23,1.8709779977798462,1.8890550136566162,1.8619400262832642,1.8890550136566162,0.013173351064324379,443932
1979-11-26,1.9613640308380127,1.9884790182113647,1.9613640308380127,1.9884790182113647,0.013866684399545193,457762
1979-11-27,1.9884790182113647,2.0336720943450928,1.9884790182113647,1.9884790182113647,0.013866684399545193,237870
1979-11-28,1.9884790182113647,1.9884790182113647,1.9704020023345947,1.9704020023345947,0.013740621507167816,29042
1979-11-29,1.9704020023345947,1.9884790182113647,1.9613640308380127,1.9704020023345947,0.013740621507167816,168722
1979-11-30,1.9704020023345947,1.9704020023345947,1.9342479705810547,1.9342479705810547,0.013488504104316235,120318
1979-12-03,1.9432859420776367,1.9613640308380127,1.9432859420776367,1.9613640308380127,0.013677597045898438,138297
1979-12-04,1.9613640308380127,1.9884790182113647,1.9523249864578247,1.9613640308380127,0.013677597045898438,165956
1979-12-05,1.9613640308380127,1.9884790182113647,1.9613640308380127,1.9704020023345947,0.013740621507167816,106488
1979-12-06,1.9704020023345947,1.9884790182113647,1.9704020023345947,1.9884790182113647,0.013866684399545193,91276
1979-12-07,1.9884790182113647,2.0246329307556152,1.9884790182113647,1.9884790182113647,0.013866684399545193,302870
1979-12-10,1.9884790182113647,2.0065560340881348,1.9884790182113647,1.9884790182113647,0.013866684399545193,55319
1979-12-11,1.9884790182113647,1.9884790182113647,1.9884790182113647,1.9884790182113647,0.013866684399545193,38723
1979-12-12,1.9975179433822632,2.0246329307556152,1.9975179433822632,2.0065560340881348,0.013992749154567719,67765
1979-12-13,2.0065560340881348,2.0336720943450928,1.9884790182113647,2.0336720943450928,0.014181840233504772,185318
1979-12-14,2.0336720943450928,2.0517489910125732,2.015594959259033,2.042710065841675,0.014244869351387024,264147
1979-12-17,2.042710065841675,2.0517489910125732,2.0336720943450928,2.0517489910125732,0.014307891018688679,123084
1979-12-18,2.0336720943450928,2.0336720943450928,2.0065560340881348,2.0065560340881348,0.013992749154567719,286274
1979-12-19,2.0065560340881348,2.0065560340881348,1.9252090454101562,1.9342479705810547,0.013488504104316235,1042757
1979-12-20,1.9342479705810547,1.9432859420776367,1.9071320295333862,1.9252090454101562,0.013425477780401707,88510
1979-12-21,1.9252090454101562,1.9523249864578247,1.9252090454101562,1.9252090454101562,0.013425477780401707,177020
1979-12-24,1.9252090454101562,1.9432859420776367,1.8890550136566162,1.9071320295333862,0.013299410231411457,89893
1979-12-26,1.9071320295333862,1.9252090454101562,1.8890550136566162,1.8890550136566162,0.013173351064324379,37340
1979-12-27,1.8890550136566162,1.9071320295333862,1.8800170421600342,1.8800170421600342,0.013110321946442127,34574
1979-12-28,1.8800170421600342,1.8800170421600342,1.8709779977798462,1.8800170421600342,0.013110321946442127,30425
1979-12-31,1.8800170421600342,1.8890550136566162,1.8619400262832642,1.8619400262832642,0.012984266504645348,51170
1980-01-02,1.8619400262832642,1.8709779977798462,1.8077080249786377,1.8077080249786377,0.012606079690158367,66382
1980-01-03,1.7805930376052856,1.7805930376052856,1.7444390058517456,1.7715539932250977,0.012353955768048763,266913
1980-01-04,1.7715539932250977,1.7896310091018677,1.7715539932250977,1.7896310091018677,0.012480009347200394,134148
1980-01-07,1.7896310091018677,1.7896310091018677,1.7715539932250977,1.7896310091018677,0.012480009347200394,74680
1980-01-08,1.7896310091018677,1.7986700534820557,1.7715539932250977,1.7896310091018677,0.012480009347200394,109254
1980-01-09,1.7896310091018677,1.8529009819030762,1.7896310091018677,1.8077080249786377,0.012606079690158367,302870
1980-01-10,1.8077080249786377,1.8709779977798462,1.8077080249786377,1.8619400262832642,0.012984266504645348,218509
1980-01-11,1.8619400262832642,1.8709779977798462,1.8348239660263062,1.8619400262832642,0.012984266504645348,316699
1980-01-14,1.8619400262832642,1.8890550136566162,1.8438630104064941,1.8800170421600342,0.013110321946442127,134148
1980-01-15,1.8800170421600342,1.9252090454101562,1.8709779977798462,1.8890550136566162,0.013173351064324379,110637
1980-01-16,1.8890550136566162,1.9161709547042847,1.8800170421600342,1.8800170421600342,0.013110321946442127,82978
1980-01-17,1.8800170421600342,1.8800170421600342,1.8438630104064941,1.8438630104064941,0.012858210131525993,160424
1980-01-18,1.8438630104064941,1.8619400262832642,1.8438630104064941,1.8619400262832642,0.012984266504645348,125850
1980-01-21,1.8619400262832642,1.8890550136566162,1.8619400262832642,1.8800170421600342,0.013110321946442127,159041
1980-01-22,1.8800170421600342,1.9252090454101562,1.8709779977798462,1.9071320295333862,0.013299410231411457,154892
1980-01-23,1.8800170421600342,1.8800170421600342,1.8529009819030762,1.8709779977798462,0.013047287240624428,232338
1980-01-24,1.8800170421600342,1.9161709547042847,1.8800170421600342,1.8800170421600342,0.013110321946442127,277976
1980-01-25,1.8800170421600342,1.9071320295333862,1.8709779977798462,1.9071320295333862,0.013299410231411457,95425
1980-01-28,1.9071320295333862,1.9432859420776367,1.9071320295333862,1.9252090454101562,0.013425477780401707,167339
1980-01-29,1.9252090454101562,1.9523249864578247,1.9252090454101562,1.9252090454101562,0.013425477780401707,99574
1980-01-30,1.9252090454101562,1.9432859420776367,1.9071320295333862,1.9252090454101562,0.013425477780401707,76063
1980-01-31,1.9161709547042847,1.9161709547042847,1.8709779977798462,1.8709779977798462,0.013047287240624428,81595
1980-02-01,1.8709779977798462,1.8709779977798462,1.8348239660263062,1.8709779977798462,0.013047287240624428,177020
1980-02-04,1.8709779977798462,1.9161709547042847,1.8709779977798462,1.8890550136566162,0.013395956717431545,141063
1980-02-05,1.9071320295333862,1.9613640308380127,1.9071320295333862,1.9252090454101562,0.013652332127094269,229572
1980-02-06,1.9342479705810547,1.9523249864578247,1.9342479705810547,1.9342479705810547,0.013716425746679306,114786
1980-02-07,1.9342479705810547,1.9523249864578247,1.9161709547042847,1.9252090454101562,0.013652332127094269,164573
1980-02-08,1.9252090454101562,1.9432859420776367,1.9161709547042847,1.9252090454101562,0.013652332127094269,66382
1980-02-11,1.9252090454101562,1.9523249864578247,1.8800170421600342,1.8800170421600342,0.01333185750991106,264147
1980-02-12,1.8800170421600342,1.9161709547042847,1.8800170421600342,1.8890550136566162,0.013395956717431545,367869
1980-02-13,1.8890550136566162,1.9161709547042847,1.8800170421600342,1.8890550136566162,0.013395956717431545,275210
1980-02-14,1.8890550136566162,1.9161709547042847,1.8800170421600342,1.8800170421600342,0.01333185750991106,117552
1980-02-15,1.8800170421600342,1.9071320295333862,1.8709779977798462,1.8709779977798462,0.013267762027680874,110637
1980-02-19,1.8709779977798462,1.8800170421600342,1.8619400262832642,1.8709779977798462,0.013267762027680874,102340
1980-02-20,1.8619400262832642,1.8619400262832642,1.8257850408554077,1.8257850408554077,0.012947283685207367,212977
1980-02-21,1.8257850408554077,1.8257850408554077,1.7896310091018677,1.7986700534820557,0.01275499165058136,645845
1980-02-22,1.7986700534820557,1.8077080249786377,1.7715539932250977,1.7715539932250977,0.012562720105051994,128616
1980-02-25,1.7715539932250977,1.7715539932250977,1.7173229455947876,1.7444390058517456,0.012370427139103413,784142
1980-02-26,1.7444390058517456,1.7444390058517456,1.7173229455947876,1.7353999614715576,0.01230633445084095,69148
1980-02-27,1.7353999614715576,1.7625160217285156,1.7082840204238892,1.7353999614715576,0.01230633445084095,225424
1980-02-28,1.7353999614715576,1.7534769773483276,1.7082840204238892,1.7353999614715576,0.01230633445084095,153509
1980-02-29,1.7353999614715576,1.7444390058517456,1.7082840204238892,1.7082840204238892,0.01211403589695692,143829
1980-03-03,1.7082840204238892,1.7625160217285156,1.7082840204238892,1.7625160217285156,0.01249862089753151,439783
1980-03-04,1.7625160217285156,1.7625160217285156,1.7173229455947876,1.7444390058517456,0.012370427139103413,331912
1980-03-05,1.7444390058517456,1.7625160217285156,1.7173229455947876,1.7173229455947876,0.012178138829767704,103722
1980-03-06,1.7173229455947876,1.7444390058517456,1.6902070045471191,1.6902070045471191,0.01198584958910942,145211
1980-03-07,1.6902070045471191,1.7082840204238892,1.6902070045471191,1.6992460489273071,0.012049944140017033,102340
1980-03-10,1.6902070045471191,1.6902070045471191,1.6721299886703491,1.6721299886703491,0.011857653968036175,372018
1980-03-11,1.681169033050537,1.7082840204238892,1.681169033050537,1.7082840204238892,0.01211403589695692,217126
1980-03-12,1.7082840204238892,1.7173229455947876,1.6902070045471191,1.6902070045471191,0.01198584958910942,165956
1980-03-13,1.6902070045471191,1.7082840204238892,1.635975956916809,1.663092017173767,0.01179356500506401,129999
1980-03-14,1.663092017173767,1.663092017173767,1.626937985420227,1.654052972793579,0.0117294667288661,399677
1980-03-17,1.654052972793579,1.654052972793579,1.626937985420227,1.626937985420227,0.011537186801433563,141063
1980-03-18,1.626937985420227,1.654052972793579,1.6088600158691406,1.626937985420227,0.011537186801433563,330529
1980-03-19,1.626937985420227,1.663092017173767,1.626937985420227,1.654052972793579,0.0117294667288661,113403
1980-03-20,1.635975956916809,1.635975956916809,1.617898941040039,1.626937985420227,0.011537186801433563,218509
1980-03-21,1.626937985420227,1.635975956916809,1.626937985420227,1.626937985420227,0.011537186801433563,414890
1980-03-24,1.626937985420227,1.626937985420227,1.6088600158691406,1.6088600158691406,0.011408990249037743,266913
1980-03-25,1.6088600158691406,1.617898941040039,1.5727059841156006,1.5817450284957886,0.011216705664992332,258615
1980-03-26,1.5907829999923706,1.617898941040039,1.5907829999923706,1.5907829999923706,0.01128079742193222,181169
1980-03-27,1.5907829999923706,1.5998220443725586,1.5907829999923706,1.5907829999923706,0.01128079742193222,212977
1980-03-28,1.6088600158691406,1.626937985420227,1.6088600158691406,1.6088600158691406,0.011408990249037743,88510
1980-03-31,1.617898941040039,1.663092017173767,1.617898941040039,1.663092017173767,0.01179356500506401,156275
1980-04-01,1.663092017173767,1.663092017173767,1.626937985420227,1.663092017173767,0.01179356500506401,185318
1980-04-02,1.663092017173767,1.6721299886703491,1.635975956916809,1.663092017173767,0.01179356500506401,868503
1980-04-03,1.663092017173767,1.6721299886703491,1.6088600158691406,1.617898941040039,0.011473088525235653,302870
1980-04-07,1.617898941040039,1.626937985420227,1.6088600158691406,1.626937985420227,0.011537186801433563,773078
1980-04-08,1.626937985420227,1.6721299886703491,1.617898941040039,1.6721299886703491,0.011857653968036175,608505
1980-04-09,1.6721299886703491,1.6902070045471191,1.6721299886703491,1.6721299886703491,0.011857653968036175,788291
1980-04-10,1.6721299886703491,1.6992460489273071,1.626937985420227,1.626937985420227,0.011537186801433563,71914
1980-04-11,1.635975956916809,1.6902070045471191,1.635975956916809,1.663092017173767,0.01179356500506401,117552
1980-04-14,1.663092017173767,1.6721299886703491,1.626937985420227,1.654052972793579,0.0117294667288661,55319
1980-04-15,1.654052972793579,1.654052972793579,1.635975956916809,1.635975956916809,0.011601272039115429,41489
1980-04-16,1.635975956916809,1.635975956916809,1.5455909967422485,1.5455909967422485,0.010960323736071587,779993
1980-04-17,1.5275139808654785,1.5275139808654785,1.46424400806427,1.48232102394104,0.010511662811040878,1254351
1980-04-18,1.48232102394104,1.51847505569458,1.46424400806427,1.46424400806427,0.010383464395999908,170105
1980-04-21,1.46424400806427,1.509436011314392,1.46424400806427,1.509436011314392,0.010703934356570244,123084
1980-04-22,1.509436011314392,1.5907829999923706,1.509436011314392,1.5546289682388306,0.0110244145616889,197764
1980-04-23,1.617898941040039,1.626937985420227,1.617898941040039,1.617898941040039,0.011473088525235653,163190
1980-04-24,1.617898941040039,1.681169033050537,1.617898941040039,1.6721299886703491,0.011857653968036175,113403
1980-04-25,1.6721299886703491,1.6902070045471191,1.626937985420227,1.663092017173767,0.01179356500506401,212977
1980-04-28,1.681169033050537,1.7082840204238892,1.681169033050537,1.6902070045471191,0.01198584958910942,51170
1980-04-29,1.6902070045471191,1.7082840204238892,1.6902070045471191,1.6992460489273071,0.012049944140017033,105105
1980-04-30,1.6992460489273071,1.6992460489273071,1.681169033050537,1.6992460489273071,0.012049944140017033,89893
1980-05-01,1.7082840204238892,1.7625160217285156,1.7082840204238892,1.7082840204238892,0.01211403589695692,185318
1980-05-02,1.7082840204238892,1.7082840204238892,1.681169033050537,1.6992460489273071,0.012273319065570831,150743
1980-05-05,1.6992460489273071,1.6992460489273071,1.6902070045471191,1.6992460489273071,0.012273319065570831,608505
1980-05-06,1.6992460489273071,1.7082840204238892,1.6902070045471191,1.7082840204238892,0.012338594533503056,547655
1980-05-07,1.7082840204238892,1.7082840204238892,1.681169033050537,1.681169033050537,0.012142744846642017,324997
1980-05-08,1.681169033050537,1.7082840204238892,1.663092017173767,1.663092017173767,0.01201217994093895,1169990
1980-05-09,1.663092017173767,1.6721299886703491,1.654052972793579,1.654052972793579,0.01194689329713583,242019
1980-05-12,1.654052972793579,1.654052972793579,1.626937985420227,1.635975956916809,0.011816329322755337,87127
1980-05-13,1.635975956916809,1.6721299886703491,1.626937985420227,1.654052972793579,0.01194689329713583,219892
1980-05-14,1.654052972793579,1.6902070045471191,1.617898941040039,1.617898941040039,0.011685767211019993,172871
1980-05-15,1.617898941040039,1.617898941040039,1.6088600158691406,1.6088600158691406,0.011620475910604,337444
1980-05-16,1.6088600158691406,1.6721299886703491,1.6088600158691406,1.6721299886703491,0.012077456340193748,406592
1980-05-19,1.6721299886703491,1.6721299886703491,1.654052972793579,1.654052972793579,0.01194689329713583,131382
1980-05-20,1.654052972793579,1.6721299886703491,1.626937985420227,1.626937985420227,0.011751050129532814,138297
1980-05-21,1.626937985420227,1.654052972793579,1.626937985420227,1.635975956916809,0.011816329322755337,315316
1980-05-22,1.654052972793579,1.7534769773483276,1.654052972793579,1.7534769773483276,0.01266501098871231,526910
1980-05-23,1.7534769773483276,1.8348239660263062,1.7444390058517456,1.7986700534820557,0.01299143023788929,897545
1980-05-27,1.7986700534820557,1.7986700534820557,1.7625160217285156,1.7805930376052856,0.012860867194831371,489570
1980-05-28,1.7805930376052856,1.8348239660263062,1.7715539932250977,1.8348239660263062,0.013252568431198597,341593
1980-05-29,1.8348239660263062,1.8348239660263062,1.7896310091018677,1.7896310091018677,0.01292614359408617,159041
1980-05-30,1.7896310091018677,1.8438630104064941,1.7896310091018677,1.8257850408554077,0.013187287375330925,336061
1980-06-02,1.8077080249786377,1.8077080249786377,1.7896310091018677,1.7896310091018677,0.01292614359408617,105105
1980-06-03,1.7896310091018677,1.8077080249786377,1.7625160217285156,1.7896310091018677,0.01292614359408617,403826
1980-06-04,1.7896310091018677,1.7986700534820557,1.7896310091018677,1.7896310091018677,0.01292614359408617,150743
1980-06-05,1.7896310091018677,1.7986700534820557,1.7805930376052856,1.7805930376052856,0.012860867194831371,150743
1980-06-06,1.7805930376052856,1.7896310091018677,1.7715539932250977,1.7715539932250977,0.012795590795576572,289040
1980-06-09,1.7715539932250977,1.7805930376052856,1.7715539932250977,1.7715539932250977,0.012795590795576572,53936
1980-06-10,1.7715539932250977,1.7896310091018677,1.7715539932250977,1.7805930376052856,0.012860867194831371,84361
1980-06-11,1.7805930376052856,1.7896310091018677,1.7805930376052856,1.7805930376052856,0.012860867194831371,239253
1980-06-12,1.7805930376052856,1.7896310091018677,1.7715539932250977,1.7805930376052856,0.012860867194831371,134148
1980-06-13,1.7805930376052856,1.7986700534820557,1.7805930376052856,1.7896310091018677,0.01292614359408617,204679
1980-06-16,1.7896310091018677,1.7896310091018677,1.7896310091018677,1.7896310091018677,0.01292614359408617,23510
1980-06-17,1.7896310091018677,1.7896310091018677,1.7896310091018677,1.7896310091018677,0.01292614359408617,113403
1980-06-18,1.7896310091018677,1.8077080249786377,1.7805930376052856,1.8077080249786377,0.013056721538305283,170105
1980-06-19,1.8077080249786377,1.8077080249786377,1.8077080249786377,1.8077080249786377,0.013056721538305283,102340
1980-06-20,1.8077080249786377,1.8348239660263062,1.8077080249786377,1.8077080249786377,0.013056721538305283,286274
1980-06-23,1.8077080249786377,1.8348239660263062,1.8077080249786377,1.8348239660263062,0.013252568431198597,70531
1980-06-24,1.8348239660263062,1.8800170421600342,1.8348239660263062,1.8800170421600342,0.013578993268311024,218509
1980-06-25,1.8800170421600342,1.9071320295333862,1.8800170421600342,1.9071320295333862,0.013774837367236614,210211
1980-06-26,1.9071320295333862,1.9613640308380127,1.8890550136566162,1.9432859420776367,0.014035972766578197,279359
1980-06-27,1.9523249864578247,1.9975179433822632,1.9523249864578247,1.9884790182113647,0.014362386427819729,1176904
1980-06-30,1.9884790182113647,1.9884790182113647,1.9432859420776367,1.9432859420776367,0.014035972766578197,327763
1980-07-01,1.9432859420776367,1.9432859420776367,1.9071320295333862,1.9252090454101562,0.01390540599822998,573931
1980-07-02,1.9252090454101562,1.9432859420776367,1.9071320295333862,1.9161709547042847,0.013840124942362309,107871
1980-07-03,1.9161709547042847,1.9432859420776367,1.9161709547042847,1.9342479705810547,0.01397068239748478,105105
1980-07-07,1.9342479705810547,1.9432859420776367,1.9071320295333862,1.9161709547042847,0.013840124942362309,156275
1980-07-08,1.9432859420776367,2.015594959259033,1.9432859420776367,1.9432859420776367,0.014035972766578197,1189351
1980-07-09,1.9613640308380127,2.015594959259033,1.9613640308380127,1.9975179433822632,0.014427668415009975,262764
1980-07-10,1.9975179433822632,1.9975179433822632,1.9704020023345947,1.9704020023345947,0.014231828041374683,116169
1980-07-11,1.9704020023345947,1.9884790182113647,1.9432859420776367,1.9432859420776367,0.014035972766578197,182552
1980-07-14,1.9432859420776367,1.9613640308380127,1.9432859420776367,1.9523249864578247,0.014101262204349041,123084
1980-07-15,1.9975179433822632,2.042710065841675,1.9975179433822632,1.9975179433822632,0.014427668415009975,1125735
1980-07-16,1.9975179433822632,2.0336720943450928,1.9975179433822632,2.015594959259033,0.014558247290551662,1221159
1980-07-17,2.015594959259033,2.0246329307556152,2.015594959259033,2.0246329307556152,0.01462351530790329,107871
1980-07-18,2.042710065841675,2.1059799194335938,2.042710065841675,2.0879030227661133,0.015080517157912254,1252968
1980-07-21,2.0879030227661133,2.0879030227661133,2.0788650512695312,2.0788650512695312,0.015015228651463985,131382
1980-07-22,2.0788650512695312,2.1330959796905518,2.0788650512695312,2.1150190830230713,0.015276365913450718,219892
1980-07-23,2.1150190830230713,2.1782889366149902,2.1150190830230713,2.1602110862731934,0.015602776780724525,853290
1980-07-24,2.1602110862731934,2.169250011444092,2.142133951187134,2.142133951187134,0.01547220442444086,141063
1980-07-25,2.142133951187134,2.1782889366149902,2.142133951187134,2.1602110862731934,0.015602776780724525,883716
1980-07-28,2.142133951187134,2.142133951187134,2.1330959796905518,2.1330959796905518,0.015406924299895763,351273
1980-07-29,2.1330959796905518,2.142133951187134,2.1150190830230713,2.1150190830230713,0.015276365913450718,827014
1980-07-30,2.1240570545196533,2.1782889366149902,2.1240570545196533,2.1602110862731934,0.015602776780724525,504783
1980-07-31,2.1602110862731934,2.1782889366149902,2.1602110862731934,2.169250011444092,0.015668068081140518,120318
1980-08-01,2.169250011444092,2.19636607170105,2.169250011444092,2.1782889366149902,0.015733351930975914,517229
1980-08-04,2.142133951187134,2.169250011444092,2.142133951187134,2.142133951187134,0.015696238726377487,250317
1980-08-05,2.142133951187134,2.1602110862731934,2.142133951187134,2.142133951187134,0.015696238726377487,154892
1980-08-06,2.142133951187134,2.1602110862731934,2.142133951187134,2.142133951187134,0.015696238726377487,62233
1980-08-07,2.142133951187134,2.142133951187134,2.142133951187134,2.142133951187134,0.015696238726377487,123084
1980-08-08,2.1602110862731934,2.1782889366149902,2.1602110862731934,2.169250011444092,0.015894923359155655,286274
1980-08-11,2.169250011444092,2.1873269081115723,2.1602110862731934,2.1782889366149902,0.015961166471242905,149360
1980-08-12,2.1782889366149902,2.1873269081115723,2.1782889366149902,2.1782889366149902,0.015961166471242905,264147
1980-08-13,2.1782889366149902,2.1782889366149902,2.1602110862731934,2.1782889366149902,0.015961166471242905,442549
1980-08-14,2.169250011444092,2.169250011444092,2.142133951187134,2.142133951187134,0.015696238726377487,161807
1980-08-15,2.1602110862731934,2.19636607170105,2.1602110862731934,2.1602110862731934,0.015828697010874748,129999
1980-08-18,2.1602110862731934,2.1602110862731934,2.142133951187134,2.142133951187134,0.015696238726377487,85744
1980-08-19,2.142133951187134,2.142133951187134,2.1240570545196533,2.1240570545196533,0.015563777647912502,89893
1980-08-20,2.1240570545196533,2.142133951187134,2.0969419479370117,2.1330959796905518,0.015629997476935387,99574
1980-08-21,2.142133951187134,2.2505970001220703,2.142133951187134,2.2234809398651123,0.016292300075292587,1243287
1980-08-22,2.268673896789551,2.304827928543091,2.268673896789551,2.304827928543091,0.016888365149497986,789674
1980-08-25,2.304827928543091,2.3138670921325684,2.2777130603790283,2.304827928543091,0.016888365149497986,369252
1980-08-26,2.304827928543091,2.3138670921325684,2.268673896789551,2.2867510318756104,0.016755912452936172,340210
1980-08-27,2.2867510318756104,2.2867510318756104,2.2596349716186523,2.2596349716186523,0.01655721291899681,197764
1980-08-28,2.2596349716186523,2.2596349716186523,2.2234809398651123,2.2234809398651123,0.016292300075292587,200530
1980-08-29,2.2144429683685303,2.2144429683685303,2.19636607170105,2.19636607170105,0.016093619167804718,49787
1980-09-02,2.19636607170105,2.2144429683685303,2.1873269081115723,2.1873269081115723,0.016027377918362617,89893
1980-09-03,2.1873269081115723,2.19636607170105,2.1873269081115723,2.19636607170105,0.016093619167804718,135531
1980-09-04,2.2596349716186523,2.3138670921325684,2.2596349716186523,2.304827928543091,0.016888365149497986,571165
1980-09-05,2.304827928543091,2.331943988800049,2.295789957046509,2.304827928543091,0.016888365149497986,264147
1980-09-08,2.304827928543091,2.331943988800049,2.268673896789551,2.2777130603790283,0.01668967306613922,354039
1980-09-09,2.2777130603790283,2.2867510318756104,2.2596349716186523,2.2777130603790283,0.01668967306613922,149360
1980-09-10,2.2867510318756104,2.368098020553589,2.2867510318756104,2.368098020553589,0.017351968213915825,638931
1980-09-11,2.368098020553589,2.4494450092315674,2.368098020553589,2.4494450092315674,0.017948023974895477,858822
1980-09-12,2.440406084060669,2.440406084060669,2.395214080810547,2.395214080810547,0.017550654709339142,347125
1980-09-15,2.395214080810547,2.4223289489746094,2.368098020553589,2.395214080810547,0.017550654709339142,181169
1980-09-16,2.4132909774780273,2.467521905899048,2.4132909774780273,2.467521905899048,0.01808048225939274,1030310
1980-09-17,2.467521905899048,2.503675937652588,2.4494450092315674,2.467521905899048,0.01808048225939274,326380
1980-09-18,2.467521905899048,2.5127151012420654,2.467521905899048,2.467521905899048,0.01808048225939274,427337
1980-09-19,2.467521905899048,2.503675937652588,2.467521905899048,2.494637966156006,0.018279168754816055,1349775
1980-09-22,2.494637966156006,2.503675937652588,2.4494450092315674,2.467521905899048,0.01808048225939274,336061
1980-09-23,2.467521905899048,2.503675937652588,2.4223289489746094,2.4223289489746094,0.01774933934211731,344359
1980-09-24,2.4132909774780273,2.4132909774780273,2.3590590953826904,2.368098020553589,0.017351968213915825,674888
1980-09-25,2.368098020553589,2.530791997909546,2.3590590953826904,2.3590590953826904,0.017285730689764023,63616
1980-09-26,2.3500208854675293,2.3500208854675293,2.3138670921325684,2.3138670921325684,0.0169545765966177,363720
1980-09-29,2.3138670921325684,2.340981960296631,2.304827928543091,2.340981960296631,0.017153268679976463,500634
1980-09-30,2.340981960296631,2.377135992050171,2.304827928543091,2.3500208854675293,0.01721949130296707,676271
1980-10-01,2.3500208854675293,2.377135992050171,2.340981960296631,2.3590590953826904,0.017285730689764023,450847
1980-10-02,2.3590590953826904,2.377135992050171,2.331943988800049,2.331943988800049,0.017087049782276154,419039
1980-10-03,2.331943988800049,2.377135992050171,2.3138670921325684,2.340981960296631,0.017153268679976463,519995
1980-10-06,2.340981960296631,2.3500208854675293,2.295789957046509,2.304827928543091,0.016888365149497986,396911
1980-10-07,2.304827928543091,2.304827928543091,2.268673896789551,2.268673896789551,0.016623441129922867,109254
1980-10-08,2.268673896789551,2.2867510318756104,2.19636607170105,2.19636607170105,0.016093619167804718,284891
1980-10-09,2.2144429683685303,2.2596349716186523,2.2144429683685303,2.241558074951172,0.016424743458628654,181169
1980-10-10,2.241558074951172,2.241558074951172,2.1602110862731934,2.1602110862731934,0.015828697010874748,324997
1980-10-13,2.1602110862731934,2.1782889366149902,2.142133951187134,2.1782889366149902,0.015961166471242905,78829
1980-10-14,2.1782889366149902,2.1873269081115723,2.142133951187134,2.1602110862731934,0.015828697010874748,135531
1980-10-15,2.1602110862731934,2.1782889366149902,2.142133951187134,2.1602110862731934,0.015828697010874748,121701
1980-10-16,2.1602110862731934,2.19636607170105,2.1150190830230713,2.1150190830230713,0.015497556887567043,282125
1980-10-17,2.1150190830230713,2.142133951187134,2.0879030227661133,2.0879030227661133,0.015298871323466301,402443
1980-10-20,2.0879030227661133,2.1059799194335938,1.9975179433822632,2.0246329307556152,0.014835264533758163,178403
1980-10-21,2.0246329307556152,2.0336720943450928,2.015594959259033,2.0246329307556152,0.014835264533758163,385848
1980-10-22,2.0246329307556152,2.0336720943450928,2.0065560340881348,2.0065560340881348,0.014702808111906052,246168
1980-10-23,2.0065560340881348,2.0065560340881348,1.9613640308380127,1.9884790182113647,0.014570350758731365,464677
1980-10-24,2.0065560340881348,2.0246329307556152,2.0065560340881348,2.0065560340881348,0.014702808111906052,201913
1980-10-27,2.0065560340881348,2.0517489910125732,2.0065560340881348,2.0065560340881348,0.014702808111906052,138297
1980-10-28,2.015594959259033,2.0517489910125732,2.015594959259033,2.0517489910125732,0.015033947303891182,77446
1980-10-29,2.0607879161834717,2.1602110862731934,2.0607879161834717,2.1602110862731934,0.015828697010874748,201913
1980-10-30,2.1602110862731934,2.205404043197632,2.1602110862731934,2.169250011444092,0.015894923359155655,174254
1980-10-31,2.142133951187134,2.142133951187134,2.1059799194335938,2.142133951187134,0.015924470499157906,69148
1980-11-03,2.142133951187134,2.1782889366149902,2.1240570545196533,2.1602110862731934,0.016058845445513725,85744
1980-11-05,2.2505970001220703,2.304827928543091,2.2505970001220703,2.304827928543091,0.017133932560682297,486804
1980-11-06,2.304827928543091,2.304827928543091,2.2234809398651123,2.2505970001220703,0.0167307760566473,667973
1980-11-07,2.2505970001220703,2.2505970001220703,2.2144429683685303,2.2234809398651123,0.01652919501066208,157658
1980-11-10,2.2234809398651123,2.241558074951172,2.1873269081115723,2.2144429683685303,0.016462014988064766,207445
1980-11-11,2.2144429683685303,2.2144429683685303,2.19636607170105,2.2144429683685303,0.016462014988064766,23510
1980-11-12,2.19636607170105,2.19636607170105,2.142133951187134,2.1602110862731934,0.016058845445513725,944566
1980-11-13,2.1602110862731934,2.19636607170105,2.1602110862731934,2.1602110862731934,0.016058845445513725,557335
1980-11-14,2.1602110862731934,2.19636607170105,2.142133951187134,2.1782889366149902,0.016193239018321037,129999
1980-11-17,2.1782889366149902,2.1782889366149902,2.142133951187134,2.1602110862731934,0.016058845445513725,142446
1980-11-18,2.1602110862731934,2.19636607170105,2.142133951187134,2.1782889366149902,0.016193239018321037,242019
1980-11-19,2.1782889366149902,2.1782889366149902,2.1240570545196533,2.1240570545196533,0.015790080651640892,150743
1980-11-20,2.1240570545196533,2.1330959796905518,2.0879030227661133,2.1059799194335938,0.015655700117349625,177020
1980-11-21,2.1059799194335938,2.142133951187134,2.1059799194335938,2.1330959796905518,0.015857266262173653,146594
1980-11-24,2.1240570545196533,2.1240570545196533,2.0788650512695312,2.0969419479370117,0.01558851171284914,167339
1980-11-25,2.1150190830230713,2.1782889366149902,2.1150190830230713,2.142133951187134,0.015924470499157906,766163
1980-11-26,2.1602110862731934,2.2144429683685303,2.1602110862731934,2.1602110862731934,0.016058845445513725,750951
1980-11-28,2.1602110862731934,2.1782889366149902,2.1059799194335938,2.1059799194335938,0.015655700117349625,102340
1980-12-01,2.1059799194335938,2.1240570545196533,2.0517489910125732,2.0517489910125732,0.015252542681992054,67765
1980-12-02,2.0517489910125732,2.0879030227661133,2.042710065841675,2.0788650512695312,0.015454133972525597,211594
1980-12-03,2.0788650512695312,2.1330959796905518,2.0607879161834717,2.0607879161834717,0.015319745987653732,177020
1980-12-04,2.0788650512695312,2.142133951187134,2.0788650512695312,2.0788650512695312,0.015454133972525597,136914
1980-12-05,2.0788650512695312,2.1240570545196533,2.0607879161834717,2.0788650512695312,0.015454133972525597,95425
1980-12-08,2.0788650512695312,2.0879030227661133,2.0517489910125732,2.0607879161834717,0.015319745987653732,221275
1980-12-09,2.0607879161834717,2.0879030227661133,2.0065560340881348,2.0065560340881348,0.014916596934199333,475740
1980-12-10,1.9975179433822632,1.9975179433822632,1.8619400262832642,1.9161709547042847,0.014244670048356056,224041
1980-12-11,1.8800170421600342,1.8800170421600342,1.8348239660263062,1.8709779977798462,0.013908712193369865,194998
1980-12-12,1.8709779977798462,1.9071320295333862,1.8709779977798462,1.8709779977798462,0.013908712193369865,319465
1980-12-15,1.8890550136566162,1.9432859420776367,1.8890550136566162,1.8890550136566162,0.01404309831559658,128616
1980-12-16,1.9071320295333862,2.0336720943450928,1.9071320295333862,2.0336720943450928,0.015118173323571682,124467
1980-12-17,2.0607879161834717,2.1059799194335938,2.0607879161834717,2.0969419479370117,0.01558851171284914,193615
1980-12-18,2.0969419479370117,2.1059799194335938,2.0788650512695312,2.0788650512695312,0.015454133972525597,53936
1980-12-19,2.0788650512695312,2.0879030227661133,2.0607879161834717,2.0788650512695312,0.015454133972525597,420422
1980-12-22,2.0788650512695312,2.1240570545196533,2.0607879161834717,2.1240570545196533,0.015790080651640892,142446
1980-12-23,2.1240570545196533,2.1602110862731934,2.0788650512695312,2.0788650512695312,0.015454133972525597,229572
1980-12-24,2.0607879161834717,2.0607879161834717,2.0607879161834717,2.0607879161834717,0.015319745987653732,38723
1980-12-26,2.0607879161834717,2.0969419479370117,2.0607879161834717,2.0788650512695312,0.015454133972525597,53936
1980-12-29,2.0788650512695312,2.1059799194335938,2.0336720943450928,2.0607879161834717,0.015319745987653732,112020
1980-12-30,2.0607879161834717,2.0969419479370117,2.0336720943450928,2.0607879161834717,0.015319745987653732,145211
1980-12-31,2.0607879161834717,2.0969419479370117,2.0607879161834717,2.0607879161834717,0.015319745987653732,103722
1981-01-02,2.0607879161834717,2.0969419479370117,2.042710065841675,2.0607879161834717,0.015319745987653732,947332
1981-01-05,2.0607879161834717,2.0879030227661133,1.9975179433822632,2.0879030227661133,0.01552131399512291,572548
1981-01-06,2.0879030227661133,2.142133951187134,2.0879030227661133,2.0879030227661133,0.01552131399512291,345742
1981-01-07,2.0607879161834717,2.0607879161834717,2.015594959259033,2.0517489910125732,0.015252542681992054,831163
1981-01-08,2.0517489910125732,2.0607879161834717,2.0336720943450928,2.0336720943450928,0.015118173323571682,141063
1981-01-09,2.0336720943450928,2.0788650512695312,2.0336720943450928,2.0336720943450928,0.015118173323571682,262764
1981-01-12,2.0336720943450928,2.0517489910125732,1.9252090454101562,1.9252090454101562,0.01431186217814684,276593
1981-01-13,1.9613640308380127,2.0246329307556152,1.9613640308380127,2.0065560340881348,0.014916596934199333,131382
1981-01-14,2.0065560340881348,2.0336720943450928,1.9975179433822632,2.0065560340881348,0.014916596934199333,297338
1981-01-15,2.0065560340881348,2.0517489910125732,2.0065560340881348,2.0065560340881348,0.014916596934199333,203296
1981-01-16,2.0065560340881348,2.0246329307556152,1.9884790182113647,2.0065560340881348,0.014916596934199333,125850
1981-01-19,2.0065560340881348,2.0246329307556152,1.9884790182113647,2.015594959259033,0.014983788132667542,224041
1981-01-20,2.015594959259033,2.015594959259033,1.9884790182113647,1.9884790182113647,0.014782211743295193,150743
1981-01-21,1.9884790182113647,1.9975179433822632,1.9613640308380127,1.9613640308380127,0.01458063069730997,161807
1981-01-22,1.9613640308380127,1.9884790182113647,1.9613640308380127,1.9884790182113647,0.014782211743295193,125850
1981-01-23,1.9884790182113647,2.0065560340881348,1.9613640308380127,2.0065560340881348,0.014916596934199333,107871
1981-01-26,2.0065560340881348,2.0336720943450928,1.9975179433822632,2.0246329307556152,0.015050981193780899,200530
1981-01-27,2.0246329307556152,2.0517489910125732,2.0246329307556152,2.0336720943450928,0.015118173323571682,121701
1981-01-28,2.0517489910125732,2.0607879161834717,2.0517489910125732,2.0517489910125732,0.015252542681992054,141063
1981-01-29,2.0607879161834717,2.1059799194335938,2.0607879161834717,2.0788650512695312,0.015454133972525597,528293
1981-01-30,2.0788650512695312,2.1240570545196533,2.0607879161834717,2.1059799194335938,0.015655700117349625,225424
1981-02-02,2.1059799194335938,2.1059799194335938,2.0607879161834717,2.0788650512695312,0.015454133972525597,182552
1981-02-03,2.0879030227661133,2.0879030227661133,2.015594959259033,2.0879030227661133,0.015756972134113312,154892
1981-02-04,2.0879030227661133,2.1059799194335938,2.0879030227661133,2.1059799194335938,0.015893390402197838,91276
1981-02-05,2.1059799194335938,2.169250011444092,2.1059799194335938,2.169250011444092,0.01637088507413864,388614
1981-02-06,2.169250011444092,2.1782889366149902,2.142133951187134,2.142133951187134,0.016166238114237785,183935
1981-02-09,2.142133951187134,2.169250011444092,2.142133951187134,2.142133951187134,0.016166238114237785,259998
1981-02-10,2.142133951187134,2.142133951187134,2.1059799194335938,2.142133951187134,0.016166238114237785,134148
1981-02-11,2.142133951187134,2.142133951187134,2.1150190830230713,2.1330959796905518,0.01609802432358265,80212
1981-02-12,2.1240570545196533,2.1240570545196533,2.0969419479370117,2.1059799194335938,0.015893390402197838,280742
1981-02-13,2.1059799194335938,2.1059799194335938,2.0879030227661133,2.1059799194335938,0.015893390402197838,51170
1981-02-17,2.1059799194335938,2.1330959796905518,2.0879030227661133,2.0879030227661133,0.015756972134113312,164573
1981-02-18,2.0879030227661133,2.1240570545196533,2.0607879161834717,2.1240570545196533,0.01602981798350811,204679
1981-02-19,2.1240570545196533,2.1330959796905518,2.0879030227661133,2.0879030227661133,0.015756972134113312,84361
1981-02-20,2.0879030227661133,2.1059799194335938,2.0607879161834717,2.0969419479370117,0.015825187787413597,96808
1981-02-23,2.0969419479370117,2.1240570545196533,2.0969419479370117,2.1059799194335938,0.015893390402197838,56702
1981-02-24,2.1150190830230713,2.142133951187134,2.1150190830230713,2.1330959796905518,0.01609802432358265,56702
1981-02-25,2.142133951187134,2.2234809398651123,2.142133951187134,2.2234809398651123,0.01678014174103737,222658
1981-02-26,2.2596349716186523,2.304827928543091,2.2596349716186523,2.304827928543091,0.017394069582223892,300104
1981-02-27,2.304827928543091,2.304827928543091,2.2867510318756104,2.304827928543091,0.017394069582223892,188083
1981-03-02,2.304827928543091,2.304827928543091,2.2777130603790283,2.295789957046509,0.01732584461569786,135531
1981-03-03,2.3138670921325684,2.3590590953826904,2.3138670921325684,2.331943988800049,0.017598694190382957,467443
1981-03-04,2.331943988800049,2.377135992050171,2.331943988800049,2.331943988800049,0.017598694190382957,377550
1981-03-05,2.331943988800049,2.3590590953826904,2.331943988800049,2.331943988800049,0.017598694190382957,283508
1981-03-06,2.331943988800049,2.3500208854675293,2.331943988800049,2.331943988800049,0.017598694190382957,246168
1981-03-09,2.331943988800049,2.3590590953826904,2.331943988800049,2.340981960296631,0.017666896805167198,236487
1981-03-10,2.340981960296631,2.4223289489746094,2.340981960296631,2.395214080810547,0.018076185137033463,547655
1981-03-11,2.4223289489746094,2.494637966156006,2.4223289489746094,2.4494450092315674,0.018485447391867638,634782
1981-03-12,2.4494450092315674,2.4494450092315674,2.431368112564087,2.440406084060669,0.01841723546385765,190849
1981-03-13,2.467521905899048,2.503675937652588,2.467521905899048,2.494637966156006,0.018826507031917572,511698
1981-03-16,2.494637966156006,2.503675937652588,2.467521905899048,2.467521905899048,0.018621880561113358,319465
1981-03-17,2.467521905899048,2.494637966156006,2.4494450092315674,2.4494450092315674,0.018485447391867638,587761
1981-03-18,2.4494450092315674,2.467521905899048,2.431368112564087,2.4494450092315674,0.018485447391867638,323614
1981-03-19,2.4494450092315674,2.5579071044921875,2.4494450092315674,2.5217530727386475,0.019031144678592682,796589
1981-03-20,2.5217530727386475,2.566946029663086,2.5127151012420654,2.5488688945770264,0.019235771149396896,266913
1981-03-23,2.5488688945770264,2.5579071044921875,2.539829969406128,2.539829969406128,0.019167564809322357,560101
1981-03-24,2.5488688945770264,2.566946029663086,2.5488688945770264,2.566946029663086,0.01937219500541687,553187
1981-03-25,2.566946029663086,2.5850229263305664,2.539829969406128,2.5850229263305664,0.01950862631201744,242019
1981-03-26,2.5850229263305664,2.6121389865875244,2.539829969406128,2.539829969406128,0.019167564809322357,659675
1981-03-27,2.539829969406128,2.566946029663086,2.539829969406128,2.5488688945770264,0.019235771149396896,266913
1981-03-30,2.5488688945770264,2.5579071044921875,2.539829969406128,2.5579071044921875,0.01930399425327778,128616
1981-03-31,2.5940608978271484,2.7206010818481445,2.5940608978271484,2.7206010818481445,0.020531803369522095,424571
1981-04-01,2.7567551136016846,2.838102102279663,2.7567551136016846,2.7929089069366455,0.021077509969472885,703930
1981-04-02,2.7929089069366455,2.7929089069366455,2.7567551136016846,2.774832010269165,0.020941073074936867,463294
1981-04-03,2.774832010269165,2.7838709354400635,2.774832010269165,2.7838709354400635,0.021009285002946854,106488
1981-04-06,2.7838709354400635,2.7838709354400635,2.774832010269165,2.774832010269165,0.020941073074936867,807652
1981-04-07,2.774832010269165,2.7838709354400635,2.7567551136016846,2.7567551136016846,0.02080465853214264,1241904
1981-04-08,2.7567551136016846,2.7929089069366455,2.7477169036865234,2.774832010269165,0.020941073074936867,762015
1981-04-09,2.810986042022705,2.901371955871582,2.810986042022705,2.865217924118042,0.02162320166826248,1229457
1981-04-10,2.865217924118042,2.8923330307006836,2.8471410274505615,2.8471410274505615,0.021486788988113403,475740
1981-04-13,2.8471410274505615,2.8561789989471436,2.8200249671936035,2.838102102279663,0.02141856774687767,1250202
1981-04-14,2.838102102279663,2.838102102279663,2.7567551136016846,2.7929089069366455,0.021077509969472885,925205
1981-04-15,2.7838709354400635,2.7838709354400635,2.7567551136016846,2.7838709354400635,0.021009285002946854,358188
1981-04-16,2.7838709354400635,2.874255895614624,2.774832010269165,2.874255895614624,0.021691419184207916,1630517
1981-04-20,2.865217924118042,2.865217924118042,2.838102102279663,2.8561789989471436,0.021554986014962196,287657
1981-04-21,2.8561789989471436,2.8561789989471436,2.801948070526123,2.801948070526123,0.021145718172192574,367869
1981-04-22,2.801948070526123,2.810986042022705,2.729640007019043,2.7477169036865234,0.0207364521920681,1727325
1981-04-23,2.7477169036865234,2.7567551136016846,2.7206010818481445,2.7477169036865234,0.0207364521920681,257232
1981-04-24,2.7477169036865234,2.801948070526123,2.7477169036865234,2.7838709354400635,0.021009285002946854,197764
1981-04-27,2.7838709354400635,2.810986042022705,2.7838709354400635,2.7838709354400635,0.021009285002946854,232338
1981-04-28,2.7838709354400635,2.838102102279663,2.7838709354400635,2.8200249671936035,0.021282147616147995,677654
1981-04-29,2.8200249671936035,2.8561789989471436,2.810986042022705,2.838102102279663,0.02141856774687767,679037
1981-04-30,2.838102102279663,2.838102102279663,2.7929089069366455,2.801948070526123,0.021145718172192574,1103607
1981-05-01,2.801948070526123,2.801948070526123,2.7929089069366455,2.7929089069366455,0.021077509969472885,193615
1981-05-04,2.702523946762085,2.7567551136016846,2.702523946762085,2.7115631103515625,0.020693957805633545,1145096
1981-05-05,2.702523946762085,2.702523946762085,2.630215883255005,2.630215883255005,0.020073143765330315,684568
1981-05-06,2.630215883255005,2.6844470500946045,2.630215883255005,2.666369915008545,0.0203490499407053,284891
1981-05-07,2.666369915008545,2.6844470500946045,2.666369915008545,2.666369915008545,0.0203490499407053,157658
1981-05-08,2.666369915008545,2.666369915008545,2.6482930183410645,2.666369915008545,0.0203490499407053,237870
1981-05-11,2.666369915008545,2.666369915008545,2.639254093170166,2.639254093170166,0.02014213055372238,405209
1981-05-12,2.639254093170166,2.666369915008545,2.630215883255005,2.666369915008545,0.0203490499407053,277976
1981-05-13,2.666369915008545,2.702523946762085,2.666369915008545,2.6844470500946045,0.020487027242779732,531059
1981-05-14,2.6844470500946045,2.6844470500946045,2.6482930183410645,2.666369915008545,0.0203490499407053,670739
1981-05-15,2.666369915008545,2.7206010818481445,2.666369915008545,2.6844470500946045,0.020487027242779732,413507
1981-05-18,2.6844470500946045,2.6844470500946045,2.666369915008545,2.666369915008545,0.0203490499407053,143829
1981-05-19,2.666369915008545,2.702523946762085,2.639254093170166,2.666369915008545,0.0203490499407053,580846
1981-05-20,2.6482930183410645,2.6482930183410645,2.6121389865875244,2.6121389865875244,0.01993517391383648,251700
1981-05-21,2.6121389865875244,2.6121389865875244,2.5850229263305664,2.603100061416626,0.019866198301315308,194998
1981-05-22,2.603100061416626,2.6121389865875244,2.539829969406128,2.5488688945770264,0.019452307373285294,217126
1981-05-26,2.5488688945770264,2.5940608978271484,2.5217530727386475,2.539829969406128,0.019383331760764122,1584880
1981-05-27,2.530791997909546,2.530791997909546,2.503675937652588,2.5127151012420654,0.019176406785845757,175637
1981-05-28,2.5127151012420654,2.530791997909546,2.494637966156006,2.494637966156006,0.01903843879699707,207445
1981-05-29,2.494637966156006,2.5579071044921875,2.494637966156006,2.539829969406128,0.019383331760764122,1619454
1981-06-01,2.6482930183410645,2.702523946762085,2.6482930183410645,2.675407886505127,0.020418034866452217,1494987
1981-06-02,2.702523946762085,2.7567551136016846,2.702523946762085,2.7567551136016846,0.021038858219981194,2075833
1981-06-03,2.7567551136016846,2.7838709354400635,2.7477169036865234,2.774832010269165,0.021176809445023537,307019
1981-06-04,2.774832010269165,2.8561789989471436,2.774832010269165,2.810986042022705,0.021452730521559715,156275
1981-06-05,2.8200249671936035,3.0188729763031006,2.8200249671936035,2.9827189445495605,0.022763345390558243,481272
1981-06-08,2.9827189445495605,3.00079607963562,2.865217924118042,2.865217924118042,0.021866610273718834,576697
1981-06-09,2.865217924118042,2.901371955871582,2.8561789989471436,2.8923330307006836,0.022073566913604736,272444
1981-06-10,2.8923330307006836,2.8923330307006836,2.8561789989471436,2.874255895614624,0.02193559519946575,167339
1981-06-11,2.865217924118042,2.865217924118042,2.7929089069366455,2.8561789989471436,0.021797629073262215,490953
1981-06-12,2.8561789989471436,2.8832950592041016,2.810986042022705,2.810986042022705,0.021452730521559715,237870
1981-06-15,2.8200249671936035,2.8561789989471436,2.8200249671936035,2.8561789989471436,0.021797629073262215,167339
1981-06-16,2.8561789989471436,2.9194490909576416,2.8471410274505615,2.8561789989471436,0.021797629073262215,1194883
1981-06-17,2.8561789989471436,2.865217924118042,2.8471410274505615,2.8561789989471436,0.021797629073262215,218509
1981-06-18,2.8561789989471436,2.8561789989471436,2.810986042022705,2.810986042022705,0.021452730521559715,165956
1981-06-19,2.801948070526123,2.801948070526123,2.774832010269165,2.801948070526123,0.02138376422226429,124467
1981-06-22,2.801948070526123,2.810986042022705,2.7929089069366455,2.810986042022705,0.021452730521559715,272444
1981-06-23,2.7929089069366455,2.7929089069366455,2.7115631103515625,2.729640007019043,0.020831923931837082,360954
1981-06-24,2.729640007019043,2.7838709354400635,2.6934850215911865,2.7567551136016846,0.021038858219981194,389997
1981-06-25,2.7567551136016846,2.7929089069366455,2.7477169036865234,2.7838709354400635,0.021245786920189857,64999
1981-06-26,2.7838709354400635,2.7838709354400635,2.7567551136016846,2.774832010269165,0.021176809445023537,121701
1981-06-29,2.774832010269165,2.7929089069366455,2.7477169036865234,2.7567551136016846,0.021038858219981194,449464
1981-06-30,2.7477169036865234,2.7477169036865234,2.702523946762085,2.7206010818481445,0.020762935280799866,261381
1981-07-01,2.702523946762085,2.702523946762085,2.6121389865875244,2.6121389865875244,0.01993517391383648,402443
1981-07-02,2.6121389865875244,2.639254093170166,2.5579071044921875,2.5579071044921875,0.019521305337548256,181169
1981-07-06,2.5488688945770264,2.5488688945770264,2.503675937652588,2.503675937652588,0.019107427448034286,109254
1981-07-07,2.530791997909546,2.5579071044921875,2.530791997909546,2.539829969406128,0.019383331760764122,341593
1981-07-08,2.5217530727386475,2.5217530727386475,2.476560115814209,2.503675937652588,0.019107427448034286,177020
1981-07-09,2.503675937652588,2.530791997909546,2.431368112564087,2.4584829807281494,0.018762528896331787,1421690
1981-07-10,2.4584829807281494,2.476560115814209,2.440406084060669,2.467521905899048,0.018831513822078705,145211
1981-07-13,2.467521905899048,2.494637966156006,2.467521905899048,2.467521905899048,0.018831513822078705,48404
1981-07-14,2.467521905899048,2.494637966156006,2.467521905899048,2.494637966156006,0.01903843879699707,601590
1981-07-15,2.494637966156006,2.5940608978271484,2.494637966156006,2.5850229263305664,0.01972823590040207,1449349
1981-07-16,2.5850229263305664,2.5940608978271484,2.5579071044921875,2.5850229263305664,0.01972823590040207,78829
1981-07-17,2.566946029663086,2.566946029663086,2.539829969406128,2.539829969406128,0.019383331760764122,336061
1981-07-20,2.530791997909546,2.530791997909546,2.494637966156006,2.503675937652588,0.019107427448034286,41489
1981-07-21,2.503675937652588,2.503675937652588,2.467521905899048,2.494637966156006,0.01903843879699707,218509
1981-07-22,2.494637966156006,2.503675937652588,2.467521905899048,2.467521905899048,0.018831513822078705,291806
1981-07-23,2.467521905899048,2.467521905899048,2.431368112564087,2.440406084060669,0.01862455904483795,389997
1981-07-24,2.440406084060669,2.5127151012420654,2.431368112564087,2.503675937652588,0.019107427448034286,168722
1981-07-27,2.503675937652588,2.539829969406128,2.503675937652588,2.503675937652588,0.019107427448034286,957013
1981-07-28,2.503675937652588,2.530791997909546,2.476560115814209,2.494637966156006,0.01903843879699707,266913
1981-07-29,2.494637966156006,2.503675937652588,2.4584829807281494,2.476560115814209,0.018900476396083832,152126
1981-07-30,2.476560115814209,2.494637966156006,2.431368112564087,2.4494450092315674,0.01869353838264942,117552
1981-07-31,2.4494450092315674,2.494637966156006,2.4494450092315674,2.467521905899048,0.018831513822078705,175637
1981-08-03,2.4584829807281494,2.4584829807281494,2.431368112564087,2.4494450092315674,0.018932079896330833,431486
1981-08-04,2.4494450092315674,2.467521905899048,2.4132909774780273,2.4223289489746094,0.01872250624001026,154892
1981-08-05,2.4223289489746094,2.4223289489746094,2.395214080810547,2.395214080810547,0.018512926995754242,242019
1981-08-06,2.4223289489746094,2.4584829807281494,2.4223289489746094,2.431368112564087,0.01879235729575157,479889
1981-08-07,2.4223289489746094,2.4223289489746094,2.3861749172210693,2.395214080810547,0.018512926995754242,492336
1981-08-10,2.395214080810547,2.440406084060669,2.395214080810547,2.4223289489746094,0.01872250624001026,225424
1981-08-11,2.4223289489746094,2.4494450092315674,2.395214080810547,2.431368112564087,0.01879235729575157,212977
1981-08-12,2.431368112564087,2.440406084060669,2.4132909774780273,2.4223289489746094,0.01872250624001026,297338
1981-08-13,2.395214080810547,2.395214080810547,2.377135992050171,2.395214080810547,0.018512926995754242,763397
1981-08-14,2.3861749172210693,2.3861749172210693,2.340981960296631,2.340981960296631,0.018093764781951904,388614
1981-08-17,2.340981960296631,2.3590590953826904,2.3138670921325684,2.3138670921325684,0.017884178087115288,593293
1981-08-18,2.3138670921325684,2.340981960296631,2.3138670921325684,2.340981960296631,0.018093764781951904,214360
1981-08-19,2.340981960296631,2.340981960296631,2.304827928543091,2.304827928543091,0.01781431958079338,248934
1981-08-20,2.304827928543091,2.340981960296631,2.295789957046509,2.295789957046509,0.017744464799761772,207445
1981-08-21,2.295789957046509,2.304827928543091,2.268673896789551,2.268673896789551,0.017534872516989708,182552
1981-08-24,2.268673896789551,2.2867510318756104,2.2234809398651123,2.2234809398651123,0.017185579985380173,255849
1981-08-25,2.19636607170105,2.19636607170105,2.1782889366149902,2.19636607170105,0.01697600819170475,107871
1981-08-26,2.2234809398651123,2.268673896789551,2.2234809398651123,2.2505970001220703,0.017395159229636192,152126
1981-08-27,2.2505970001220703,2.268673896789551,2.19636607170105,2.2144429683685303,0.01711571402847767,269678
1981-08-28,2.2144429683685303,2.2144429683685303,2.1602110862731934,2.19636607170105,0.01697600819170475,459145
1981-08-31,2.19636607170105,2.2144429683685303,2.142133951187134,2.142133951187134,0.016556836664676666,117552
1981-09-01,2.142133951187134,2.19636607170105,2.142133951187134,2.19636607170105,0.01697600819170475,149360
1981-09-02,2.19636607170105,2.205404043197632,2.1602110862731934,2.1602110862731934,0.016696548089385033,145211
1981-09-03,2.1602110862731934,2.1873269081115723,2.142133951187134,2.142133951187134,0.016556836664676666,937651
1981-09-04,2.142133951187134,2.169250011444092,2.142133951187134,2.142133951187134,0.016556836664676666,84361
1981-09-08,2.142133951187134,2.169250011444092,2.142133951187134,2.142133951187134,0.016556836664676666,128616
1981-09-09,2.142133951187134,2.142133951187134,2.0879030227661133,2.0879030227661133,0.016137681901454926,136914
1981-09-10,2.0879030227661133,2.1059799194335938,2.015594959259033,2.0969419479370117,0.01620754413306713,1760516
1981-09-11,2.0969419479370117,2.142133951187134,2.0879030227661133,2.142133951187134,0.016556836664676666,695632
1981-09-14,2.1330959796905518,2.1330959796905518,2.1150190830230713,2.1330959796905518,0.016486970707774162,142446
1981-09-15,2.1330959796905518,2.142133951187134,2.1240570545196533,2.1330959796905518,0.016486970707774162,84361
1981-09-16,2.1330959796905518,2.1330959796905518,2.1059799194335938,2.1059799194335938,0.01627739891409874,116169
1981-09-17,2.1059799194335938,2.1330959796905518,2.1059799194335938,2.1150190830230713,0.01634727045893669,186700
1981-09-18,2.1150190830230713,2.1330959796905518,2.1059799194335938,2.1150190830230713,0.01634727045893669,121701
1981-09-21,2.1240570545196533,2.142133951187134,2.1240570545196533,2.142133951187134,0.016556836664676666,146594
1981-09-22,2.142133951187134,2.142133951187134,2.1240570545196533,2.1330959796905518,0.016486970707774162,95425
1981-09-23,2.1330959796905518,2.142133951187134,2.1330959796905518,2.1330959796905518,0.016486970707774162,80212
1981-09-24,2.1330959796905518,2.169250011444092,2.1330959796905518,2.142133951187134,0.016556836664676666,331912
1981-09-25,2.1330959796905518,2.1330959796905518,2.0607879161834717,2.0788650512695312,0.01606782339513302,253083
1981-09-28,2.0788650512695312,2.0879030227661133,2.015594959259033,2.0879030227661133,0.016137681901454926,405209
1981-09-29,2.0879030227661133,2.142133951187134,2.0879030227661133,2.142133951187134,0.016556836664676666,233721
1981-09-30,2.142133951187134,2.169250011444092,2.1240570545196533,2.142133951187134,0.016556836664676666,81595
1981-10-01,2.142133951187134,2.142133951187134,2.1150190830230713,2.1240570545196533,0.0164171252399683,182552
1981-10-02,2.1240570545196533,2.2505970001220703,2.1240570545196533,2.2234809398651123,0.017185579985380173,333295
1981-10-05,2.2234809398651123,2.304827928543091,2.1873269081115723,2.1873269081115723,0.016906127333641052,351273
1981-10-06,2.169250011444092,2.169250011444092,2.1330959796905518,2.1602110862731934,0.016696548089385033,129999
1981-10-07,2.1602110862731934,2.241558074951172,2.1602110862731934,2.19636607170105,0.01697600819170475,192232
1981-10-08,2.19636607170105,2.241558074951172,2.1782889366149902,2.2234809398651123,0.017185579985380173,177020
1981-10-09,2.2234809398651123,2.2234809398651123,2.19636607170105,2.2144429683685303,0.01711571402847767,701164
1981-10-12,2.2234809398651123,2.2777130603790283,2.2234809398651123,2.2596349716186523,0.017465010285377502,117552
1981-10-13,2.2596349716186523,2.268673896789551,2.2234809398651123,2.2505970001220703,0.017395159229636192,305636
1981-10-14,2.2596349716186523,2.304827928543091,2.2596349716186523,2.2596349716186523,0.017465010285377502,179786
1981-10-15,2.2596349716186523,2.304827928543091,2.2596349716186523,2.304827928543091,0.01781431958079338,204679
1981-10-16,2.304827928543091,2.395214080810547,2.304827928543091,2.340981960296631,0.018093764781951904,246168
1981-10-19,2.340981960296631,2.395214080810547,2.304827928543091,2.331943988800049,0.01802390068769455,189466
1981-10-20,2.331943988800049,2.3500208854675293,2.331943988800049,2.340981960296631,0.018093764781951904,27659
1981-10-21,2.368098020553589,2.3861749172210693,2.368098020553589,2.368098020553589,0.018303347751498222,102340
1981-10-22,2.3590590953826904,2.3590590953826904,2.340981960296631,2.3500208854675293,0.018163615837693214,56702
1981-10-23,2.340981960296631,2.340981960296631,2.2867510318756104,2.2867510318756104,0.01767459698021412,309784
1981-10-26,2.2867510318756104,2.304827928543091,2.2777130603790283,2.295789957046509,0.017744464799761772,369252
1981-10-27,2.295789957046509,2.304827928543091,2.2596349716186523,2.2596349716186523,0.017465010285377502,268295
1981-10-28,2.2596349716186523,2.295789957046509,2.2234809398651123,2.2234809398651123,0.017185579985380173,80212
1981-10-29,2.2234809398651123,2.241558074951172,2.2234809398651123,2.2234809398651123,0.017185579985380173,396911
1981-10-30,2.2234809398651123,2.2505970001220703,2.2234809398651123,2.2234809398651123,0.017185579985380173,414890
1981-11-02,2.2234809398651123,2.2234809398651123,2.2144429683685303,2.2144429683685303,0.01735842600464821,302870
1981-11-03,2.2144429683685303,2.241558074951172,2.19636607170105,2.2144429683685303,0.01735842600464821,298721
1981-11-04,2.2144429683685303,2.2505970001220703,2.2144429683685303,2.2234809398651123,0.017429281026124954,84361
1981-11-05,2.2234809398651123,2.2234809398651123,2.2234809398651123,2.2234809398651123,0.017429281026124954,62233
1981-11-06,2.2234809398651123,2.2505970001220703,2.2144429683685303,2.2144429683685303,0.01735842600464821,125850
1981-11-09,2.2144429683685303,2.2234809398651123,2.205404043197632,2.205404043197632,0.01728758215904236,156275
1981-11-10,2.205404043197632,2.2234809398651123,2.1873269081115723,2.19636607170105,0.017216743901371956,116169
1981-11-11,2.19636607170105,2.268673896789551,2.19636607170105,2.241558074951172,0.01757097616791725,124467
1981-11-12,2.241558074951172,2.2867510318756104,2.241558074951172,2.268673896789551,0.01778353378176689,60851
1981-11-13,2.268673896789551,2.295789957046509,2.268673896789551,2.268673896789551,0.01778353378176689,49787
1981-11-16,2.268673896789551,2.2867510318756104,2.2505970001220703,2.2596349716186523,0.017712688073515892,189466
1981-11-17,2.2596349716186523,2.2596349716186523,2.1873269081115723,2.1873269081115723,0.01714586839079857,290423
1981-11-18,2.1873269081115723,2.205404043197632,2.142133951187134,2.142133951187134,0.016791630536317825,351273
1981-11-19,2.142133951187134,2.1782889366149902,2.1059799194335938,2.1240570545196533,0.01664992794394493,129999
1981-11-20,2.1240570545196533,2.1240570545196533,2.0879030227661133,2.1059799194335938,0.016508229076862335,147977
1981-11-23,2.1059799194335938,2.1059799194335938,2.0607879161834717,2.0607879161834717,0.0161539688706398,174254
1981-11-24,2.0879030227661133,2.1330959796905518,2.0879030227661133,2.1240570545196533,0.01664992794394493,954247
1981-11-25,2.1240570545196533,2.1602110862731934,2.1150190830230713,2.1602110862731934,0.016933321952819824,481272
1981-11-27,2.169250011444092,2.1873269081115723,2.169250011444092,2.1782889366149902,0.017075033858418465,152126
1981-11-30,2.1873269081115723,2.268673896789551,2.1873269081115723,2.2505970001220703,0.017641840502619743,109254
1981-12-01,2.2505970001220703,2.2777130603790283,2.2505970001220703,2.2596349716186523,0.017712688073515892,89893
1981-12-02,2.268673896789551,2.304827928543091,2.268673896789551,2.2867510318756104,0.017925234511494637,124467
1981-12-03,2.2867510318756104,2.304827928543091,2.2777130603790283,2.304827928543091,0.01806694082915783,340210
1981-12-04,2.304827928543091,2.3138670921325684,2.2777130603790283,2.304827928543091,0.01806694082915783,405209
1981-12-07,2.304827928543091,2.340981960296631,2.304827928543091,2.331943988800049,0.01827949285507202,1833814
1981-12-08,2.331943988800049,2.331943988800049,2.304827928543091,2.3138670921325684,0.01813778653740883,188083
1981-12-09,2.3138670921325684,2.3138670921325684,2.304827928543091,2.304827928543091,0.01806694082915783,91276
1981-12-10,2.304827928543091,2.304827928543091,2.295789957046509,2.304827928543091,0.01806694082915783,29042
1981-12-11,2.304827928543091,2.377135992050171,2.304827928543091,2.3590590953826904,0.018492046743631363,330529
1981-12-14,2.340981960296631,2.340981960296631,2.3138670921325684,2.3138670921325684,0.01813778653740883,103722
1981-12-15,2.3138670921325684,2.340981960296631,2.3138670921325684,2.3138670921325684,0.01813778653740883,74680
1981-12-16,2.3138670921325684,2.340981960296631,2.3138670921325684,2.3138670921325684,0.01813778653740883,250317
1981-12-17,2.3138670921325684,2.3590590953826904,2.3138670921325684,2.3500208854675293,0.018421189859509468,100957
1981-12-18,2.3500208854675293,2.3500208854675293,2.331943988800049,2.340981960296631,0.018350346013903618,113403
1981-12-21,2.340981960296631,2.340981960296631,2.331943988800049,2.331943988800049,0.01827949285507202,95425
1981-12-22,2.3590590953826904,2.4223289489746094,2.3590590953826904,2.377135992050171,0.01863374374806881,461911
1981-12-23,2.377135992050171,2.395214080810547,2.295789957046509,2.295789957046509,0.01799609698355198,283508
1981-12-24,2.295789957046509,2.295789957046509,2.295789957046509,2.295789957046509,0.01799609698355198,51170
1981-12-28,2.295789957046509,2.304827928543091,2.2867510318756104,2.2867510318756104,0.017925234511494637,193615
1981-12-29,2.295789957046509,2.304827928543091,2.295789957046509,2.295789957046509,0.01799609698355198,290423
1981-12-30,2.295789957046509,2.304827928543091,2.295789957046509,2.295789957046509,0.01799609698355198,102340
1981-12-31,2.295789957046509,2.304827928543091,2.295789957046509,2.304827928543091,0.01806694082915783,100957
1982-01-04,2.331943988800049,2.3500208854675293,2.331943988800049,2.331943988800049,0.01827949285507202,154892
1982-01-05,2.331943988800049,2.340981960296631,2.295789957046509,2.304827928543091,0.01806694082915783,349891
1982-01-06,2.2777130603790283,2.2777130603790283,2.2505970001220703,2.2505970001220703,0.017641840502619743,128616
1982-01-07,2.2234809398651123,2.2234809398651123,2.1782889366149902,2.1873269081115723,0.01714586839079857,163190
1982-01-08,2.1873269081115723,2.205404043197632,2.1873269081115723,2.1873269081115723,0.01714586839079857,91276
1982-01-11,2.1873269081115723,2.19636607170105,2.1240570545196533,2.1240570545196533,0.01664992794394493,1817218
1982-01-12,2.1240570545196533,2.1240570545196533,2.0879030227661133,2.0969419479370117,0.016437379643321037,179786
1982-01-13,2.1240570545196533,2.142133951187134,2.1240570545196533,2.142133951187134,0.016791630536317825,62233
1982-01-14,2.142133951187134,2.142133951187134,2.142133951187134,2.142133951187134,0.016791630536317825,37340
1982-01-15,2.142133951187134,2.169250011444092,2.142133951187134,2.142133951187134,0.016791630536317825,528293
1982-01-18,2.142133951187134,2.1602110862731934,2.142133951187134,2.1602110862731934,0.016933321952819824,64999
1982-01-19,2.1602110862731934,2.1602110862731934,2.142133951187134,2.1602110862731934,0.016933321952819824,31808
1982-01-20,2.142133951187134,2.142133951187134,2.142133951187134,2.142133951187134,0.016791630536317825,71914
1982-01-21,2.142133951187134,2.1602110862731934,2.1150190830230713,2.1150190830230713,0.01657908596098423,676271
1982-01-22,2.1059799194335938,2.1059799194335938,2.0517489910125732,2.0517489910125732,0.0160831231623888,118935
1982-01-25,2.0517489910125732,2.0607879161834717,2.042710065841675,2.0517489910125732,0.0160831231623888,327763
1982-01-26,2.0517489910125732,2.0517489910125732,2.042710065841675,2.0517489910125732,0.0160831231623888,71914
1982-01-27,2.0517489910125732,2.0607879161834717,2.042710065841675,2.0607879161834717,0.0161539688706398,1326265
1982-01-28,2.0607879161834717,2.142133951187134,2.0517489910125732,2.142133951187134,0.016791630536317825,287657
1982-01-29,2.142133951187134,2.1602110862731934,2.1240570545196533,2.1240570545196533,0.01664992794394493,56702
1982-02-01,2.1240570545196533,2.1240570545196533,2.0788650512695312,2.1059799194335938,0.016508229076862335,297338
1982-02-02,2.1059799194335938,2.1059799194335938,2.0788650512695312,2.0879030227661133,0.016611766070127487,141063
1982-02-03,2.0879030227661133,2.0969419479370117,2.0788650512695312,2.0879030227661133,0.016611766070127487,45638
1982-02-04,2.0879030227661133,2.0969419479370117,2.0788650512695312,2.0969419479370117,0.016683677211403847,59468
1982-02-05,2.0969419479370117,2.1150190830230713,2.0879030227661133,2.1059799194335938,0.016755573451519012,277976
1982-02-08,2.1059799194335938,2.1240570545196533,2.1059799194335938,2.1059799194335938,0.016755573451519012,70531
1982-02-09,2.1059799194335938,2.1602110862731934,2.1059799194335938,2.142133951187134,0.017043229192495346,272444
1982-02-10,2.142133951187134,2.142133951187134,2.1150190830230713,2.1150190830230713,0.016827501356601715,80212
1982-02-11,2.1150190830230713,2.1240570545196533,2.1059799194335938,2.1059799194335938,0.016755573451519012,138297
1982-02-12,2.1059799194335938,2.1059799194335938,2.1059799194335938,2.1059799194335938,0.016755573451519012,66382
1982-02-16,2.1059799194335938,2.1240570545196533,2.0879030227661133,2.1059799194335938,0.016755573451519012,1463179
1982-02-17,2.1059799194335938,2.1150190830230713,2.0879030227661133,2.1059799194335938,0.016755573451519012,598824
1982-02-18,2.1059799194335938,2.1059799194335938,2.0879030227661133,2.0969419479370117,0.016683677211403847,44255
1982-02-19,2.0969419479370117,2.1059799194335938,2.0607879161834717,2.0879030227661133,0.016611766070127487,2284661
1982-02-22,2.0879030227661133,2.1059799194335938,2.0607879161834717,2.0788650512695312,0.016539858654141426,589144
1982-02-23,2.0607879161834717,2.0607879161834717,2.0607879161834717,2.0607879161834717,0.016396019607782364,539357
1982-02-24,2.0607879161834717,2.0788650512695312,2.0607879161834717,2.0788650512695312,0.016539858654141426,286274
1982-02-25,2.0879030227661133,2.1240570545196533,2.0879030227661133,2.1059799194335938,0.016755573451519012,445315
1982-02-26,2.1059799194335938,2.1240570545196533,2.0788650512695312,2.0788650512695312,0.016539858654141426,105105
1982-03-01,2.0788650512695312,2.0879030227661133,2.0607879161834717,2.0607879161834717,0.016396019607782364,179786
1982-03-02,2.0607879161834717,2.0969419479370117,2.0607879161834717,2.0879030227661133,0.016611766070127487,51170
1982-03-03,2.0879030227661133,2.1330959796905518,2.0879030227661133,2.1059799194335938,0.016755573451519012,217126
1982-03-04,2.0969419479370117,2.0969419479370117,2.0788650512695312,2.0788650512695312,0.016539858654141426,168722
1982-03-05,2.0788650512695312,2.0879030227661133,2.0336720943450928,2.0517489910125732,0.016324106603860855,1167224
1982-03-08,2.0517489910125732,2.0607879161834717,1.9884790182113647,1.9884790182113647,0.01582072302699089,275210
1982-03-09,1.9884790182113647,2.015594959259033,1.9613640308380127,2.015594959259033,0.01603645272552967,502017
1982-03-10,2.015594959259033,2.0246329307556152,2.0065560340881348,2.0246329307556152,0.01610836572945118,113403
1982-03-11,2.0246329307556152,2.0246329307556152,2.0065560340881348,2.0065560340881348,0.01596454530954361,107871
1982-03-12,2.0065560340881348,2.0065560340881348,1.9613640308380127,1.9704020023345947,0.015676897019147873,295955
1982-03-15,1.9884790182113647,2.015594959259033,1.9884790182113647,1.9975179433822632,0.015892626717686653,116169
1982-03-16,1.9975179433822632,2.015594959259033,1.9884790182113647,2.0065560340881348,0.01596454530954361,71914
1982-03-17,2.0065560340881348,2.0246329307556152,2.0065560340881348,2.015594959259033,0.01603645272552967,1128501
1982-03-18,2.015594959259033,2.0336720943450928,2.015594959259033,2.015594959259033,0.01603645272552967,96808
1982-03-19,2.015594959259033,2.0336720943450928,2.015594959259033,2.015594959259033,0.01603645272552967,44255
1982-03-22,2.015594959259033,2.0879030227661133,2.0065560340881348,2.0607879161834717,0.016396019607782364,2082747
1982-03-23,2.0607879161834717,2.1059799194335938,2.0517489910125732,2.0607879161834717,0.016396019607782364,170105
1982-03-24,2.0607879161834717,2.0879030227661133,2.0336720943450928,2.042710065841675,0.0162521880120039,345742
1982-03-25,2.042710065841675,2.0879030227661133,2.0336720943450928,2.0879030227661133,0.016611766070127487,749568
1982-03-26,2.0879030227661133,2.0969419479370117,2.042710065841675,2.0607879161834717,0.016396019607782364,127233
1982-03-29,2.0607879161834717,2.0879030227661133,2.0607879161834717,2.0788650512695312,0.016539858654141426,193615
1982-03-30,2.0788650512695312,2.1240570545196533,2.0788650512695312,2.1240570545196533,0.016899418085813522,138297
1982-03-31,2.1240570545196533,2.142133951187134,2.1059799194335938,2.1150190830230713,0.016827501356601715,102340
1982-04-01,2.1150190830230713,2.169250011444092,2.1150190830230713,2.142133951187134,0.017043229192495346,247551
1982-04-02,2.142133951187134,2.1873269081115723,2.142133951187134,2.1873269081115723,0.017402786761522293,313933
1982-04-05,2.1873269081115723,2.2144429683685303,2.169250011444092,2.169250011444092,0.01725897565484047,163190
1982-04-06,2.1782889366149902,2.2144429683685303,2.1782889366149902,2.2144429683685303,0.017618529498577118,406592
1982-04-07,2.2144429683685303,2.241558074951172,2.2144429683685303,2.2234809398651123,0.017690438777208328,177020
1982-04-08,2.2234809398651123,2.2234809398651123,2.2144429683685303,2.2144429683685303,0.017618529498577118,94042
1982-04-12,2.19636607170105,2.19636607170105,2.1782889366149902,2.1782889366149902,0.017330888658761978,396911
1982-04-13,2.1782889366149902,2.19636607170105,2.1602110862731934,2.1782889366149902,0.017330888658761978,1616688
1982-04-14,2.1782889366149902,2.19636607170105,2.169250011444092,2.1782889366149902,0.017330888658761978,387231
1982-04-15,2.1602110862731934,2.1602110862731934,2.0879030227661133,2.1240570545196533,0.016899418085813522,1754984
1982-04-16,2.1240570545196533,2.1602110862731934,2.1059799194335938,2.1059799194335938,0.016755573451519012,154892
1982-04-19,2.1059799194335938,2.1059799194335938,2.0879030227661133,2.0879030227661133,0.016611766070127487,315316
1982-04-20,2.0788650512695312,2.0788650512695312,2.0336720943450928,2.0607879161834717,0.016396019607782364,12771695
1982-04-21,2.0607879161834717,2.1240570545196533,2.0607879161834717,2.1059799194335938,0.016755573451519012,164573
1982-04-22,2.1059799194335938,2.1330959796905518,2.0969419479370117,2.0969419479370117,0.016683677211403847,210211
1982-04-23,2.0969419479370117,2.1240570545196533,2.0879030227661133,2.1059799194335938,0.016755573451519012,719143
1982-04-26,2.1240570545196533,2.169250011444092,2.1240570545196533,2.1602110862731934,0.01718704216182232,217126
1982-04-27,2.1602110862731934,2.2144429683685303,2.1602110862731934,2.2144429683685303,0.017618529498577118,215743
1982-04-28,2.2144429683685303,2.2596349716186523,2.2144429683685303,2.241558074951172,0.017834262922406197,344359
1982-04-29,2.241558074951172,2.2505970001220703,2.19636607170105,2.205404043197632,0.01754661649465561,178403
1982-04-30,2.19636607170105,2.19636607170105,2.1150190830230713,2.1330959796905518,0.016971314325928688,212977
1982-05-03,2.142133951187134,2.19636607170105,2.142133951187134,2.19636607170105,0.017474716529250145,197764
1982-05-04,2.142133951187134,2.205404043197632,2.142133951187134,2.1602110862731934,0.017433827742934227,301487
1982-05-05,2.1602110862731934,2.19636607170105,2.142133951187134,2.1602110862731934,0.017433827742934227,265530
1982-05-06,2.1602110862731934,2.19636607170105,2.1602110862731934,2.1782889366149902,0.017579728737473488,107871
1982-05-07,2.1782889366149902,2.205404043197632,2.1602110862731934,2.169250011444092,0.017506780102849007,118935
1982-05-10,2.169250011444092,2.1873269081115723,2.142133951187134,2.1602110862731934,0.017433827742934227,359571
1982-05-11,2.1602110862731934,2.205404043197632,2.142133951187134,2.1873269081115723,0.017652658745646477,107871
1982-05-12,2.1873269081115723,2.19636607170105,2.1602110862731934,2.1602110862731934,0.017433827742934227,141063
1982-05-13,2.1602110862731934,2.169250011444092,2.1330959796905518,2.1330959796905518,0.017214998602867126,399677
1982-05-14,2.1330959796905518,2.19636607170105,2.1330959796905518,2.1782889366149902,0.017579728737473488,864354
1982-05-17,2.1782889366149902,2.2144429683685303,2.1782889366149902,2.2144429683685303,0.01787150837481022,1725942
1982-05-18,2.19636607170105,2.19636607170105,2.169250011444092,2.169250011444092,0.017506780102849007,1464561
1982-05-19,2.1602110862731934,2.1602110862731934,2.1240570545196533,2.1240570545196533,0.017142048105597496,555953
1982-05-20,2.1240570545196533,2.142133951187134,2.1240570545196533,2.1240570545196533,0.017142048105597496,4587300
1982-05-21,2.1240570545196533,2.142133951187134,2.1240570545196533,2.1240570545196533,0.017142048105597496,91276
1982-05-24,2.1240570545196533,2.142133951187134,2.1240570545196533,2.142133951187134,0.01728793978691101,464677
1982-05-25,2.142133951187134,2.142133951187134,2.1240570545196533,2.142133951187134,0.01728793978691101,305636
1982-05-26,2.142133951187134,2.142133951187134,2.1240570545196533,2.1240570545196533,0.017142048105597496,309784
1982-05-27,2.1240570545196533,2.1240570545196533,2.1059799194335938,2.1240570545196533,0.017142048105597496,492336
1982-05-28,2.1240570545196533,2.1240570545196533,2.0607879161834717,2.0607879161834717,0.016631443053483963,124467
1982-06-01,2.0788650512695312,2.0969419479370117,2.0788650512695312,2.0788650512695312,0.016777344048023224,226806
1982-06-02,2.0788650512695312,2.1059799194335938,2.0788650512695312,2.1059799194335938,0.016996163874864578,235104
1982-06-03,2.1059799194335938,2.1330959796905518,2.1059799194335938,2.1330959796905518,0.017214998602867126,316699
1982-06-04,2.1240570545196533,2.1240570545196533,2.1059799194335938,2.1059799194335938,0.016996163874864578,366486
1982-06-07,2.1059799194335938,2.142133951187134,2.0969419479370117,2.1240570545196533,0.017142048105597496,266913
1982-06-08,2.1240570545196533,2.1240570545196533,2.0879030227661133,2.0879030227661133,0.01685027964413166,1789559
1982-06-09,2.0879030227661133,2.0879030227661133,2.0607879161834717,2.0607879161834717,0.016631443053483963,1175521
1982-06-10,2.0607879161834717,2.0607879161834717,2.015594959259033,2.0246329307556152,0.016339659690856934,519995
1982-06-11,2.0246329307556152,2.0607879161834717,2.0246329307556152,2.0607879161834717,0.016631443053483963,1403711
1982-06-14,2.0607879161834717,2.0607879161834717,2.042710065841675,2.042710065841675,0.01648554764688015,584995
1982-06-15,2.042710065841675,2.042710065841675,1.9523249864578247,1.9704020023345947,0.015901999548077583,897545
1982-06-16,1.9704020023345947,1.9704020023345947,1.9342479705810547,1.9523249864578247,0.01575610414147377,348508
1982-06-17,1.9523249864578247,1.9884790182113647,1.9523249864578247,1.9884790182113647,0.016047880053520203,437017
1982-06-18,1.9884790182113647,1.9884790182113647,1.9613640308380127,1.9613640308380127,0.015829043462872505,2353809
1982-06-21,1.9613640308380127,1.9884790182113647,1.9523249864578247,1.9613640308380127,0.015829043462872505,449464
1982-06-22,1.9613640308380127,1.9704020023345947,1.9432859420776367,1.9613640308380127,0.015829043462872505,392762
1982-06-23,1.9613640308380127,1.9704020023345947,1.9252090454101562,1.9252090454101562,0.015537267550826073,449464
1982-06-24,1.9342479705810547,1.9704020023345947,1.9342479705810547,1.9704020023345947,0.015901999548077583,569782
1982-06-25,1.9613640308380127,1.9613640308380127,1.8709779977798462,1.9161709547042847,0.015464315190911293,763397
1982-06-28,1.9161709547042847,1.9342479705810547,1.9071320295333862,1.9071320295333862,0.015391374938189983,297338
1982-06-29,1.9071320295333862,1.9161709547042847,1.8800170421600342,1.8800170421600342,0.015172543004155159,525527
1982-06-30,1.8800170421600342,1.9071320295333862,1.8800170421600342,1.8800170421600342,0.015172543004155159,405209
1982-07-01,1.8800170421600342,1.9071320295333862,1.8529009819030762,1.8529009819030762,0.01495371013879776,980523
1982-07-02,1.8529009819030762,1.8529009819030762,1.8077080249786377,1.8348239660263062,0.014807814732193947,448081
1982-07-06,1.8348239660263062,1.8348239660263062,1.7625160217285156,1.8077080249786377,0.014588982798159122,164573
1982-07-07,1.8077080249786377,1.8077080249786377,1.7805930376052856,1.7896310091018677,0.01444308552891016,58085
1982-07-08,1.7805930376052856,1.7805930376052856,1.7444390058517456,1.7805930376052856,0.01437015738338232,163190
1982-07-09,1.7805930376052856,1.7896310091018677,1.7625160217285156,1.7805930376052856,0.01437015738338232,290423
1982-07-12,1.7896310091018677,1.8529009819030762,1.7896310091018677,1.8077080249786377,0.014588982798159122,377550
1982-07-13,1.8077080249786377,1.8619400262832642,1.8077080249786377,1.8077080249786377,0.014588982798159122,146594
1982-07-14,1.8077080249786377,1.8257850408554077,1.7896310091018677,1.8257850408554077,0.014734876342117786,262764
1982-07-15,1.8077080249786377,1.8077080249786377,1.7986700534820557,1.7986700534820557,0.01451603602617979,103722
1982-07-16,1.7986700534820557,1.8077080249786377,1.7896310091018677,1.7896310091018677,0.01444308552891016,344359
1982-07-19,1.7896310091018677,1.7986700534820557,1.7082840204238892,1.7082840204238892,0.01378659252077341,193615
1982-07-20,1.7082840204238892,1.7082840204238892,1.654052972793579,1.7082840204238892,0.01378659252077341,402443
1982-07-21,1.7082840204238892,1.7173229455947876,1.681169033050537,1.7082840204238892,0.01378659252077341,147977
1982-07-22,1.7082840204238892,1.7444390058517456,1.7082840204238892,1.7444390058517456,0.014078373089432716,446698
1982-07-23,1.7444390058517456,1.7986700534820557,1.7444390058517456,1.7896310091018677,0.01444308552891016,539357
1982-07-26,1.7896310091018677,1.7896310091018677,1.7805930376052856,1.7805930376052856,0.01437015738338232,284891
1982-07-27,1.7805930376052856,1.7986700534820557,1.7534769773483276,1.7534769773483276,0.014151308685541153,316699
1982-07-28,1.7534769773483276,1.7805930376052856,1.6992460489273071,1.6992460489273071,0.013713653199374676,212977
1982-07-29,1.6992460489273071,1.7082840204238892,1.6902070045471191,1.6992460489273071,0.013713653199374676,116169
1982-07-30,1.681169033050537,1.681169033050537,1.654052972793579,1.654052972793579,0.013348915614187717,100957
1982-08-02,1.663092017173767,1.6992460489273071,1.663092017173767,1.6902070045471191,0.013640689663589,262764
1982-08-03,1.6992460489273071,1.6992460489273071,1.654052972793579,1.654052972793579,0.013599061407148838,590527
1982-08-04,1.663092017173767,1.7082840204238892,1.663092017173767,1.6902070045471191,0.013896308839321136,302870
1982-08-05,1.6902070045471191,1.6902070045471191,1.663092017173767,1.681169033050537,0.013821998611092567,222658
1982-08-06,1.681169033050537,1.6992460489273071,1.6721299886703491,1.6721299886703491,0.01374768652021885,132765
1982-08-09,1.6721299886703491,1.6721299886703491,1.654052972793579,1.654052972793579,0.013599061407148838,56702
1982-08-10,1.654052972793579,1.6902070045471191,1.654052972793579,1.6902070045471191,0.013896308839321136,568399
1982-08-11,1.6902070045471191,1.6992460489273071,1.6721299886703491,1.6902070045471191,0.013896308839321136,430103
1982-08-12,1.681169033050537,1.681169033050537,1.6721299886703491,1.6721299886703491,0.01374768652021885,116169
1982-08-13,1.6721299886703491,1.681169033050537,1.6721299886703491,1.6721299886703491,0.01374768652021885,135531
1982-08-16,1.681169033050537,1.7353999614715576,1.681169033050537,1.7173229455947876,0.014119245111942291,318082
1982-08-17,1.7173229455947876,1.7715539932250977,1.7082840204238892,1.7715539932250977,0.0145651213824749,106488
1982-08-18,1.7715539932250977,1.8709779977798462,1.7534769773483276,1.7534769773483276,0.014416488818824291,430103
1982-08-19,1.7534769773483276,1.7805930376052856,1.6902070045471191,1.6902070045471191,0.013896308839321136,289040
1982-08-20,1.6902070045471191,1.8077080249786377,1.681169033050537,1.7805930376052856,0.01463943999260664,728823
1982-08-23,1.7896310091018677,1.8438630104064941,1.7896310091018677,1.7896310091018677,0.014713739044964314,237870
1982-08-24,1.7896310091018677,1.8348239660263062,1.7896310091018677,1.8348239660263062,0.015085292980074883,1203181
1982-08-25,1.8709779977798462,2.0065560340881348,1.8709779977798462,1.9884790182113647,0.01634860225021839,706696
1982-08-26,2.0788650512695312,2.142133951187134,2.0788650512695312,2.0969419479370117,0.01724035106599331,872652
1982-08-27,2.0607879161834717,2.0607879161834717,2.0336720943450928,2.0336720943450928,0.016720158979296684,551804
1982-08-30,2.015594959259033,2.015594959259033,1.9704020023345947,2.015594959259033,0.016571540385484695,344359
1982-08-31,2.015594959259033,2.0517489910125732,2.015594959259033,2.0336720943450928,0.016720158979296684,146594
1982-09-01,2.042710065841675,2.0788650512695312,2.042710065841675,2.042710065841675,0.016794463619589806,186700
1982-09-02,2.042710065841675,2.0879030227661133,2.0336720943450928,2.0517489910125732,0.016868775710463524,77446
1982-09-03,2.0607879161834717,2.1059799194335938,2.0607879161834717,2.0607879161834717,0.01694309711456299,230955
1982-09-07,2.0607879161834717,2.0879030227661133,2.0607879161834717,2.0788650512695312,0.01709173247218132,367869
1982-09-08,2.0788650512695312,2.0788650512695312,2.0788650512695312,2.0788650512695312,0.01709173247218132,85744
1982-09-09,2.142133951187134,2.1782889366149902,2.142133951187134,2.142133951187134,0.017611904069781303,320848
1982-09-10,2.142133951187134,2.1602110862731934,2.1330959796905518,2.142133951187134,0.017611904069781303,142446
1982-09-13,2.142133951187134,2.142133951187134,2.1240570545196533,2.142133951187134,0.017611904069781303,139680
1982-09-14,2.142133951187134,2.19636607170105,2.142133951187134,2.1782889366149902,0.017909154295921326,239253
1982-09-15,2.1782889366149902,2.205404043197632,2.1602110862731934,2.1782889366149902,0.017909154295921326,301487
1982-09-16,2.1782889366149902,2.2505970001220703,2.1782889366149902,2.2505970001220703,0.018503645434975624,419039
1982-09-17,2.2505970001220703,2.304827928543091,2.2234809398651123,2.2867510318756104,0.018800897523760796,286274
1982-09-20,2.2867510318756104,2.304827928543091,2.2234809398651123,2.2234809398651123,0.01828070357441902,521378
1982-09-21,2.2234809398651123,2.2234809398651123,2.1602110862731934,2.1782889366149902,0.017909154295921326,315316
1982-09-22,2.1782889366149902,2.2144429683685303,2.1782889366149902,2.1782889366149902,0.017909154295921326,853290
1982-09-23,2.1782889366149902,2.19636607170105,2.1782889366149902,2.1782889366149902,0.017909154295921326,521378
1982-09-24,2.1782889366149902,2.2144429683685303,2.1782889366149902,2.205404043197632,0.018132096156477928,521378
1982-09-27,2.205404043197632,2.2234809398651123,2.19636607170105,2.205404043197632,0.018132096156477928,199147
1982-09-28,2.205404043197632,2.304827928543091,2.19636607170105,2.2867510318756104,0.018800897523760796,3117206
1982-09-29,2.268673896789551,2.268673896789551,2.19636607170105,2.19636607170105,0.018057778477668762,1035842
1982-09-30,2.19636607170105,2.205404043197632,2.1873269081115723,2.205404043197632,0.018132096156477928,706696
1982-10-01,2.19636607170105,2.19636607170105,2.0336720943450928,2.0336720943450928,0.016720158979296684,1400945
1982-10-04,2.0336720943450928,2.0969419479370117,2.0336720943450928,2.0879030227661133,0.017166033387184143,2207214
1982-10-05,2.0879030227661133,2.1240570545196533,2.0879030227661133,2.1059799194335938,0.01731465943157673,2622104
1982-10-06,2.1059799194335938,2.1150190830230713,2.0336720943450928,2.0336720943450928,0.016720158979296684,738504
1982-10-07,2.0336720943450928,2.19636607170105,2.0336720943450928,2.142133951187134,0.017611904069781303,791057
1982-10-08,2.142133951187134,2.19636607170105,2.1330959796905518,2.1873269081115723,0.0179834496229887,273827
1982-10-11,2.1873269081115723,2.268673896789551,2.1782889366149902,2.2234809398651123,0.01828070357441902,721908
1982-10-12,2.2234809398651123,2.395214080810547,2.2234809398651123,2.377135992050171,0.019544009119272232,452230
1982-10-13,2.377135992050171,2.431368112564087,2.377135992050171,2.4223289489746094,0.01991557702422142,378933
1982-10-14,2.4223289489746094,2.431368112564087,2.304827928543091,2.304827928543091,0.018949517980217934,1959663
1982-10-15,2.304827928543091,2.304827928543091,2.2596349716186523,2.268673896789551,0.018652264028787613,287657
1982-10-18,2.295789957046509,2.377135992050171,2.295789957046509,2.377135992050171,0.019544009119272232,308402
1982-10-19,2.3861749172210693,2.4223289489746094,2.3861749172210693,2.4132909774780273,0.019841261208057404,475740
1982-10-20,2.4132909774780273,2.4584829807281494,2.4132909774780273,2.440406084060669,0.020064186304807663,305636
1982-10-21,2.4494450092315674,2.566946029663086,2.4494450092315674,2.5488688945770264,0.02095593512058258,1124352
1982-10-22,2.5488688945770264,2.5850229263305664,2.539829969406128,2.5579071044921875,0.0210302472114563,950098
1982-10-25,2.5579071044921875,2.5579071044921875,2.503675937652588,2.503675937652588,0.020584378391504288,555953
1982-10-26,2.503675937652588,2.503675937652588,2.4223289489746094,2.467521905899048,0.020287124440073967,665207
1982-10-27,2.467521905899048,2.5127151012420654,2.467521905899048,2.494637966156006,0.020510056987404823,1008183
1982-10-28,2.467521905899048,2.467521905899048,2.368098020553589,2.368098020553589,0.01946970261633396,637548
1982-10-29,2.368098020553589,2.377135992050171,2.2867510318756104,2.340981960296631,0.01924675703048706,492336
1982-11-01,2.304827928543091,2.368098020553589,2.304827928543091,2.3590590953826904,0.019656438380479813,536591
1982-11-02,2.3590590953826904,2.4223289489746094,2.331943988800049,2.395214080810547,0.01995769888162613,1016480
1982-11-03,2.395214080810547,2.530791997909546,2.395214080810547,2.5217530727386475,0.021012062206864357,731589
1982-11-04,2.5217530727386475,2.603100061416626,2.494637966156006,2.539829969406128,0.021162671968340874,1167224
1982-11-05,2.539829969406128,2.566946029663086,2.467521905899048,2.494637966156006,0.020786114037036896,194998
1982-11-08,2.467521905899048,2.467521905899048,2.368098020553589,2.368098020553589,0.019731754437088966,239253
1982-11-09,2.368098020553589,2.4132909774780273,2.3500208854675293,2.4132909774780273,0.020108312368392944,822865
1982-11-10,2.4132909774780273,2.494637966156006,2.4132909774780273,2.440406084060669,0.020334234461188316,384465
1982-11-11,2.440406084060669,2.4584829807281494,2.431368112564087,2.4494450092315674,0.020409556105732918,129999
1982-11-12,2.4494450092315674,2.4584829807281494,2.431368112564087,2.431368112564087,0.020258937031030655,565633
1982-11-15,2.4223289489746094,2.4223289489746094,2.304827928543091,2.304827928543091,0.01920456625521183,637548
1982-11-16,2.241558074951172,2.241558074951172,2.1782889366149902,2.2234809398651123,0.018526751548051834,446698
1982-11-17,2.2234809398651123,2.295789957046509,2.2234809398651123,2.2867510318756104,0.01905393972992897,219892
1982-11-18,2.2867510318756104,2.304827928543091,2.2596349716186523,2.2777130603790283,0.018978623673319817,163190
1982-11-19,2.2777130603790283,2.2867510318756104,2.2596349716186523,2.2777130603790283,0.018978623673319817,268295
1982-11-22,2.2777130603790283,2.2867510318756104,2.2234809398651123,2.2234809398651123,0.018526751548051834,286274
1982-11-23,2.2234809398651123,2.2777130603790283,2.2234809398651123,2.2505970001220703,0.0187526885420084,257232
1982-11-24,2.2505970001220703,2.2505970001220703,2.1782889366149902,2.1873269081115723,0.01822551153600216,275210
1982-11-26,2.1873269081115723,2.241558074951172,2.1602110862731934,2.241558074951172,0.018677372485399246,799355
1982-11-29,2.241558074951172,2.295789957046509,2.19636607170105,2.2234809398651123,0.018526751548051834,1060735
1982-11-30,2.2234809398651123,2.2867510318756104,2.2234809398651123,2.2867510318756104,0.01905393972992897,230955
1982-12-01,2.2867510318756104,2.3138670921325684,2.268673896789551,2.268673896789551,0.01890331506729126,535208
1982-12-02,2.268673896789551,2.2777130603790283,2.2234809398651123,2.2505970001220703,0.0187526885420084,297338
1982-12-03,2.2505970001220703,2.2867510318756104,2.2144429683685303,2.2234809398651123,0.018526751548051834,904460
1982-12-06,2.2234809398651123,2.2505970001220703,2.205404043197632,2.2144429683685303,0.018451455980539322,1264031
1982-12-07,2.2144429683685303,2.2234809398651123,2.1240570545196533,2.142133951187134,0.017848936840891838,1104990
1982-12-08,2.142133951187134,2.169250011444092,2.1330959796905518,2.1602110862731934,0.017999570816755295,593293
1982-12-09,2.1602110862731934,2.169250011444092,2.1602110862731934,2.169250011444092,0.018074896186590195,748185
1982-12-10,2.169250011444092,2.169250011444092,2.1330959796905518,2.1330959796905518,0.017773639410734177,240636
1982-12-13,2.1150190830230713,2.1150190830230713,2.0879030227661133,2.0879030227661133,0.017397070303559303,340210
1982-12-14,2.0969419479370117,2.1240570545196533,2.0969419479370117,2.1150190830230713,0.017623022198677063,519995
1982-12-15,2.1330959796905518,2.1602110862731934,2.1330959796905518,2.1330959796905518,0.017773639410734177,499251
1982-12-16,2.1330959796905518,2.1602110862731934,2.1240570545196533,2.142133951187134,0.017848936840891838,539357
1982-12-17,2.1602110862731934,2.1873269081115723,2.1602110862731934,2.1602110862731934,0.017999570816755295,354039
1982-12-20,2.1782889366149902,2.19636607170105,2.1782889366149902,2.1782889366149902,0.018150195479393005,237870
1982-12-21,2.1782889366149902,2.1782889366149902,2.1602110862731934,2.169250011444092,0.018074896186590195,224041
1982-12-22,2.169250011444092,2.1782889366149902,2.1602110862731934,2.1602110862731934,0.017999570816755295,714994
1982-12-23,2.205404043197632,2.2505970001220703,2.205404043197632,2.2234809398651123,0.018526751548051834,976374
1982-12-27,2.2234809398651123,2.2596349716186523,2.2234809398651123,2.2234809398651123,0.018526751548051834,152126
1982-12-28,2.2234809398651123,2.2505970001220703,2.2234809398651123,2.241558074951172,0.018677372485399246,277976
1982-12-29,2.241558074951172,2.268673896789551,2.241558074951172,2.2505970001220703,0.0187526885420084,64999
1982-12-30,2.2505970001220703,2.2777130603790283,2.2505970001220703,2.2777130603790283,0.018978623673319817,66382
1982-12-31,2.2777130603790283,2.3138670921325684,2.2505970001220703,2.3138670921325684,0.019279874861240387,450847
1983-01-03,2.3138670921325684,2.340981960296631,2.2505970001220703,2.2596349716186523,0.018828002735972404,331912
1983-01-04,2.2596349716186523,2.2777130603790283,2.2596349716186523,2.268673896789551,0.01890331506729126,81595
1983-01-05,2.3138670921325684,2.3590590953826904,2.3138670921325684,2.3138670921325684,0.019279874861240387,376167
1983-01-06,2.3138670921325684,2.395214080810547,2.3138670921325684,2.395214080810547,0.01995769888162613,139680
1983-01-07,2.395214080810547,2.5217530727386475,2.395214080810547,2.503675937652588,0.020861437544226646,598824
1983-01-10,2.503675937652588,2.539829969406128,2.476560115814209,2.494637966156006,0.020786114037036896,880950
1983-01-11,2.494637966156006,2.494637966156006,2.476560115814209,2.476560115814209,0.020635493099689484,434251
1983-01-12,2.476560115814209,2.5217530727386475,2.431368112564087,2.503675937652588,0.020861437544226646,468826
1983-01-13,2.503675937652588,2.5217530727386475,2.503675937652588,2.503675937652588,0.020861437544226646,138297
1983-01-14,2.503675937652588,2.5488688945770264,2.494637966156006,2.503675937652588,0.020861437544226646,850524
1983-01-17,2.503675937652588,2.5127151012420654,2.503675937652588,2.503675937652588,0.020861437544226646,394145
1983-01-18,2.503675937652588,2.5217530727386475,2.494637966156006,2.5217530727386475,0.021012062206864357,396911
1983-01-19,2.5217530727386475,2.530791997909546,2.5127151012420654,2.530791997909546,0.02108737640082836,105105
1983-01-20,2.530791997909546,2.530791997909546,2.476560115814209,2.503675937652588,0.020861437544226646,1154777
1983-01-21,2.503675937652588,2.503675937652588,2.4223289489746094,2.4494450092315674,0.020409556105732918,280742
1983-01-24,2.4494450092315674,2.4494450092315674,2.368098020553589,2.368098020553589,0.019731754437088966,466060
1983-01-25,2.368098020553589,2.4223289489746094,2.3590590953826904,2.368098020553589,0.019731754437088966,430103
1983-01-26,2.368098020553589,2.3861749172210693,2.0788650512695312,2.1782889366149902,0.018150195479393005,1481157
1983-01-27,2.1782889366149902,2.2596349716186523,2.1240570545196533,2.2505970001220703,0.0187526885420084,3366140
1983-01-28,2.295789957046509,2.340981960296631,2.295789957046509,2.295789957046509,0.01912926323711872,1613922
1983-01-31,2.295789957046509,2.304827928543091,2.2777130603790283,2.304827928543091,0.01920456625521183,966694
1983-02-01,2.304827928543091,2.304827928543091,2.2867510318756104,2.2867510318756104,0.019174225628376007,1391264
1983-02-02,2.2867510318756104,2.304827928543091,2.2505970001220703,2.2505970001220703,0.018871085718274117,1674772
1983-02-03,2.2505970001220703,2.2505970001220703,2.2144429683685303,2.2234809398651123,0.018643725663423538,1012331
1983-02-04,2.2234809398651123,2.2505970001220703,2.2144429683685303,2.2234809398651123,0.018643725663423538,999885
1983-02-07,2.2234809398651123,2.2777130603790283,2.19636607170105,2.2777130603790283,0.019098443910479546,612654
1983-02-08,2.2777130603790283,2.2777130603790283,2.2144429683685303,2.2505970001220703,0.018871085718274117,674888
1983-02-09,2.2505970001220703,2.268673896789551,2.2234809398651123,2.2505970001220703,0.018871085718274117,721908
1983-02-10,2.2505970001220703,2.304827928543091,2.2505970001220703,2.2867510318756104,0.019174225628376007,1179670
1983-02-11,2.295789957046509,2.3138670921325684,2.295789957046509,2.304827928543091,0.01932581327855587,489570
1983-02-14,2.304827928543091,2.304827928543091,2.295789957046509,2.304827928543091,0.01932581327855587,360954
1983-02-15,2.304827928543091,2.3138670921325684,2.2867510318756104,2.3138670921325684,0.019401593133807182,839461
1983-02-16,2.3138670921325684,2.3590590953826904,2.304827928543091,2.331943988800049,0.0195531714707613,358188
1983-02-17,2.331943988800049,2.377135992050171,2.331943988800049,2.368098020553589,0.019856328144669533,349891
1983-02-18,2.368098020553589,2.494637966156006,2.3590590953826904,2.4494450092315674,0.020538408309221268,410741
1983-02-22,2.4494450092315674,2.467521905899048,2.440406084060669,2.440406084060669,0.02046261541545391,889247
1983-02-23,2.440406084060669,2.503675937652588,2.440406084060669,2.503675937652588,0.020993152633309364,441166
1983-02-24,2.503675937652588,2.539829969406128,2.467521905899048,2.539829969406128,0.02129627950489521,914141
1983-02-25,2.539829969406128,2.5850229263305664,2.530791997909546,2.5488688945770264,0.02137206308543682,1146479
1983-02-28,2.5488688945770264,2.566946029663086,2.5488688945770264,2.566946029663086,0.021523650735616684,403826
1983-03-01,2.566946029663086,2.639254093170166,2.5579071044921875,2.603100061416626,0.021826792508363724,3440821
1983-03-02,2.6121389865875244,2.666369915008545,2.6121389865875244,2.666369915008545,0.022357316687703133,1754984
1983-03-03,2.666369915008545,2.6844470500946045,2.6482930183410645,2.6482930183410645,0.02220574952661991,735738
1983-03-04,2.666369915008545,2.6844470500946045,2.666369915008545,2.666369915008545,0.022357316687703133,219892
1983-03-07,2.666369915008545,2.6844470500946045,2.6482930183410645,2.6482930183410645,0.02220574952661991,1461796
1983-03-08,2.6482930183410645,2.6844470500946045,2.6121389865875244,2.6121389865875244,0.02190258353948593,3864008
1983-03-09,2.6121389865875244,2.6121389865875244,2.5127151012420654,2.5217530727386475,0.021144719794392586,674888
1983-03-10,2.5217530727386475,2.5940608978271484,2.5127151012420654,2.539829969406128,0.02129627950489521,1392647
1983-03-11,2.539829969406128,2.539829969406128,2.494637966156006,2.503675937652588,0.020993152633309364,977757
1983-03-14,2.503675937652588,2.5217530727386475,2.440406084060669,2.4494450092315674,0.020538408309221268,1147862
1983-03-15,2.4494450092315674,2.467521905899048,2.4494450092315674,2.4584829807281494,0.02061419188976288,774461
1983-03-16,2.4584829807281494,2.467521905899048,2.4494450092315674,2.4494450092315674,0.020538408309221268,781376
1983-03-17,2.4494450092315674,2.4584829807281494,2.440406084060669,2.440406084060669,0.02046261541545391,513081
1983-03-18,2.440406084060669,2.4494450092315674,2.4223289489746094,2.431368112564087,0.020386841148138046,611271
1983-03-21,2.431368112564087,2.431368112564087,2.377135992050171,2.3861749172210693,0.020007899031043053,697015
1983-03-22,2.3861749172210693,2.395214080810547,2.377135992050171,2.377135992050171,0.019932106137275696,1200415
1983-03-23,2.377135992050171,2.431368112564087,2.368098020553589,2.4223289489746094,0.020311059430241585,667973
1983-03-24,2.4223289489746094,2.539829969406128,2.395214080810547,2.5127151012420654,0.021068939939141273,1887749
1983-03-25,2.5127151012420654,2.5217530727386475,2.476560115814209,2.503675937652588,0.020993152633309364,965311
1983-03-28,2.494637966156006,2.494637966156006,2.467521905899048,2.467521905899048,0.02068999595940113,752334
1983-03-29,2.467521905899048,2.494637966156006,2.467521905899048,2.467521905899048,0.02068999595940113,381699
1983-03-30,2.467521905899048,2.494637966156006,2.467521905899048,2.467521905899048,0.02068999595940113,309784
1983-03-31,2.467521905899048,2.5217530727386475,2.467521905899048,2.476560115814209,0.020765773952007294,836695
1983-04-04,2.467521905899048,2.467521905899048,2.4223289489746094,2.4223289489746094,0.020311059430241585,633399
1983-04-05,2.4223289489746094,2.467521905899048,2.4223289489746094,2.467521905899048,0.02068999595940113,670739
1983-04-06,2.4584829807281494,2.4584829807281494,2.440406084060669,2.440406084060669,0.02046261541545391,662441
1983-04-07,2.440406084060669,2.494637966156006,2.431368112564087,2.494637966156006,0.020917359739542007,271061
1983-04-08,2.494637966156006,2.530791997909546,2.467521905899048,2.5127151012420654,0.021068939939141273,555953
1983-04-11,2.5127151012420654,2.539829969406128,2.467521905899048,2.530791997909546,0.021220499649643898,510315
1983-04-12,2.530791997909546,2.539829969406128,2.5217530727386475,2.5217530727386475,0.021144719794392586,416273
1983-04-13,2.530791997909546,2.5579071044921875,2.530791997909546,2.539829969406128,0.02129627950489521,1273712
1983-04-14,2.5488688945770264,2.566946029663086,2.5488688945770264,2.5488688945770264,0.02137206308543682,201913
1983-04-15,2.5488688945770264,2.5850229263305664,2.539829969406128,2.5488688945770264,0.02137206308543682,388614
1983-04-18,2.5488688945770264,2.566946029663086,2.539829969406128,2.566946029663086,0.021523650735616684,259998
1983-04-19,2.566946029663086,2.5940608978271484,2.566946029663086,2.5940608978271484,0.02175102010369301,315316
1983-04-20,2.5940608978271484,2.7477169036865234,2.5850229263305664,2.7115631103515625,0.02273625135421753,453613
1983-04-21,2.7115631103515625,2.7477169036865234,2.7115631103515625,2.7115631103515625,0.02273625135421753,555953
1983-04-22,2.7115631103515625,2.7206010818481445,2.702523946762085,2.702523946762085,0.022660469636321068,229572
1983-04-25,2.7206010818481445,2.865217924118042,2.7206010818481445,2.7929089069366455,0.02341834083199501,1356690
1983-04-26,2.7929089069366455,2.8561789989471436,2.7929089069366455,2.8200249671936035,0.023645710200071335,752334
1983-04-27,2.838102102279663,2.8832950592041016,2.838102102279663,2.874255895614624,0.024100441485643387,1380201
1983-04-28,2.874255895614624,2.8832950592041016,2.8561789989471436,2.874255895614624,0.024100441485643387,265530
1983-04-29,2.874255895614624,2.973680019378662,2.865217924118042,2.973680019378662,0.024934103712439537,792440
1983-05-02,2.973680019378662,3.0459890365600586,2.9556028842926025,3.00079607963562,0.025161435827612877,1564135
1983-05-03,2.973680019378662,3.0459890365600586,2.973680019378662,3.0188729763031006,0.02543560601770878,3251354
1983-05-04,3.0188729763031006,3.0459890365600586,2.973680019378662,3.0459890365600586,0.025664072483778,887864
1983-05-05,3.0459890365600586,3.0459890365600586,3.00079607963562,3.00079607963562,0.025283271446824074,349891
1983-05-06,3.00079607963562,3.064065933227539,2.973680019378662,3.064065933227539,0.02581636607646942,340210
1983-05-09,3.064065933227539,3.100219964981079,3.0459890365600586,3.100219964981079,0.02612099051475525,842227
1983-05-10,3.100219964981079,3.1182971000671387,3.064065933227539,3.0911810398101807,0.02604481391608715,937651
1983-05-11,3.0911810398101807,3.0911810398101807,2.901371955871582,2.92848801612854,0.02467404678463936,999885
1983-05-12,2.92848801612854,3.0188729763031006,2.92848801612854,3.009834051132202,0.02535942941904068,431486
1983-05-13,3.009834051132202,3.0188729763031006,2.96464204788208,3.00079607963562,0.025283271446824074,558718
1983-05-16,2.973680019378662,2.973680019378662,2.901371955871582,2.92848801612854,0.02467404678463936,461911
1983-05-17,2.92848801612854,2.9556028842926025,2.901371955871582,2.92848801612854,0.02467404678463936,163190
1983-05-18,2.92848801612854,2.96464204788208,2.92848801612854,2.937525987625122,0.024750202894210815,152126
1983-05-19,2.937525987625122,2.96464204788208,2.937525987625122,2.937525987625122,0.024750202894210815,153509
1983-05-20,2.937525987625122,2.96464204788208,2.937525987625122,2.96464204788208,0.024978671222925186,395528
1983-05-23,2.9556028842926025,2.9556028842926025,2.901371955871582,2.937525987625122,0.024750202894210815,612654
1983-05-24,2.9556028842926025,3.1815669536590576,2.9556028842926025,3.136373996734619,0.02642558515071869,1539242
1983-05-25,3.136373996734619,3.136373996734619,3.100219964981079,3.1182971000671387,0.026273302733898163,1609773
1983-05-26,3.1182971000671387,3.136373996734619,3.100219964981079,3.1273350715637207,0.026349440217018127,802121
1983-05-27,3.1273350715637207,3.136373996734619,3.109257936477661,3.1182971000671387,0.026273302733898163,600207
1983-05-31,3.1182971000671387,3.1182971000671387,3.0911810398101807,3.0911810398101807,0.02604481391608715,1012331
1983-06-01,3.0911810398101807,3.0911810398101807,3.064065933227539,3.073103904724121,0.02589249238371849,481272
1983-06-02,3.073103904724121,3.100219964981079,3.073103904724121,3.073103904724121,0.02589249238371849,219892
1983-06-03,3.073103904724121,3.1182971000671387,3.064065933227539,3.1182971000671387,0.026273302733898163,840844
1983-06-06,3.1182971000671387,3.136373996734619,3.0911810398101807,3.1182971000671387,0.026273302733898163,753717
1983-06-07,3.1273350715637207,3.208682060241699,3.1273350715637207,3.1815669536590576,0.02680637501180172,276593
1983-06-08,3.1815669536590576,3.199644088745117,3.1544508934020996,3.1815669536590576,0.02680637501180172,174254
1983-06-09,3.1815669536590576,3.199644088745117,3.1815669536590576,3.1815669536590576,0.02680637501180172,2048173
1983-06-10,3.1815669536590576,3.208682060241699,3.172528028488159,3.199644088745117,0.026958677917718887,779993
1983-06-13,3.199644088745117,3.2177209854125977,3.1815669536590576,3.208682060241699,0.02703482285141945,424571
1983-06-14,3.208682060241699,3.2267589569091797,3.199644088745117,3.199644088745117,0.026958677917718887,1092544
1983-06-15,3.199644088745117,3.2177209854125977,3.1815669536590576,3.199644088745117,0.026958677917718887,684568
1983-06-16,3.235797882080078,3.299067974090576,3.235797882080078,3.271951913833618,0.027567919343709946,1822750
1983-06-17,3.271951913833618,3.2900290489196777,3.2538750171661377,3.271951913833618,0.027567919343709946,1565518
1983-06-20,3.271951913833618,3.2900290489196777,3.2177209854125977,3.2267589569091797,0.027187131345272064,1454881
1983-06-21,3.2267589569091797,3.271951913833618,3.2177209854125977,3.2267589569091797,0.027187131345272064,1286159
1983-06-22,3.2267589569091797,3.262913942337036,3.2177209854125977,3.235797882080078,0.027263306081295013,980523
1983-06-23,3.235797882080078,3.308105945587158,3.2267589569091797,3.308105945587158,0.02787253074347973,454996
1983-06-24,3.308105945587158,3.3171451091766357,3.2900290489196777,3.2900290489196777,0.027720225974917412,423188
1983-06-27,3.2900290489196777,3.299067974090576,3.100219964981079,3.100219964981079,0.02612099051475525,533825
1983-06-28,3.100219964981079,3.100219964981079,2.9556028842926025,2.96464204788208,0.024978671222925186,853290
1983-06-29,2.96464204788208,3.0459890365600586,2.96464204788208,3.0279109477996826,0.02551174908876419,526910
1983-06-30,3.0279109477996826,3.0279109477996826,3.0188729763031006,3.0188729763031006,0.02543560601770878,125850
1983-07-01,3.0188729763031006,3.100219964981079,3.0188729763031006,3.0911810398101807,0.02604481391608715,611271
1983-07-05,3.0911810398101807,3.109257936477661,3.0911810398101807,3.109257936477661,0.026197116822004318,259998
1983-07-06,3.109257936477661,3.136373996734619,3.100219964981079,3.109257936477661,0.026197116822004318,250317
1983-07-07,3.1182971000671387,3.136373996734619,3.1182971000671387,3.136373996734619,0.02642558515071869,244785
1983-07-08,3.1273350715637207,3.1273350715637207,3.100219964981079,3.1182971000671387,0.026273302733898163,7338020
1983-07-11,3.1182971000671387,3.136373996734619,3.100219964981079,3.136373996734619,0.02642558515071869,940417
1983-07-12,3.136373996734619,3.1544508934020996,3.109257936477661,3.109257936477661,0.026197116822004318,648611
1983-07-13,3.109257936477661,3.1182971000671387,3.0279109477996826,3.064065933227539,0.02581636607646942,510315
1983-07-14,3.073103904724121,3.100219964981079,3.073103904724121,3.100219964981079,0.02612099051475525,181169
1983-07-15,3.100219964981079,3.109257936477661,3.0911810398101807,3.0911810398101807,0.02604481391608715,485421
1983-07-18,3.0911810398101807,3.1182971000671387,3.0911810398101807,3.100219964981079,0.02612099051475525,266913
1983-07-19,3.100219964981079,3.1182971000671387,3.064065933227539,3.064065933227539,0.02581636607646942,827014
1983-07-20,3.064065933227539,3.136373996734619,3.064065933227539,3.136373996734619,0.02642558515071869,329146
1983-07-21,3.136373996734619,3.1454129219055176,3.1182971000671387,3.1182971000671387,0.026273302733898163,738504
1983-07-22,3.1182971000671387,3.208682060241699,3.1182971000671387,3.208682060241699,0.02703482285141945,1340095
1983-07-25,3.208682060241699,3.208682060241699,3.1815669536590576,3.199644088745117,0.026958677917718887,712228
1983-07-26,3.199644088745117,3.199644088745117,3.136373996734619,3.199644088745117,0.026958677917718887,7685145
1983-07-27,3.199644088745117,3.199644088745117,3.0911810398101807,3.0911810398101807,0.02604481391608715,81595
1983-07-28,3.0911810398101807,3.100219964981079,3.064065933227539,3.0911810398101807,0.02604481391608715,762015
1983-07-29,3.064065933227539,3.064065933227539,3.0459890365600586,3.0459890365600586,0.025664072483778,189466
1983-08-01,3.0459890365600586,3.0459890365600586,2.9556028842926025,2.973680019378662,0.02505483664572239,1580731
1983-08-02,2.92848801612854,2.92848801612854,2.874255895614624,2.8923330307006836,0.024488521739840508,630633
1983-08-03,2.8923330307006836,2.901371955871582,2.8832950592041016,2.8832950592041016,0.024411970749497414,269678
1983-08-04,2.8832950592041016,2.92848801612854,2.8832950592041016,2.92848801612854,0.024794617667794228,193615
1983-08-05,2.901371955871582,2.901371955871582,2.8832950592041016,2.901371955871582,0.02456502430140972,117552
1983-08-08,2.901371955871582,2.92848801612854,2.901371955871582,2.92848801612854,0.024794617667794228,2183704
1983-08-09,2.92848801612854,2.92848801612854,2.865217924118042,2.874255895614624,0.024335460737347603,1475625
1983-08-10,2.874255895614624,2.901371955871582,2.8561789989471436,2.8832950592041016,0.024411970749497414,546272
1983-08-11,2.8832950592041016,2.92848801612854,2.874255895614624,2.8832950592041016,0.024411970749497414,1201798
1983-08-12,2.8832950592041016,2.9194490909576416,2.865217924118042,2.8832950592041016,0.024411970749497414,344359
1983-08-15,2.8832950592041016,2.9465649127960205,2.8832950592041016,2.901371955871582,0.02456502430140972,529676
1983-08-16,2.901371955871582,3.100219964981079,2.901371955871582,3.100219964981079,0.026248620823025703,839461
1983-08-17,3.100219964981079,3.100219964981079,3.0550270080566406,3.064065933227539,0.025942515581846237,1088395
1983-08-18,3.064065933227539,3.064065933227539,2.973680019378662,2.973680019378662,0.02517726831138134,114786
1983-08-19,2.973680019378662,3.00079607963562,2.9556028842926025,2.9556028842926025,0.025024188682436943,189466
1983-08-22,2.973680019378662,3.00079607963562,2.973680019378662,2.973680019378662,0.02517726831138134,105105
1983-08-23,2.9556028842926025,2.9556028842926025,2.874255895614624,2.874255895614624,0.024335460737347603,254466
1983-08-24,2.874255895614624,2.92848801612854,2.865217924118042,2.901371955871582,0.02456502430140972,441166
1983-08-25,2.901371955871582,2.9194490909576416,2.874255895614624,2.8923330307006836,0.024488521739840508,185318
1983-08-26,2.8923330307006836,2.8923330307006836,2.865217924118042,2.874255895614624,0.024335460737347603,301487
1983-08-29,2.865217924118042,2.865217924118042,2.8561789989471436,2.8561789989471436,0.024182399734854698,178403
1983-08-30,2.8561789989471436,2.865217924118042,2.838102102279663,2.8561789989471436,0.024182399734854698,461911
1983-08-31,2.8561789989471436,2.973680019378662,2.8561789989471436,2.973680019378662,0.02517726831138134,441166
1983-09-01,2.973680019378662,3.00079607963562,2.901371955871582,2.92848801612854,0.024794617667794228,424571
1983-09-02,2.92848801612854,2.973680019378662,2.901371955871582,2.9556028842926025,0.025024188682436943,319465
1983-09-06,2.973680019378662,3.009834051132202,2.973680019378662,2.9827189445495605,0.025253770872950554,233721
1983-09-07,2.9827189445495605,3.009834051132202,2.973680019378662,2.973680019378662,0.02517726831138134,167339
1983-09-08,2.973680019378662,3.00079607963562,2.9194490909576416,2.9194490909576416,0.024718107655644417,247551
1983-09-09,2.8923330307006836,2.8923330307006836,2.874255895614624,2.8923330307006836,0.024488521739840508,623718
1983-09-12,2.9465649127960205,3.1182971000671387,2.9465649127960205,2.9556028842926025,0.025024188682436943,1287542
1983-09-13,2.9556028842926025,2.96464204788208,2.937525987625122,2.96464204788208,0.025100721046328545,485421
1983-09-14,2.96464204788208,2.973680019378662,2.9556028842926025,2.9556028842926025,0.025024188682436943,237870
1983-09-15,2.96464204788208,3.00079607963562,2.96464204788208,2.973680019378662,0.02517726831138134,297338
1983-09-16,3.00079607963562,3.0279109477996826,3.00079607963562,3.009834051132202,0.02548334375023842,764780
1983-09-19,3.009834051132202,3.0459890365600586,3.009834051132202,3.0279109477996826,0.02563641406595707,420422
1983-09-20,3.0279109477996826,3.064065933227539,3.0279109477996826,3.064065933227539,0.025942515581846237,860205
1983-09-21,3.064065933227539,3.109257936477661,3.064065933227539,3.0911810398101807,0.026172084733843803,583612
1983-09-22,3.0911810398101807,3.1182971000671387,3.0911810398101807,3.100219964981079,0.026248620823025703,791057
1983-09-23,3.100219964981079,3.208682060241699,3.0911810398101807,3.208682060241699,0.0271669402718544,1555837
1983-09-26,3.208682060241699,3.3261830806732178,3.199644088745117,3.3261830806732178,0.0281617883592844,854673
1983-09-27,3.3261830806732178,3.3984920978546143,3.3171451091766357,3.3713760375976562,0.028544412925839424,1435519
1983-09-28,3.3713760375976562,3.461760997772217,3.362338066101074,3.4436841011047363,0.029156625270843506,1741155
1983-09-29,3.4075300693511963,3.4075300693511963,3.3713760375976562,3.3713760375976562,0.028544412925839424,535208
1983-09-30,3.3713760375976562,3.3713760375976562,3.3442599773406982,3.3442599773406982,0.02831483632326126,1320733
1983-10-03,3.3171451091766357,3.3171451091766357,3.2538750171661377,3.2538750171661377,0.027549561113119125,821482
1983-10-04,3.2538750171661377,3.262913942337036,3.2267589569091797,3.235797882080078,0.027396520599722862,1091161
1983-10-05,3.2538750171661377,3.2900290489196777,3.2538750171661377,3.2809910774230957,0.027779152616858482,908609
1983-10-06,3.3532989025115967,3.5069539546966553,3.3532989025115967,3.4527230262756348,0.029233155772089958,5085168
1983-10-07,3.4527230262756348,3.4527230262756348,3.3804149627685547,3.4256069660186768,0.029003577306866646,589144
1983-10-10,3.4256069660186768,3.4436841011047363,3.3894529342651367,3.434645891189575,0.029080113396048546,114786
1983-10-11,3.434645891189575,3.461760997772217,3.3804149627685547,3.4075300693511963,0.028850533068180084,887864
1983-10-12,3.4075300693511963,3.4075300693511963,3.3532989025115967,3.3532989025115967,0.02839137241244316,652760
1983-10-13,3.3532989025115967,3.3713760375976562,3.3171451091766357,3.3713760375976562,0.028544412925839424,627867
1983-10-14,3.3713760375976562,3.4075300693511963,3.3442599773406982,3.4075300693511963,0.028850533068180084,752334
1983-10-17,3.4075300693511963,3.4075300693511963,3.3713760375976562,3.3894529342651367,0.02869747206568718,243402
1983-10-18,3.3713760375976562,3.3713760375976562,3.2538750171661377,3.271951913833618,0.027702633291482925,587761
1983-10-19,3.271951913833618,3.3442599773406982,3.2267589569091797,3.2900290489196777,0.02785569801926613,392762
1983-10-20,3.2900290489196777,3.3442599773406982,3.2900290489196777,3.3171451091766357,0.02808525785803795,322231
1983-10-21,3.3171451091766357,3.362338066101074,3.2900290489196777,3.2900290489196777,0.02785569801926613,807652
1983-10-24,3.2900290489196777,3.3261830806732178,3.2809910774230957,3.308105945587158,0.02800872176885605,529676
1983-10-25,3.308105945587158,3.3984920978546143,3.308105945587158,3.3984920978546143,0.028774017468094826,1719027
1983-10-26,3.4075300693511963,3.515993118286133,3.4075300693511963,3.4798390865325928,0.02946275658905506,5046445
1983-10-27,3.4798390865325928,3.4798390865325928,3.4527230262756348,3.4527230262756348,0.029233155772089958,724674
1983-10-28,3.4527230262756348,3.4798390865325928,3.4527230262756348,3.4527230262756348,0.029233155772089958,582229
1983-10-31,3.4527230262756348,3.461760997772217,3.4436841011047363,3.4527230262756348,0.029233155772089958,377550
1983-11-01,3.434645891189575,3.461760997772217,3.434645891189575,3.4436841011047363,0.029279246926307678,549038
1983-11-02,3.4436841011047363,3.461760997772217,3.4256069660186768,3.4527230262756348,0.0293560978025198,172871
1983-11-03,3.4527230262756348,3.461760997772217,3.4527230262756348,3.4527230262756348,0.0293560978025198,1152011
1983-11-04,3.4527230262756348,3.5069539546966553,3.4527230262756348,3.4798390865325928,0.0295866709202528,542123
1983-11-07,3.488877058029175,3.687725067138672,3.488877058029175,3.651571035385132,0.031046776100993156,2162960
1983-11-08,3.651571035385132,3.651571035385132,3.6063780784606934,3.6334939002990723,0.030893078073859215,3848796
1983-11-09,3.6334939002990723,3.651571035385132,3.6063780784606934,3.615417003631592,0.03073936514556408,2154662
1983-11-10,3.615417003631592,3.7058019638061523,3.615417003631592,3.660609006881714,0.03112361580133438,1218393
1983-11-11,3.723879098892212,3.8323419094085693,3.723879098892212,3.814265012741089,0.03243004530668259,1594560
1983-11-14,3.814265012741089,3.814265012741089,3.760032892227173,3.7690720558166504,0.03204581141471863,2774231
1983-11-15,3.7690720558166504,3.7781100273132324,3.723879098892212,3.723879098892212,0.03166155889630318,2425723
1983-11-16,3.723879098892212,3.760032892227173,3.651571035385132,3.6786859035491943,0.03127729892730713,5245592
1983-11-17,3.6786859035491943,3.7329180240631104,3.651571035385132,3.723879098892212,0.03166155889630318,2861358
1983-11-18,3.723879098892212,3.723879098892212,3.660609006881714,3.687725067138672,0.0313541479408741,1410626
1983-11-21,3.687725067138672,3.7058019638061523,3.6334939002990723,3.6334939002990723,0.030893078073859215,356805
1983-11-22,3.6334939002990723,3.7329180240631104,3.6334939002990723,3.7058019638061523,0.03150785714387894,2103492
1983-11-23,3.723879098892212,3.7781100273132324,3.723879098892212,3.760032892227173,0.03196895495057106,1941685
1983-11-25,3.7781100273132324,3.886573076248169,3.7781100273132324,3.8775339126586914,0.03296796232461929,1548922
1983-11-28,3.859457015991211,3.859457015991211,3.814265012741089,3.823302984237671,0.03250690922141075,584995
1983-11-29,3.850419044494629,3.895611047744751,3.850419044494629,3.895611047744751,0.03312167525291443,3012101
1983-11-30,3.895611047744751,3.913688898086548,3.814265012741089,3.823302984237671,0.03250690922141075,5371442
1983-12-01,3.823302984237671,3.850419044494629,3.7419559955596924,3.823302984237671,0.03250690922141075,571165
1983-12-02,3.850419044494629,3.886573076248169,3.850419044494629,3.859457015991211,0.03281427547335625,1069033
1983-12-05,3.859457015991211,3.895611047744751,3.850419044494629,3.8775339126586914,0.03296796232461929,2637317
1983-12-06,3.886573076248169,3.9408040046691895,3.886573076248169,3.895611047744751,0.03312167525291443,1489455
1983-12-07,3.895611047744751,3.9679200649261475,3.895611047744751,3.949842929840088,0.03358276188373566,3613691
1983-12-08,3.949842929840088,3.99503493309021,3.9408040046691895,3.9679200649261475,0.0337364599108696,839461
1983-12-09,3.9679200649261475,3.9769580364227295,3.913688898086548,3.9408040046691895,0.03350590169429779,2194768
1983-12-12,3.9408040046691895,3.949842929840088,3.886573076248169,3.895611047744751,0.03312167525291443,1240521
1983-12-13,3.895611047744751,3.895611047744751,3.8684959411621094,3.8684959411621094,0.03289113566279411,1482540
1983-12-14,3.859457015991211,3.859457015991211,3.814265012741089,3.814265012741089,0.03243004530668259,1799239
1983-12-15,3.814265012741089,3.814265012741089,3.714840888977051,3.7419559955596924,0.03181525319814682,681802
1983-12-16,3.7419559955596924,3.850419044494629,3.7419559955596924,3.850419044494629,0.03273744508624077,2214129
1983-12-19,3.850419044494629,3.8775339126586914,3.823302984237671,3.8775339126586914,0.03296796232461929,565633
1983-12-20,3.8684959411621094,3.8684959411621094,3.8323419094085693,3.8684959411621094,0.03289113566279411,915524
1983-12-21,3.8684959411621094,3.9408040046691895,3.823302984237671,3.895611047744751,0.03312167525291443,1265414
1983-12-22,3.895611047744751,3.95888090133667,3.895611047744751,3.9408040046691895,0.03350590169429779,246168
1983-12-23,3.9408040046691895,3.95888090133667,3.9408040046691895,3.9408040046691895,0.03350590169429779,326380
1983-12-27,3.9408040046691895,3.9769580364227295,3.9408040046691895,3.9769580364227295,0.03381330147385597,437017
1983-12-28,3.9769580364227295,3.9769580364227295,3.95888090133667,3.9769580364227295,0.03381330147385597,1896047
1983-12-29,3.9769580364227295,3.985996961593628,3.95888090133667,3.985996961593628,0.033890146762132645,222658
1983-12-30,3.985996961593628,4.031189918518066,3.985996961593628,4.013113021850586,0.03412070870399475,1069033
1984-01-03,4.013113021850586,4.031189918518066,3.985996961593628,3.985996961593628,0.033890146762132645,1013714
1984-01-04,3.985996961593628,4.049266815185547,3.985996961593628,4.031189918518066,0.03427441790699959,2800507
1984-01-05,4.031189918518066,4.085421085357666,4.031189918518066,4.049266815185547,0.03442808613181114,1918174
1984-01-06,4.049266815185547,4.049266815185547,3.985996961593628,4.031189918518066,0.03427441790699959,879567
1984-01-09,4.031189918518066,4.049266815185547,4.022150993347168,4.031189918518066,0.03427441790699959,284891
1984-01-10,4.049266815185547,4.1034979820251465,4.049266815185547,4.0673441886901855,0.034581806510686874,1026161
1984-01-11,4.0673441886901855,4.0673441886901855,4.031189918518066,4.049266815185547,0.03442808613181114,441166
1984-01-12,4.049266815185547,4.0673441886901855,4.013113021850586,4.013113021850586,0.03412070870399475,1421690
1984-01-13,4.013113021850586,4.031189918518066,3.913688898086548,3.9408040046691895,0.03350590169429779,587761
1984-01-16,3.9408040046691895,3.949842929840088,3.8775339126586914,3.895611047744751,0.03312167525291443,254466
1984-01-17,3.895611047744751,3.913688898086548,3.8775339126586914,3.895611047744751,0.03312167525291443,189466
1984-01-18,3.895611047744751,3.913688898086548,3.823302984237671,3.8775339126586914,0.03296796232461929,565633
1984-01-19,3.8684959411621094,3.8684959411621094,3.814265012741089,3.850419044494629,0.03273744508624077,540740
1984-01-20,3.850419044494629,3.8775339126586914,3.814265012741089,3.814265012741089,0.03243004530668259,1062118
1984-01-23,3.814265012741089,3.814265012741089,3.723879098892212,3.723879098892212,0.03166155889630318,811801
1984-01-24,3.7058019638061523,3.7058019638061523,3.6063780784606934,3.7058019638061523,0.03150785714387894,1423072
1984-01-25,3.723879098892212,3.7961881160736084,3.723879098892212,3.7329180240631104,0.031738411635160446,1381583
1984-01-26,3.7329180240631104,3.7690720558166504,3.687725067138672,3.714840888977051,0.031584709882736206,735738
1984-01-27,3.7781100273132324,3.823302984237671,3.7781100273132324,3.7961881160736084,0.03227635473012924,2059237
1984-01-30,3.7961881160736084,3.850419044494629,3.7781100273132324,3.7781100273132324,0.0321226567029953,1797856
1984-01-31,3.7058019638061523,3.7781100273132324,3.7058019638061523,3.7781100273132324,0.03224605321884155,1362222
1984-02-01,3.7781100273132324,3.850419044494629,3.7781100273132324,3.850419044494629,0.032863207161426544,727440
1984-02-02,3.850419044494629,3.8775339126586914,3.787148952484131,3.850419044494629,0.032863207161426544,1475625
1984-02-03,3.850419044494629,3.8775339126586914,3.7419559955596924,3.760032892227173,0.03209175169467926,858822
1984-02-06,3.7419559955596924,3.7419559955596924,3.651571035385132,3.660609006881714,0.031243188306689262,1706581
1984-02-07,3.651571035385132,3.651571035385132,3.515993118286133,3.5521469116210938,0.03031746856868267,2284661
1984-02-08,3.5521469116210938,3.5702240467071533,3.515993118286133,3.515993118286133,0.03000890091061592,703930
1984-02-09,3.5069539546966553,3.5069539546966553,3.4527230262756348,3.4707999229431152,0.029623180627822876,1070416
1984-02-10,3.4707999229431152,3.4798390865325928,3.461760997772217,3.4707999229431152,0.029623180627822876,1521263
1984-02-13,3.4707999229431152,3.5069539546966553,3.4075300693511963,3.4256069660186768,0.029237452894449234,1497753
1984-02-14,3.4256069660186768,3.515993118286133,3.4256069660186768,3.515993118286133,0.03000890091061592,506166
1984-02-15,3.515993118286133,3.6334939002990723,3.515993118286133,3.561184883117676,0.030394606292247772,779993
1984-02-16,3.5792629718780518,3.6334939002990723,3.5792629718780518,3.5792629718780518,0.03054889291524887,500634
1984-02-17,3.5792629718780518,3.5973401069641113,3.5431079864501953,3.5521469116210938,0.03031746856868267,811801
1984-02-21,3.5521469116210938,3.5973401069641113,3.5069539546966553,3.5340700149536133,0.030163172632455826,558718
1984-02-22,3.5069539546966553,3.5069539546966553,3.3171451091766357,3.3713760375976562,0.028774593025445938,594676
1984-02-23,3.3713760375976562,3.3713760375976562,3.271951913833618,3.299067974090576,0.02815745398402214,1272329
1984-02-24,3.3442599773406982,3.4527230262756348,3.3442599773406982,3.4256069660186768,0.029237452894449234,673505
1984-02-27,3.4256069660186768,3.434645891189575,3.3532989025115967,3.3894529342651367,0.02892887406051159,626484
1984-02-28,3.3894529342651367,3.3984920978546143,3.3261830806732178,3.3442599773406982,0.02854316122829914,612654
1984-02-29,3.3442599773406982,3.3713760375976562,3.3171451091766357,3.3171451091766357,0.02831173874437809,763397
1984-03-01,3.299067974090576,3.299067974090576,3.2267589569091797,3.2267589569091797,0.02754027768969536,1113288
1984-03-02,3.271951913833618,3.3171451091766357,3.271951913833618,3.3171451091766357,0.02831173874437809,973608
1984-03-05,3.3171451091766357,3.3442599773406982,3.2809910774230957,3.2809910774230957,0.028003161773085594,616803
1984-03-06,3.2809910774230957,3.299067974090576,3.2177209854125977,3.2177209854125977,0.027463160455226898,849141
1984-03-07,3.2177209854125977,3.2267589569091797,3.1815669536590576,3.2177209854125977,0.027463160455226898,773078
1984-03-08,3.2177209854125977,3.2267589569091797,3.199644088745117,3.199644088745117,0.02730887569487095,178403
1984-03-09,3.199644088745117,3.2267589569091797,3.199644088745117,3.199644088745117,0.02730887569487095,204679
1984-03-12,3.199644088745117,3.3171451091766357,3.1182971000671387,3.3171451091766357,0.02831173874437809,481272
1984-03-13,3.3171451091766357,3.3713760375976562,3.3171451091766357,3.3171451091766357,0.02831173874437809,988821
1984-03-14,3.3171451091766357,3.362338066101074,3.2900290489196777,3.3261830806732178,0.028388887643814087,667973
1984-03-15,3.3261830806732178,3.3894529342651367,3.308105945587158,3.3713760375976562,0.028774593025445938,1096692
1984-03-16,3.4527230262756348,3.4798390865325928,3.4527230262756348,3.4527230262756348,0.02946886606514454,1353924
1984-03-19,3.4527230262756348,3.4707999229431152,3.4527230262756348,3.461760997772217,0.02954602800309658,226806
1984-03-20,3.461760997772217,3.4798390865325928,3.434645891189575,3.4707999229431152,0.029623180627822876,940417
1984-03-21,3.4798390865325928,3.5521469116210938,3.4798390865325928,3.5431079864501953,0.030240340158343315,712228
1984-03-22,3.5431079864501953,3.5702240467071533,3.525031089782715,3.5340700149536133,0.030163172632455826,569782
1984-03-23,3.5340700149536133,3.651571035385132,3.5340700149536133,3.6334939002990723,0.031011737883090973,329146
1984-03-26,3.6334939002990723,3.6334939002990723,3.5792629718780518,3.6063780784606934,0.030780326575040817,298721
1984-03-27,3.5973401069641113,3.5973401069641113,3.5431079864501953,3.5521469116210938,0.03031746856868267,535208
1984-03-28,3.5521469116210938,3.5702240467071533,3.488877058029175,3.525031089782715,0.030086059123277664,717760
1984-03-29,3.525031089782715,3.5702240467071533,3.5069539546966553,3.5521469116210938,0.03031746856868267,695632
1984-03-30,3.5521469116210938,3.5521469116210938,3.525031089782715,3.525031089782715,0.030086059123277664,230955
1984-04-02,3.525031089782715,3.5340700149536133,3.461760997772217,3.461760997772217,0.02954602800309658,226806
1984-04-03,3.461760997772217,3.488877058029175,3.4527230262756348,3.4798390865325928,0.02970033697783947,215743
1984-04-04,3.4798390865325928,3.5069539546966553,3.461760997772217,3.4798390865325928,0.02970033697783947,1219776
1984-04-05,3.4798390865325928,3.525031089782715,3.4527230262756348,3.4527230262756348,0.02946886606514454,519995
1984-04-06,3.4527230262756348,3.4527230262756348,3.3894529342651367,3.4075300693511963,0.02908317930996418,291806
1984-04-09,3.4256069660186768,3.461760997772217,3.4256069660186768,3.461760997772217,0.02954602800309658,481272
1984-04-10,3.461760997772217,3.5069539546966553,3.4436841011047363,3.4436841011047363,0.029391741380095482,571165
1984-04-11,3.4436841011047363,3.461760997772217,3.3713760375976562,3.3713760375976562,0.028774593025445938,525527
1984-04-12,3.362338066101074,3.362338066101074,3.3171451091766357,3.362338066101074,0.028697460889816284,535208
1984-04-13,3.3713760375976562,3.4075300693511963,3.3713760375976562,3.4075300693511963,0.02908317930996418,932119
1984-04-16,3.4075300693511963,3.4075300693511963,3.3713760375976562,3.4075300693511963,0.02908317930996418,795206
1984-04-17,3.4075300693511963,3.4798390865325928,3.3804149627685547,3.4256069660186768,0.029237452894449234,515846
1984-04-18,3.4256069660186768,3.4436841011047363,3.3894529342651367,3.3894529342651367,0.02892887406051159,250317
1984-04-19,3.3894529342651367,3.4075300693511963,3.362338066101074,3.4075300693511963,0.02908317930996418,638931
1984-04-23,3.4075300693511963,3.461760997772217,3.4075300693511963,3.461760997772217,0.02954602800309658,277976
1984-04-24,3.461760997772217,3.525031089782715,3.461760997772217,3.515993118286133,0.03000890091061592,479889
1984-04-25,3.515993118286133,3.5340700149536133,3.488877058029175,3.515993118286133,0.03000890091061592,295955
1984-04-26,3.515993118286133,3.561184883117676,3.515993118286133,3.5431079864501953,0.030240340158343315,435634
1984-04-27,3.5431079864501953,3.5702240467071533,3.5431079864501953,3.561184883117676,0.030394606292247772,441166
1984-04-30,3.561184883117676,3.5702240467071533,3.5340700149536133,3.5431079864501953,0.030240340158343315,502017
1984-05-01,3.561184883117676,3.561184883117676,3.515993118286133,3.525031089782715,0.030271343886852264,1414775
1984-05-02,3.5340700149536133,3.5702240467071533,3.5340700149536133,3.5431079864501953,0.03042660467326641,1804771
1984-05-03,3.5431079864501953,3.5973401069641113,3.5431079864501953,3.5702240467071533,0.030659450218081474,2162960
1984-05-04,3.561184883117676,3.561184883117676,3.4707999229431152,3.4707999229431152,0.029805637896060944,224041
1984-05-07,3.4707999229431152,3.4707999229431152,3.461760997772217,3.4707999229431152,0.029805637896060944,824248
1984-05-08,3.4707999229431152,3.488877058029175,3.461760997772217,3.461760997772217,0.029728014022111893,275210
1984-05-09,3.4527230262756348,3.4527230262756348,3.3984920978546143,3.434645891189575,0.029495174065232277,167339
1984-05-10,3.3984920978546143,3.3984920978546143,3.362338066101074,3.3713760375976562,0.028951823711395264,1107756
1984-05-11,3.3713760375976562,3.3894529342651367,3.3171451091766357,3.3442599773406982,0.028718972578644753,319465
1984-05-14,3.3171451091766357,3.3171451091766357,3.2267589569091797,3.2538750171661377,0.027942784130573273,594676
1984-05-15,3.2538750171661377,3.271951913833618,3.1544508934020996,3.1815669536590576,0.027321835979819298,2270831
1984-05-16,3.1815669536590576,3.199644088745117,3.1182971000671387,3.1544508934020996,0.027088982984423637,1080097
1984-05-17,3.1544508934020996,3.1544508934020996,3.073103904724121,3.1273350715637207,0.026856113225221634,2635934
1984-05-18,3.100219964981079,3.100219964981079,3.0279109477996826,3.064065933227539,0.026312800124287605,804886
1984-05-21,3.0550270080566406,3.0550270080566406,2.9556028842926025,3.00079607963562,0.02576945722103119,1338712
1984-05-22,2.937525987625122,2.937525987625122,2.838102102279663,2.8832950592041016,0.02476041205227375,1431370
1984-05-23,2.865217924118042,2.865217924118042,2.7929089069366455,2.7929089069366455,0.023984229192137718,2209980
1984-05-24,2.7929089069366455,2.810986042022705,2.7477169036865234,2.7929089069366455,0.023984229192137718,1478391
1984-05-25,2.810986042022705,2.937525987625122,2.810986042022705,2.937525987625122,0.025226125493645668,2140832
1984-05-29,2.937525987625122,2.937525987625122,2.810986042022705,2.810986042022705,0.024139462038874626,1331797
1984-05-30,2.810986042022705,2.8561789989471436,2.7929089069366455,2.838102102279663,0.024372322484850883,3391034
1984-05-31,2.838102102279663,2.92848801612854,2.8200249671936035,2.92848801612854,0.025148525834083557,1128501
1984-06-01,2.9465649127960205,3.009834051132202,2.9465649127960205,2.9827189445495605,0.025614213198423386,449464
1984-06-04,3.0279109477996826,3.0459890365600586,3.0279109477996826,3.0459890365600586,0.02615755796432495,1192117
1984-06-05,3.03695011138916,3.03695011138916,3.0188729763031006,3.03695011138916,0.026079926639795303,1037225
1984-06-06,3.03695011138916,3.064065933227539,3.0188729763031006,3.0459890365600586,0.02615755796432495,561484
1984-06-07,3.0459890365600586,3.064065933227539,3.0188729763031006,3.0459890365600586,0.02615755796432495,879567
1984-06-08,3.0459890365600586,3.0550270080566406,3.0279109477996826,3.0459890365600586,0.02615755796432495,308402
1984-06-11,3.0459890365600586,3.1182971000671387,3.0459890365600586,3.1182971000671387,0.02677849866449833,590527
1984-06-12,3.109257936477661,3.109257936477661,3.100219964981079,3.100219964981079,0.026623275130987167,395528
1984-06-13,3.100219964981079,3.1454129219055176,3.0550270080566406,3.073103904724121,0.026390405371785164,614037
1984-06-14,3.073103904724121,3.073103904724121,3.0550270080566406,3.0550270080566406,0.02623515948653221,88510
1984-06-15,3.03695011138916,3.03695011138916,3.009834051132202,3.0188729763031006,0.025924699380993843,257232
1984-06-18,3.00079607963562,3.00079607963562,2.92848801612854,2.9465649127960205,0.02530374750494957,2446468
1984-06-19,2.9556028842926025,3.00079607963562,2.9556028842926025,2.973680019378662,0.025536617264151573,519995
1984-06-20,2.973680019378662,2.973680019378662,2.901371955871582,2.973680019378662,0.025536617264151573,871269
1984-06-21,2.973680019378662,3.03695011138916,2.9556028842926025,3.0279109477996826,0.026002325117588043,640313
1984-06-22,3.009834051132202,3.009834051132202,2.937525987625122,2.96464204788208,0.025458991527557373,608505
1984-06-25,2.9556028842926025,2.9556028842926025,2.937525987625122,2.9465649127960205,0.02530374750494957,228189
1984-06-26,2.9465649127960205,2.9465649127960205,2.92848801612854,2.937525987625122,0.025226125493645668,420422
1984-06-27,2.937525987625122,2.96464204788208,2.92848801612854,2.937525987625122,0.025226125493645668,1598709
1984-06-28,2.937525987625122,2.973680019378662,2.92848801612854,2.9465649127960205,0.02530374750494957,547655
1984-06-29,2.9465649127960205,2.973680019378662,2.937525987625122,2.973680019378662,0.025536617264151573,1222542
1984-07-02,2.973680019378662,3.00079607963562,2.92848801612854,2.937525987625122,0.025226125493645668,1347009
1984-07-03,2.937525987625122,2.9465649127960205,2.901371955871582,2.937525987625122,0.025226125493645668,442549
1984-07-05,2.937525987625122,2.9827189445495605,2.937525987625122,2.96464204788208,0.025458991527557373,1576582
1984-07-06,2.96464204788208,2.9827189445495605,2.9556028842926025,2.973680019378662,0.025536617264151573,937651
1984-07-09,2.973680019378662,3.0188729763031006,2.973680019378662,3.0188729763031006,0.025924699380993843,1501902
1984-07-10,3.0188729763031006,3.0188729763031006,2.973680019378662,2.973680019378662,0.025536617264151573,656909
1984-07-11,2.973680019378662,3.0279109477996826,2.973680019378662,3.0188729763031006,0.025924699380993843,1073182
1984-07-12,3.0188729763031006,3.0459890365600586,2.9827189445495605,3.0279109477996826,0.026002325117588043,638931
1984-07-13,3.0279109477996826,3.0279109477996826,3.0188729763031006,3.0279109477996826,0.026002325117588043,1442434
1984-07-16,3.0279109477996826,3.0550270080566406,3.0188729763031006,3.0550270080566406,0.02623515948653221,188083
1984-07-17,3.0911810398101807,3.1182971000671387,3.0911810398101807,3.109257936477661,0.026700876653194427,1080097
1984-07-18,3.109257936477661,3.1182971000671387,3.100219964981079,3.109257936477661,0.026700876653194427,177020
1984-07-19,3.109257936477661,3.109257936477661,3.0188729763031006,3.0279109477996826,0.026002325117588043,864354
1984-07-20,3.0279109477996826,3.0459890365600586,3.0188729763031006,3.0188729763031006,0.025924699380993843,573931
1984-07-23,3.0188729763031006,3.1544508934020996,3.009834051132202,3.1544508934020996,0.027088982984423637,1257117
1984-07-24,3.1544508934020996,3.1815669536590576,3.0550270080566406,3.0550270080566406,0.02623515948653221,554570
1984-07-25,3.0550270080566406,3.100219964981079,3.0188729763031006,3.100219964981079,0.026623275130987167,484038
1984-07-26,3.100219964981079,3.1182971000671387,3.100219964981079,3.109257936477661,0.026700876653194427,228189
1984-07-27,3.109257936477661,3.208682060241699,3.100219964981079,3.172528028488159,0.027244223281741142,1240521
1984-07-30,3.172528028488159,3.1815669536590576,3.1544508934020996,3.172528028488159,0.027244223281741142,493719
1984-07-31,3.2177209854125977,3.2177209854125977,3.136373996734619,3.208682060241699,0.027744382619857788,947332
1984-08-01,3.235797882080078,3.3261830806732178,3.235797882080078,3.3171451091766357,0.02868221327662468,2095194
1984-08-02,3.3171451091766357,3.3804149627685547,3.3171451091766357,3.3713760375976562,0.029151126742362976,2873804
1984-08-03,3.3713760375976562,3.5431079864501953,3.3713760375976562,3.515993118286133,0.030401572585105896,4580385
1984-08-06,3.5340700149536133,3.6334939002990723,3.5340700149536133,3.5431079864501953,0.030636053532361984,1546157
1984-08-07,3.5431079864501953,3.615417003631592,3.488877058029175,3.615417003631592,0.031261276453733444,1471476
1984-08-08,3.615417003631592,3.651571035385132,3.6063780784606934,3.615417003631592,0.031261276453733444,1382966
1984-08-09,3.615417003631592,3.723879098892212,3.5702240467071533,3.7058019638061523,0.03204280883073807,2851677
1984-08-10,3.7058019638061523,3.814265012741089,3.7058019638061523,3.7058019638061523,0.03204280883073807,4660597
1984-08-13,3.7058019638061523,3.7329180240631104,3.651571035385132,3.6967639923095703,0.03196465224027634,1678921
1984-08-14,3.6967639923095703,3.7058019638061523,3.5973401069641113,3.5973401069641113,0.031104957684874535,692866
1984-08-15,3.5973401069641113,3.651571035385132,3.5973401069641113,3.6334939002990723,0.03141757473349571,842227
1984-08-16,3.6334939002990723,3.7781100273132324,3.6063780784606934,3.7419559955596924,0.0323554091155529,656909
1984-08-17,3.7419559955596924,3.7961881160736084,3.7329180240631104,3.7961881160736084,0.03282434865832329,428720
1984-08-20,3.7961881160736084,3.823302984237671,3.7961881160736084,3.7961881160736084,0.03282434865832329,1373286
1984-08-21,3.7961881160736084,3.823302984237671,3.7961881160736084,3.823302984237671,0.03305880352854729,1467327
1984-08-22,3.823302984237671,3.886573076248169,3.760032892227173,3.7781100273132324,0.032668035477399826,1438285
1984-08-23,3.7781100273132324,3.7961881160736084,3.760032892227173,3.7781100273132324,0.032668035477399826,421805
1984-08-24,3.7781100273132324,3.7781100273132324,3.660609006881714,3.687725067138672,0.03188648819923401,586378
1984-08-27,3.687725067138672,3.687725067138672,3.615417003631592,3.615417003631592,0.031261276453733444,417656
1984-08-28,3.615417003631592,3.624454975128174,3.5973401069641113,3.624454975128174,0.03133941441774368,514464
1984-08-29,3.624454975128174,3.651571035385132,3.5973401069641113,3.6334939002990723,0.03141757473349571,562867
1984-08-30,3.6334939002990723,3.6425321102142334,3.615417003631592,3.6334939002990723,0.03141757473349571,525527
1984-08-31,3.6334939002990723,3.7058019638061523,3.615417003631592,3.651571035385132,0.031573884189128876,311167
1984-09-04,3.6425321102142334,3.6425321102142334,3.5973401069641113,3.5973401069641113,0.031104957684874535,2450617
1984-09-05,3.5973401069641113,3.5973401069641113,3.5521469116210938,3.561184883117676,0.0307923536747694,275210
1984-09-06,3.561184883117676,3.5792629718780518,3.5521469116210938,3.561184883117676,0.0307923536747694,1071799
1984-09-07,3.561184883117676,3.5973401069641113,3.5431079864501953,3.5431079864501953,0.030636053532361984,685951
1984-09-10,3.5431079864501953,3.5431079864501953,3.4798390865325928,3.515993118286133,0.030401572585105896,551804
1984-09-11,3.5431079864501953,3.5702240467071533,3.5431079864501953,3.5431079864501953,0.030636053532361984,1298606
1984-09-12,3.5431079864501953,3.561184883117676,3.515993118286133,3.5431079864501953,0.030636053532361984,611271
1984-09-13,3.5431079864501953,3.5973401069641113,3.5340700149536133,3.5973401069641113,0.031104957684874535,708079
1984-09-14,3.6334939002990723,3.7058019638061523,3.6334939002990723,3.6334939002990723,0.03141757473349571,1024778
1984-09-17,3.6334939002990723,3.660609006881714,3.6334939002990723,3.651571035385132,0.031573884189128876,3155929
1984-09-18,3.651571035385132,3.687725067138672,3.6425321102142334,3.651571035385132,0.031573884189128876,925205
1984-09-19,3.651571035385132,3.6786859035491943,3.6334939002990723,3.651571035385132,0.031573884189128876,1215628
1984-09-20,3.651571035385132,3.660609006881714,3.624454975128174,3.624454975128174,0.03133941441774368,1298606
1984-09-21,3.624454975128174,3.7058019638061523,3.615417003631592,3.6786859035491943,0.03180832788348198,796589
1984-09-24,3.6786859035491943,3.723879098892212,3.660609006881714,3.660609006881714,0.03165202587842941,421805
1984-09-25,3.660609006881714,3.660609006881714,3.6334939002990723,3.6425321102142334,0.031495727598667145,430103
1984-09-26,3.6425321102142334,3.687725067138672,3.6425321102142334,3.6786859035491943,0.03180832788348198,196381
1984-09-27,3.6786859035491943,3.714840888977051,3.6786859035491943,3.714840888977051,0.032120950520038605,604356
1984-09-28,3.714840888977051,3.7329180240631104,3.714840888977051,3.7329180240631104,0.032277267426252365,428720
1984-10-01,3.7058019638061523,3.7058019638061523,3.651571035385132,3.660609006881714,0.03165202587842941,540740
1984-10-02,3.660609006881714,3.6967639923095703,3.651571035385132,3.651571035385132,0.031573884189128876,279359
1984-10-03,3.651571035385132,3.651571035385132,3.5702240467071533,3.5702240467071533,0.030870502814650536,1033076
1984-10-04,3.561184883117676,3.561184883117676,3.525031089782715,3.5340700149536133,0.030557885766029358,777227
1984-10-05,3.5340700149536133,3.5431079864501953,3.515993118286133,3.5340700149536133,0.030557885766029358,654143
1984-10-08,3.5340700149536133,3.5340700149536133,3.4798390865325928,3.525031089782715,0.030479732900857925,150743
1984-10-09,3.525031089782715,3.5521469116210938,3.525031089782715,3.525031089782715,0.030479732900857925,331912
1984-10-10,3.525031089782715,3.525031089782715,3.4527230262756348,3.461760997772217,0.02993266098201275,1648496
1984-10-11,3.461760997772217,3.461760997772217,3.434645891189575,3.4527230262756348,0.02985449880361557,699781
1984-10-12,3.4527230262756348,3.5069539546966553,3.4527230262756348,3.4798390865325928,0.030088989064097404,952864
1984-10-15,3.4798390865325928,3.5702240467071533,3.4798390865325928,3.5431079864501953,0.030636053532361984,340210
1984-10-16,3.5431079864501953,3.5702240467071533,3.5431079864501953,3.5702240467071533,0.030870502814650536,352656
1984-10-17,3.5521469116210938,3.5521469116210938,3.4798390865325928,3.4798390865325928,0.030088989064097404,251700
1984-10-18,3.4798390865325928,3.615417003631592,3.4798390865325928,3.615417003631592,0.031261276453733444,1427221
1984-10-19,3.651571035385132,3.7058019638061523,3.651571035385132,3.6967639923095703,0.03196465224027634,1706581
1984-10-22,3.6967639923095703,3.7329180240631104,3.6967639923095703,3.723879098892212,0.03219912573695183,1402328
1984-10-23,3.723879098892212,3.8052260875701904,3.723879098892212,3.7690720558166504,0.03258989751338959,1890515
1984-10-24,3.7690720558166504,3.7690720558166504,3.723879098892212,3.723879098892212,0.03219912573695183,1071799
1984-10-25,3.723879098892212,3.7329180240631104,3.7058019638061523,3.7058019638061523,0.03204280883073807,1111905
1984-10-26,3.687725067138672,3.687725067138672,3.6334939002990723,3.651571035385132,0.031573884189128876,1518497
1984-10-29,3.6425321102142334,3.6425321102142334,3.615417003631592,3.615417003631592,0.031261276453733444,401060
1984-10-30,3.5792629718780518,3.6425321102142334,3.5792629718780518,3.615417003631592,0.03144993633031845,333295
1984-10-31,3.615417003631592,3.624454975128174,3.5973401069641113,3.5973401069641113,0.03129270300269127,775844
1984-11-01,3.5973401069641113,3.6425321102142334,3.5973401069641113,3.6334939002990723,0.03160720318555832,522761
1984-11-02,3.6334939002990723,3.7329180240631104,3.6334939002990723,3.7329180240631104,0.03247205913066864,797972
1984-11-05,3.7329180240631104,3.787148952484131,3.7329180240631104,3.787148952484131,0.03294382616877556,883716
1984-11-06,3.7781100273132324,3.7781100273132324,3.7419559955596924,3.7690720558166504,0.03278655931353569,157658
1984-11-07,3.7690720558166504,3.7961881160736084,3.760032892227173,3.7961881160736084,0.033022452145814896,1077331
1984-11-08,3.7781100273132324,3.7781100273132324,3.7419559955596924,3.760032892227173,0.032707955688238144,1493604
1984-11-09,3.7781100273132324,3.823302984237671,3.7781100273132324,3.823302984237671,0.03325832635164261,728823
1984-11-12,3.814265012741089,3.814265012741089,3.787148952484131,3.787148952484131,0.03294382616877556,449464
1984-11-13,3.787148952484131,3.8052260875701904,3.7781100273132324,3.7961881160736084,0.033022452145814896,965311
1984-11-14,3.7961881160736084,3.7961881160736084,3.7058019638061523,3.7329180240631104,0.03247205913066864,492336
1984-11-15,3.7329180240631104,3.7329180240631104,3.687725067138672,3.7058019638061523,0.03223619610071182,802121
1984-11-16,3.7058019638061523,3.723879098892212,3.6786859035491943,3.687725067138672,0.03207893297076225,824248
1984-11-19,3.660609006881714,3.660609006881714,3.5702240467071533,3.6063780784606934,0.03137132152915001,342976
1984-11-20,3.6063780784606934,3.615417003631592,3.5973401069641113,3.6063780784606934,0.03137132152915001,521378
1984-11-21,3.6063780784606934,3.6334939002990723,3.6063780784606934,3.624454975128174,0.03152855485677719,515846
1984-11-23,3.6334939002990723,3.660609006881714,3.6334939002990723,3.660609006881714,0.03184305876493454,687334
1984-11-26,3.660609006881714,3.660609006881714,3.651571035385132,3.651571035385132,0.03176445513963699,419039
1984-11-27,3.651571035385132,3.7058019638061523,3.6334939002990723,3.687725067138672,0.03207893297076225,616803
1984-11-28,3.687725067138672,3.7329180240631104,3.660609006881714,3.6786859035491943,0.03200031816959381,272444
1984-11-29,3.6786859035491943,3.687725067138672,3.615417003631592,3.6334939002990723,0.03160720318555832,276593
1984-11-30,3.6334939002990723,3.6334939002990723,3.6063780784606934,3.6063780784606934,0.03137132152915001,330529
1984-12-03,3.6063780784606934,3.624454975128174,3.5973401069641113,3.615417003631592,0.03144993633031845,593293
1984-12-04,3.615417003631592,3.651571035385132,3.615417003631592,3.651571035385132,0.03176445513963699,472975
1984-12-05,3.651571035385132,3.651571035385132,3.615417003631592,3.615417003631592,0.03144993633031845,694249
1984-12-06,3.615417003631592,3.624454975128174,3.561184883117676,3.624454975128174,0.03152855485677719,773078
1984-12-07,3.624454975128174,3.660609006881714,3.6063780784606934,3.6063780784606934,0.03137132152915001,475740
1984-12-10,3.6063780784606934,3.6334939002990723,3.5702240467071533,3.6334939002990723,0.03160720318555832,395528
1984-12-11,3.6334939002990723,3.651571035385132,3.624454975128174,3.6334939002990723,0.03160720318555832,307019
1984-12-12,3.6334939002990723,3.651571035385132,3.6334939002990723,3.6425321102142334,0.03168581798672676,211594
1984-12-13,3.6425321102142334,3.651571035385132,3.615417003631592,3.6425321102142334,0.03168581798672676,567016
1984-12-14,3.6425321102142334,3.6967639923095703,3.624454975128174,3.651571035385132,0.03176445513963699,454996
1984-12-17,3.651571035385132,3.6967639923095703,3.6425321102142334,3.6786859035491943,0.03200031816959381,329146
1984-12-18,3.723879098892212,3.814265012741089,3.723879098892212,3.814265012741089,0.033179689198732376,1265414
1984-12-19,3.814265012741089,3.8775339126586914,3.7781100273132324,3.7961881160736084,0.033022452145814896,771695
1984-12-20,3.7961881160736084,3.7961881160736084,3.7058019638061523,3.7419559955596924,0.032550688832998276,360954
1984-12-21,3.7419559955596924,3.7781100273132324,3.687725067138672,3.7058019638061523,0.03223619610071182,503400
1984-12-24,3.7058019638061523,3.714840888977051,3.6967639923095703,3.7058019638061523,0.03223619610071182,221275
1984-12-26,3.7058019638061523,3.7329180240631104,3.7058019638061523,3.7329180240631104,0.03247205913066864,1147862
1984-12-27,3.7329180240631104,3.7419559955596924,3.723879098892212,3.7329180240631104,0.03247205913066864,554570
1984-12-28,3.7329180240631104,3.8052260875701904,3.7329180240631104,3.8052260875701904,0.03310105577111244,553187
1984-12-31,3.8052260875701904,3.859457015991211,3.787148952484131,3.859457015991211,0.03357283025979996,383082
1985-01-02,3.850419044494629,3.850419044494629,3.7781100273132324,3.7781100273132324,0.032865192741155624,385848
1985-01-03,3.7781100273132324,3.7961881160736084,3.723879098892212,3.760032892227173,0.032707955688238144,825631
1985-01-04,3.760032892227173,3.7961881160736084,3.7419559955596924,3.7961881160736084,0.033022452145814896,178403
1985-01-07,3.7961881160736084,3.7961881160736084,3.7329180240631104,3.7690720558166504,0.03278655931353569,567016
1985-01-08,3.7690720558166504,3.7781100273132324,3.7329180240631104,3.7781100273132324,0.032865192741155624,329146
1985-01-09,3.7781100273132324,3.8052260875701904,3.7781100273132324,3.7961881160736084,0.033022452145814896,479889
1985-01-10,3.7961881160736084,3.895611047744751,3.7781100273132324,3.895611047744751,0.03388732299208641,1211479
1985-01-11,3.895611047744751,3.895611047744751,3.8323419094085693,3.8323419094085693,0.033336933702230453,1016480
1985-01-14,3.8323419094085693,4.013113021850586,3.8323419094085693,4.013113021850586,0.034909456968307495,2064769
1985-01-15,4.0673441886901855,4.139651775360107,4.0673441886901855,4.076382160186768,0.035459812730550766,1908494
1985-01-16,4.076382160186768,4.130613803863525,4.040227890014648,4.0673441886901855,0.03538119047880173,1089778
1985-01-17,4.0673441886901855,4.076382160186768,4.040227890014648,4.0673441886901855,0.03538119047880173,1998387
1985-01-18,4.0673441886901855,4.0673441886901855,3.99503493309021,4.022150993347168,0.034988079220056534,1152011
1985-01-21,4.022150993347168,4.157729148864746,4.013113021850586,4.148691177368164,0.03608882054686546,2136683
1985-01-22,4.148691177368164,4.1667680740356445,4.013113021850586,4.031189918518066,0.035066697746515274,1974876
1985-01-23,4.031189918518066,4.148691177368164,4.013113021850586,4.148691177368164,0.03608882054686546,1277861
1985-01-24,4.157729148864746,4.2029218673706055,4.157729148864746,4.184844970703125,0.03640333563089371,1181053
1985-01-25,4.184844970703125,4.2029218673706055,4.184844970703125,4.193882942199707,0.036481939256191254,1024778
1985-01-28,4.193882942199707,4.302346229553223,4.157729148864746,4.293306827545166,0.037346821278333664,1131267
1985-01-29,4.2661919593811035,4.329461097717285,4.2661919593811035,4.329461097717285,0.03785254806280136,1002651
1985-01-30,4.329461097717285,4.356576919555664,4.329461097717285,4.338500022888184,0.03793157637119293,4155814
1985-01-31,4.338500022888184,4.3746538162231445,4.338500022888184,4.356576919555664,0.03808962181210518,554570
1985-02-01,4.356576919555664,4.356576919555664,4.320423126220703,4.329461097717285,0.03785254806280136,835312
1985-02-04,4.329461097717285,4.356576919555664,4.284268856048584,4.329461097717285,0.03785254806280136,1644347
1985-02-05,4.329461097717285,4.356576919555664,4.329461097717285,4.338500022888184,0.03793157637119293,1504668
1985-02-06,4.329461097717285,4.329461097717285,4.239076137542725,4.239076137542725,0.03706229105591774,2667742
1985-02-07,4.239076137542725,4.2661919593811035,4.2119598388671875,4.2661919593811035,0.037299372255802155,2299873
1985-02-08,4.2661919593811035,4.302346229553223,4.248115062713623,4.2752299308776855,0.03737839311361313,1972110
1985-02-11,4.2752299308776855,4.284268856048584,4.2119598388671875,4.220998764038086,0.036904267966747284,1033076
1985-02-12,4.220998764038086,4.239076137542725,4.193882942199707,4.2119598388671875,0.03682523965835571,687334
1985-02-13,4.2119598388671875,4.230038166046143,4.193882942199707,4.230038166046143,0.036983296275138855,1577965
1985-02-14,4.230038166046143,4.248115062713623,4.193882942199707,4.193882942199707,0.036667175590991974,1789559
1985-02-15,4.193882942199707,4.239076137542725,4.193882942199707,4.230038166046143,0.036983296275138855,1161692
1985-02-19,4.230038166046143,4.248115062713623,4.2119598388671875,4.2119598388671875,0.03682523965835571,535208
1985-02-20,4.2119598388671875,4.239076137542725,4.1667680740356445,4.2119598388671875,0.03682523965835571,1344243
1985-02-21,4.193882942199707,4.193882942199707,4.157729148864746,4.193882942199707,0.036667175590991974,504783
1985-02-22,4.193882942199707,4.239076137542725,4.193882942199707,4.220998764038086,0.036904267966747284,489570
1985-02-25,4.220998764038086,4.220998764038086,4.184844970703125,4.193882942199707,0.036667175590991974,605739
1985-02-26,4.193882942199707,4.2119598388671875,4.1667680740356445,4.2119598388671875,0.03682523965835571,867120
1985-02-27,4.2029218673706055,4.2029218673706055,4.1667680740356445,4.2029218673706055,0.036746203899383545,569782
1985-02-28,4.2029218673706055,4.2119598388671875,4.1667680740356445,4.1667680740356445,0.03643012046813965,666590
1985-03-01,4.1667680740356445,4.239076137542725,4.1667680740356445,4.220998764038086,0.036904267966747284,1099458
1985-03-04,4.220998764038086,4.248115062713623,4.193882942199707,4.239076137542725,0.03706229105591774,1152011
1985-03-05,4.239076137542725,4.248115062713623,4.2119598388671875,4.2119598388671875,0.03682523965835571,782759
1985-03-06,4.2119598388671875,4.230038166046143,4.1667680740356445,4.1667680740356445,0.03643012046813965,644462
1985-03-07,4.1667680740356445,4.193882942199707,4.0673441886901855,4.076382160186768,0.03563986346125603,817333
1985-03-08,4.076382160186768,4.085421085357666,3.9769580364227295,4.058304786682129,0.03548181802034378,1157543
1985-03-11,4.0673441886901855,4.085421085357666,4.0673441886901855,4.085421085357666,0.035718899220228195,342976
1985-03-12,4.1034979820251465,4.1667680740356445,4.1034979820251465,4.139651775360107,0.03619303181767464,1128501
1985-03-13,4.139651775360107,4.139651775360107,4.1125359535217285,4.121574878692627,0.03603498637676239,360954
1985-03-14,4.049266815185547,4.049266815185547,3.9769580364227295,4.013113021850586,0.03508670628070831,3219546
1985-03-15,4.013113021850586,4.058304786682129,3.99503493309021,4.040227890014648,0.035323768854141235,2283278
1985-03-18,4.040227890014648,4.049266815185547,4.013113021850586,4.031189918518066,0.03524475172162056,526910
1985-03-19,4.040227890014648,4.1034979820251465,4.040227890014648,4.1034979820251465,0.03587692975997925,1929238
1985-03-20,3.8775339126586914,3.8775339126586914,3.8052260875701904,3.8684959411621094,0.03382231667637825,11286389
1985-03-21,3.8684959411621094,3.8775339126586914,3.8052260875701904,3.8052260875701904,0.03326912596821785,2840613
1985-03-22,3.8052260875701904,3.823302984237671,3.7781100273132324,3.787148952484131,0.03311111032962799,3945603
1985-03-25,3.787148952484131,3.7961881160736084,3.760032892227173,3.7690720558166504,0.03295304253697395,3609542
1985-03-26,3.7690720558166504,3.7690720558166504,3.7329180240631104,3.7690720558166504,0.03295304253697395,529676
1985-03-27,3.7690720558166504,3.7690720558166504,3.6786859035491943,3.7058019638061523,0.03239987790584564,2446468
1985-03-28,3.7058019638061523,3.7329180240631104,3.660609006881714,3.660609006881714,0.03200474753975868,1882217
1985-03-29,3.687725067138672,3.7419559955596924,3.687725067138672,3.7329180240631104,0.032636940479278564,1683070
1985-04-01,3.7329180240631104,3.7961881160736084,3.7329180240631104,3.7781100273132324,0.03303207829594612,2008067
1985-04-02,3.7781100273132324,3.7961881160736084,3.760032892227173,3.7961881160736084,0.03319011256098747,1176904
1985-04-03,3.7961881160736084,3.814265012741089,3.7419559955596924,3.760032892227173,0.03287403658032417,475740
1985-04-04,3.7419559955596924,3.7419559955596924,3.7058019638061523,3.714840888977051,0.03247890621423721,2194768
1985-04-08,3.714840888977051,3.723879098892212,3.615417003631592,3.6334939002990723,0.03176768124103546,1075948
1985-04-09,3.6334939002990723,3.6334939002990723,3.5973401069641113,3.624454975128174,0.03168864920735359,5187507
1985-04-10,3.624454975128174,3.687725067138672,3.615417003631592,3.660609006881714,0.03200474753975868,2286044
1985-04-11,3.660609006881714,3.7058019638061523,3.651571035385132,3.687725067138672,0.032241832464933395,1638815
1985-04-12,3.687725067138672,3.7419559955596924,3.687725067138672,3.7419559955596924,0.03271597623825073,1442434
1985-04-15,3.7419559955596924,3.7690720558166504,3.7329180240631104,3.760032892227173,0.03287403658032417,399677
1985-04-16,3.760032892227173,3.7690720558166504,3.723879098892212,3.7329180240631104,0.032636940479278564,4052092
1985-04-17,3.7329180240631104,3.760032892227173,3.7329180240631104,3.7419559955596924,0.03271597623825073,601590
1985-04-18,3.7419559955596924,3.7781100273132324,3.7329180240631104,3.7329180240631104,0.032636940479278564,1589028
1985-04-19,3.7329180240631104,3.7781100273132324,3.7329180240631104,3.7781100273132324,0.03303207829594612,1457647
1985-04-22,3.7781100273132324,3.7781100273132324,3.7329180240631104,3.760032892227173,0.03287403658032417,1269563
1985-04-23,3.760032892227173,3.7961881160736084,3.7329180240631104,3.760032892227173,0.03287403658032417,2374553
1985-04-24,3.7781100273132324,3.823302984237671,3.7781100273132324,3.814265012741089,0.033348169177770615,3110292
1985-04-25,3.814265012741089,3.8323419094085693,3.814265012741089,3.8323419094085693,0.033506207168102264,466060
1985-04-26,3.8323419094085693,3.8323419094085693,3.814265012741089,3.823302984237671,0.03342718631029129,629250
1985-04-29,3.823302984237671,3.823302984237671,3.760032892227173,3.760032892227173,0.03287403658032417,519995
1985-04-30,3.7781100273132324,3.7781100273132324,3.723879098892212,3.7690720558166504,0.03317638486623764,3089547
1985-05-01,3.7690720558166504,3.8323419094085693,3.7329180240631104,3.787148952484131,0.033335499465465546,1293074
1985-05-02,3.787148952484131,3.814265012741089,3.787148952484131,3.787148952484131,0.033335499465465546,916907
1985-05-03,3.787148952484131,3.823302984237671,3.787148952484131,3.814265012741089,0.0335741750895977,1474242
1985-05-06,3.814265012741089,3.814265012741089,3.787148952484131,3.7961881160736084,0.0334150567650795,5136337
1985-05-07,3.7961881160736084,3.7961881160736084,3.7058019638061523,3.723879098892212,0.03277859836816788,723291
1985-05-08,3.723879098892212,3.723879098892212,3.7058019638061523,3.7058019638061523,0.03261946514248848,2702316
1985-05-09,3.714840888977051,3.7329180240631104,3.714840888977051,3.7329180240631104,0.03285813704133034,578080
1985-05-10,3.760032892227173,3.850419044494629,3.760032892227173,3.7961881160736084,0.0334150567650795,1252968
1985-05-13,3.814265012741089,3.886573076248169,3.814265012741089,3.886573076248169,0.03421065956354141,1187968
1985-05-14,3.886573076248169,3.895611047744751,3.814265012741089,3.814265012741089,0.0335741750895977,632016
1985-05-15,3.823302984237671,3.8775339126586914,3.823302984237671,3.859457015991211,0.03397195041179657,656909
1985-05-16,3.859457015991211,3.886573076248169,3.850419044494629,3.886573076248169,0.03421065956354141,1423072
1985-05-17,3.886573076248169,3.895611047744751,3.8684959411621094,3.895611047744751,0.034290216863155365,1293074
1985-05-20,3.895611047744751,3.9769580364227295,3.895611047744751,3.95888090133667,0.03484711796045303,3273482
1985-05-21,3.95888090133667,3.985996961593628,3.913688898086548,3.9769580364227295,0.03500625863671303,2356575
1985-05-22,3.9769580364227295,3.9769580364227295,3.95888090133667,3.9769580364227295,0.03500625863671303,1518497
1985-05-23,3.9769580364227295,3.985996961593628,3.9769580364227295,3.985996961593628,0.03508580103516579,2529446
1985-05-24,3.985996961593628,3.985996961593628,3.95888090133667,3.9679200649261475,0.03492668643593788,1474242
1985-05-28,3.9679200649261475,3.985996961593628,3.949842929840088,3.95888090133667,0.03484711796045303,883716
1985-05-29,3.9408040046691895,3.9408040046691895,3.886573076248169,3.895611047744751,0.034290216863155365,1342860
1985-05-30,3.895611047744751,3.9317660331726074,3.8775339126586914,3.913688898086548,0.03444933518767357,1728708
1985-05-31,3.913688898086548,3.985996961593628,3.913688898086548,3.985996961593628,0.03508580103516579,1056586
1985-06-03,3.985996961593628,4.013113021850586,3.9679200649261475,3.99503493309021,0.035165365785360336,1127118
1985-06-04,3.99503493309021,4.022150993347168,3.99503493309021,4.022150993347168,0.03540404886007309,654143
1985-06-05,4.022150993347168,4.031189918518066,3.9679200649261475,3.9769580364227295,0.03500625863671303,1983174
1985-06-06,3.9769580364227295,4.022150993347168,3.9769580364227295,4.013113021850586,0.035324469208717346,1973493
1985-06-07,4.013113021850586,4.022150993347168,3.9769580364227295,3.9769580364227295,0.03500625863671303,537974
1985-06-10,3.9769580364227295,3.9769580364227295,3.913688898086548,3.9769580364227295,0.03500625863671303,1873920
1985-06-11,3.9769580364227295,3.985996961593628,3.9679200649261475,3.9769580364227295,0.03500625863671303,1616688
1985-06-12,3.95888090133667,3.95888090133667,3.913688898086548,3.9317660331726074,0.03460846096277237,2669125
1985-06-13,3.9046499729156494,3.9046499729156494,3.859457015991211,3.859457015991211,0.03397195041179657,5336868
1985-06-14,3.859457015991211,3.886573076248169,3.8323419094085693,3.850419044494629,0.03389241173863411,1371903
1985-06-17,3.850419044494629,3.9046499729156494,3.850419044494629,3.8775339126586914,0.034131091088056564,1377435
1985-06-18,3.8775339126586914,3.895611047744751,3.859457015991211,3.8684959411621094,0.03405153006315231,1781261
1985-06-19,3.8684959411621094,3.8684959411621094,3.7781100273132324,3.7781100273132324,0.033255934715270996,1037225
1985-06-20,3.7781100273132324,3.787148952484131,3.7058019638061523,3.723879098892212,0.03277859836816788,611271
1985-06-21,3.714840888977051,3.714840888977051,3.615417003631592,3.660609006881714,0.03222164511680603,3675925
1985-06-24,3.651571035385132,3.651571035385132,3.6063780784606934,3.6063780784606934,0.03174430876970291,522761
1985-06-25,3.6063780784606934,3.6334939002990723,3.6063780784606934,3.6334939002990723,0.03198298066854477,2339979
1985-06-26,3.6334939002990723,3.6334939002990723,3.624454975128174,3.624454975128174,0.03190339729189873,864354
1985-06-27,3.624454975128174,3.660609006881714,3.624454975128174,3.651571035385132,0.032142091542482376,1008183
1985-06-28,3.651571035385132,3.723879098892212,3.651571035385132,3.723879098892212,0.03277859836816788,1660943
1985-07-01,3.723879098892212,3.8052260875701904,3.723879098892212,3.7781100273132324,0.033255934715270996,3090930
1985-07-02,3.7781100273132324,3.8323419094085693,3.750994920730591,3.8323419094085693,0.03373328596353531,2476893
1985-07-03,3.8323419094085693,3.949842929840088,3.814265012741089,3.9317660331726074,0.03460846096277237,1770197
1985-07-05,3.9317660331726074,3.95888090133667,3.9317660331726074,3.9408040046691895,0.034688010811805725,305636
1985-07-08,3.9408040046691895,3.99503493309021,3.9317660331726074,3.99503493309021,0.035165365785360336,1053820
1985-07-09,3.99503493309021,4.085421085357666,3.9769580364227295,4.085421085357666,0.03596096485853195,1938919
1985-07-10,4.085421085357666,4.085421085357666,4.013113021850586,4.0673441886901855,0.03580183535814285,5807076
1985-07-11,4.0673441886901855,4.0673441886901855,4.031189918518066,4.058304786682129,0.0357222706079483,1268180
1985-07-12,4.049266815185547,4.049266815185547,3.9769580364227295,4.040227890014648,0.035563159734010696,750951
1985-07-15,4.040227890014648,4.049266815185547,3.9769580364227295,3.985996961593628,0.03508580103516579,1551688
1985-07-16,3.985996961593628,4.121574878692627,3.9679200649261475,4.121574878692627,0.03627919778227806,1746687
1985-07-17,4.121574878692627,4.139651775360107,3.949842929840088,3.9679200649261475,0.03492668643593788,5677077
1985-07-18,3.9679200649261475,3.985996961593628,3.922727108001709,3.9769580364227295,0.03500625863671303,2048173
1985-07-19,3.9679200649261475,3.9679200649261475,3.850419044494629,3.8775339126586914,0.034131091088056564,744036
1985-07-22,3.8775339126586914,3.886573076248169,3.8413798809051514,3.886573076248169,0.03421065956354141,304253
1985-07-23,3.886573076248169,3.913688898086548,3.850419044494629,3.8775339126586914,0.034131091088056564,821482
1985-07-24,3.8775339126586914,3.895611047744751,3.8775339126586914,3.886573076248169,0.03421065956354141,4583151
1985-07-25,3.886573076248169,3.922727108001709,3.886573076248169,3.895611047744751,0.034290216863155365,1734240
1985-07-26,3.895611047744751,3.922727108001709,3.886573076248169,3.895611047744751,0.034290216863155365,601590
1985-07-29,3.895611047744751,3.913688898086548,3.895611047744751,3.913688898086548,0.03444933518767357,656909
1985-07-30,3.913688898086548,3.913688898086548,3.8775339126586914,3.913688898086548,0.03467356786131859,728823
1985-07-31,3.913688898086548,3.9769580364227295,3.913688898086548,3.9679200649261475,0.035154037177562714,4461450
1985-08-01,3.99503493309021,4.031189918518066,3.99503493309021,4.031189918518066,0.03571459278464317,6522070
1985-08-02,4.031189918518066,4.040227890014648,4.013113021850586,4.013113021850586,0.03555440530180931,461911
1985-08-05,4.013113021850586,4.031189918518066,3.9769580364227295,3.99503493309021,0.03539425879716873,1680304
1985-08-06,3.99503493309021,4.013113021850586,3.95888090133667,3.9769580364227295,0.03523411229252815,384465
1985-08-07,3.9769580364227295,3.9769580364227295,3.9408040046691895,3.95888090133667,0.03507394716143608,807652
1985-08-08,3.95888090133667,4.013113021850586,3.95888090133667,4.0040740966796875,0.03547433391213417,153509
1985-08-09,4.0040740966796875,4.0040740966796875,3.985996961593628,3.985996961593628,0.035314176231622696,708079
1985-08-12,3.985996961593628,4.022150993347168,3.985996961593628,3.985996961593628,0.035314176231622696,178403
1985-08-13,3.985996961593628,4.049266815185547,3.985996961593628,3.99503493309021,0.03539425879716873,1257117
1985-08-14,3.99503493309021,4.040227890014648,3.985996961593628,4.022150993347168,0.03563451021909714,261381
1985-08-15,4.022150993347168,4.031189918518066,3.985996961593628,3.99503493309021,0.03539425879716873,730206
1985-08-16,3.99503493309021,4.049266815185547,3.985996961593628,4.031189918518066,0.03571459278464317,1172756
1985-08-19,4.031189918518066,4.049266815185547,4.022150993347168,4.049266815185547,0.03587472066283226,957013
1985-08-20,4.049266815185547,4.0673441886901855,4.040227890014648,4.049266815185547,0.03587472066283226,1976259
1985-08-21,4.049266815185547,4.076382160186768,4.040227890014648,4.076382160186768,0.03611496090888977,1601475
1985-08-22,4.076382160186768,4.076382160186768,4.031189918518066,4.031189918518066,0.03571459278464317,720526
1985-08-23,4.031189918518066,4.031189918518066,4.013113021850586,4.013113021850586,0.03555440530180931,305636
1985-08-26,4.013113021850586,4.049266815185547,4.0040740966796875,4.049266815185547,0.03587472066283226,461911
1985-08-27,4.049266815185547,4.0673441886901855,4.022150993347168,4.022150993347168,0.03563451021909714,966694
1985-08-28,4.022150993347168,4.049266815185547,4.013113021850586,4.040227890014648,0.03579462692141533,449464
1985-08-29,4.040227890014648,4.040227890014648,4.022150993347168,4.022150993347168,0.03563451021909714,212977
1985-08-30,4.022150993347168,4.049266815185547,4.013113021850586,4.031189918518066,0.03571459278464317,551804
1985-09-03,4.031189918518066,4.049266815185547,4.0040740966796875,4.0040740966796875,0.03547433391213417,1615305
1985-09-04,4.0040740966796875,4.013113021850586,3.985996961593628,4.013113021850586,0.03555440530180931,301487
1985-09-05,4.013113021850586,4.022150993347168,3.99503493309021,4.022150993347168,0.03563451021909714,701164
1985-09-06,4.031189918518066,4.049266815185547,4.031189918518066,4.031189918518066,0.03571459278464317,589144
1985-09-09,4.031189918518066,4.058304786682129,4.022150993347168,4.049266815185547,0.03587472066283226,478506
1985-09-10,4.049266815185547,4.049266815185547,3.9408040046691895,3.9408040046691895,0.0349138006567955,366486
1985-09-11,3.922727108001709,3.922727108001709,3.859457015991211,3.8775339126586914,0.03435325250029564,5984096
1985-09-12,3.8775339126586914,3.8775339126586914,3.850419044494629,3.859457015991211,0.034193091094493866,994353
1985-09-13,3.859457015991211,3.859457015991211,3.8323419094085693,3.8323419094085693,0.033952854573726654,1089778
1985-09-16,3.8323419094085693,3.850419044494629,3.8323419094085693,3.8413798809051514,0.03403293713927269,515846
1985-09-17,3.8413798809051514,3.8684959411621094,3.823302984237671,3.859457015991211,0.034193091094493866,591910
1985-09-18,3.859457015991211,3.8775339126586914,3.8323419094085693,3.859457015991211,0.034193091094493866,2474127
1985-09-19,3.859457015991211,3.8775339126586914,3.823302984237671,3.823302984237671,0.03387276828289032,2418808
1985-09-20,3.823302984237671,3.850419044494629,3.7961881160736084,3.8052260875701904,0.033712614327669144,1707964
1985-09-23,3.850419044494629,3.895611047744751,3.850419044494629,3.8684959411621094,0.0342731811106205,409358
1985-09-24,3.8684959411621094,3.895611047744751,3.8413798809051514,3.8413798809051514,0.03403293713927269,391380
1985-09-25,3.8413798809051514,3.850419044494629,3.8052260875701904,3.8052260875701904,0.033712614327669144,2575084
1985-09-26,3.8052260875701904,3.823302984237671,3.7781100273132324,3.8052260875701904,0.033712614327669144,3508586
1985-09-30,3.8052260875701904,3.8323419094085693,3.7961881160736084,3.8323419094085693,0.033952854573726654,327763
1985-10-01,3.8052260875701904,3.8323419094085693,3.8052260875701904,3.823302984237671,0.03387276828289032,2165725
1985-10-02,3.823302984237671,3.8323419094085693,3.787148952484131,3.787148952484131,0.03355247899889946,2687104
1985-10-03,3.787148952484131,3.823302984237671,3.7781100273132324,3.814265012741089,0.033792708069086075,2449234
1985-10-04,3.814265012741089,3.814265012741089,3.7781100273132324,3.8052260875701904,0.033712614327669144,547655
1985-10-07,3.8052260875701904,3.8684959411621094,3.8052260875701904,3.859457015991211,0.034193091094493866,485421
1985-10-08,3.859457015991211,3.886573076248169,3.850419044494629,3.850419044494629,0.034113019704818726,488187
1985-10-09,3.859457015991211,3.8775339126586914,3.859457015991211,3.8684959411621094,0.0342731811106205,449464
1985-10-10,3.8684959411621094,3.886573076248169,3.8413798809051514,3.850419044494629,0.034113019704818726,605739
1985-10-11,3.850419044494629,3.859457015991211,3.7690720558166504,3.8413798809051514,0.03403293713927269,536591
1985-10-14,3.8413798809051514,3.859457015991211,3.8323419094085693,3.8413798809051514,0.03403293713927269,67765
1985-10-15,3.8413798809051514,3.9046499729156494,3.8413798809051514,3.886573076248169,0.03443333879113197,699781
1985-10-16,3.886573076248169,3.9046499729156494,3.8775339126586914,3.9046499729156494,0.03459348902106285,771695
1985-10-17,3.9046499729156494,3.949842929840088,3.895611047744751,3.922727108001709,0.034753650426864624,497868
1985-10-18,3.922727108001709,3.95888090133667,3.913688898086548,3.922727108001709,0.034753650426864624,839461
1985-10-21,3.922727108001709,3.949842929840088,3.913688898086548,3.949842929840088,0.03499387949705124,735738
1985-10-22,3.949842929840088,3.95888090133667,3.8684959411621094,3.9317660331726074,0.03483373299241066,2349660
1985-10-23,3.9317660331726074,3.9317660331726074,3.8775339126586914,3.9046499729156494,0.03459348902106285,3547309
1985-10-24,3.895611047744751,3.895611047744751,3.814265012741089,3.850419044494629,0.034113019704818726,4520917
1985-10-25,3.859457015991211,3.886573076248169,3.859457015991211,3.8684959411621094,0.0342731811106205,755100
1985-10-28,3.8684959411621094,3.9046499729156494,3.8684959411621094,3.9046499729156494,0.03459348902106285,947332
1985-10-29,3.9046499729156494,3.9317660331726074,3.886573076248169,3.886573076248169,0.03465798869729042,811801
1985-10-30,3.886573076248169,3.922727108001709,3.886573076248169,3.913688898086548,0.03489978238940239,944566
1985-10-31,3.949842929840088,4.031189918518066,3.949842929840088,4.031189918518066,0.035947587341070175,1016480
1985-11-01,4.031189918518066,4.121574878692627,4.013113021850586,4.121574878692627,0.036753587424755096,1291691
1985-11-04,4.121574878692627,4.139651775360107,4.085421085357666,4.1034979820251465,0.03659237548708916,4551343
1985-11-05,4.1034979820251465,4.148691177368164,4.1034979820251465,4.1125359535217285,0.03667297214269638,405209
1985-11-06,4.1125359535217285,4.139651775360107,4.1034979820251465,4.121574878692627,0.036753587424755096,477123
1985-11-07,4.121574878692627,4.193882942199707,4.121574878692627,4.184844970703125,0.03731778264045715,874035
1985-11-08,4.184844970703125,4.2029218673706055,4.1667680740356445,4.175806045532227,0.03723718598484993,2942953
1985-11-11,4.175806045532227,4.2119598388671875,4.1667680740356445,4.2119598388671875,0.03755958378314972,742653
1985-11-12,4.2119598388671875,4.230038166046143,4.184844970703125,4.193882942199707,0.03739841282367706,608505
1985-11-13,4.193882942199707,4.220998764038086,4.193882942199707,4.193882942199707,0.03739841282367706,1373286
1985-11-14,4.193882942199707,4.2119598388671875,4.193882942199707,4.193882942199707,0.03739841282367706,535208
1985-11-15,4.193882942199707,4.230038166046143,4.193882942199707,4.2119598388671875,0.03755958378314972,2403596
1985-11-18,4.2119598388671875,4.257153034210205,4.2029218673706055,4.239076137542725,0.03780138120055199,981906
1985-11-19,4.248115062713623,4.347538948059082,4.248115062713623,4.302346229553223,0.03836559131741524,1366371
1985-11-20,4.302346229553223,4.338500022888184,4.293306827545166,4.302346229553223,0.03836559131741524,2508701
1985-11-21,4.329461097717285,4.428884983062744,4.329461097717285,4.428884983062744,0.039493970572948456,525527
1985-11-22,4.428884983062744,4.446962833404541,4.383693218231201,4.428884983062744,0.039493970572948456,616803
1985-11-25,4.428884983062744,4.437923908233643,4.392731189727783,4.401770114898682,0.03925217688083649,1555837
1985-11-26,4.401770114898682,4.428884983062744,4.392731189727783,4.401770114898682,0.03925217688083649,825631
1985-11-27,4.401770114898682,4.437923908233643,4.392731189727783,4.410808086395264,0.039332788437604904,283508
1985-11-29,4.410808086395264,4.428884983062744,4.401770114898682,4.419847011566162,0.03941338509321213,589144
1985-12-02,4.419847011566162,4.437923908233643,4.320423126220703,4.338500022888184,0.038687992841005325,1313818
1985-12-03,4.338500022888184,4.356576919555664,4.320423126220703,4.338500022888184,0.038687992841005325,230955
1985-12-04,4.338500022888184,4.437923908233643,4.338500022888184,4.428884983062744,0.039493970572948456,607122
1985-12-05,4.428884983062744,4.48311710357666,4.410808086395264,4.437923908233643,0.039574578404426575,576697
1985-12-06,4.428884983062744,4.428884983062744,4.383693218231201,4.401770114898682,0.03925217688083649,266913
1985-12-09,4.401770114898682,4.609655857086182,4.401770114898682,4.573502063751221,0.04078356921672821,3121355
1985-12-10,4.573502063751221,4.609655857086182,4.537347793579102,4.55542516708374,0.04062235727906227,3085398
1985-12-11,4.55542516708374,4.62773323059082,4.510231971740723,4.6006178855896,0.04102537781000137,3797626
1985-12-12,4.6006178855896,4.681964874267578,4.591578960418701,4.6006178855896,0.04102537781000137,626484
1985-12-13,4.6006178855896,4.62773323059082,4.564464092254639,4.6006178855896,0.04102537781000137,974991
1985-12-16,4.6006178855896,4.663887977600098,4.564464092254639,4.62773323059082,0.041267190128564835,2586147
1985-12-17,4.62773323059082,4.654849052429199,4.609655857086182,4.645810127258301,0.04142838343977928,3341247
1985-12-18,4.645810127258301,4.663887977600098,4.537347793579102,4.537347793579102,0.04046117141842842,254466
1985-12-19,4.537347793579102,4.55542516708374,4.501194000244141,4.519270896911621,0.04029998555779457,463294
1985-12-20,4.519270896911621,4.645810127258301,4.501194000244141,4.591578960418701,0.04094477370381355,1165841
1985-12-23,4.591578960418701,4.69100284576416,4.573502063751221,4.591578960418701,0.04094477370381355,3692520
1985-12-24,4.6006178855896,4.61869478225708,4.6006178855896,4.609655857086182,0.04110598564147949,2255618
1985-12-26,4.609655857086182,4.61869478225708,4.591578960418701,4.591578960418701,0.04094477370381355,163190
1985-12-27,4.591578960418701,4.61869478225708,4.591578960418701,4.591578960418701,0.04094477370381355,225424
1985-12-30,4.591578960418701,4.645810127258301,4.591578960418701,4.636772155761719,0.04134779050946236,435634
1985-12-31,4.636772155761719,4.663887977600098,4.591578960418701,4.636772155761719,0.04134779050946236,2420191
1986-01-02,4.636772155761719,4.645810127258301,4.591578960418701,4.62773323059082,0.041267190128564835,3472629
1986-01-03,4.62773323059082,4.654849052429199,4.609655857086182,4.654849052429199,0.04150896519422531,655526
1986-01-06,4.654849052429199,4.681964874267578,4.61869478225708,4.663887977600098,0.041589584201574326,658292
1986-01-07,4.663887977600098,4.772349834442139,4.663887977600098,4.754272937774658,0.04239555448293686,1445200
1986-01-08,4.754272937774658,4.835619926452637,4.736196041107178,4.736196041107178,0.042234379798173904,2305405
1986-01-09,4.736196041107178,4.736196041107178,4.62773323059082,4.636772155761719,0.04134779050946236,6255157
1986-01-10,4.636772155761719,4.700041770935059,4.62773323059082,4.67292594909668,0.041670188307762146,427337
1986-01-13,4.67292594909668,4.736196041107178,4.67292594909668,4.718119144439697,0.042073193937540054,1186585
1986-01-14,4.718119144439697,4.76331090927124,4.709080219268799,4.736196041107178,0.042234379798173904,1331797
1986-01-15,4.736196041107178,4.76331090927124,4.736196041107178,4.754272937774658,0.04239555448293686,146594
1986-01-16,4.754272937774658,4.844657897949219,4.754272937774658,4.826581001281738,0.04304037615656853,4449003
1986-01-17,4.826581001281738,4.889851093292236,4.808504104614258,4.889851093292236,0.043604589998722076,694249
1986-01-20,4.862734794616699,4.862734794616699,4.826581001281738,4.862734794616699,0.04336277022957802,535208
1986-01-21,4.862734794616699,4.898890018463135,4.844657897949219,4.862734794616699,0.04336277022957802,497868
1986-01-22,4.862734794616699,4.880813121795654,4.844657897949219,4.862734794616699,0.04336277022957802,442549
1986-01-23,4.862734794616699,4.862734794616699,4.736196041107178,4.754272937774658,0.04239555448293686,12741270
1986-01-24,4.76331090927124,4.808504104614258,4.76331090927124,4.772349834442139,0.04255678132176399,1034459
1986-01-27,4.772349834442139,4.808504104614258,4.772349834442139,4.772349834442139,0.04255678132176399,627867
1986-01-28,4.772349834442139,4.808504104614258,4.736196041107178,4.754272937774658,0.044906072318553925,810418
1986-01-29,4.754272937774658,4.754272937774658,4.69100284576416,4.736196041107178,0.04473532363772392,1994238
1986-01-30,4.736196041107178,4.817543029785156,4.736196041107178,4.74523401260376,0.04482069984078407,497868
1986-01-31,4.74523401260376,4.916966915130615,4.727157115936279,4.898890018463135,0.04627202823758125,1286159
1986-02-03,4.898890018463135,5.061583042144775,4.853696823120117,5.007351875305176,0.04729649797081947,1640198
1986-02-04,5.007351875305176,5.088698863983154,5.007351875305176,5.079659938812256,0.04797948896884918,1019246
1986-02-05,5.079659938812256,5.097737789154053,5.007351875305176,5.025428771972656,0.04746724292635918,970842
1986-02-06,5.025428771972656,5.061583042144775,4.971198081970215,5.034468173980713,0.04755265265703201,814567
1986-02-07,5.034468173980713,5.052545070648193,4.989274978637695,4.989274978637695,0.04712574556469917,843610
1986-02-10,4.989274978637695,5.061583042144775,4.989274978637695,5.025428771972656,0.04746724292635918,504783
1986-02-11,5.025428771972656,5.061583042144775,5.016390800476074,5.016390800476074,0.04738185182213783,1070416
1986-02-12,5.061583042144775,5.097737789154053,5.061583042144775,5.079659938812256,0.04797948896884918,568399
1986-02-13,5.079659938812256,5.170045852661133,5.070621967315674,5.133892059326172,0.048491716384887695,1544774
1986-02-14,5.133892059326172,5.170045852661133,5.115815162658691,5.170045852661133,0.0488332137465477,1482540
1986-02-18,5.170045852661133,5.224277019500732,5.133892059326172,5.206200122833252,0.04917473718523979,1429987
1986-02-19,5.206200122833252,5.224277019500732,5.097737789154053,5.097737789154053,0.048150233924388885,698398
1986-02-20,5.097737789154053,5.260430812835693,5.079659938812256,5.242353916168213,0.049516189843416214,817333
1986-02-21,5.368894100189209,5.441202163696289,5.368894100189209,5.414085865020752,0.051138296723365784,932119
1986-02-24,5.414085865020752,5.531588077545166,5.377932071685791,5.42312479019165,0.051223643124103546,531059
1986-02-25,5.42312479019165,5.47735595703125,5.3869709968566895,5.4502410888671875,0.05147979408502579,921056
1986-02-26,5.4502410888671875,5.712357997894287,5.432164192199707,5.603896141052246,0.052931126207113266,777227
1986-02-27,5.603896141052246,5.621973037719727,5.513510227203369,5.5587029457092285,0.05250423401594162,735738
1986-02-28,5.5587029457092285,5.621973037719727,5.3508172035217285,5.47735595703125,0.051735926419496536,714994
1986-03-03,5.47735595703125,5.47735595703125,5.3960089683532715,5.441202163696289,0.05139438435435295,1293074
1986-03-04,5.441202163696289,5.468317985534668,5.3960089683532715,5.432164192199707,0.05130903050303459,1118820
1986-03-05,5.432164192199707,5.441202163696289,5.3869709968566895,5.42312479019165,0.051223643124103546,708079
1986-03-06,5.42312479019165,5.42312479019165,5.368894100189209,5.42312479019165,0.051223643124103546,1268180
1986-03-07,5.42312479019165,5.47735595703125,5.377932071685791,5.40504789352417,0.05105289816856384,1270946
1986-03-10,5.40504789352417,5.414085865020752,5.242353916168213,5.278508186340332,0.04985770583152771,925205
1986-03-11,5.2965850830078125,5.414085865020752,5.2965850830078125,5.414085865020752,0.051138296723365784,897545
1986-03-12,5.414085865020752,5.42312479019165,5.368894100189209,5.3960089683532715,0.05096752569079399,1958281
1986-03-13,5.3960089683532715,5.432164192199707,5.3869709968566895,5.40504789352417,0.05105289816856384,869886
1986-03-14,5.42312479019165,5.47735595703125,5.42312479019165,5.47735595703125,0.051735926419496536,1107756
1986-03-17,5.47735595703125,5.47735595703125,5.3960089683532715,5.414085865020752,0.051138296723365784,771695
1986-03-18,5.414085865020752,5.414085865020752,5.278508186340332,5.33273983001709,0.05036989971995354,778610
1986-03-19,5.33273983001709,5.368894100189209,5.2875471115112305,5.314662933349609,0.05019919201731682,637548
1986-03-20,5.314662933349609,5.341777801513672,5.161006927490234,5.1881232261657715,0.0490039587020874,1465944
1986-03-21,5.1881232261657715,5.33273983001709,5.170045852661133,5.170045852661133,0.0488332137465477,1669241
1986-03-24,5.170045852661133,5.414085865020752,5.170045852661133,5.26947021484375,0.049772296100854874,806269
1986-03-25,5.26947021484375,5.278508186340332,5.1881232261657715,5.278508186340332,0.04985770583152771,1553071
1986-03-26,5.33273983001709,5.414085865020752,5.33273983001709,5.368894100189209,0.05071142315864563,1337329
1986-03-27,5.368894100189209,5.42312479019165,5.323700904846191,5.3869709968566895,0.05088216811418533,1182436
1986-03-31,5.3869709968566895,5.441202163696289,5.3869709968566895,5.42312479019165,0.051223643124103546,980523
1986-04-01,5.42312479019165,5.486394882202148,5.42312479019165,5.486394882202148,0.05182123929262161,1067650
1986-04-02,5.468317985534668,5.468317985534668,5.3869709968566895,5.3960089683532715,0.05096752569079399,532442
1986-04-03,5.3960089683532715,5.414085865020752,4.971198081970215,5.151968955993652,0.04866248741745949,1211479
1986-04-04,5.151968955993652,5.278508186340332,5.151968955993652,5.206200122833252,0.04917473718523979,1445200
1986-04-07,5.206200122833252,5.233315944671631,5.206200122833252,5.224277019500732,0.0493454709649086,484038
1986-04-08,5.251392841339111,5.2965850830078125,5.251392841339111,5.2965850830078125,0.05002843961119652,503400
1986-04-09,5.2965850830078125,5.314662933349609,5.224277019500732,5.251392841339111,0.04960158094763756,1684453
1986-04-10,5.251392841339111,5.2965850830078125,5.224277019500732,5.242353916168213,0.049516189843416214,1042757
1986-04-11,5.242353916168213,5.251392841339111,5.21523904800415,5.233315944671631,0.04943082481622696,1741155
1986-04-14,5.233315944671631,5.323700904846191,5.21523904800415,5.278508186340332,0.04985770583152771,1087012
1986-04-15,5.278508186340332,5.323700904846191,5.206200122833252,5.21523904800415,0.04926004633307457,799355
1986-04-16,5.21523904800415,5.260430812835693,5.170045852661133,5.206200122833252,0.04917473718523979,1788176
1986-04-17,5.206200122833252,5.224277019500732,5.133892059326172,5.179083824157715,0.048918597400188446,1353924
1986-04-18,5.179083824157715,5.260430812835693,5.161006927490234,5.251392841339111,0.04960158094763756,731589
1986-04-21,5.260430812835693,5.341777801513672,5.260430812835693,5.314662933349609,0.05019919201731682,768929
1986-04-22,5.314662933349609,5.33273983001709,5.251392841339111,5.33273983001709,0.05036989971995354,1022012
1986-04-23,5.33273983001709,5.33273983001709,5.2965850830078125,5.323700904846191,0.05028453841805458,3241673
1986-04-24,5.323700904846191,5.341777801513672,5.2875471115112305,5.305624008178711,0.05011381208896637,542123
1986-04-25,5.305624008178711,5.341777801513672,5.2875471115112305,5.305624008178711,0.05011381208896637,367869
1986-04-28,5.305624008178711,5.341777801513672,5.2965850830078125,5.2965850830078125,0.05002843961119652,394145
1986-04-29,5.2965850830078125,5.2965850830078125,5.1881232261657715,5.224277019500732,0.05196293443441391,706696
1986-04-30,5.170045852661133,5.170045852661133,5.133892059326172,5.161006927490234,0.051333632320165634,1153394
1986-05-01,5.161006927490234,5.224277019500732,5.097737789154053,5.224277019500732,0.05196293443441391,1620837
1986-05-02,5.224277019500732,5.242353916168213,5.133892059326172,5.151968955993652,0.05124373361468315,698398
1986-05-05,5.151968955993652,5.224277019500732,5.133892059326172,5.161006927490234,0.051333632320165634,477123
1986-05-06,5.161006927490234,5.179083824157715,5.151968955993652,5.151968955993652,0.05124373361468315,4244324
1986-05-07,5.151968955993652,5.179083824157715,5.115815162658691,5.133892059326172,0.05106391757726669,1246053
1986-05-08,5.133892059326172,5.3960089683532715,5.061583042144775,5.061583042144775,0.05034470558166504,1197649
1986-05-09,5.061583042144775,5.061583042144775,4.971198081970215,5.061583042144775,0.05034470558166504,1557220
1986-05-12,5.061583042144775,5.079659938812256,4.926004886627197,4.926004886627197,0.04899619519710541,1270946
1986-05-13,4.926004886627197,4.971198081970215,4.844657897949219,4.871774196624756,0.04845680296421051,3244439
1986-05-14,4.871774196624756,4.898890018463135,4.844657897949219,4.862734794616699,0.04836687445640564,2731359
1986-05-15,4.862734794616699,4.880813121795654,4.817543029785156,4.835619926452637,0.048097193241119385,2279129
1986-05-16,4.835619926452637,4.844657897949219,4.817543029785156,4.826581001281738,0.048007287085056305,1340095
1986-05-19,4.826581001281738,4.844657897949219,4.826581001281738,4.835619926452637,0.048097193241119385,785525
1986-05-20,4.835619926452637,4.926004886627197,4.826581001281738,4.916966915130615,0.048906274139881134,1091161
1986-05-21,4.916966915130615,5.016390800476074,4.907927989959717,4.980236053466797,0.04953562095761299,797972
1986-05-22,4.980236053466797,5.142930030822754,4.980236053466797,5.097737789154053,0.050704337656497955,1756367
1986-05-23,5.106776237487793,5.1971611976623535,5.106776237487793,5.1881232261657715,0.05160332843661308,1199032
1986-05-27,5.1881232261657715,5.21523904800415,5.170045852661133,5.206200122833252,0.05178312957286835,976374
1986-05-28,5.206200122833252,5.224277019500732,5.151968955993652,5.170045852661133,0.051423512399196625,1165841
1986-05-29,5.170045852661133,5.1881232261657715,5.097737789154053,5.133892059326172,0.05106391757726669,1348392
1986-05-30,5.133892059326172,5.1881232261657715,5.061583042144775,5.133892059326172,0.05106391757726669,1161692
1986-06-02,5.124853134155273,5.124853134155273,5.088698863983154,5.115815162658691,0.05088413879275322,1572433
1986-06-03,5.115815162658691,5.133892059326172,5.097737789154053,5.133892059326172,0.05106391757726669,625101
1986-06-04,5.133892059326172,5.1881232261657715,5.133892059326172,5.170045852661133,0.051423512399196625,1673389
1986-06-05,5.170045852661133,5.170045852661133,5.034468173980713,5.133892059326172,0.05106391757726669,484038
1986-06-06,5.133892059326172,5.1881232261657715,5.115815162658691,5.161006927490234,0.051333632320165634,561484
1986-06-09,5.161006927490234,5.170045852661133,5.061583042144775,5.061583042144775,0.05034470558166504,2185087
1986-06-10,5.061583042144775,5.070621967315674,4.898890018463135,4.944081783294678,0.04917597770690918,970842
1986-06-11,4.944081783294678,4.971198081970215,4.935043811798096,4.944081783294678,0.04917597770690918,1561369
1986-06-12,4.944081783294678,4.971198081970215,4.926004886627197,4.962159156799316,0.04935578629374504,847758
1986-06-13,4.971198081970215,5.016390800476074,4.971198081970215,4.989274978637695,0.04962548986077309,948715
1986-06-16,4.989274978637695,5.007351875305176,4.916966915130615,4.971198081970215,0.04944569990038872,514464
1986-06-17,4.971198081970215,4.980236053466797,4.907927989959717,4.907927989959717,0.048816386610269547,648611
1986-06-18,4.907927989959717,4.926004886627197,4.871774196624756,4.871774196624756,0.04845680296421051,583612
1986-06-19,4.871774196624756,4.907927989959717,4.862734794616699,4.862734794616699,0.04836687445640564,1193500
1986-06-20,4.862734794616699,4.898890018463135,4.862734794616699,4.898890018463135,0.04872646555304527,1237755
1986-06-23,4.898890018463135,4.971198081970215,4.880813121795654,4.916966915130615,0.048906274139881134,1396796
1986-06-24,4.916966915130615,4.926004886627197,4.880813121795654,4.907927989959717,0.048816386610269547,1233606
1986-06-25,4.907927989959717,4.944081783294678,4.880813121795654,4.907927989959717,0.048816386610269547,1178287
1986-06-26,4.907927989959717,4.907927989959717,4.862734794616699,4.889851093292236,0.04863657057285309,1248819
1986-06-27,4.898890018463135,4.953121185302734,4.898890018463135,4.916966915130615,0.048906274139881134,614037
1986-06-30,4.916966915130615,4.962159156799316,4.898890018463135,4.935043811798096,0.0490860678255558,880950
1986-07-01,4.935043811798096,4.989274978637695,4.935043811798096,4.962159156799316,0.04935578629374504,2339979
1986-07-02,4.953121185302734,4.953121185302734,4.916966915130615,4.916966915130615,0.048906274139881134,1005417
1986-07-03,4.916966915130615,4.971198081970215,4.916966915130615,4.926004886627197,0.04899619519710541,999885
1986-07-07,4.926004886627197,4.962159156799316,4.916966915130615,4.944081783294678,0.04917597770690918,926588
1986-07-08,4.898890018463135,4.898890018463135,4.808504104614258,4.844657897949219,0.04818708077073097,1131267
1986-07-09,4.844657897949219,4.916966915130615,4.826581001281738,4.916966915130615,0.048906274139881134,414890
1986-07-10,4.898890018463135,4.898890018463135,4.681964874267578,4.835619926452637,0.048097193241119385,1485306
1986-07-11,4.835619926452637,4.835619926452637,4.790427207946777,4.808504104614258,0.047827478498220444,889247
1986-07-14,4.799466133117676,4.799466133117676,4.76331090927124,4.772349834442139,0.04746786132454872,464677
1986-07-15,4.754272937774658,4.772349834442139,4.62773323059082,4.654849052429199,0.04629914462566376,3290077
1986-07-16,4.654849052429199,4.76331090927124,4.654849052429199,4.69100284576416,0.046658746898174286,868503
1986-07-17,4.67292594909668,4.76331090927124,4.67292594909668,4.76331090927124,0.047377970069646835,742653
1986-07-18,4.727157115936279,4.772349834442139,4.681964874267578,4.681964874267578,0.0465688519179821,2540509
1986-07-21,4.663887977600098,4.663887977600098,4.636772155761719,4.663887977600098,0.04638906195759773,1678921
1986-07-22,4.681964874267578,4.681964874267578,4.645810127258301,4.663887977600098,0.04638906195759773,547655
1986-07-23,4.663887977600098,4.67292594909668,4.6006178855896,4.6006178855896,0.04575974494218826,1351158
1986-07-24,4.55542516708374,4.582540988922119,4.55542516708374,4.564464092254639,0.04540013521909714,1745304
1986-07-25,4.582540988922119,4.654849052429199,4.573502063751221,4.636772155761719,0.04611935093998909,1146479
1986-07-28,4.636772155761719,4.663887977600098,4.61869478225708,4.62773323059082,0.04602944850921631,927970
1986-07-29,4.6006178855896,4.61869478225708,4.591578960418701,4.6006178855896,0.04855930060148239,1517114
1986-07-30,4.591578960418701,4.609655857086182,4.55542516708374,4.591578960418701,0.048463910818099976,2705082
1986-07-31,4.573502063751221,4.609655857086182,4.573502063751221,4.6006178855896,0.04855930060148239,3453267
1986-08-01,4.609655857086182,4.67292594909668,4.591578960418701,4.67292594909668,0.049322523176670074,991587
1986-08-04,4.654849052429199,4.754272937774658,4.645810127258301,4.754272937774658,0.050181109458208084,1518497
1986-08-05,4.736196041107178,4.826581001281738,4.718119144439697,4.781389236450195,0.050467345863580704,460528
1986-08-06,4.772349834442139,4.772349834442139,4.718119144439697,4.736196041107178,0.04999034106731415,2692636
1986-08-07,4.736196041107178,4.826581001281738,4.718119144439697,4.781389236450195,0.050467345863580704,926588
1986-08-08,4.781389236450195,4.817543029785156,4.781389236450195,4.799466133117676,0.050658129155635834,363720
1986-08-11,4.808504104614258,4.898890018463135,4.808504104614258,4.880813121795654,0.05151675269007683,517229
1986-08-12,4.898890018463135,4.944081783294678,4.862734794616699,4.926004886627197,0.051993731409311295,1125735
1986-08-13,4.898890018463135,5.170045852661133,4.898890018463135,5.088698863983154,0.05371098965406418,1890515
1986-08-14,5.088698863983154,5.088698863983154,4.971198081970215,5.025428771972656,0.053043149411678314,2200300
1986-08-15,5.016390800476074,5.088698863983154,4.998313903808594,5.070621967315674,0.05352018401026726,576697
1986-08-18,5.097737789154053,5.142930030822754,5.070621967315674,5.106776237487793,0.053901806473731995,854673
1986-08-19,5.088698863983154,5.106776237487793,5.007351875305176,5.007351875305176,0.05285235494375229,1026161
1986-08-20,5.007351875305176,5.052545070648193,4.998313903808594,5.034468173980713,0.05313859134912491,833929
1986-08-21,4.998313903808594,4.998313903808594,4.862734794616699,4.862734794616699,0.0513259656727314,1099458
1986-08-22,4.853696823120117,4.898890018463135,4.817543029785156,4.880813121795654,0.05151675269007683,926588
1986-08-25,4.898890018463135,4.962159156799316,4.844657897949219,4.944081783294678,0.0521845705807209,405209
1986-08-26,4.962159156799316,5.097737789154053,4.962159156799316,5.034468173980713,0.05313859134912491,1205947
1986-08-27,5.016390800476074,5.016390800476074,4.916966915130615,4.980236053466797,0.05256616696715355,645845
1986-08-28,4.998313903808594,5.025428771972656,4.953121185302734,5.025428771972656,0.053043149411678314,1004034
1986-08-29,5.043506145477295,5.133892059326172,5.034468173980713,5.097737789154053,0.0538063570857048,344359
1986-09-02,5.097737789154053,5.151968955993652,5.034468173980713,5.151968955993652,0.05437879636883736,1084246
1986-09-03,5.151968955993652,5.151968955993652,5.097737789154053,5.124853134155273,0.05409257858991623,643079
1986-09-04,5.124853134155273,5.161006927490234,5.079659938812256,5.161006927490234,0.05447421222925186,460528
1986-09-05,5.151968955993652,5.170045852661133,5.079659938812256,5.097737789154053,0.0538063570857048,766163
1986-09-08,5.079659938812256,5.124853134155273,5.043506145477295,5.061583042144775,0.053424764424562454,1792325
1986-09-09,5.079659938812256,5.224277019500732,5.079659938812256,5.206200122833252,0.05495116487145424,927970
1986-09-10,5.224277019500732,5.224277019500732,5.142930030822754,5.1881232261657715,0.0547604039311409,662441
1986-09-11,5.151968955993652,5.170045852661133,4.862734794616699,4.935043811798096,0.052089180797338486,1938919
1986-09-12,4.880813121795654,4.907927989959717,4.718119144439697,4.772349834442139,0.050371937453746796,2161577
1986-09-15,4.772349834442139,4.826581001281738,4.69100284576416,4.808504104614258,0.05075352266430855,817333
1986-09-16,4.781389236450195,4.835619926452637,4.754272937774658,4.772349834442139,0.050371937453746796,832546
1986-09-17,4.772349834442139,4.889851093292236,4.76331090927124,4.826581001281738,0.05094430595636368,1349775
1986-09-18,4.826581001281738,4.862734794616699,4.799466133117676,4.826581001281738,0.05094430595636368,777227
1986-09-19,4.826581001281738,4.871774196624756,4.808504104614258,4.871774196624756,0.051421329379081726,867120
1986-09-22,4.880813121795654,4.971198081970215,4.880813121795654,4.971198081970215,0.05247076600790024,488187
1986-09-23,5.043506145477295,5.061583042144775,4.998313903808594,5.007351875305176,0.05285235494375229,861588
1986-09-24,4.989274978637695,5.061583042144775,4.916966915130615,4.962159156799316,0.05237536132335663,365103
1986-09-25,4.953121185302734,4.953121185302734,4.916966915130615,4.916966915130615,0.05189834162592888,755100
1986-09-26,4.935043811798096,5.088698863983154,4.935043811798096,5.061583042144775,0.053424764424562454,699781
1986-09-29,5.043506145477295,5.043506145477295,4.935043811798096,4.971198081970215,0.05247076600790024,756483
1986-09-30,4.953121185302734,4.989274978637695,4.898890018463135,4.935043811798096,0.052089180797338486,896162
1986-10-01,4.880813121795654,4.998313903808594,4.880813121795654,4.998313903808594,0.05275696516036987,600207
1986-10-02,4.926004886627197,5.007351875305176,4.926004886627197,4.989274978637695,0.05266157165169716,583612
1986-10-03,4.971198081970215,5.007351875305176,4.962159156799316,4.962159156799316,0.05237536132335663,356805
1986-10-06,4.962159156799316,5.025428771972656,4.962159156799316,5.025428771972656,0.053043149411678314,222658
1986-10-07,5.025428771972656,5.097737789154053,5.025428771972656,5.097737789154053,0.0538063570857048,691483
1986-10-08,5.079659938812256,5.115815162658691,5.070621967315674,5.097737789154053,0.0538063570857048,607122
1986-10-09,5.061583042144775,5.097737789154053,5.061583042144775,5.061583042144775,0.053424764424562454,616803
1986-10-10,5.061583042144775,5.079659938812256,5.025428771972656,5.025428771972656,0.053043149411678314,524144
1986-10-13,5.025428771972656,5.043506145477295,5.007351875305176,5.043506145477295,0.053233977407217026,272444
1986-10-14,5.016390800476074,5.088698863983154,5.016390800476074,5.088698863983154,0.05371098965406418,690100
1986-10-15,5.070621967315674,5.124853134155273,5.070621967315674,5.097737789154053,0.0538063570857048,691483
1986-10-16,5.115815162658691,5.206200122833252,5.097737789154053,5.1881232261657715,0.0547604039311409,1067650
1986-10-17,5.170045852661133,5.1971611976623535,5.115815162658691,5.161006927490234,0.05447421222925186,1550305
1986-10-20,5.142930030822754,5.142930030822754,5.061583042144775,5.070621967315674,0.05352018401026726,745419
1986-10-21,5.088698863983154,5.088698863983154,5.025428771972656,5.034468173980713,0.05313859134912491,356805
1986-10-22,5.016390800476074,5.025428771972656,4.962159156799316,5.025428771972656,0.053043149411678314,2492106
1986-10-23,5.097737789154053,5.278508186340332,5.097737789154053,5.251392841339111,0.05542818456888199,2269448
1986-10-24,5.251392841339111,5.251392841339111,5.1881232261657715,5.1881232261657715,0.0547604039311409,898928
1986-10-27,5.1881232261657715,5.21523904800415,5.170045852661133,5.1971611976623535,0.054855816066265106,503400
1986-10-28,5.260430812835693,5.278508186340332,5.1881232261657715,5.260430812835693,0.05852818489074707,2472744
1986-10-29,5.260430812835693,5.278508186340332,5.242353916168213,5.26947021484375,0.05862874910235405,554570
1986-10-30,5.2965850830078125,5.33273983001709,5.260430812835693,5.314662933349609,0.05913156270980835,905843
1986-10-31,5.33273983001709,5.3508172035217285,5.314662933349609,5.341777801513672,0.05943324416875839,969459
1986-11-03,5.3869709968566895,5.40504789352417,5.314662933349609,5.40504789352417,0.06013720482587814,1493604
1986-11-04,5.40504789352417,5.4592790603637695,5.377932071685791,5.432164192199707,0.060438890010118484,1308286
1986-11-05,5.40504789352417,5.4502410888671875,5.368894100189209,5.40504789352417,0.06013720482587814,1225308
1986-11-06,5.40504789352417,5.531588077545166,5.368894100189209,5.504471778869629,0.061243411153554916,1305520
1986-11-07,5.567741870880127,5.585818767547607,5.47735595703125,5.4954328536987305,0.06114285811781883,1109139
1986-11-10,5.47735595703125,5.4954328536987305,5.4592790603637695,5.47735595703125,0.06094171851873398,384465
1986-11-11,5.441202163696289,5.4502410888671875,5.414085865020752,5.441202163696289,0.06053948029875755,461911
1986-11-12,5.4592790603637695,5.486394882202148,5.3960089683532715,5.42312479019165,0.06033836305141449,1810303
1986-11-13,5.42312479019165,5.432164192199707,5.368894100189209,5.377932071685791,0.05983554571866989,1205947
1986-11-14,5.3508172035217285,5.3508172035217285,5.314662933349609,5.314662933349609,0.05913156270980835,748185
1986-11-17,5.278508186340332,5.305624008178711,5.242353916168213,5.242353916168213,0.05832705274224281,1366371
1986-11-18,5.260430812835693,5.260430812835693,5.133892059326172,5.133892059326172,0.05712028965353966,1087012
1986-11-19,5.151968955993652,5.206200122833252,5.079659938812256,5.1881232261657715,0.05772371217608452,2185087
1986-11-20,5.1881232261657715,5.3508172035217285,5.1881232261657715,5.3508172035217285,0.05953385308384895,1045523
1986-11-21,5.3508172035217285,5.522549152374268,5.33273983001709,5.513510227203369,0.06134400516748428,1651262
1986-11-24,5.4954328536987305,5.531588077545166,5.441202163696289,5.47735595703125,0.06094171851873398,800738
1986-11-25,5.504471778869629,5.594857215881348,5.468317985534668,5.567741870880127,0.06194736808538437,1276478
1986-11-26,5.531588077545166,5.603896141052246,5.531588077545166,5.567741870880127,0.06194736808538437,716377
1986-11-28,5.567741870880127,5.603896141052246,5.5587029457092285,5.585818767547607,0.06214849278330803,543506
1986-12-01,5.603896141052246,5.730434894561768,5.4954328536987305,5.712357997894287,0.06355639547109604,1118820
1986-12-02,5.685243129730225,5.739473819732666,5.603896141052246,5.712357997894287,0.06355639547109604,1342860
1986-12-03,5.694281101226807,5.775628089904785,5.685243129730225,5.730434894561768,0.06375752389431,1754984
1986-12-04,5.712357997894287,5.712357997894287,5.567741870880127,5.585818767547607,0.06214849278330803,4323153
1986-12-05,5.567741870880127,5.594857215881348,5.47735595703125,5.513510227203369,0.06134400516748428,7022704
1986-12-08,5.4592790603637695,5.531588077545166,5.40504789352417,5.468317985534668,0.06084116920828819,1008183
1986-12-09,5.4592790603637695,5.504471778869629,5.40504789352417,5.42312479019165,0.06033836305141449,1107756
1986-12-10,5.3869709968566895,5.567741870880127,5.3869709968566895,5.540626049041748,0.061645690351724625,3740924
1986-12-11,5.531588077545166,5.531588077545166,5.3869709968566895,5.3869709968566895,0.05993610620498657,731589
1986-12-12,5.4954328536987305,5.4954328536987305,5.468317985534668,5.4954328536987305,0.06114285811781883,1381583
1986-12-15,5.47735595703125,5.486394882202148,5.4592790603637695,5.486394882202148,0.06104227900505066,958396
1986-12-16,5.468317985534668,5.513510227203369,5.468317985534668,5.504471778869629,0.061243411153554916,1824133
1986-12-17,5.4954328536987305,5.504471778869629,5.377932071685791,5.3869709968566895,0.05993610620498657,2265299
1986-12-18,5.3960089683532715,5.42312479019165,5.3869709968566895,5.3960089683532715,0.06003665551543236,1663709
1986-12-19,5.414085865020752,5.631011009216309,5.40504789352417,5.631011009216309,0.06265131384134293,2031578
1986-12-22,5.5587029457092285,5.631011009216309,5.486394882202148,5.5587029457092285,0.06184680759906769,788291
1986-12-23,5.522549152374268,5.5587029457092285,5.47735595703125,5.47735595703125,0.06094171851873398,1323499
1986-12-24,5.4592790603637695,5.486394882202148,5.441202163696289,5.4592790603637695,0.06074059382081032,561484
1986-12-26,5.468317985534668,5.468317985534668,5.432164192199707,5.441202163696289,0.06053948029875755,244785
1986-12-29,5.42312479019165,5.4502410888671875,5.40504789352417,5.40504789352417,0.06013720482587814,634782
1986-12-30,5.3869709968566895,5.3960089683532715,5.314662933349609,5.314662933349609,0.05913156270980835,727440
1986-12-31,5.314662933349609,5.368894100189209,5.278508186340332,5.33273983001709,0.059332702308893204,555953
1987-01-02,5.314662933349609,5.414085865020752,5.314662933349609,5.414085865020752,0.06023775786161423,384465
1987-01-05,5.47735595703125,5.5496649742126465,5.4592790603637695,5.504471778869629,0.061243411153554916,832546
1987-01-06,5.585818767547607,5.603896141052246,5.504471778869629,5.531588077545166,0.061545129865407944,807652
1987-01-07,5.531588077545166,5.603896141052246,5.531588077545166,5.567741870880127,0.06194736808538437,266913
1987-01-08,5.585818767547607,5.603896141052246,5.567741870880127,5.585818767547607,0.06214849278330803,757866
1987-01-09,5.576779842376709,5.676204204559326,5.576779842376709,5.603896141052246,0.0623495876789093,1425838
1987-01-12,5.621973037719727,5.640049934387207,5.585818767547607,5.594857215881348,0.06224900111556053,311167
1987-01-13,5.567741870880127,5.567741870880127,5.513510227203369,5.522549152374268,0.061444543302059174,1026161
1987-01-14,5.47735595703125,5.513510227203369,5.4592790603637695,5.4954328536987305,0.06114285811781883,1446583
1987-01-15,5.513510227203369,5.576779842376709,5.504471778869629,5.576779842376709,0.062047891318798065,3277631
1987-01-16,5.585818767547607,5.667166233062744,5.567741870880127,5.667166233062744,0.06305356323719025,1840728
1987-01-19,5.6490888595581055,5.748513221740723,5.612934112548828,5.7213969230651855,0.06365693360567093,539357
1987-01-20,5.730434894561768,5.875051975250244,5.730434894561768,5.847936153411865,0.06506484001874924,1724559
1987-01-21,5.802743911743164,5.856975078582764,5.640049934387207,5.640049934387207,0.06275186687707901,3786562
1987-01-22,5.667166233062744,5.8208208084106445,5.6490888595581055,5.8208208084106445,0.06476317346096039,2241789
1987-01-23,5.875051975250244,6.064860820770264,5.838898181915283,5.875051975250244,0.06536651402711868,6367178
1987-01-26,5.893128871917725,5.893128871917725,5.712357997894287,5.847936153411865,0.06506484001874924,1053820
1987-01-27,5.847936153411865,6.037745952606201,5.847936153411865,6.037745952606201,0.0671766847372055,3474012
1987-01-28,6.128130912780762,6.13716983795166,5.929283142089844,5.965437889099121,0.06637216359376907,1252968
1987-01-29,5.947360038757324,5.983514785766602,5.712357997894287,5.838898181915283,0.06496427208185196,1604241
1987-01-30,5.856975078582764,5.856975078582764,5.676204204559326,5.784667015075684,0.06436089426279068,695632
1987-02-02,5.766590118408203,5.766590118408203,5.640049934387207,5.730434894561768,0.06375752389431,3023165
1987-02-03,5.739473819732666,5.802743911743164,5.7213969230651855,5.739473819732666,0.0669764056801796,2117322
1987-02-04,5.757551193237305,5.793704986572266,5.703320026397705,5.793704986572266,0.06760923564434052,1158926
1987-02-05,5.847936153411865,5.929283142089844,5.8208208084106445,5.884090900421143,0.06866400688886642,3381353
1987-02-06,5.902167797088623,5.920245170593262,5.793704986572266,5.793704986572266,0.06760923564434052,1566901
1987-02-09,5.811781883239746,5.983514785766602,5.811781883239746,5.920245170593262,0.06908588111400604,677654
1987-02-10,5.965437889099121,6.00159215927124,5.920245170593262,5.929283142089844,0.06919136643409729,1429987
1987-02-11,5.947360038757324,5.992553234100342,5.929283142089844,5.983514785766602,0.0698242336511612,1127118
1987-02-12,5.983514785766602,6.037745952606201,5.974475860595703,5.983514785766602,0.0698242336511612,894779
1987-02-13,5.965437889099121,6.00159215927124,5.965437889099121,5.992553234100342,0.06992966681718826,1254351
1987-02-17,6.00159215927124,6.091977119445801,5.992553234100342,6.07390022277832,0.07087898254394531,1064884
1987-02-18,6.146207809448242,6.200439929962158,6.07390022277832,6.146207809448242,0.07172274589538574,1373286
1987-02-19,6.13716983795166,6.13716983795166,6.055822849273682,6.110054016113281,0.07130084186792374,584995
1987-02-20,6.091977119445801,6.13716983795166,6.064860820770264,6.110054016113281,0.07130084186792374,651377
1987-02-23,6.07390022277832,6.091977119445801,5.929283142089844,6.037745952606201,0.07045705616474152,521378
1987-02-24,6.055822849273682,6.07390022277832,6.019669055938721,6.064860820770264,0.07077347487211227,394145
1987-02-25,6.064860820770264,6.091977119445801,6.019669055938721,6.07390022277832,0.07087898254394531,636165
1987-02-26,6.07390022277832,6.07390022277832,5.947360038757324,5.974475860595703,0.06971872597932816,871269
1987-02-27,5.992553234100342,5.992553234100342,5.947360038757324,5.947360038757324,0.0694022923707962,604356
1987-03-02,5.929283142089844,6.110054016113281,5.911205768585205,6.110054016113281,0.07130084186792374,1558603
1987-03-03,6.128130912780762,6.128130912780762,6.037745952606201,6.037745952606201,0.07045705616474152,1192117
1987-03-04,6.019669055938721,6.110054016113281,6.019669055938721,6.082939147949219,0.07098442316055298,1182436
1987-03-05,6.082939147949219,6.091977119445801,6.046783924102783,6.07390022277832,0.07087898254394531,915524
1987-03-06,6.07390022277832,6.082939147949219,5.992553234100342,5.992553234100342,0.06992966681718826,1158926
1987-03-09,5.956398963928223,6.091977119445801,5.956398963928223,6.010630130767822,0.07014060020446777,1698283
1987-03-10,6.028707027435303,6.028707027435303,6.00159215927124,6.00159215927124,0.0700351819396019,1306903
1987-03-11,6.019669055938721,6.037745952606201,6.00159215927124,6.00159215927124,0.0700351819396019,526910
1987-03-12,6.019669055938721,6.019669055938721,5.929283142089844,5.929283142089844,0.06919136643409729,1898813
1987-03-13,5.911205768585205,5.929283142089844,5.884090900421143,5.911205768585205,0.06898041814565659,464677
1987-03-16,5.911205768585205,5.911205768585205,5.8208208084106445,5.8208208084106445,0.06792568415403366,1081480
1987-03-17,5.838898181915283,5.911205768585205,5.802743911743164,5.875051975250244,0.06855849921703339,2684338
1987-03-18,5.893128871917725,5.893128871917725,5.802743911743164,5.838898181915283,0.06813661009073257,1660943
1987-03-19,5.784667015075684,5.838898181915283,5.784667015075684,5.829858779907227,0.06803113222122192,731589
1987-03-20,5.847936153411865,5.847936153411865,5.784667015075684,5.829858779907227,0.06803113222122192,2472744
1987-03-23,5.847936153411865,5.902167797088623,5.847936153411865,5.884090900421143,0.06866400688886642,2160194
1987-03-24,5.902167797088623,5.920245170593262,5.838898181915283,5.856975078582764,0.06834758073091507,705313
1987-03-25,5.856975078582764,5.856975078582764,5.802743911743164,5.838898181915283,0.06813661009073257,925205
1987-03-26,5.829858779907227,5.875051975250244,5.793704986572266,5.793704986572266,0.06760923564434052,1203181
1987-03-27,5.811781883239746,5.8208208084106445,5.793704986572266,5.793704986572266,0.06760923564434052,2353809
1987-03-30,5.712357997894287,5.7213969230651855,5.6581268310546875,5.712357997894287,0.06665998697280884,1618071
1987-03-31,5.694281101226807,5.775628089904785,5.685243129730225,5.748513221740723,0.06708189845085144,1865622
1987-04-01,5.694281101226807,5.775628089904785,5.685243129730225,5.730434894561768,0.06687094271183014,1685836
1987-04-02,5.712357997894287,5.757551193237305,5.694281101226807,5.703320026397705,0.0665544793009758,1438285
1987-04-03,5.7213969230651855,5.7213969230651855,5.6490888595581055,5.676204204559326,0.06623807549476624,1337329
1987-04-06,5.694281101226807,5.775628089904785,5.694281101226807,5.766590118408203,0.06729280203580856,1268180
1987-04-07,5.784667015075684,5.893128871917725,5.784667015075684,5.811781883239746,0.06782018393278122,818716
1987-04-08,5.811781883239746,5.8208208084106445,5.775628089904785,5.775628089904785,0.06739825755357742,567016
1987-04-09,5.766590118408203,5.802743911743164,5.748513221740723,5.766590118408203,0.06729280203580856,3352311
1987-04-10,5.712357997894287,5.739473819732666,5.712357997894287,5.730434894561768,0.06687094271183014,619569
1987-04-13,5.676204204559326,5.730434894561768,5.4954328536987305,5.4954328536987305,0.06412859261035919,1023395
1987-04-14,5.4954328536987305,5.4954328536987305,5.26947021484375,5.2965850830078125,0.06180812790989876,2056471
1987-04-15,5.33273983001709,5.513510227203369,5.33273983001709,5.486394882202148,0.06402311474084854,1633283
1987-04-16,5.486394882202148,5.504471778869629,5.4592790603637695,5.504471778869629,0.06423405557870865,1099458
1987-04-20,5.522549152374268,5.5587029457092285,5.4954328536987305,5.531588077545166,0.06455051898956299,1814452
1987-04-21,5.531588077545166,5.739473819732666,5.531588077545166,5.730434894561768,0.06687094271183014,2573701
1987-04-22,5.739473819732666,5.856975078582764,5.7213969230651855,5.766590118408203,0.06729280203580856,1988706
1987-04-23,5.775628089904785,5.911205768585205,5.775628089904785,5.866014003753662,0.06845306605100632,1319350
1987-04-24,5.847936153411865,5.911205768585205,5.8208208084106445,5.847936153411865,0.06824208050966263,1034459
1987-04-27,5.802743911743164,5.965437889099121,5.775628089904785,5.947360038757324,0.0694022923707962,1539242
1987-04-28,6.13716983795166,6.164285182952881,5.929283142089844,6.13716983795166,0.07587318122386932,1389881
1987-04-29,6.218516826629639,6.308901786804199,6.182363033294678,6.19140100479126,0.07654362916946411,2021897
1987-04-30,6.173324108123779,6.19140100479126,6.110054016113281,6.155247211456299,0.07609666138887405,591910
1987-05-01,6.146207809448242,6.155247211456299,6.064860820770264,6.064860820770264,0.07497920840978622,713611
1987-05-04,6.046783924102783,6.13716983795166,6.037745952606201,6.128130912780762,0.07576142251491547,614037
1987-05-05,6.110054016113281,6.28178596496582,6.110054016113281,6.245632171630859,0.07721404731273651,933502
1987-05-06,6.317941188812256,6.6342902183532715,6.317941188812256,6.5800580978393555,0.08134851604700089,3395183
1987-05-07,6.598134994506836,6.598134994506836,6.435441970825195,6.516788959503174,0.08056637644767761,4537513
1987-05-08,6.507750034332275,6.5800580978393555,6.489673137664795,6.561981201171875,0.08112507313489914,1507433
1987-05-11,6.5800580978393555,6.796982765197754,6.5800580978393555,6.652367115020752,0.08224251866340637,2212746
1987-05-12,6.5800580978393555,6.598134994506836,6.345056056976318,6.390248775482178,0.07900198549032211,2111790
1987-05-13,6.399288177490234,6.399288177490234,6.20947790145874,6.20947790145874,0.07676710933446884,1658177
1987-05-14,6.227554798126221,6.236594200134277,6.182363033294678,6.218516826629639,0.07687884569168091,876801
1987-05-15,6.236594200134277,6.236594200134277,6.173324108123779,6.182363033294678,0.07643194496631622,474357
1987-05-18,6.091977119445801,6.200439929962158,6.037745952606201,6.200439929962158,0.07665537297725677,1046906
1987-05-19,6.182363033294678,6.182363033294678,6.110054016113281,6.110054016113281,0.07553789764642715,488187
1987-05-20,6.055822849273682,6.110054016113281,6.010630130767822,6.07390022277832,0.07509095221757889,2230725
1987-05-21,6.091977119445801,6.146207809448242,6.07390022277832,6.110054016113281,0.07553789764642715,1398179
1987-05-22,6.091977119445801,6.317941188812256,6.091977119445801,6.317941188812256,0.07810799032449722,1229457
1987-05-26,6.345056056976318,6.507750034332275,6.345056056976318,6.399288177490234,0.07911365479230881,618186
1987-05-27,6.399288177490234,6.471595764160156,6.381209850311279,6.435441970825195,0.07956065237522125,1135415
1987-05-28,6.453518867492676,6.507750034332275,6.435441970825195,6.498711109161377,0.08034291863441467,921056
1987-05-29,6.516788959503174,6.543903827667236,6.507750034332275,6.507750034332275,0.08045461773872375,955630
1987-06-01,6.507750034332275,6.543903827667236,6.453518867492676,6.543903827667236,0.0809016078710556,445315
1987-06-02,6.525826930999756,6.534865856170654,6.435441970825195,6.453518867492676,0.07978416979312897,438400
1987-06-03,6.489673137664795,6.571020126342773,6.489673137664795,6.543903827667236,0.0809016078710556,835312
1987-06-04,6.543903827667236,6.543903827667236,6.417365074157715,6.534865856170654,0.08078982681035995,862971
1987-06-05,6.516788959503174,6.516788959503174,6.435441970825195,6.462556838989258,0.07989589869976044,226806
1987-06-08,6.444479942321777,6.498711109161377,6.417365074157715,6.489673137664795,0.08023110032081604,643079
1987-06-09,6.498711109161377,6.534865856170654,6.489673137664795,6.534865856170654,0.08078982681035995,1731474
1987-06-10,6.543903827667236,6.571020126342773,6.507750034332275,6.507750034332275,0.08045461773872375,1010948
1987-06-11,6.489673137664795,6.498711109161377,6.462556838989258,6.489673137664795,0.08023110032081604,326380
1987-06-12,6.498711109161377,6.688520908355713,6.498711109161377,6.688520908355713,0.08268947899341583,962545
1987-06-15,6.688520908355713,6.778905868530273,6.688520908355713,6.760828971862793,0.08358336240053177,1313818
1987-06-16,6.7427520751953125,6.796982765197754,6.706597805023193,6.7337141036987305,0.08324822783470154,1026161
1987-06-17,6.778905868530273,6.787944793701172,6.7337141036987305,6.787944793701172,0.08391860872507095,2005301
1987-06-18,6.787944793701172,6.787944793701172,6.688520908355713,6.7427520751953125,0.08335993438959122,976374
1987-06-19,6.787944793701172,6.787944793701172,6.706597805023193,6.760828971862793,0.08358336240053177,976374
1987-06-22,6.778905868530273,6.778905868530273,6.7337141036987305,6.760828971862793,0.08358336240053177,1062118
1987-06-23,6.7337141036987305,6.751791000366211,6.652367115020752,6.706597805023193,0.08291295170783997,829780
1987-06-24,6.670444011688232,6.787944793701172,6.670444011688232,6.778905868530273,0.08380687981843948,1301371
1987-06-25,6.778905868530273,6.8421759605407715,6.769867897033691,6.8060221672058105,0.0841420367360115,1817218
1987-06-26,6.824099063873291,6.824099063873291,6.778905868530273,6.778905868530273,0.08380687981843948,320848
1987-06-29,6.787944793701172,6.815060138702393,6.724675178527832,6.7427520751953125,0.08335993438959122,1230840
1987-06-30,6.688520908355713,6.706597805023193,6.598134994506836,6.688520908355713,0.08268947899341583,1225308
1987-07-01,6.688520908355713,6.688520908355713,6.6342902183532715,6.670444011688232,0.08246593922376633,1431370
1987-07-02,6.688520908355713,6.724675178527832,6.688520908355713,6.706597805023193,0.08291295170783997,1521263
1987-07-06,6.724675178527832,6.724675178527832,6.6794819831848145,6.6794819831848145,0.0825776755809784,744036
1987-07-07,6.661405086517334,6.7337141036987305,6.652367115020752,6.6794819831848145,0.0825776755809784,724674
1987-07-08,6.706597805023193,6.706597805023193,6.6433281898498535,6.688520908355713,0.08268947899341583,987438
1987-07-09,6.6794819831848145,6.724675178527832,6.6794819831848145,6.6794819831848145,0.0825776755809784,457762
1987-07-10,6.6794819831848145,6.706597805023193,6.598134994506836,6.688520908355713,0.08268947899341583,908609
1987-07-13,6.706597805023193,6.724675178527832,6.670444011688232,6.724675178527832,0.08313647657632828,811801
1987-07-14,6.7337141036987305,6.760828971862793,6.697558879852295,6.751791000366211,0.08347169309854507,1109139
1987-07-15,6.724675178527832,6.760828971862793,6.697558879852295,6.760828971862793,0.08358336240053177,1186585
1987-07-16,6.769867897033691,6.896407127380371,6.760828971862793,6.896407127380371,0.08525954931974411,3005186
1987-07-17,6.9054460525512695,7.0139079093933105,6.896407127380371,7.0139079093933105,0.08671222627162933,2216895
1987-07-20,6.986793041229248,7.050063133239746,6.97775411605835,7.022946834564209,0.0868239477276802,1067650
1987-07-21,6.986793041229248,7.068140029907227,6.97775411605835,6.99583101272583,0.08648869395256042,3164227
1987-07-22,6.97775411605835,7.0139079093933105,6.959677219390869,7.0048699378967285,0.08660043030977249,634782
1987-07-23,7.0139079093933105,7.031984806060791,6.9415998458862305,6.9415998458862305,0.08581823110580444,999885
1987-07-24,6.9415998458862305,7.0048699378967285,6.9415998458862305,6.950638771057129,0.0859299898147583,175637
1987-07-27,6.968716144561768,7.031984806060791,6.968716144561768,7.0139079093933105,0.08671222627162933,1005417
1987-07-28,6.986793041229248,7.0139079093933105,6.959677219390869,6.986793041229248,0.09069046378135681,253083
1987-07-29,7.0048699378967285,7.050063133239746,6.959677219390869,7.050063133239746,0.09151172637939453,1329031
1987-07-30,7.050063133239746,7.086216926574707,7.031984806060791,7.086216926574707,0.09198100864887238,1013714
1987-07-31,7.031984806060791,7.131409168243408,7.031984806060791,7.131409168243408,0.09256763011217117,705313
1987-08-03,7.086216926574707,7.176601886749268,7.0048699378967285,7.0048699378967285,0.09092509746551514,796589
1987-08-04,7.031984806060791,7.122371196746826,7.0048699378967285,7.1042938232421875,0.0922156423330307,820099
1987-08-05,7.122371196746826,7.2669878005981445,7.1042938232421875,7.230833053588867,0.09385810792446136,1800622
1987-08-06,7.185640811920166,7.248909950256348,7.185640811920166,7.239871978759766,0.0939755067229271,1472859
1987-08-07,7.230833053588867,7.239871978759766,7.176601886749268,7.176601886749268,0.0931541845202446,593293
1987-08-10,7.221795082092285,7.248909950256348,7.203718185424805,7.248909950256348,0.09409277141094208,997119
1987-08-11,7.239871978759766,7.791223049163818,7.239871978759766,7.610452175140381,0.09878574311733246,2608275
1987-08-12,7.592374801635742,7.592374801635742,7.411603927612305,7.492950916290283,0.09726054221391678,890630
1987-08-13,7.483912944793701,7.538144111633301,7.375450134277344,7.465835094451904,0.09690853953361511,2919442
1987-08-14,7.465835094451904,7.574297904968262,7.447758197784424,7.511027812957764,0.09749513864517212,853290
1987-08-17,7.538144111633301,7.646605968475342,7.538144111633301,7.619491100311279,0.09890304505825043,2399447
1987-08-18,7.601414203643799,7.628529071807861,7.375450134277344,7.474874019622803,0.09702587872743607,1500519
1987-08-19,7.456797122955322,7.538144111633301,7.393527030944824,7.52006721496582,0.09761247783899307,647228
1987-08-20,7.628529071807861,7.700838088989258,7.52006721496582,7.700838088989258,0.09995891898870468,1247436
1987-08-21,7.682759761810303,7.718914985656738,7.492950916290283,7.583335876464844,0.098433718085289,324997
1987-08-24,7.565258979797363,7.574297904968262,7.384489059448242,7.429680824279785,0.09643925726413727,502017
1987-08-25,7.501989841461182,7.773146152496338,7.501989841461182,7.628529071807861,0.0990203395485878,832546
1987-08-26,7.673721790313721,7.673721790313721,7.592374801635742,7.592374801635742,0.09855104982852936,437017
1987-08-27,7.592374801635742,7.601414203643799,7.339295864105225,7.357373237609863,0.09550072997808456,590527
1987-08-28,7.303142070770264,7.411603927612305,7.230833053588867,7.248909950256348,0.09409277141094208,665207
1987-08-31,7.2669878005981445,7.447758197784424,7.230833053588867,7.411603927612305,0.09620460867881775,795206
1987-09-01,7.339295864105225,7.375450134277344,7.158524990081787,7.1675639152526855,0.09303683042526245,1020629
1987-09-02,7.1133317947387695,7.158524990081787,6.97775411605835,7.122371196746826,0.09245028346776962,836695
1987-09-03,7.176601886749268,7.212756156921387,6.878330230712891,7.1042938232421875,0.0922156423330307,532442
1987-09-04,7.086216926574707,7.158524990081787,6.959677219390869,6.959677219390869,0.09033852815628052,521378
1987-09-08,6.9415998458862305,6.9415998458862305,6.7337141036987305,6.796982765197754,0.08822666108608246,1056586
1987-09-09,6.8060221672058105,6.85121488571167,6.706597805023193,6.8421759605407715,0.08881328254938126,799355
1987-09-10,6.887369155883789,6.9054460525512695,6.796982765197754,6.796982765197754,0.08822666108608246,868503
1987-09-11,6.796982765197754,6.986793041229248,6.796982765197754,6.9415998458862305,0.09010382741689682,1095309
1987-09-14,6.97775411605835,7.031984806060791,6.9415998458862305,7.022946834564209,0.09115979820489883,815950
1987-09-15,7.0048699378967285,7.0139079093933105,6.968716144561768,6.97775411605835,0.09057312458753586,300104
1987-09-16,7.031984806060791,7.050063133239746,6.92352294921875,6.9415998458862305,0.09010382741689682,763397
1987-09-17,6.92352294921875,6.92352294921875,6.760828971862793,6.9054460525512695,0.08963455259799957,745419
1987-09-18,6.968716144561768,7.0139079093933105,6.914484024047852,6.97775411605835,0.09057312458753586,669356
1987-09-21,7.068140029907227,7.095254898071289,6.86929178237915,6.86929178237915,0.08916524797677994,643079
1987-09-22,6.887369155883789,7.122371196746826,6.878330230712891,7.086216926574707,0.09198100864887238,644462
1987-09-23,7.1042938232421875,7.131409168243408,7.068140029907227,7.1042938232421875,0.0922156423330307,1409243
1987-09-24,7.122371196746826,7.321218967437744,7.122371196746826,7.248909950256348,0.09409277141094208,1067650
1987-09-25,7.276025772094727,7.276025772094727,7.194678783416748,7.212756156921387,0.09362347424030304,591910
1987-09-28,7.303142070770264,7.438720226287842,7.2669878005981445,7.339295864105225,0.09526599198579788,654143
1987-09-29,7.357373237609863,7.447758197784424,7.248909950256348,7.339295864105225,0.09526599198579788,728823
1987-09-30,7.2669878005981445,7.2669878005981445,7.122371196746826,7.122371196746826,0.09245028346776962,703930
1987-10-01,7.140448093414307,7.176601886749268,7.095254898071289,7.122371196746826,0.09245028346776962,1041374
1987-10-02,7.122371196746826,7.140448093414307,7.086216926574707,7.1133317947387695,0.09233295172452927,497868
1987-10-05,7.131409168243408,7.131409168243408,6.986793041229248,7.068140029907227,0.09174635261297226,1106373
1987-10-06,7.068140029907227,7.095254898071289,6.92352294921875,6.92352294921875,0.0898691713809967,1057969
1987-10-07,6.9415998458862305,6.99583101272583,6.9054460525512695,6.959677219390869,0.09033852815628052,1118820
1987-10-08,6.99583101272583,6.99583101272583,6.8331379890441895,6.86929178237915,0.08916524797677994,697015
1987-10-09,6.86929178237915,6.86929178237915,6.8060221672058105,6.8331379890441895,0.08869598060846329,356805
1987-10-12,6.796982765197754,6.824099063873291,6.751791000366211,6.760828971862793,0.08775732666254044,542123
1987-10-13,6.778905868530273,6.8331379890441895,6.769867897033691,6.824099063873291,0.08857863396406174,796589
1987-10-14,6.778905868530273,6.778905868530273,6.534865856170654,6.616212844848633,0.08588021993637085,1696900
1987-10-15,6.616212844848633,6.6342902183532715,6.471595764160156,6.471595764160156,0.08400305360555649,1279244
1987-10-16,6.399288177490234,6.435441970825195,5.856975078582764,6.037745952606201,0.078371562063694,1132650
1987-10-19,5.929283142089844,5.929283142089844,4.3746538162231445,4.48311710357666,0.05819205567240715,2830932
1987-10-20,4.46504020690918,4.46504020690918,4.013113021850586,4.049266815185547,0.05256059020757675,1291691
1987-10-21,4.916966915130615,5.097737789154053,4.736196041107178,4.826581001281738,0.06265030056238174,2525297
1987-10-22,4.48311710357666,4.736196041107178,4.410808086395264,4.736196041107178,0.061477091163396835,2486574
1987-10-23,4.790427207946777,4.799466133117676,4.55542516708374,4.591578960418701,0.059599943459033966,2304022
1987-10-26,4.338500022888184,4.356576919555664,4.2661919593811035,4.320423126220703,0.056080255657434464,703930
1987-10-27,4.410808086395264,4.46504020690918,4.085421085357666,4.230038166046143,0.05490700528025627,2074450
1987-10-28,4.139651775360107,4.320423126220703,4.085421085357666,4.257153034210205,0.05525897443294525,1515731
1987-10-29,4.157729148864746,4.844657897949219,4.157729148864746,4.808504104614258,0.06241568550467491,11596174
1987-10-30,4.989274978637695,5.079659938812256,4.989274978637695,5.034468173980713,0.06534875184297562,1331797
1987-11-02,5.061583042144775,5.151968955993652,5.043506145477295,5.088698863983154,0.06605266034603119,2157428
1987-11-03,5.052545070648193,5.088698863983154,4.844657897949219,4.953121185302734,0.06880336999893188,2501786
1987-11-04,4.889851093292236,4.944081783294678,4.844657897949219,4.880813121795654,0.06779897958040237,2717529
1987-11-05,4.880813121795654,4.944081783294678,4.790427207946777,4.916966915130615,0.06830117851495743,2499020
1987-11-06,4.953121185302734,4.953121185302734,4.808504104614258,4.808504104614258,0.06679452955722809,2663593
1987-11-09,4.718119144439697,4.754272937774658,4.663887977600098,4.700041770935059,0.06528791040182114,2519765
1987-11-10,4.681964874267578,4.718119144439697,4.62773323059082,4.645810127258301,0.06453455984592438,2508701
1987-11-11,4.62773323059082,4.718119144439697,4.62773323059082,4.700041770935059,0.06528791040182114,1453498
1987-11-12,4.880813121795654,4.907927989959717,4.844657897949219,4.898890018463135,0.06805005669593811,2265299
1987-11-13,4.907927989959717,4.916966915130615,4.826581001281738,4.826581001281738,0.06704562157392502,2328916
1987-11-16,4.898890018463135,5.034468173980713,4.898890018463135,5.016390800476074,0.0696823000907898,1887749
1987-11-17,4.971198081970215,4.971198081970215,4.898890018463135,4.935043811798096,0.06855230033397675,3277631
1987-11-18,4.926004886627197,4.935043811798096,4.862734794616699,4.907927989959717,0.06817562133073807,2370405
1987-11-19,4.898890018463135,4.898890018463135,4.826581001281738,4.826581001281738,0.06704562157392502,1934770
1987-11-20,4.808504104614258,4.944081783294678,4.790427207946777,4.916966915130615,0.06830117851495743,1212862
1987-11-23,4.898890018463135,5.115815162658691,4.871774196624756,5.115815162658691,0.07106329500675201,734355
1987-11-24,5.133892059326172,5.3508172035217285,5.133892059326172,5.3508172035217285,0.0743277296423912,1500519
1987-11-25,5.3598551750183105,5.4502410888671875,5.3598551750183105,5.4502410888671875,0.07570884376764297,903077
1987-11-27,5.4502410888671875,5.531588077545166,5.42312479019165,5.468317985534668,0.0759599432349205,412124
1987-11-30,5.4592790603637695,5.4592790603637695,5.242353916168213,5.2965850830078125,0.07357437908649445,2136683
1987-12-01,5.278508186340332,5.2965850830078125,5.170045852661133,5.242353916168213,0.07282108068466187,1258499
1987-12-02,5.260430812835693,5.3508172035217285,5.224277019500732,5.323700904846191,0.07395107299089432,937651
1987-12-03,5.2965850830078125,5.2965850830078125,5.151968955993652,5.151968955993652,0.07156560570001602,955630
1987-12-04,5.097737789154053,5.133892059326172,5.025428771972656,5.133892059326172,0.07131439447402954,453613
1987-12-07,5.115815162658691,5.224277019500732,5.115815162658691,5.224277019500732,0.07256997376680374,1143713
1987-12-08,5.224277019500732,5.5496649742126465,5.206200122833252,5.5496649742126465,0.07708993554115295,810418
1987-12-09,5.504471778869629,5.676204204559326,5.4954328536987305,5.585818767547607,0.0775921493768692,2389766
1987-12-10,5.504471778869629,5.621973037719727,5.47735595703125,5.5496649742126465,0.07708993554115295,1544774
1987-12-11,5.540626049041748,5.603896141052246,5.531588077545166,5.585818767547607,0.0775921493768692,800738
1987-12-14,5.567741870880127,5.621973037719727,5.567741870880127,5.612934112548828,0.0779687836766243,1806154
1987-12-15,5.631011009216309,5.6581268310546875,5.567741870880127,5.6581268310546875,0.0785965695977211,1275095
1987-12-16,5.6490888595581055,5.784667015075684,5.640049934387207,5.766590118408203,0.08010324090719223,626484
1987-12-17,5.748513221740723,5.784667015075684,5.567741870880127,5.567741870880127,0.07734104245901108,1302754
1987-12-18,5.621973037719727,5.6490888595581055,5.603896141052246,5.6490888595581055,0.07847104966640472,1028927
1987-12-21,5.603896141052246,5.676204204559326,5.603896141052246,5.603896141052246,0.07784325629472733,459145
1987-12-22,5.585818767547607,5.585818767547607,5.4954328536987305,5.567741870880127,0.07734104245901108,850524
1987-12-23,5.585818767547607,5.594857215881348,5.567741870880127,5.576779842376709,0.07746656984090805,815950
1987-12-24,5.567741870880127,5.576779842376709,5.5496649742126465,5.5587029457092285,0.07721546292304993,277976
1987-12-28,5.522549152374268,5.603896141052246,5.522549152374268,5.594857215881348,0.07771765440702438,579463
1987-12-29,5.567741870880127,5.612934112548828,5.567741870880127,5.594857215881348,0.07771765440702438,464677
1987-12-30,5.576779842376709,5.730434894561768,5.576779842376709,5.685243129730225,0.07897321879863739,1001268
1987-12-31,5.667166233062744,5.739473819732666,5.667166233062744,5.730434894561768,0.07960100471973419,612654
1988-01-04,5.748513221740723,5.775628089904785,5.730434894561768,5.730434894561768,0.07960100471973419,903077
1988-01-05,5.775628089904785,5.775628089904785,5.694281101226807,5.712357997894287,0.07934985309839249,802121
1988-01-06,5.730434894561768,5.775628089904785,5.730434894561768,5.730434894561768,0.07960100471973419,777227
1988-01-07,5.766590118408203,5.775628089904785,5.739473819732666,5.739473819732666,0.07972657680511475,1069033
1988-01-08,5.748513221740723,5.748513221740723,5.278508186340332,5.278508186340332,0.07332329452037811,1441051
1988-01-11,5.314662933349609,5.33273983001709,5.242353916168213,5.305624008178711,0.073699951171875,768929
1988-01-12,5.323700904846191,5.368894100189209,5.26947021484375,5.368894100189209,0.07457887381315231,492336
1988-01-13,5.33273983001709,5.42312479019165,5.33273983001709,5.414085865020752,0.07520661503076553,1140947
1988-01-14,5.513510227203369,5.5496649742126465,5.3960089683532715,5.42312479019165,0.0753321647644043,939034
1988-01-15,5.4954328536987305,5.567741870880127,5.4954328536987305,5.4954328536987305,0.07633664458990097,1380201
1988-01-18,5.504471778869629,5.504471778869629,5.42312479019165,5.42312479019165,0.0753321647644043,544889
1988-01-19,5.42312479019165,5.531588077545166,5.42312479019165,5.4592790603637695,0.07583437114953995,962545
1988-01-20,5.4592790603637695,5.4592790603637695,5.3598551750183105,5.3598551750183105,0.07445327937602997,792440
1988-01-21,5.3598551750183105,5.377932071685791,5.2965850830078125,5.314662933349609,0.07382550835609436,944566
1988-01-22,5.33273983001709,5.368894100189209,5.314662933349609,5.314662933349609,0.07382550835609436,605739
1988-01-25,5.3508172035217285,5.432164192199707,5.3508172035217285,5.3869709968566895,0.07482992857694626,532442
1988-01-26,5.368894100189209,5.3960089683532715,5.3508172035217285,5.3508172035217285,0.0743277296423912,481272
1988-01-27,5.414085865020752,5.414085865020752,5.278508186340332,5.33273983001709,0.07407668232917786,453613
1988-01-28,5.33273983001709,5.3508172035217285,5.26947021484375,5.3508172035217285,0.0743277296423912,291806
1988-01-29,5.3508172035217285,5.3508172035217285,5.314662933349609,5.3508172035217285,0.0743277296423912,193615
1988-02-01,5.3508172035217285,5.368894100189209,5.224277019500732,5.242353916168213,0.07282108068466187,925205
1988-02-02,5.206200122833252,5.233315944671631,5.097737789154053,5.115815162658691,0.07589276134967804,1340095
1988-02-03,5.124853134155273,5.151968955993652,5.025428771972656,5.115815162658691,0.07589276134967804,1452115
1988-02-04,5.097737789154053,5.133892059326172,5.043506145477295,5.115815162658691,0.07589276134967804,472975
1988-02-05,5.151968955993652,5.161006927490234,5.070621967315674,5.133892059326172,0.07616093754768372,620952
1988-02-08,5.088698863983154,5.088698863983154,4.971198081970215,5.016390800476074,0.07441791146993637,425954
1988-02-09,5.007351875305176,5.043506145477295,4.880813121795654,5.043506145477295,0.0748201236128807,597442
1988-02-10,5.043506145477295,5.088698863983154,4.844657897949219,5.007351875305176,0.07428377866744995,919673
1988-02-11,5.025428771972656,5.061583042144775,4.989274978637695,5.007351875305176,0.07428377866744995,922439
1988-02-12,5.025428771972656,5.079659938812256,4.989274978637695,5.034468173980713,0.07468604296445847,892013
1988-02-16,5.016390800476074,5.052545070648193,4.998313903808594,5.043506145477295,0.0748201236128807,463294
1988-02-17,5.079659938812256,5.097737789154053,5.034468173980713,5.061583042144775,0.07508828490972519,421805
1988-02-18,5.070621967315674,5.133892059326172,5.061583042144775,5.070621967315674,0.07522238045930862,474357
1988-02-19,5.133892059326172,5.133892059326172,5.106776237487793,5.133892059326172,0.07616093754768372,665207
1988-02-22,5.151968955993652,5.441202163696289,5.151968955993652,5.441202163696289,0.08071988821029663,1759133
1988-02-23,5.40504789352417,5.4502410888671875,5.314662933349609,5.3960089683532715,0.08004948496818542,543506
1988-02-24,5.3869709968566895,5.42312479019165,5.368894100189209,5.40504789352417,0.08018358051776886,1410626
1988-02-25,5.414085865020752,5.594857215881348,5.3960089683532715,5.432164192199707,0.08058585971593857,1385732
1988-02-26,5.4502410888671875,5.513510227203369,5.42312479019165,5.4954328536987305,0.08152449131011963,174254
1988-02-29,5.531588077545166,5.567741870880127,5.513510227203369,5.5496649742126465,0.08232899010181427,926588
1988-03-01,5.5587029457092285,5.5587029457092285,5.4954328536987305,5.513510227203369,0.08179260045289993,1662326
1988-03-02,5.504471778869629,5.531588077545166,5.42312479019165,5.4502410888671875,0.08085405081510544,449464
1988-03-03,5.468317985534668,5.468317985534668,5.314662933349609,5.40504789352417,0.08018358051776886,727440
1988-03-04,5.3598551750183105,5.377932071685791,5.206200122833252,5.2965850830078125,0.0785745158791542,1363605
1988-03-07,5.278508186340332,5.278508186340332,5.278508186340332,5.278508186340332,0.07830635458230972,663824
1988-03-08,5.2965850830078125,5.4592790603637695,5.278508186340332,5.40504789352417,0.08018358051776886,2005301
1988-03-09,5.3960089683532715,5.47735595703125,5.3960089683532715,5.47735595703125,0.08125625550746918,5529100
1988-03-10,5.4954328536987305,5.621973037719727,5.4954328536987305,5.5587029457092285,0.08246304839849472,1532327
1988-03-11,5.621973037719727,5.775628089904785,5.621973037719727,5.739473819732666,0.08514480292797089,889247
1988-03-14,5.7213969230651855,5.739473819732666,5.667166233062744,5.712357997894287,0.0847424864768982,958396
1988-03-15,5.7213969230651855,5.775628089904785,5.694281101226807,5.712357997894287,0.0847424864768982,976374
1988-03-16,5.7213969230651855,5.757551193237305,5.6581268310546875,5.748513221740723,0.08527887612581253,352656
1988-03-17,5.766590118408203,5.829858779907227,5.766590118408203,5.784667015075684,0.08581523597240448,1873920
1988-03-18,5.775628089904785,5.784667015075684,5.766590118408203,5.775628089904785,0.08568111062049866,2262533
1988-03-21,5.766590118408203,5.775628089904785,5.739473819732666,5.739473819732666,0.08514480292797089,478506
1988-03-22,5.766590118408203,5.775628089904785,5.667166233062744,5.730434894561768,0.08501069992780685,654143
1988-03-23,5.748513221740723,5.784667015075684,5.7213969230651855,5.784667015075684,0.08581523597240448,2456148
1988-03-24,5.748513221740723,5.757551193237305,5.712357997894287,5.712357997894287,0.0847424864768982,750951
1988-03-25,5.694281101226807,5.748513221740723,5.694281101226807,5.730434894561768,0.08501069992780685,1116054
1988-03-28,5.730434894561768,5.748513221740723,5.712357997894287,5.748513221740723,0.08527887612581253,782759
1988-03-29,5.748513221740723,5.856975078582764,5.748513221740723,5.838898181915283,0.08661974221467972,2150513
1988-03-30,5.893128871917725,6.019669055938721,5.893128871917725,5.983514785766602,0.08876510709524155,1550305
1988-03-31,5.965437889099121,5.983514785766602,5.947360038757324,5.965437889099121,0.08849695324897766,1038608
1988-04-04,5.965437889099121,6.019669055938721,5.938322067260742,5.983514785766602,0.08876510709524155,706696
1988-04-05,6.028707027435303,6.037745952606201,5.992553234100342,6.037745952606201,0.08956964313983917,589144
1988-04-06,6.00159215927124,6.218516826629639,5.983514785766602,6.146207809448242,0.09117862582206726,998502
1988-04-07,6.128130912780762,6.13716983795166,6.037745952606201,6.055822849273682,0.08983786404132843,394145
1988-04-08,6.07390022277832,6.091977119445801,6.037745952606201,6.07390022277832,0.09010599553585052,409358
1988-04-11,6.055822849273682,6.064860820770264,6.019669055938721,6.037745952606201,0.08956964313983917,708079
1988-04-12,6.037745952606201,6.164285182952881,5.974475860595703,6.146207809448242,0.09117862582206726,614037
1988-04-13,6.164285182952881,6.182363033294678,6.110054016113281,6.173324108123779,0.09158090502023697,544889
1988-04-14,6.082939147949219,6.082939147949219,5.893128871917725,5.893128871917725,0.08742423355579376,1122969
1988-04-15,5.893128871917725,5.893128871917725,5.793704986572266,5.8208208084106445,0.08635160326957703,944566
1988-04-18,5.802743911743164,5.802743911743164,5.766590118408203,5.793704986572266,0.08594928681850433,312550
1988-04-19,5.8208208084106445,5.847936153411865,5.748513221740723,5.748513221740723,0.08527887612581253,579463
1988-04-20,5.730434894561768,5.784667015075684,5.730434894561768,5.739473819732666,0.08514480292797089,641696
1988-04-21,5.712357997894287,5.8208208084106445,5.585818767547607,5.621973037719727,0.083401620388031,1331797
1988-04-22,5.640049934387207,5.676204204559326,5.621973037719727,5.640049934387207,0.08366984128952026,1218393
1988-04-25,5.6581268310546875,5.739473819732666,5.6581268310546875,5.7213969230651855,0.08487661927938461,705313
1988-04-26,5.730434894561768,5.775628089904785,5.712357997894287,5.766590118408203,0.08554707467556,677654
1988-04-27,5.784667015075684,5.811781883239746,5.757551193237305,5.802743911743164,0.08608340471982956,1636049
1988-04-28,5.829858779907227,5.829858779907227,5.766590118408203,5.775628089904785,0.08568111062049866,374784
1988-04-29,5.766590118408203,5.766590118408203,5.712357997894287,5.757551193237305,0.08541295677423477,420422
1988-05-02,5.748513221740723,5.793704986572266,5.748513221740723,5.784667015075684,0.08581523597240448,443932
1988-05-03,5.775628089904785,5.775628089904785,5.730434894561768,5.775628089904785,0.0909247025847435,235104
1988-05-04,5.757551193237305,5.757551193237305,5.730434894561768,5.739473819732666,0.0903555378317833,204679
1988-05-05,5.739473819732666,5.802743911743164,5.739473819732666,5.784667015075684,0.09106707572937012,695632
1988-05-06,5.775628089904785,5.793704986572266,5.766590118408203,5.775628089904785,0.0909247025847435,131382
1988-05-09,5.784667015075684,5.8208208084106445,5.712357997894287,5.712357997894287,0.08992868661880493,554570
1988-05-10,5.730434894561768,5.766590118408203,5.694281101226807,5.712357997894287,0.08992868661880493,370635
1988-05-11,5.676204204559326,5.712357997894287,5.640049934387207,5.694281101226807,0.08964406698942184,777227
1988-05-12,5.6490888595581055,5.676204204559326,5.6490888595581055,5.676204204559326,0.08935947716236115,1035842
1988-05-13,5.667166233062744,5.685243129730225,5.667166233062744,5.676204204559326,0.08935947716236115,489570
1988-05-16,5.685243129730225,5.712357997894287,5.685243129730225,5.712357997894287,0.08992868661880493,533825
1988-05-17,5.730434894561768,5.730434894561768,5.6490888595581055,5.6490888595581055,0.08893267065286636,2221044
1988-05-18,5.640049934387207,5.640049934387207,5.594857215881348,5.594857215881348,0.08807888627052307,1496370
1988-05-19,5.585818767547607,5.585818767547607,5.47735595703125,5.567741870880127,0.08765202760696411,1720410
1988-05-20,5.585818767547607,5.585818767547607,5.531588077545166,5.5587029457092285,0.08750968426465988,460528
1988-05-23,5.531588077545166,5.5587029457092285,5.531588077545166,5.540626049041748,0.08722513169050217,244785
1988-05-24,5.5587029457092285,5.567741870880127,5.540626049041748,5.567741870880127,0.08765202760696411,504783
1988-05-25,5.5496649742126465,5.567741870880127,5.5496649742126465,5.567741870880127,0.08765202760696411,305636
1988-05-26,5.567741870880127,5.567741870880127,5.5496649742126465,5.5496649742126465,0.0873674675822258,486804
1988-05-27,5.5496649742126465,5.5587029457092285,5.531588077545166,5.531588077545166,0.08708282560110092,134148
1988-05-31,5.5496649742126465,5.612934112548828,5.540626049041748,5.585818767547607,0.08793658763170242,540740
1988-06-01,5.640049934387207,5.694281101226807,5.621973037719727,5.676204204559326,0.08935947716236115,1203181
1988-06-02,5.676204204559326,5.703320026397705,5.6581268310546875,5.703320026397705,0.08978639543056488,529676
1988-06-03,5.703320026397705,5.784667015075684,5.694281101226807,5.757551193237305,0.09064015746116638,273827
1988-06-06,5.784667015075684,5.8208208084106445,5.748513221740723,5.766590118408203,0.09078245609998703,518612
1988-06-07,5.784667015075684,5.784667015075684,5.712357997894287,5.712357997894287,0.08992868661880493,605739
1988-06-08,5.748513221740723,6.07390022277832,5.748513221740723,6.037745952606201,0.09505116939544678,879567
1988-06-09,6.037745952606201,6.055822849273682,5.965437889099121,5.983514785766602,0.09419744461774826,421805
1988-06-10,5.965437889099121,5.992553234100342,5.911205768585205,5.956398963928223,0.09377053380012512,233721
1988-06-13,5.956398963928223,5.965437889099121,5.920245170593262,5.947360038757324,0.09362830221652985,291806
1988-06-14,5.965437889099121,6.128130912780762,5.965437889099121,6.037745952606201,0.09505116939544678,726057
1988-06-15,6.055822849273682,6.110054016113281,6.037745952606201,6.110054016113281,0.09618952125310898,232338
1988-06-16,6.091977119445801,6.091977119445801,6.046783924102783,6.046783924102783,0.09519344568252563,515846
1988-06-17,6.082939147949219,6.101016044616699,6.037745952606201,6.055822849273682,0.09533579647541046,1283393
1988-06-20,6.037745952606201,6.037745952606201,5.965437889099121,5.992553234100342,0.09433971345424652,329146
1988-06-21,6.00159215927124,6.00159215927124,5.856975078582764,5.965437889099121,0.09391283988952637,452230
1988-06-22,5.983514785766602,6.037745952606201,5.983514785766602,6.028707027435303,0.0949089378118515,435634
1988-06-23,6.010630130767822,6.028707027435303,5.965437889099121,5.965437889099121,0.09391283988952637,190849
1988-06-24,5.983514785766602,5.983514785766602,5.893128871917725,5.947360038757324,0.09362830221652985,254466
1988-06-27,5.929283142089844,5.947360038757324,5.838898181915283,5.875051975250244,0.09248992055654526,347125
1988-06-28,5.856975078582764,5.965437889099121,5.856975078582764,5.947360038757324,0.09362830221652985,239253
1988-06-29,5.965437889099121,5.992553234100342,5.956398963928223,5.974475860595703,0.09405513107776642,463294
1988-06-30,5.992553234100342,6.037745952606201,5.983514785766602,6.010630130767822,0.09462433308362961,287657
1988-07-01,6.037745952606201,6.037745952606201,5.911205768585205,5.929283142089844,0.09334369748830795,282125
1988-07-05,5.911205768585205,6.055822849273682,5.893128871917725,6.019669055938721,0.09476661682128906,289040
1988-07-06,5.983514785766602,6.046783924102783,5.893128871917725,5.938322067260742,0.093485988676548,597442
1988-07-07,5.902167797088623,5.938322067260742,5.856975078582764,5.856975078582764,0.09220536053180695,257232
1988-07-08,5.838898181915283,5.929283142089844,5.838898181915283,5.911205768585205,0.09305907040834427,239253
1988-07-11,5.929283142089844,5.965437889099121,5.929283142089844,5.929283142089844,0.09334369748830795,208828
1988-07-12,5.947360038757324,5.947360038757324,5.811781883239746,5.838898181915283,0.09192079305648804,290423
1988-07-13,5.838898181915283,5.929283142089844,5.802743911743164,5.856975078582764,0.09220536053180695,630633
1988-07-14,5.856975078582764,5.875051975250244,5.8208208084106445,5.856975078582764,0.09220536053180695,1153394
1988-07-15,5.875051975250244,5.992553234100342,5.875051975250244,5.992553234100342,0.09433971345424652,701164
1988-07-18,5.974475860595703,5.974475860595703,5.856975078582764,5.920245170593262,0.09320139139890671,224041
1988-07-19,5.902167797088623,5.929283142089844,5.838898181915283,5.920245170593262,0.09320139139890671,200530
1988-07-20,5.920245170593262,5.983514785766602,5.911205768585205,5.965437889099121,0.09391283988952637,1376052
1988-07-21,5.965437889099121,5.965437889099121,5.748513221740723,5.784667015075684,0.09106707572937012,3952518
1988-07-22,5.784667015075684,5.784667015075684,5.685243129730225,5.712357997894287,0.08992868661880493,936268
1988-07-25,5.748513221740723,5.784667015075684,5.7213969230651855,5.748513221740723,0.09049787372350693,1269563
1988-07-26,5.730434894561768,5.802743911743164,5.694281101226807,5.802743911743164,0.09135164320468903,860205
1988-07-27,5.784667015075684,5.875051975250244,5.775628089904785,5.802743911743164,0.09135164320468903,2942953
1988-07-28,5.802743911743164,5.875051975250244,5.802743911743164,5.856975078582764,0.09220536053180695,1131267
1988-07-29,5.856975078582764,5.992553234100342,5.847936153411865,5.911205768585205,0.09305907040834427,1174139
1988-08-01,5.956398963928223,6.128130912780762,5.929283142089844,6.055822849273682,0.09533579647541046,485421
1988-08-02,6.101016044616699,6.128130912780762,6.010630130767822,6.037745952606201,0.09505116939544678,366486
1988-08-03,6.037745952606201,6.037745952606201,5.983514785766602,5.992553234100342,0.09433971345424652,248934
1988-08-04,6.00159215927124,6.037745952606201,5.974475860595703,6.00159215927124,0.09448204189538956,582229
1988-08-05,5.983514785766602,5.983514785766602,5.866014003753662,5.893128871917725,0.09277452528476715,177020
1988-08-08,5.911205768585205,5.956398963928223,5.893128871917725,5.893128871917725,0.09277452528476715,217126
1988-08-09,5.911205768585205,5.911205768585205,5.8208208084106445,5.875051975250244,0.09248992055654526,441166
1988-08-10,5.884090900421143,5.884090900421143,5.793704986572266,5.802743911743164,0.09135164320468903,1322116
1988-08-11,5.748513221740723,5.748513221740723,5.685243129730225,5.712357997894287,0.09840810298919678,1362222
1988-08-12,5.712357997894287,5.712357997894287,5.640049934387207,5.685243129730225,0.09794101119041443,391380
1988-08-15,5.640049934387207,5.6490888595581055,5.5587029457092285,5.5587029457092285,0.0957610234618187,502017
1988-08-16,5.540626049041748,5.585818767547607,5.47735595703125,5.531588077545166,0.09529396146535873,916907
1988-08-17,5.513510227203369,5.522549152374268,5.441202163696289,5.468317985534668,0.09420396387577057,546272
1988-08-18,5.4592790603637695,5.47735595703125,5.40504789352417,5.40504789352417,0.09311404079198837,542123
1988-08-19,5.42312479019165,5.441202163696289,5.33273983001709,5.3960089683532715,0.09295826405286789,600207
1988-08-22,5.3508172035217285,5.3598551750183105,5.278508186340332,5.2965850830078125,0.09124547243118286,1233606
1988-08-23,5.224277019500732,5.33273983001709,5.224277019500732,5.2875471115112305,0.09108983725309372,1229457
1988-08-24,5.260430812835693,5.2965850830078125,5.251392841339111,5.2965850830078125,0.09124547243118286,681802
1988-08-25,5.26947021484375,5.314662933349609,5.260430812835693,5.278508186340332,0.0909341350197792,503400
1988-08-26,5.260430812835693,5.278508186340332,5.206200122833252,5.251392841339111,0.09046696126461029,1753601
1988-08-29,5.251392841339111,5.26947021484375,5.251392841339111,5.260430812835693,0.09062270820140839,405209
1988-08-30,5.260430812835693,5.368894100189209,5.260430812835693,5.314662933349609,0.09155694395303726,1403711
1988-08-31,5.33273983001709,5.368894100189209,5.278508186340332,5.278508186340332,0.0909341350197792,1033076
1988-09-01,5.26947021484375,5.26947021484375,5.061583042144775,5.1881232261657715,0.0893770232796669,918290
1988-09-02,5.206200122833252,5.3869709968566895,5.206200122833252,5.377932071685791,0.09264688938856125,478506
1988-09-06,5.3508172035217285,5.513510227203369,5.3508172035217285,5.4592790603637695,0.09404826164245605,384465
1988-09-07,5.47735595703125,5.4954328536987305,5.40504789352417,5.4592790603637695,0.09404826164245605,467443
1988-09-08,5.441202163696289,5.47735595703125,5.432164192199707,5.4592790603637695,0.09404826164245605,139680
1988-09-09,5.441202163696289,5.540626049041748,5.414085865020752,5.4954328536987305,0.0946711078286171,900311
1988-09-12,5.47735595703125,5.522549152374268,5.4592790603637695,5.4592790603637695,0.09404826164245605,728823
1988-09-13,5.4592790603637695,5.4592790603637695,5.377932071685791,5.432164192199707,0.09358114004135132,558718
1988-09-14,5.468317985534668,5.540626049041748,5.468317985534668,5.540626049041748,0.09544964134693146,268295
1988-09-15,5.5496649742126465,5.5587029457092285,5.4954328536987305,5.4954328536987305,0.0946711078286171,207445
1988-09-16,5.4502410888671875,5.4954328536987305,5.4502410888671875,5.486394882202148,0.09451550245285034,395528
1988-09-19,5.603896141052246,5.621973037719727,5.5496649742126465,5.621973037719727,0.09685098379850388,586378
1988-09-20,5.612934112548828,5.7213969230651855,5.599377155303955,5.680723190307617,0.09786313772201538,245246
1988-09-21,5.7213969230651855,5.748513221740723,5.640049934387207,5.640049934387207,0.09716247767210007,595598
1988-09-22,5.640049934387207,5.640049934387207,5.585818767547607,5.626492023468018,0.09692888706922531,535669
1988-09-23,5.585818767547607,5.680723190307617,5.585818767547607,5.667166233062744,0.09762963652610779,478506
1988-09-26,5.694281101226807,5.7213969230651855,5.640049934387207,5.667166233062744,0.09762963652610779,403826
1988-09-27,5.694281101226807,5.707839012145996,5.6536078453063965,5.680723190307617,0.09786313772201538,151204
1988-09-28,5.694281101226807,5.748513221740723,5.640049934387207,5.680723190307617,0.09786313772201538,217587
1988-09-29,5.680723190307617,5.802743911743164,5.640049934387207,5.707839012145996,0.09833025932312012,398294
1988-09-30,5.734954833984375,5.775628089904785,5.6536078453063965,5.6536078453063965,0.09739596396684647,481272
1988-10-03,5.680723190307617,5.7213969230651855,5.612934112548828,5.7213969230651855,0.09856380522251129,587300
1988-10-04,5.667166233062744,5.680723190307617,5.640049934387207,5.6536078453063965,0.09739596396684647,366947
1988-10-05,5.640049934387207,5.734954833984375,5.585818767547607,5.734954833984375,0.09879745543003082,366947
1988-10-06,5.734954833984375,5.734954833984375,5.694281101226807,5.707839012145996,0.09833025932312012,460067
1988-10-07,5.734954833984375,5.734954833984375,5.694281101226807,5.734954833984375,0.09879745543003082,556874
1988-10-10,5.7213969230651855,5.734954833984375,5.694281101226807,5.7213969230651855,0.09856380522251129,278437
1988-10-11,5.640049934387207,5.707839012145996,5.640049934387207,5.707839012145996,0.09833025932312012,1079636
1988-10-12,5.707839012145996,5.707839012145996,5.626492023468018,5.6536078453063965,0.09739596396684647,284891
1988-10-13,5.626492023468018,5.707839012145996,5.626492023468018,5.680723190307617,0.09786313772201538,282125
1988-10-14,5.667166233062744,5.734954833984375,5.6536078453063965,5.667166233062744,0.09762963652610779,595598
1988-10-17,5.667166233062744,5.734954833984375,5.667166233062744,5.667166233062744,0.09762963652610779,634321
1988-10-18,5.667166233062744,5.680723190307617,5.640049934387207,5.667166233062744,0.09762963652610779,217587
1988-10-19,5.667166233062744,5.667166233062744,5.640049934387207,5.6536078453063965,0.09739596396684647,831624
1988-10-20,5.640049934387207,5.680723190307617,5.612934112548828,5.680723190307617,0.09786313772201538,392762
1988-10-21,5.6536078453063965,5.680723190307617,5.612934112548828,5.6536078453063965,0.09739596396684647,447159
1988-10-24,5.626492023468018,5.667166233062744,5.599377155303955,5.667166233062744,0.09762963652610779,867581
1988-10-25,5.640049934387207,5.667166233062744,5.612934112548828,5.612934112548828,0.09669530391693115,420422
1988-10-26,5.626492023468018,5.640049934387207,5.612934112548828,5.626492023468018,0.09692888706922531,374323
1988-10-27,5.612934112548828,5.626492023468018,5.585818767547607,5.585818767547607,0.09622817486524582,625101
1988-10-28,5.612934112548828,5.680723190307617,5.612934112548828,5.640049934387207,0.09716247767210007,415812
1988-10-31,5.667166233062744,5.734954833984375,5.6536078453063965,5.734954833984375,0.09879745543003082,396450
1988-11-01,5.6536078453063965,5.667166233062744,5.612934112548828,5.6536078453063965,0.10669846832752228,551343
1988-11-02,5.626492023468018,5.6536078453063965,5.612934112548828,5.640049934387207,0.10644262284040451,352195
1988-11-03,5.612934112548828,5.640049934387207,5.585818767547607,5.599377155303955,0.10567504912614822,186239
1988-11-04,5.585818767547607,5.612934112548828,5.531588077545166,5.531588077545166,0.10439559072256088,890630
1988-11-07,5.545145034790039,5.545145034790039,5.518030166625977,5.518030166625977,0.10413975268602371,91276
1988-11-08,5.518030166625977,5.545145034790039,5.518030166625977,5.545145034790039,0.10465142130851746,255388
1988-11-09,5.531588077545166,5.5587029457092285,5.531588077545166,5.545145034790039,0.10465142130851746,324536
1988-11-10,5.5587029457092285,5.640049934387207,5.5587029457092285,5.626492023468018,0.10618673264980316,882333
1988-11-11,5.612934112548828,5.612934112548828,5.518030166625977,5.531588077545166,0.10439559072256088,516307
1988-11-14,5.531588077545166,5.599377155303955,5.531588077545166,5.585818767547607,0.1054190844297409,642618
1988-11-15,5.5587029457092285,5.680723190307617,5.5587029457092285,5.626492023468018,0.10618673264980316,497868
1988-11-16,5.6536078453063965,5.667166233062744,5.572260856628418,5.640049934387207,0.10644262284040451,992048
1988-11-17,5.694281101226807,5.694281101226807,5.599377155303955,5.6536078453063965,0.10669846832752228,394606
1988-11-18,5.680723190307617,5.694281101226807,5.612934112548828,5.640049934387207,0.10644262284040451,242480
1988-11-21,5.612934112548828,5.626492023468018,5.5587029457092285,5.626492023468018,0.10618673264980316,366025
1988-11-22,5.599377155303955,5.6536078453063965,5.599377155303955,5.6536078453063965,0.10669846832752228,1038147
1988-11-23,5.626492023468018,5.667166233062744,5.626492023468018,5.640049934387207,0.10644262284040451,399216
1988-11-25,5.612934112548828,5.612934112548828,5.5587029457092285,5.612934112548828,0.10593093931674957,316238
1988-11-28,5.626492023468018,5.640049934387207,5.599377155303955,5.626492023468018,0.10618673264980316,766163
1988-11-29,5.626492023468018,5.694281101226807,5.626492023468018,5.680723190307617,0.1072102040052414,411202
1988-11-30,5.572260856628418,5.680723190307617,5.572260856628418,5.667166233062744,0.10695436596870422,579924
1988-12-01,5.667166233062744,5.667166233062744,5.640049934387207,5.6536078453063965,0.10669846832752228,184396
1988-12-02,5.6536078453063965,5.680723190307617,5.612934112548828,5.640049934387207,0.10644262284040451,464677
1988-12-05,5.680723190307617,5.748513221740723,5.640049934387207,5.694281101226807,0.10746610164642334,424110
1988-12-06,5.680723190307617,5.748513221740723,5.680723190307617,5.748513221740723,0.10848964005708694,242480
1988-12-07,5.775628089904785,5.897647857666016,5.680723190307617,5.775628089904785,0.10900130122900009,1348853
1988-12-08,5.992553234100342,6.046783924102783,5.965437889099121,5.965437889099121,0.11258353292942047,1434597
1988-12-09,5.965437889099121,5.992553234100342,5.965437889099121,5.992553234100342,0.11309526115655899,418578
1988-12-12,5.992553234100342,5.992553234100342,5.978994846343994,5.992553234100342,0.11309526115655899,261842
1988-12-13,5.992553234100342,5.992553234100342,5.965437889099121,5.992553234100342,0.11309526115655899,985594
1988-12-14,5.978994846343994,5.992553234100342,5.965437889099121,5.992553234100342,0.11309526115655899,647228
1988-12-15,5.992553234100342,6.046783924102783,5.965437889099121,6.046783924102783,0.1141187846660614,396450
1988-12-16,6.046783924102783,6.168805122375488,6.019669055938721,6.168805122375488,0.11642163246870041,942261
1988-12-19,6.182363033294678,6.182363033294678,6.114573001861572,6.155247211456299,0.11616573482751846,909070
1988-12-20,6.155247211456299,6.168805122375488,6.08745813369751,6.08745813369751,0.11488642543554306,806730
1988-12-21,6.114573001861572,6.114573001861572,6.07390022277832,6.101016044616699,0.11514227092266083,374323
1988-12-22,6.114573001861572,6.128130912780762,6.08745813369751,6.101016044616699,0.11514227092266083,395528
1988-12-23,6.128130912780762,6.141688823699951,6.03322696685791,6.03322696685791,0.11386284232139587,790135
1988-12-27,6.019669055938721,6.019669055938721,5.924764156341553,5.951879978179932,0.11232766509056091,186239
1988-12-28,5.924764156341553,5.978994846343994,5.884090900421143,5.965437889099121,0.11258353292942047,380777
1988-12-29,5.965437889099121,6.060341835021973,5.965437889099121,6.060341835021973,0.11437460780143738,465599
1988-12-30,6.046783924102783,6.182363033294678,6.046783924102783,6.046783924102783,0.1141187846660614,686873
1989-01-03,6.019669055938721,6.019669055938721,5.938322067260742,5.978994846343994,0.11283940076828003,389997
1989-01-04,5.978994846343994,6.114573001861572,5.965437889099121,6.07390022277832,0.11463049054145813,677654
1989-01-05,6.07390022277832,6.195919990539551,6.07390022277832,6.155247211456299,0.11616573482751846,669356
1989-01-06,6.20947790145874,6.345056056976318,6.20947790145874,6.331498146057129,0.11949208378791809,977296
1989-01-09,6.331498146057129,6.372171878814697,6.317941188812256,6.345056056976318,0.11974792182445526,465599
1989-01-10,6.345056056976318,6.345056056976318,6.317941188812256,6.317941188812256,0.11923626065254211,385387
1989-01-11,6.331498146057129,6.372171878814697,6.331498146057129,6.372171878814697,0.12025968730449677,189927
1989-01-12,6.290824890136719,6.290824890136719,6.114573001861572,6.182363033294678,0.11667745560407639,1733318
1989-01-13,6.182363033294678,6.20947790145874,6.141688823699951,6.155247211456299,0.11616573482751846,698859
1989-01-16,6.155247211456299,6.195919990539551,6.155247211456299,6.155247211456299,0.11616573482751846,492336
1989-01-17,6.182363033294678,6.182363033294678,6.128130912780762,6.128130912780762,0.11565396934747696,528293
1989-01-18,6.155247211456299,6.236594200134277,6.128130912780762,6.195919990539551,0.11693335324525833,1551688
1989-01-19,6.182363033294678,6.236594200134277,6.182363033294678,6.22303581237793,0.11744511872529984,1063040
1989-01-20,6.195919990539551,6.195919990539551,6.128130912780762,6.155247211456299,0.11616573482751846,1461335
1989-01-23,6.128130912780762,6.20947790145874,6.128130912780762,6.155247211456299,0.11616573482751846,751412
1989-01-24,6.182363033294678,6.277266979217529,6.182363033294678,6.236594200134277,0.1177009716629982,1101763
1989-01-25,6.22303581237793,6.22303581237793,6.195919990539551,6.22303581237793,0.11744511872529984,436095
1989-01-26,6.195919990539551,6.317941188812256,6.195919990539551,6.317941188812256,0.11923626065254211,804886
1989-01-27,6.453518867492676,6.4806342124938965,6.290824890136719,6.317941188812256,0.11923626065254211,1486228
1989-01-30,6.317941188812256,6.412845134735107,6.317941188812256,6.358613967895508,0.12000377476215363,382621
1989-01-31,6.317941188812256,6.372171878814697,6.304382801055908,6.317941188812256,0.12941238284111023,345742
1989-02-01,6.290824890136719,6.317941188812256,6.26370906829834,6.290824890136719,0.12885689735412598,462833
1989-02-02,6.317941188812256,6.317941188812256,6.236594200134277,6.26370906829834,0.12830153107643127,868503
1989-02-03,6.20947790145874,6.236594200134277,6.182363033294678,6.195919990539551,0.12691301107406616,186239
1989-02-06,6.20947790145874,6.22303581237793,6.20947790145874,6.20947790145874,0.12719066441059113,150282
1989-02-07,6.20947790145874,6.412845134735107,6.20947790145874,6.412845134735107,0.13135623931884766,5286620
1989-02-08,6.399288177490234,6.399288177490234,6.345056056976318,6.345056056976318,0.1299678385257721,1112827
1989-02-09,6.317941188812256,6.399288177490234,6.317941188812256,6.358613967895508,0.13024544715881348,762476
1989-02-10,6.277266979217529,6.317941188812256,6.26370906829834,6.277266979217529,0.12857913970947266,1476086
1989-02-13,6.250152111053467,6.290824890136719,6.236594200134277,6.277266979217529,0.12857913970947266,200991
1989-02-14,6.236594200134277,6.26370906829834,6.22303581237793,6.250152111053467,0.12802372872829437,464677
1989-02-15,6.236594200134277,6.290824890136719,6.236594200134277,6.290824890136719,0.12885689735412598,243402
1989-02-16,6.26370906829834,6.304382801055908,6.26370906829834,6.290824890136719,0.12885689735412598,277515
1989-02-17,6.26370906829834,6.358613967895508,6.26370906829834,6.358613967895508,0.13024544715881348,189927
1989-02-21,6.358613967895508,6.358613967895508,6.290824890136719,6.304382801055908,0.1291346549987793,143829
1989-02-22,6.304382801055908,6.331498146057129,6.304382801055908,6.304382801055908,0.1291346549987793,527371
1989-02-23,6.290824890136719,6.304382801055908,6.277266979217529,6.290824890136719,0.12885689735412598,315316
1989-02-24,6.277266979217529,6.290824890136719,6.236594200134277,6.236594200134277,0.1277460753917694,498790
1989-02-27,6.236594200134277,6.26370906829834,6.236594200134277,6.26370906829834,0.12830153107643127,321770
1989-02-28,6.236594200134277,6.331498146057129,6.236594200134277,6.331498146057129,0.129690021276474,656448
1989-03-01,6.317941188812256,6.331498146057129,6.304382801055908,6.304382801055908,0.1291346549987793,362337
1989-03-02,6.317941188812256,6.372171878814697,6.317941188812256,6.345056056976318,0.1299678385257721,471131
1989-03-03,6.345056056976318,6.372171878814697,6.331498146057129,6.358613967895508,0.13024544715881348,569782
1989-03-06,6.385729789733887,6.4806342124938965,6.345056056976318,6.4806342124938965,0.13274481892585754,688717
1989-03-07,6.453518867492676,6.467076778411865,6.453518867492676,6.453518867492676,0.13218942284584045,174254
1989-03-08,6.453518867492676,6.494192123413086,6.412845134735107,6.453518867492676,0.13218942284584045,444393
1989-03-09,6.439960956573486,6.467076778411865,6.426403045654297,6.453518867492676,0.13218942284584045,161346
1989-03-10,6.439960956573486,6.439960956573486,6.372171878814697,6.385729789733887,0.13080081343650818,597442
1989-03-13,6.372171878814697,6.426403045654297,6.345056056976318,6.345056056976318,0.1299678385257721,744958
1989-03-14,6.345056056976318,6.345056056976318,6.250152111053467,6.290824890136719,0.12885689735412598,2032961
1989-03-15,6.277266979217529,6.290824890136719,6.128130912780762,6.250152111053467,0.12802372872829437,638009
1989-03-16,6.277266979217529,6.290824890136719,6.236594200134277,6.250152111053467,0.12802372872829437,439783
1989-03-17,6.155247211456299,6.20947790145874,6.128130912780762,6.155247211456299,0.12607985734939575,863893
1989-03-20,6.155247211456299,6.168805122375488,6.141688823699951,6.141688823699951,0.12580212950706482,552265
1989-03-21,6.182363033294678,6.20947790145874,6.155247211456299,6.168805122375488,0.1263575553894043,432408
1989-03-22,6.182363033294678,6.182363033294678,6.141688823699951,6.155247211456299,0.12607985734939575,541201
1989-03-23,6.155247211456299,6.168805122375488,6.08745813369751,6.114573001861572,0.12524670362472534,543967
1989-03-27,6.101016044616699,6.168805122375488,6.101016044616699,6.155247211456299,0.12607985734939575,394606
1989-03-28,6.182363033294678,6.182363033294678,6.101016044616699,6.114573001861572,0.12524670362472534,676732
1989-03-29,6.128130912780762,6.128130912780762,6.101016044616699,6.128130912780762,0.12552444636821747,658292
1989-03-30,6.155247211456299,6.20947790145874,6.141688823699951,6.168805122375488,0.1263575553894043,325458
1989-03-31,6.182363033294678,6.20947790145874,6.168805122375488,6.20947790145874,0.12719066441059113,373401
1989-04-03,6.26370906829834,6.26370906829834,6.155247211456299,6.155247211456299,0.12607985734939575,539357
1989-04-04,6.182363033294678,6.182363033294678,6.114573001861572,6.114573001861572,0.12524670362472534,293189
1989-04-05,6.168805122375488,6.182363033294678,6.128130912780762,6.182363033294678,0.12663523852825165,780915
1989-04-06,6.182363033294678,6.182363033294678,6.141688823699951,6.141688823699951,0.12580212950706482,158580
1989-04-07,6.168805122375488,6.22303581237793,6.141688823699951,6.182363033294678,0.12663523852825165,158580
1989-04-10,6.20947790145874,6.250152111053467,6.182363033294678,6.236594200134277,0.1277460753917694,648150
1989-04-11,6.236594200134277,6.345056056976318,6.236594200134277,6.331498146057129,0.129690021276474,329146
1989-04-12,6.345056056976318,6.358613967895508,6.317941188812256,6.331498146057129,0.129690021276474,177942
1989-04-13,6.331498146057129,6.345056056976318,6.290824890136719,6.317941188812256,0.12941238284111023,498790
1989-04-14,6.399288177490234,6.399288177490234,6.304382801055908,6.345056056976318,0.1299678385257721,374323
1989-04-17,6.317941188812256,6.372171878814697,6.317941188812256,6.372171878814697,0.1305231899023056,326380
1989-04-18,6.399288177490234,6.426403045654297,6.385729789733887,6.399288177490234,0.1310785710811615,1651262
1989-04-19,6.399288177490234,6.412845134735107,6.385729789733887,6.399288177490234,0.1310785710811615,444393
1989-04-20,6.412845134735107,6.412845134735107,6.304382801055908,6.331498146057129,0.129690021276474,532903
1989-04-21,6.317941188812256,6.372171878814697,6.317941188812256,6.345056056976318,0.1299678385257721,688717
1989-04-24,6.317941188812256,6.331498146057129,6.277266979217529,6.317941188812256,0.12941238284111023,1016941
1989-04-25,6.290824890136719,6.317941188812256,6.290824890136719,6.290824890136719,0.12885689735412598,429642
1989-04-26,6.372171878814697,6.372171878814697,6.250152111053467,6.250152111053467,0.12802372872829437,407514
1989-04-27,6.250152111053467,6.250152111053467,6.195919990539551,6.250152111053467,0.12802372872829437,1342399
1989-04-28,6.236594200134277,6.26370906829834,6.22303581237793,6.250152111053467,0.12802372872829437,625101
1989-05-01,6.236594200134277,6.331498146057129,6.236594200134277,6.331498146057129,0.129690021276474,254466
1989-05-02,6.345056056976318,6.358613967895508,6.290824890136719,6.290824890136719,0.13990528881549835,922900
1989-05-03,6.290824890136719,6.372171878814697,6.290824890136719,6.372171878814697,0.14171439409255981,1022473
1989-05-04,6.358613967895508,6.399288177490234,6.345056056976318,6.372171878814697,0.14171439409255981,1807076
1989-05-05,6.372171878814697,6.426403045654297,6.345056056976318,6.358613967895508,0.14141282439231873,2901464
1989-05-08,6.345056056976318,6.358613967895508,6.317941188812256,6.317941188812256,0.14050829410552979,1107295
1989-05-09,6.317941188812256,6.345056056976318,6.304382801055908,6.317941188812256,0.14050829410552979,1527717
1989-05-10,6.317941188812256,6.331498146057129,6.290824890136719,6.317941188812256,0.14050829410552979,877723
1989-05-11,6.304382801055908,6.331498146057129,6.26370906829834,6.290824890136719,0.13990528881549835,1202259
1989-05-12,6.345056056976318,6.467076778411865,6.345056056976318,6.453518867492676,0.14352349936962128,1017863
1989-05-15,6.4806342124938965,6.561981201171875,6.439960956573486,6.548422813415527,0.14563415944576263,697937
1989-05-16,6.548422813415527,6.589097023010254,6.521307945251465,6.534865856170654,0.14533266425132751,582690
1989-05-17,6.521307945251465,6.616212844848633,6.521307945251465,6.561981201171875,0.14593560993671417,550421
1989-05-18,6.561981201171875,6.602654933929443,6.561981201171875,6.561981201171875,0.14593560993671417,607583
1989-05-19,6.561981201171875,6.670444011688232,6.548422813415527,6.670444011688232,0.14834782481193542,1427221
1989-05-22,6.670444011688232,6.684001922607422,6.629769802093506,6.6433281898498535,0.14774483442306519,605739
1989-05-23,6.616212844848633,6.656886100769043,6.602654933929443,6.656886100769043,0.14804629981517792,1645730
1989-05-24,6.6433281898498535,6.697558879852295,6.6433281898498535,6.670444011688232,0.14834782481193542,817794
1989-05-25,6.656886100769043,6.684001922607422,6.656886100769043,6.670444011688232,0.14834782481193542,700703
1989-05-26,6.670444011688232,6.711116790771484,6.670444011688232,6.711116790771484,0.14925232529640198,934885
1989-05-30,6.6433281898498535,6.697558879852295,6.6433281898498535,6.670444011688232,0.14834782481193542,992970
1989-05-31,6.656886100769043,6.792463779449463,6.656886100769043,6.684001922607422,0.14864937961101532,367869
1989-06-01,6.697558879852295,6.8060221672058105,6.697558879852295,6.792463779449463,0.1510615199804306,673966
1989-06-02,6.778905868530273,6.860252857208252,6.778905868530273,6.8466949462890625,0.1522676944732666,383543
1989-06-05,6.8331379890441895,6.873810768127441,6.765347957611084,6.8466949462890625,0.1522676944732666,508010
1989-06-06,6.8466949462890625,6.8466949462890625,6.8060221672058105,6.8466949462890625,0.1522676944732666,1510199
1989-06-07,6.860252857208252,7.077178001403809,6.860252857208252,7.077178001403809,0.15739348530769348,674888
1989-06-08,7.077178001403809,7.077178001403809,6.887369155883789,6.887369155883789,0.15317220985889435,772617
1989-06-09,6.860252857208252,6.914484024047852,6.819580078125,6.887369155883789,0.15317220985889435,767085
1989-06-12,6.860252857208252,6.860252857208252,6.819580078125,6.8331379890441895,0.15196599066257477,942261
1989-06-13,6.778905868530273,6.8331379890441895,6.778905868530273,6.8060221672058105,0.1513630896806717,458223
1989-06-14,6.778905868530273,6.8331379890441895,6.778905868530273,6.8060221672058105,0.1513630896806717,178864
1989-06-15,6.778905868530273,6.8060221672058105,6.7382330894470215,6.751791000366211,0.15015695989131927,212977
1989-06-16,6.711116790771484,6.751791000366211,6.697558879852295,6.751791000366211,0.15015695989131927,949637
1989-06-19,6.697558879852295,6.765347957611084,6.697558879852295,6.765347957611084,0.1504584550857544,273827
1989-06-20,6.778905868530273,6.778905868530273,6.670444011688232,6.670444011688232,0.14834782481193542,150282
1989-06-21,6.670444011688232,6.670444011688232,6.589097023010254,6.616212844848633,0.14714179933071136,627867
1989-06-22,6.6433281898498535,6.656886100769043,6.589097023010254,6.6433281898498535,0.14774483442306519,376167
1989-06-23,6.629769802093506,6.7382330894470215,6.629769802093506,6.7382330894470215,0.14985541999340057,288579
1989-06-26,6.711116790771484,6.711116790771484,6.656886100769043,6.656886100769043,0.14804629981517792,284891
1989-06-27,6.629769802093506,6.697558879852295,6.629769802093506,6.656886100769043,0.14804629981517792,230494
1989-06-28,6.629769802093506,6.656886100769043,6.616212844848633,6.616212844848633,0.14714179933071136,136453
1989-06-29,6.616212844848633,6.629769802093506,6.616212844848633,6.616212844848633,0.14714179933071136,363259
1989-06-30,6.616212844848633,6.616212844848633,6.534865856170654,6.561981201171875,0.14593560993671417,825170
1989-07-03,6.561981201171875,6.602654933929443,6.548422813415527,6.548422813415527,0.14563415944576263,284891
1989-07-05,6.534865856170654,6.561981201171875,6.467076778411865,6.561981201171875,0.14593560993671417,326380
1989-07-06,6.534865856170654,6.548422813415527,6.467076778411865,6.467076778411865,0.14382506906986237,153048
1989-07-07,6.467076778411865,6.4806342124938965,6.331498146057129,6.4806342124938965,0.14412648975849152,792901
1989-07-10,6.4806342124938965,6.561981201171875,6.4806342124938965,6.534865856170654,0.14533266425132751,342054
1989-07-11,6.561981201171875,6.629769802093506,6.548422813415527,6.629769802093506,0.14744329452514648,394606
1989-07-12,6.616212844848633,6.616212844848633,6.548422813415527,6.548422813415527,0.14563415944576263,542123
1989-07-13,6.521307945251465,6.561981201171875,6.494192123413086,6.561981201171875,0.14593560993671417,2008067
1989-07-14,6.5755391120910645,6.684001922607422,6.548422813415527,6.6433281898498535,0.14774483442306519,438861
1989-07-17,6.6433281898498535,6.670444011688232,6.616212844848633,6.6433281898498535,0.14774483442306519,565172
1989-07-18,6.589097023010254,6.629769802093506,6.589097023010254,6.616212844848633,0.14714179933071136,263686
1989-07-19,6.616212844848633,6.711116790771484,6.616212844848633,6.697558879852295,0.14895080029964447,263686
1989-07-20,6.697558879852295,6.697558879852295,6.616212844848633,6.629769802093506,0.14744329452514648,640774
1989-07-21,6.629769802093506,6.670444011688232,6.616212844848633,6.670444011688232,0.14834782481193542,277515
1989-07-24,6.6433281898498535,6.684001922607422,6.616212844848633,6.6433281898498535,0.14774483442306519,285813
1989-07-25,6.670444011688232,6.778905868530273,6.656886100769043,6.697558879852295,0.14895080029964447,184396
1989-07-26,6.684001922607422,6.765347957611084,6.684001922607422,6.765347957611084,0.1504584550857544,1132189
1989-07-27,6.7382330894470215,6.765347957611084,6.724675178527832,6.751791000366211,0.15015695989131927,622335
1989-07-28,6.765347957611084,6.8466949462890625,6.765347957611084,6.778905868530273,0.1507599949836731,859283
1989-07-31,6.778905868530273,6.968716144561768,6.778905868530273,6.968716144561768,0.15498137474060059,600207
1989-08-01,6.887369155883789,6.9415998458862305,6.8466949462890625,6.873810768127441,0.16468685865402222,510776
1989-08-02,6.8466949462890625,6.887369155883789,6.8466949462890625,6.873810768127441,0.16468685865402222,236026
1989-08-03,6.887369155883789,6.928041934967041,6.887369155883789,6.9009270668029785,0.1653364598751068,217587
1989-08-04,6.928041934967041,6.928041934967041,6.873810768127441,6.887369155883789,0.16501158475875854,459145
1989-08-07,6.9009270668029785,7.050063133239746,6.9009270668029785,7.050063133239746,0.16890956461429596,472053
1989-08-08,7.022946834564209,7.063620090484619,7.0093889236450195,7.036505222320557,0.16858462989330292,466521
1989-08-09,7.022946834564209,7.131409168243408,7.022946834564209,7.090735912322998,0.16988395154476166,454535
1989-08-10,7.077178001403809,7.131409168243408,7.050063133239746,7.117852210998535,0.1705336719751358,1016941
1989-08-11,7.131409168243408,7.131409168243408,6.99583101272583,6.99583101272583,0.16761010885238647,788291
1989-08-14,7.022946834564209,7.050063133239746,6.99583101272583,7.022946834564209,0.16825975477695465,256310
1989-08-15,7.0093889236450195,7.050063133239746,6.99583101272583,7.050063133239746,0.16890956461429596,153048
1989-08-16,7.022946834564209,7.077178001403809,7.022946834564209,7.036505222320557,0.16858462989330292,290423
1989-08-17,7.0093889236450195,7.036505222320557,7.0093889236450195,7.036505222320557,0.16858462989330292,310706
1989-08-18,7.036505222320557,7.090735912322998,7.036505222320557,7.090735912322998,0.16988395154476166,186239
1989-08-21,7.131409168243408,7.144967079162598,7.063620090484619,7.077178001403809,0.16955913603305817,398294
1989-08-22,7.077178001403809,7.077178001403809,7.022946834564209,7.036505222320557,0.16858462989330292,389997
1989-08-23,7.022946834564209,7.090735912322998,7.022946834564209,7.090735912322998,0.16988395154476166,577158
1989-08-24,7.117852210998535,7.280545234680176,7.1042938232421875,7.199197769165039,0.17248259484767914,660136
1989-08-25,7.199197769165039,7.2669878005981445,7.144967079162598,7.144967079162598,0.17118322849273682,527371
1989-08-28,7.077178001403809,7.2669878005981445,7.077178001403809,7.2669878005981445,0.17410673201084137,439783
1989-08-29,7.239871978759766,7.253429889678955,7.212756156921387,7.212756156921387,0.17280741035938263,225885
1989-08-30,7.212756156921387,7.2669878005981445,7.212756156921387,7.239871978759766,0.173457071185112,551343
1989-08-31,7.253429889678955,7.294103145599365,7.239871978759766,7.253429889678955,0.17378191649913788,484038
1989-09-01,7.280545234680176,7.321218967437744,7.2669878005981445,7.280545234680176,0.17443148791790009,971764
1989-09-05,7.253429889678955,7.2669878005981445,7.172082901000977,7.185640811920166,0.17215780913829803,370635
1989-09-06,7.158524990081787,7.158524990081787,7.063620090484619,7.063620090484619,0.16923433542251587,866659
1989-09-07,7.063620090484619,7.063620090484619,7.022946834564209,7.022946834564209,0.16825975477695465,1139564
1989-09-08,7.050063133239746,7.050063133239746,6.99583101272583,6.99583101272583,0.16761010885238647,502478
1989-09-11,6.99583101272583,7.0093889236450195,6.928041934967041,6.9415998458862305,0.1663108617067337,805808
1989-09-12,6.928041934967041,6.9415998458862305,6.928041934967041,6.928041934967041,0.1659860759973526,1230840
1989-09-13,6.9415998458862305,6.9415998458862305,6.819580078125,6.819580078125,0.16338753700256348,1585802
1989-09-14,6.819580078125,6.8331379890441895,6.778905868530273,6.819580078125,0.16338753700256348,1830126
1989-09-15,6.778905868530273,6.860252857208252,6.778905868530273,6.819580078125,0.16338753700256348,988360
1989-09-18,6.8060221672058105,6.928041934967041,6.8060221672058105,6.928041934967041,0.1659860759973526,543045
1989-09-19,6.887369155883789,7.077178001403809,6.887369155883789,7.077178001403809,0.16955913603305817,775383
1989-09-20,7.063620090484619,7.1042938232421875,7.063620090484619,7.1042938232421875,0.17020881175994873,673044
1989-09-21,7.1042938232421875,7.131409168243408,6.982273101806641,6.982273101806641,0.16728533804416656,408436
1989-09-22,7.0093889236450195,7.036505222320557,6.9009270668029785,6.9009270668029785,0.1653364598751068,717299
1989-09-25,6.873810768127441,6.887369155883789,6.819580078125,6.819580078125,0.16338753700256348,604817
1989-09-26,6.8331379890441895,6.914484024047852,6.819580078125,6.819580078125,0.16338753700256348,423188
1989-09-27,6.8060221672058105,6.887369155883789,6.8060221672058105,6.8331379890441895,0.1637122631072998,703469
1989-09-28,6.819580078125,6.8466949462890625,6.819580078125,6.8331379890441895,0.1637122631072998,838078
1989-09-29,6.819580078125,6.8331379890441895,6.697558879852295,6.697558879852295,0.16046395897865295,1100841
1989-10-02,6.711116790771484,6.724675178527832,6.684001922607422,6.697558879852295,0.16046395897865295,763397
1989-10-03,6.724675178527832,6.7382330894470215,6.697558879852295,6.724675178527832,0.16111376881599426,668434
1989-10-04,6.711116790771484,6.724675178527832,6.697558879852295,6.711116790771484,0.16078881919384003,317160
1989-10-05,6.697558879852295,6.724675178527832,6.6433281898498535,6.670444011688232,0.15981444716453552,373401
1989-10-06,6.670444011688232,6.724675178527832,6.670444011688232,6.684001922607422,0.16013923287391663,703469
1989-10-09,6.684001922607422,6.684001922607422,6.6433281898498535,6.6433281898498535,0.15916474163532257,472975
1989-10-10,6.6433281898498535,6.6433281898498535,6.521307945251465,6.521307945251465,0.1562412977218628,1835657
1989-10-11,6.507750034332275,6.507750034332275,6.467076778411865,6.4806342124938965,0.15526683628559113,894318
1989-10-12,6.4806342124938965,6.494192123413086,6.467076778411865,6.494192123413086,0.15559162199497223,311628
1989-10-13,6.4806342124938965,6.507750034332275,6.20947790145874,6.20947790145874,0.14877037703990936,867581
1989-10-16,6.236594200134277,6.385729789733887,6.182363033294678,6.372171878814697,0.15266837179660797,1830126
1989-10-17,6.317941188812256,6.399288177490234,6.317941188812256,6.372171878814697,0.15266837179660797,708079
1989-10-18,6.358613967895508,6.453518867492676,6.358613967895508,6.426403045654297,0.1539674550294876,501556
1989-10-19,6.453518867492676,6.589097023010254,6.453518867492676,6.534865856170654,0.15656615793704987,549499
1989-10-20,6.507750034332275,6.548422813415527,6.494192123413086,6.507750034332275,0.1559164822101593,771695
1989-10-23,6.507750034332275,6.521307945251465,6.20947790145874,6.236594200134277,0.14941999316215515,1798778
1989-10-24,6.182363033294678,6.182363033294678,6.07390022277832,6.128130912780762,0.14682134985923767,4358188
1989-10-25,6.114573001861572,6.168805122375488,6.114573001861572,6.155247211456299,0.14747099578380585,1167224
1989-10-26,6.128130912780762,6.141688823699951,6.07390022277832,6.07390022277832,0.1455220878124237,529215
1989-10-27,6.07390022277832,6.08745813369751,6.046783924102783,6.060341835021973,0.14519713819026947,467443
1989-10-30,6.03322696685791,6.046783924102783,6.03322696685791,6.046783924102783,0.14487230777740479,248934
1989-10-31,5.992553234100342,6.046783924102783,5.992553234100342,6.03322696685791,0.15757738053798676,447159
1989-11-01,6.006111145019531,6.060341835021973,6.006111145019531,6.006111145019531,0.15686921775341034,1013253
1989-11-02,5.992553234100342,5.992553234100342,5.924764156341553,5.938322067260742,0.15509870648384094,323614
1989-11-03,5.938322067260742,5.938322067260742,5.802743911743164,5.856975078582764,0.15297403931617737,921978
1989-11-06,5.856975078582764,5.856975078582764,5.748513221740723,5.762070178985596,0.15049536526203156,224041
1989-11-07,5.748513221740723,5.789186000823975,5.748513221740723,5.789186000823975,0.15120349824428558,531981
1989-11-08,5.762070178985596,5.829858779907227,5.762070178985596,5.775628089904785,0.15084925293922424,159502
1989-11-09,5.775628089904785,5.8163018226623535,5.775628089904785,5.802743911743164,0.15155768394470215,443471
1989-11-10,5.8163018226623535,5.856975078582764,5.8163018226623535,5.843417167663574,0.15261998772621155,388153
1989-11-13,5.856975078582764,5.870532989501953,5.748513221740723,5.748513221740723,0.15014125406742096,522761
1989-11-14,5.748513221740723,5.775628089904785,5.748513221740723,5.748513221740723,0.15014125406742096,324536
1989-11-15,5.775628089904785,5.870532989501953,5.775628089904785,5.870532989501953,0.15332816541194916,1347931
1989-11-16,5.856975078582764,5.870532989501953,5.843417167663574,5.856975078582764,0.15297403931617737,1175521
1989-11-17,5.829858779907227,5.870532989501953,5.829858779907227,5.856975078582764,0.15297403931617737,254466
1989-11-20,5.856975078582764,5.856975078582764,5.843417167663574,5.843417167663574,0.15261998772621155,221275
1989-11-21,5.856975078582764,5.870532989501953,5.843417167663574,5.843417167663574,0.15261998772621155,363259
1989-11-22,5.843417167663574,5.856975078582764,5.843417167663574,5.843417167663574,0.15261998772621155,331912
1989-11-24,5.856975078582764,5.911205768585205,5.856975078582764,5.911205768585205,0.15439046919345856,276593
1989-11-27,5.870532989501953,5.911205768585205,5.870532989501953,5.911205768585205,0.15439046919345856,179786
1989-11-28,5.884090900421143,5.965437889099121,5.884090900421143,5.965437889099121,0.15580697357654572,246168
1989-11-29,5.992553234100342,6.019669055938721,5.951879978179932,5.951879978179932,0.15545284748077393,631555
1989-11-30,6.006111145019531,6.060341835021973,5.978994846343994,6.019669055938721,0.15722331404685974,487726
1989-12-01,6.006111145019531,6.046783924102783,5.992553234100342,6.046783924102783,0.15793153643608093,1422612
1989-12-04,6.046783924102783,6.101016044616699,6.046783924102783,6.101016044616699,0.15934795141220093,330990
1989-12-05,6.07390022277832,6.101016044616699,6.03322696685791,6.03322696685791,0.15757738053798676,426876
1989-12-06,5.992553234100342,6.046783924102783,5.978994846343994,6.006111145019531,0.15686921775341034,642618
1989-12-07,6.006111145019531,6.03322696685791,6.006111145019531,6.019669055938721,0.15722331404685974,230494
1989-12-08,6.006111145019531,6.060341835021973,6.006111145019531,6.046783924102783,0.15793153643608093,216665
1989-12-11,6.046783924102783,6.07390022277832,5.965437889099121,6.046783924102783,0.15793153643608093,169644
1989-12-12,5.992553234100342,6.182363033294678,5.992553234100342,6.182363033294678,0.1614726483821869,427798
1989-12-13,6.20947790145874,6.250152111053467,6.019669055938721,6.019669055938721,0.15722331404685974,938573
1989-12-14,5.992553234100342,6.07390022277832,5.992553234100342,6.019669055938721,0.15722331404685974,538435
1989-12-15,6.046783924102783,6.07390022277832,6.019669055938721,6.07390022277832,0.15863972902297974,721908
1989-12-18,6.046783924102783,6.114573001861572,6.03322696685791,6.101016044616699,0.15934795141220093,425954
1989-12-19,6.101016044616699,6.101016044616699,6.060341835021973,6.08745813369751,0.15899387001991272,239714
1989-12-20,6.08745813369751,6.08745813369751,6.03322696685791,6.07390022277832,0.15863972902297974,253544
1989-12-21,6.07390022277832,6.07390022277832,5.978994846343994,6.019669055938721,0.15722331404685974,511698
1989-12-22,6.046783924102783,6.060341835021973,6.019669055938721,6.03322696685791,0.15757738053798676,120779
1989-12-26,6.006111145019531,6.182363033294678,6.006111145019531,6.182363033294678,0.1614726483821869,423188
1989-12-27,6.155247211456299,6.195919990539551,6.128130912780762,6.182363033294678,0.1614726483821869,187161
1989-12-28,6.155247211456299,6.182363033294678,6.155247211456299,6.182363033294678,0.1614726483821869,135531
1989-12-29,6.155247211456299,6.182363033294678,6.155247211456299,6.182363033294678,0.1614726483821869,149360
1990-01-02,6.155247211456299,6.182363033294678,6.128130912780762,6.182363033294678,0.1614726483821869,629711
1990-01-03,6.155247211456299,6.168805122375488,6.114573001861572,6.155247211456299,0.16076436638832092,516307
1990-01-04,6.141688823699951,6.168805122375488,6.07390022277832,6.07390022277832,0.15863972902297974,449925
1990-01-05,6.019669055938721,6.060341835021973,6.006111145019531,6.060341835021973,0.15828566253185272,454535
1990-01-08,6.060341835021973,6.114573001861572,6.046783924102783,6.101016044616699,0.15934795141220093,451769
1990-01-09,6.07390022277832,6.101016044616699,6.006111145019531,6.006111145019531,0.15686921775341034,364181
1990-01-10,6.006111145019531,6.060341835021973,5.992553234100342,5.992553234100342,0.15651507675647736,531059
1990-01-11,5.992553234100342,6.006111145019531,5.938322067260742,5.938322067260742,0.15509870648384094,624179
1990-01-12,5.856975078582764,5.884090900421143,5.694281101226807,5.748513221740723,0.15014125406742096,239714
1990-01-15,5.694281101226807,5.775628089904785,5.640049934387207,5.748513221740723,0.15014125406742096,505244
1990-01-16,5.7213969230651855,5.789186000823975,5.7213969230651855,5.789186000823975,0.15120349824428558,308863
1990-01-17,5.762070178985596,5.802743911743164,5.694281101226807,5.748513221740723,0.15014125406742096,303331
1990-01-18,5.734954833984375,5.802743911743164,5.734954833984375,5.789186000823975,0.15120349824428558,858361
1990-01-19,5.789186000823975,5.789186000823975,5.667166233062744,5.667166233062744,0.14801658689975739,318082
1990-01-22,5.680723190307617,5.694281101226807,5.5587029457092285,5.5587029457092285,0.14518366754055023,359571
1990-01-23,5.5587029457092285,5.572260856628418,5.47735595703125,5.47735595703125,0.14305903017520905,573470
1990-01-24,5.42312479019165,5.47735595703125,5.3960089683532715,5.47735595703125,0.14305903017520905,1784027
1990-01-25,5.504471778869629,5.504471778869629,5.4502410888671875,5.47735595703125,0.14305903017520905,663824
1990-01-26,5.4502410888671875,5.585818767547607,5.436683177947998,5.585818767547607,0.14589186012744904,713611
1990-01-29,5.612934112548828,5.7213969230651855,5.585818767547607,5.680723190307617,0.1483706384897232,240636
1990-01-30,5.626492023468018,5.7213969230651855,5.599377155303955,5.707839012145996,0.1634666919708252,478506
1990-01-31,5.694281101226807,5.748513221740723,5.694281101226807,5.748513221740723,0.16463150084018707,437939
1990-02-01,5.748513221740723,5.748513221740723,5.694281101226807,5.707839012145996,0.1634666919708252,1110061
1990-02-02,5.667166233062744,5.694281101226807,5.626492023468018,5.680723190307617,0.16269022226333618,293189
1990-02-05,5.640049934387207,5.6536078453063965,5.531588077545166,5.5587029457092285,0.15919563174247742,930275
1990-02-06,5.531588077545166,5.585818767547607,5.504471778869629,5.504471778869629,0.15764249861240387,1784027
1990-02-07,5.47735595703125,5.545145034790039,5.4637980461120605,5.531588077545166,0.15841908752918243,1630056
1990-02-08,5.531588077545166,5.545145034790039,5.531588077545166,5.545145034790039,0.15880733728408813,772617
1990-02-09,5.531588077545166,5.572260856628418,5.531588077545166,5.531588077545166,0.15841908752918243,593754
1990-02-12,5.531588077545166,5.545145034790039,5.504471778869629,5.504471778869629,0.15764249861240387,668434
1990-02-13,5.4502410888671875,5.518030166625977,5.4502410888671875,5.4909138679504395,0.1572541743516922,629711
1990-02-14,5.518030166625977,5.5587029457092285,5.504471778869629,5.5587029457092285,0.15919563174247742,153048
1990-02-15,5.5587029457092285,5.572260856628418,5.531588077545166,5.5587029457092285,0.15919563174247742,306097
1990-02-16,5.545145034790039,5.545145034790039,5.42312479019165,5.4909138679504395,0.1572541743516922,507088
1990-02-20,5.42312479019165,5.4502410888671875,5.3960089683532715,5.4502410888671875,0.15608929097652435,186239
1990-02-21,5.42312479019165,5.5587029457092285,5.42312479019165,5.545145034790039,0.15880733728408813,743114
1990-02-22,5.545145034790039,5.5587029457092285,5.47735595703125,5.47735595703125,0.1568659245967865,624179
1990-02-23,5.47735595703125,5.47735595703125,5.42312479019165,5.4502410888671875,0.15608929097652435,677654
1990-02-26,5.4502410888671875,5.4502410888671875,5.3960089683532715,5.3960089683532715,0.15453624725341797,1234528
1990-02-27,5.4502410888671875,5.4502410888671875,5.409566879272461,5.436683177947998,0.1557011902332306,1280627
1990-02-28,5.436683177947998,5.545145034790039,5.436683177947998,5.545145034790039,0.15880733728408813,2407284
1990-03-01,5.531588077545166,5.5587029457092285,5.531588077545166,5.531588077545166,0.15841908752918243,676732
1990-03-02,5.545145034790039,5.572260856628418,5.531588077545166,5.545145034790039,0.15880733728408813,1009566
1990-03-05,5.545145034790039,5.599377155303955,5.531588077545166,5.545145034790039,0.15880733728408813,1695517
1990-03-06,5.572260856628418,5.572260856628418,5.531588077545166,5.5587029457092285,0.15919563174247742,2644232
1990-03-07,5.572260856628418,5.6536078453063965,5.572260856628418,5.640049934387207,0.16152536869049072,567938
1990-03-08,5.640049934387207,5.911205768585205,5.640049934387207,5.856975078582764,0.16773785650730133,886942
1990-03-09,5.829858779907227,5.911205768585205,5.829858779907227,5.884090900421143,0.1685144305229187,460989
1990-03-12,5.884090900421143,6.046783924102783,5.856975078582764,6.019669055938721,0.17239724099636078,775383
1990-03-13,5.992553234100342,6.101016044616699,5.978994846343994,6.07390022277832,0.17395029962062836,1096231
1990-03-14,6.046783924102783,6.046783924102783,5.965437889099121,5.978994846343994,0.17123232781887054,297799
1990-03-15,5.992553234100342,6.019669055938721,5.965437889099121,5.992553234100342,0.1716206669807434,685951
1990-03-16,6.046783924102783,6.046783924102783,5.965437889099121,5.992553234100342,0.1716206669807434,658292
1990-03-19,5.978994846343994,5.992553234100342,5.965437889099121,5.978994846343994,0.17123232781887054,342976
1990-03-20,5.992553234100342,6.046783924102783,5.978994846343994,5.992553234100342,0.1716206669807434,188083
1990-03-21,5.978994846343994,6.060341835021973,5.978994846343994,6.019669055938721,0.17239724099636078,332834
1990-03-22,6.03322696685791,6.08745813369751,6.019669055938721,6.03322696685791,0.17278549075126648,521839
1990-03-23,6.019669055938721,6.03322696685791,6.006111145019531,6.019669055938721,0.17239724099636078,221275
1990-03-26,6.046783924102783,6.07390022277832,6.046783924102783,6.046783924102783,0.17317380011081696,448081
1990-03-27,6.046783924102783,6.128130912780762,6.03322696685791,6.114573001861572,0.1751151829957962,221275
1990-03-28,6.101016044616699,6.155247211456299,6.08745813369751,6.128130912780762,0.17550347745418549,236948
1990-03-29,6.101016044616699,6.114573001861572,6.08745813369751,6.101016044616699,0.17472681403160095,164112
1990-03-30,6.101016044616699,6.128130912780762,6.08745813369751,6.101016044616699,0.17472681403160095,405670
1990-04-02,6.101016044616699,6.101016044616699,6.019669055938721,6.03322696685791,0.17278549075126648,424110
1990-04-03,6.046783924102783,6.101016044616699,6.046783924102783,6.08745813369751,0.174338698387146,685029
1990-04-04,6.060341835021973,6.08745813369751,6.03322696685791,6.046783924102783,0.17317380011081696,345742
1990-04-05,6.046783924102783,6.114573001861572,6.019669055938721,6.019669055938721,0.17239724099636078,449925
1990-04-06,6.03322696685791,6.046783924102783,5.978994846343994,6.019669055938721,0.17239724099636078,559640
1990-04-09,6.019669055938721,6.046783924102783,6.019669055938721,6.03322696685791,0.17278549075126648,236948
1990-04-10,6.019669055938721,6.019669055938721,5.992553234100342,5.992553234100342,0.1716206669807434,465599
1990-04-11,5.978994846343994,6.03322696685791,5.978994846343994,6.006111145019531,0.17200882732868195,167800
1990-04-12,6.006111145019531,6.019669055938721,6.006111145019531,6.006111145019531,0.17200882732868195,336522
1990-04-16,5.951879978179932,6.006111145019531,5.951879978179932,5.978994846343994,0.17123232781887054,810418
1990-04-17,5.978994846343994,5.978994846343994,5.938322067260742,5.965437889099121,0.1708441823720932,342976
1990-04-18,5.992553234100342,5.992553234100342,5.856975078582764,5.870532989501953,0.16812601685523987,578080
1990-04-19,5.856975078582764,5.884090900421143,5.829858779907227,5.829858779907227,0.1669611930847168,839000
1990-04-20,5.856975078582764,5.856975078582764,5.789186000823975,5.789186000823975,0.16579636931419373,1276939
1990-04-23,5.789186000823975,5.802743911743164,5.734954833984375,5.748513221740723,0.16463150084018707,645384
1990-04-24,5.775628089904785,5.775628089904785,5.734954833984375,5.734954833984375,0.16424329578876495,1405094
1990-04-25,5.748513221740723,5.802743911743164,5.748513221740723,5.802743911743164,0.166184663772583,990204
1990-04-26,5.829858779907227,5.951879978179932,5.802743911743164,5.951879978179932,0.17045575380325317,926588
1990-04-27,5.938322067260742,5.978994846343994,5.938322067260742,5.951879978179932,0.17045575380325317,1405094
1990-04-30,5.938322067260742,5.978994846343994,5.938322067260742,5.978994846343994,0.17123232781887054,1653106
1990-05-01,5.911205768585205,5.951879978179932,5.897647857666016,5.897647857666016,0.18431618809700012,130921
1990-05-02,5.924764156341553,5.924764156341553,5.897647857666016,5.911205768585205,0.18474014103412628,693327
1990-05-03,5.911205768585205,5.938322067260742,5.911205768585205,5.911205768585205,0.18474014103412628,301487
1990-05-04,5.924764156341553,6.07390022277832,5.924764156341553,6.046783924102783,0.18897713720798492,353117
1990-05-07,6.019669055938721,6.20947790145874,6.019669055938721,6.195919990539551,0.19363808631896973,411202
1990-05-08,6.195919990539551,6.358613967895508,6.195919990539551,6.331498146057129,0.1978752315044403,342054
1990-05-09,6.331498146057129,6.412845134735107,6.331498146057129,6.399288177490234,0.1999937891960144,565172
1990-05-10,6.372171878814697,6.426403045654297,6.358613967895508,6.385729789733887,0.19957011938095093,837156
1990-05-11,6.399288177490234,6.534865856170654,6.399288177490234,6.494192123413086,0.20295986533164978,562406
1990-05-14,6.453518867492676,6.548422813415527,6.426403045654297,6.4806342124938965,0.20253601670265198,800277
1990-05-15,6.467076778411865,6.589097023010254,6.467076778411865,6.589097023010254,0.20592592656612396,751412
1990-05-16,6.602654933929443,6.602654933929443,6.507750034332275,6.561981201171875,0.20507843792438507,427798
1990-05-17,6.534865856170654,6.602654933929443,6.534865856170654,6.5755391120910645,0.20550206303596497,493258
1990-05-18,6.548422813415527,6.602654933929443,6.548422813415527,6.602654933929443,0.20634958148002625,189005
1990-05-21,6.602654933929443,6.629769802093506,6.589097023010254,6.616212844848633,0.20677340030670166,248012
1990-05-22,6.629769802093506,6.656886100769043,6.616212844848633,6.6433281898498535,0.20762072503566742,629711
1990-05-23,6.656886100769043,6.656886100769043,6.629769802093506,6.656886100769043,0.20804449915885925,211133
1990-05-24,6.629769802093506,6.656886100769043,6.616212844848633,6.6433281898498535,0.20762072503566742,419500
1990-05-25,6.616212844848633,6.656886100769043,6.616212844848633,6.629769802093506,0.2071969360113144,157658
1990-05-29,6.602654933929443,6.697558879852295,6.602654933929443,6.656886100769043,0.20804449915885925,850985
1990-05-30,6.670444011688232,6.711116790771484,6.6433281898498535,6.670444011688232,0.20846812427043915,794745
1990-05-31,6.629769802093506,6.697558879852295,6.629769802093506,6.656886100769043,0.20804449915885925,223119
1990-06-01,6.6433281898498535,6.697558879852295,6.507750034332275,6.521307945251465,0.20380723476409912,1039991
1990-06-04,6.521307945251465,6.602654933929443,6.507750034332275,6.589097023010254,0.20592592656612396,1339634
1990-06-05,6.6433281898498535,6.724675178527832,6.6433281898498535,6.724675178527832,0.21016299724578857,385387
1990-06-06,6.778905868530273,6.8466949462890625,6.765347957611084,6.8060221672058105,0.2127053439617157,496946
1990-06-07,6.8331379890441895,6.8331379890441895,6.724675178527832,6.7382330894470215,0.21058668196201324,141063
1990-06-08,6.751791000366211,6.778905868530273,6.670444011688232,6.684001922607422,0.20889173448085785,120779
1990-06-11,6.670444011688232,6.765347957611084,6.670444011688232,6.765347957611084,0.21143420040607452,263686
1990-06-12,6.751791000366211,6.928041934967041,6.724675178527832,6.928041934967041,0.21651872992515564,233260
1990-06-13,6.914484024047852,6.928041934967041,6.860252857208252,6.887369155883789,0.21524758636951447,299643
1990-06-14,6.860252857208252,6.860252857208252,6.8331379890441895,6.8331379890441895,0.21355277299880981,238792
1990-06-15,6.697558879852295,6.751791000366211,6.684001922607422,6.724675178527832,0.21016299724578857,1242826
1990-06-18,6.751791000366211,6.765347957611084,6.724675178527832,6.751791000366211,0.21101044118404388,355883
1990-06-19,6.7382330894470215,6.778905868530273,6.724675178527832,6.765347957611084,0.21143420040607452,302409
1990-06-20,6.778905868530273,6.792463779449463,6.711116790771484,6.7382330894470215,0.21058668196201324,235104
1990-06-21,6.7382330894470215,6.792463779449463,6.711116790771484,6.792463779449463,0.21228158473968506,240636
1990-06-22,6.819580078125,6.9009270668029785,6.8060221672058105,6.8060221672058105,0.2127053439617157,849141
1990-06-25,6.819580078125,6.8331379890441895,6.778905868530273,6.778905868530273,0.21185779571533203,283047
1990-06-26,6.8060221672058105,6.887369155883789,6.778905868530273,6.778905868530273,0.21185779571533203,408436
1990-06-27,6.8060221672058105,6.860252857208252,6.778905868530273,6.8060221672058105,0.2127053439617157,377089
1990-06-28,6.792463779449463,6.8331379890441895,6.792463779449463,6.8060221672058105,0.2127053439617157,885099
1990-06-29,6.8060221672058105,6.860252857208252,6.792463779449463,6.819580078125,0.21312907338142395,592832
1990-07-02,6.792463779449463,6.819580078125,6.778905868530273,6.819580078125,0.21312907338142395,557796
1990-07-03,6.8060221672058105,6.8331379890441895,6.8060221672058105,6.819580078125,0.21312907338142395,457301
1990-07-05,6.8060221672058105,6.8060221672058105,6.711116790771484,6.724675178527832,0.21016299724578857,295955
1990-07-06,6.684001922607422,6.765347957611084,6.684001922607422,6.765347957611084,0.21143420040607452,337444
1990-07-09,6.751791000366211,6.765347957611084,6.697558879852295,6.724675178527832,0.21016299724578857,276593
1990-07-10,6.724675178527832,6.724675178527832,6.656886100769043,6.656886100769043,0.20804449915885925,569782
1990-07-11,6.656886100769043,6.765347957611084,6.656886100769043,6.751791000366211,0.21101044118404388,770773
1990-07-12,6.7382330894470215,6.8331379890441895,6.7382330894470215,6.8331379890441895,0.21355277299880981,226806
1990-07-13,6.8331379890441895,6.9009270668029785,6.819580078125,6.887369155883789,0.21524758636951447,762476
1990-07-16,6.873810768127441,6.914484024047852,6.860252857208252,6.887369155883789,0.21524758636951447,494180
1990-07-17,6.860252857208252,6.982273101806641,6.860252857208252,6.982273101806641,0.21821360290050507,84822
1990-07-18,6.928041934967041,6.928041934967041,6.887369155883789,6.914484024047852,0.2160950005054474,283969
1990-07-19,6.860252857208252,6.914484024047852,6.8060221672058105,6.914484024047852,0.2160950005054474,431486
1990-07-20,6.887369155883789,6.914484024047852,6.7382330894470215,6.7382330894470215,0.21058668196201324,402904
1990-07-23,6.684001922607422,6.697558879852295,6.507750034332275,6.6433281898498535,0.20762072503566742,594676
1990-07-24,6.616212844848633,6.697558879852295,6.507750034332275,6.684001922607422,0.20889173448085785,236948
1990-07-25,6.670444011688232,6.7382330894470215,6.629769802093506,6.7382330894470215,0.21058668196201324,178864
1990-07-26,6.711116790771484,6.711116790771484,6.561981201171875,6.589097023010254,0.20592592656612396,450847
1990-07-27,6.616212844848633,6.616212844848633,6.453518867492676,6.507750034332275,0.20338352024555206,458223
1990-07-30,6.4806342124938965,6.711116790771484,6.4806342124938965,6.711116790771484,0.20973923802375793,306097
1990-07-31,6.656886100769043,6.656886100769043,6.534865856170654,6.548422813415527,0.22292406857013702,185318
1990-08-01,6.5755391120910645,6.670444011688232,6.521307945251465,6.616212844848633,0.22523194551467896,251700
1990-08-02,6.534865856170654,6.534865856170654,6.399288177490234,6.439960956573486,0.2192317694425583,232338
1990-08-03,6.399288177490234,6.399288177490234,6.20947790145874,6.20947790145874,0.2113855630159378,696093
1990-08-06,6.128130912780762,6.128130912780762,5.951879978179932,5.951879978179932,0.2026163637638092,454535
1990-08-07,5.965437889099121,6.03322696685791,5.856975078582764,5.911205768585205,0.20123180747032166,740348
1990-08-08,5.884090900421143,5.951879978179932,5.856975078582764,5.884090900421143,0.20030862092971802,242480
1990-08-09,5.897647857666016,5.897647857666016,5.829858779907227,5.829858779907227,0.19846247136592865,729284
1990-08-10,5.829858779907227,5.829858779907227,5.640049934387207,5.640049934387207,0.19200094044208527,980984
1990-08-13,5.640049934387207,5.680723190307617,5.640049934387207,5.6536078453063965,0.19246245920658112,650916
1990-08-14,5.680723190307617,5.775628089904785,5.680723190307617,5.762070178985596,0.19615477323532104,262764
1990-08-15,5.7213969230651855,5.734954833984375,5.640049934387207,5.640049934387207,0.19200094044208527,596520
1990-08-16,5.640049934387207,5.667166233062744,5.640049934387207,5.640049934387207,0.19200094044208527,493258
1990-08-17,5.585818767547607,5.599377155303955,5.3960089683532715,5.4502410888671875,0.18553929030895233,731128
1990-08-20,5.47735595703125,5.585818767547607,5.4637980461120605,5.5587029457092285,0.18923166394233704,181630
1990-08-21,5.518030166625977,5.518030166625977,5.42312479019165,5.4502410888671875,0.18553929030895233,1406938
1990-08-22,5.436683177947998,5.4637980461120605,5.436683177947998,5.436683177947998,0.18507778644561768,783681
1990-08-23,5.314662933349609,5.382452011108398,5.314662933349609,5.368894100189209,0.1827700287103653,1382966
1990-08-24,5.382452011108398,5.409566879272461,5.273989200592041,5.3960089683532715,0.18369320034980774,1139564
1990-08-27,5.3960089683532715,5.4909138679504395,5.3960089683532715,5.436683177947998,0.18507778644561768,598363
1990-08-28,5.409566879272461,5.42312479019165,5.3960089683532715,5.409566879272461,0.1841546893119812,635243
1990-08-29,5.382452011108398,5.4637980461120605,5.382452011108398,5.4637980461120605,0.18600094318389893,408436
1990-08-30,5.4909138679504395,5.531588077545166,5.47735595703125,5.47735595703125,0.1864624172449112,394606
1990-08-31,5.504471778869629,5.5587029457092285,5.4909138679504395,5.545145034790039,0.18877013027668,125389
1990-09-04,5.518030166625977,5.518030166625977,5.4909138679504395,5.518030166625977,0.1878471076488495,251700
1990-09-05,5.4909138679504395,5.545145034790039,5.4909138679504395,5.531588077545166,0.18830855190753937,218509
1990-09-06,5.531588077545166,5.545145034790039,5.47735595703125,5.47735595703125,0.1864624172449112,1522185
1990-09-07,5.47735595703125,5.4909138679504395,5.436683177947998,5.436683177947998,0.18507778644561768,1015097
1990-09-10,5.4637980461120605,5.4637980461120605,5.382452011108398,5.382452011108398,0.18323154747486115,766163
1990-09-11,5.341777801513672,5.341777801513672,5.206200122833252,5.219758033752441,0.17769312858581543,1272329
1990-09-12,5.151968955993652,5.179083824157715,5.151968955993652,5.179083824157715,0.17630845308303833,395528
1990-09-13,5.179083824157715,5.233315944671631,5.124853134155273,5.124853134155273,0.17446231842041016,344820
1990-09-14,5.124853134155273,5.124853134155273,4.989274978637695,5.016390800476074,0.1707700490951538,870347
1990-09-17,5.016390800476074,5.043506145477295,4.989274978637695,4.989274978637695,0.16984695196151733,129077
1990-09-18,5.016390800476074,5.043506145477295,4.907927989959717,5.0299482345581055,0.17123161256313324,670278
1990-09-19,5.002832889556885,5.0299482345581055,4.975717067718506,4.975717067718506,0.16938546299934387,301487
1990-09-20,4.948602199554443,5.016390800476074,4.935043811798096,4.962159156799316,0.16892381012439728,293189
1990-09-21,5.043506145477295,5.043506145477295,4.962159156799316,5.002832889556885,0.17030860483646393,686873
1990-09-24,4.989274978637695,5.002832889556885,4.935043811798096,4.935043811798096,0.16800068318843842,729284
1990-09-25,4.962159156799316,4.975717067718506,4.894370079040527,4.907927989959717,0.1670776605606079,460067
1990-09-26,4.880813121795654,4.935043811798096,4.867255210876465,4.867255210876465,0.16569305956363678,431486
1990-09-27,4.894370079040527,4.921485900878906,4.772349834442139,4.772349834442139,0.1624622642993927,359571
1990-09-28,4.69100284576416,4.799466133117676,4.650330066680908,4.799466133117676,0.16338537633419037,800277
1990-10-01,4.772349834442139,4.813023090362549,4.74523401260376,4.799466133117676,0.16338537633419037,389997
1990-10-02,4.799466133117676,4.867255210876465,4.799466133117676,4.826581001281738,0.16430853307247162,396450
1990-10-03,4.799466133117676,4.826581001281738,4.758791923522949,4.772349834442139,0.1624622642993927,877723
1990-10-04,4.772349834442139,4.772349834442139,4.704561233520508,4.74523401260376,0.16153916716575623,479428
1990-10-05,4.663887977600098,4.718119144439697,4.636772155761719,4.663887977600098,0.15876999497413635,987438
1990-10-08,4.69100284576416,4.772349834442139,4.69100284576416,4.718119144439697,0.1606161743402481,344820
1990-10-09,4.69100284576416,4.758791923522949,4.69100284576416,4.718119144439697,0.1606161743402481,645384
1990-10-10,4.69100284576416,4.718119144439697,4.636772155761719,4.636772155761719,0.15784694254398346,822404
1990-10-11,4.636772155761719,4.650330066680908,4.623213768005371,4.636772155761719,0.15784694254398346,498790
1990-10-12,4.636772155761719,4.677444934844971,4.596097946166992,4.623213768005371,0.15738531947135925,504322
1990-10-15,4.650330066680908,4.69100284576416,4.55542516708374,4.55542516708374,0.15507763624191284,741270
1990-10-16,4.582540988922119,4.596097946166992,4.51475191116333,4.55542516708374,0.15507763624191284,898928
1990-10-17,4.582540988922119,4.609655857086182,4.55542516708374,4.55542516708374,0.15507763624191284,264608
1990-10-18,4.55542516708374,4.650330066680908,4.55542516708374,4.596097946166992,0.15646229684352875,641696
1990-10-19,4.69100284576416,4.69100284576416,4.609655857086182,4.650330066680908,0.15830843150615692,353117
1990-10-22,4.596097946166992,4.650330066680908,4.596097946166992,4.650330066680908,0.15830843150615692,220353
1990-10-23,4.623213768005371,4.650330066680908,4.55542516708374,4.55542516708374,0.15507763624191284,220353
1990-10-24,4.55542516708374,4.69100284576416,4.55542516708374,4.623213768005371,0.15738531947135925,664746
1990-10-25,4.623213768005371,4.650330066680908,4.55542516708374,4.55542516708374,0.15507763624191284,321770
1990-10-26,4.55542516708374,4.56898307800293,4.446962833404541,4.446962833404541,0.1513853371143341,326380
1990-10-29,4.460519790649414,4.528308868408203,4.460519790649414,4.501194000244141,0.15323147177696228,1144174
1990-10-30,4.419847011566162,4.56898307800293,4.419847011566162,4.56898307800293,0.17718994617462158,686873
1990-10-31,4.55542516708374,4.55542516708374,4.474078178405762,4.474078178405762,0.17350946366786957,188083
1990-11-01,4.474078178405762,4.541866779327393,4.474078178405762,4.528308868408203,0.17561258375644684,161346
1990-11-02,4.501194000244141,4.541866779327393,4.501194000244141,4.541866779327393,0.17613832652568817,449925
1990-11-05,4.51475191116333,4.609655857086182,4.51475191116333,4.609655857086182,0.1787673532962799,379855
1990-11-06,4.609655857086182,4.663887977600098,4.582540988922119,4.623213768005371,0.17929312586784363,283969
1990-11-07,4.636772155761719,4.636772155761719,4.56898307800293,4.582540988922119,0.17771576344966888,269217
1990-11-08,4.56898307800293,4.650330066680908,4.528308868408203,4.596097946166992,0.1782415807247162,696093
1990-11-09,4.623213768005371,4.704561233520508,4.623213768005371,4.69100284576416,0.18192200362682343,824248
1990-11-12,4.69100284576416,4.74523401260376,4.69100284576416,4.718119144439697,0.18297365307807922,488648
1990-11-13,4.718119144439697,4.758791923522949,4.704561233520508,4.758791923522949,0.1845509111881256,648150
1990-11-14,4.758791923522949,4.813023090362549,4.74523401260376,4.772349834442139,0.1850767284631729,1351619
1990-11-15,4.799466133117676,4.867255210876465,4.799466133117676,4.840138912200928,0.18770575523376465,666590
1990-11-16,4.840138912200928,4.853696823120117,4.772349834442139,4.799466133117676,0.18612831830978394,273827
1990-11-19,4.813023090362549,4.867255210876465,4.799466133117676,4.826581001281738,0.18717999756336212,164112
1990-11-20,4.826581001281738,4.867255210876465,4.813023090362549,4.840138912200928,0.18770575523376465,945027
1990-11-21,4.853696823120117,4.962159156799316,4.853696823120117,4.948602199554443,0.19191202521324158,357727
1990-11-23,4.962159156799316,5.016390800476074,4.962159156799316,4.962159156799316,0.19243769347667694,90354
1990-11-26,4.907927989959717,4.975717067718506,4.867255210876465,4.975717067718506,0.19296365976333618,282125
1990-11-27,4.989274978637695,4.989274978637695,4.921485900878906,4.935043811798096,0.19138619303703308,253544
1990-11-28,4.907927989959717,5.002832889556885,4.907927989959717,4.975717067718506,0.19296365976333618,115247
1990-11-29,4.975717067718506,4.989274978637695,4.962159156799316,4.975717067718506,0.19296365976333618,401982
1990-11-30,4.975717067718506,5.057064056396484,4.975717067718506,5.043506145477295,0.19559252262115479,737582
1990-12-03,5.070621967315674,5.179083824157715,5.070621967315674,5.179083824157715,0.20085030794143677,583612
1990-12-04,5.165526866912842,5.314662933349609,5.124853134155273,5.314662933349609,0.20610825717449188,543045
1990-12-05,5.314662933349609,5.382452011108398,5.2875471115112305,5.368894100189209,0.20821134746074677,665668
1990-12-06,5.3960089683532715,5.42312479019165,5.246872901916504,5.246872901916504,0.20347921550273895,455457
1990-12-07,5.246872901916504,5.341777801513672,5.246872901916504,5.314662933349609,0.20610825717449188,957935
1990-12-10,5.314662933349609,5.42312479019165,5.30110502243042,5.409566879272461,0.20978865027427673,742192
1990-12-11,5.3960089683532715,5.3960089683532715,5.2875471115112305,5.30110502243042,0.20558245480060577,236026
1990-12-12,5.314662933349609,5.4909138679504395,5.314662933349609,5.47735595703125,0.21241772174835205,147516
1990-12-13,5.4637980461120605,5.47735595703125,5.436683177947998,5.436683177947998,0.2108404040336609,456379
1990-12-14,5.409566879272461,5.42312479019165,5.2875471115112305,5.314662933349609,0.20610825717449188,588222
1990-12-17,5.314662933349609,5.341777801513672,5.2875471115112305,5.341777801513672,0.20715981721878052,197303
1990-12-18,5.341777801513672,5.3553361892700195,5.30110502243042,5.341777801513672,0.20715981721878052,200069
1990-12-19,5.328219890594482,5.341777801513672,5.30110502243042,5.314662933349609,0.20610825717449188,1902040
1990-12-20,5.2875471115112305,5.341777801513672,5.260430812835693,5.314662933349609,0.20610825717449188,1059352
1990-12-21,5.368894100189209,5.368894100189209,5.328219890594482,5.341777801513672,0.20715981721878052,1206869
1990-12-24,5.341777801513672,5.368894100189209,5.328219890594482,5.3553361892700195,0.2076857089996338,260920
1990-12-26,5.3553361892700195,5.409566879272461,5.3553361892700195,5.409566879272461,0.20978865027427673,654604
1990-12-27,5.382452011108398,5.3960089683532715,5.341777801513672,5.3553361892700195,0.2076857089996338,1065806
1990-12-28,5.368894100189209,5.3960089683532715,5.3553361892700195,5.3960089683532715,0.20926304161548615,288579
1990-12-31,5.3960089683532715,5.409566879272461,5.368894100189209,5.409566879272461,0.20978865027427673,224963
1991-01-02,5.409566879272461,5.4502410888671875,5.3553361892700195,5.382452011108398,0.20873726904392242,532903
1991-01-03,5.368894100189209,5.368894100189209,5.30110502243042,5.314662933349609,0.20610825717449188,1064884
1991-01-04,5.328219890594482,5.3553361892700195,5.314662933349609,5.341777801513672,0.20715981721878052,272905
1991-01-07,5.314662933349609,5.368894100189209,5.30110502243042,5.341777801513672,0.20715981721878052,225885
1991-01-08,5.341777801513672,5.341777801513672,5.30110502243042,5.314662933349609,0.20610825717449188,236948
1991-01-09,5.30110502243042,5.42312479019165,5.165526866912842,5.233315944671631,0.20295363664627075,1067650
1991-01-10,5.233315944671631,5.314662933349609,5.219758033752441,5.314662933349609,0.20610825717449188,220353
1991-01-11,5.30110502243042,5.30110502243042,5.206200122833252,5.260430812835693,0.20400507748126984,627867
1991-01-14,5.219758033752441,5.219758033752441,5.124853134155273,5.1926422119140625,0.20137612521648407,142907
1991-01-15,5.124853134155273,5.138411045074463,5.057064056396484,5.111295223236084,0.19822140038013458,319004
1991-01-16,5.084179878234863,5.111295223236084,5.057064056396484,5.057064056396484,0.19611842930316925,307941
1991-01-17,5.124853134155273,5.260430812835693,5.124853134155273,5.138411045074463,0.1992730349302292,1285237
1991-01-18,5.138411045074463,5.1926422119140625,5.138411045074463,5.179083824157715,0.20085030794143677,710845
1991-01-21,5.151968955993652,5.206200122833252,5.138411045074463,5.1926422119140625,0.20137612521648407,322692
1991-01-22,5.206200122833252,5.30110502243042,5.179083824157715,5.260430812835693,0.20400507748126984,283047
1991-01-23,5.273989200592041,5.2875471115112305,5.246872901916504,5.246872901916504,0.20347921550273895,169644
1991-01-24,5.246872901916504,5.314662933349609,5.246872901916504,5.2875471115112305,0.20505665242671967,257232
1991-01-25,5.314662933349609,5.3960089683532715,5.30110502243042,5.368894100189209,0.20821134746074677,741270
1991-01-28,5.368894100189209,5.42312479019165,5.328219890594482,5.42312479019165,0.21031454205513,1715800
1991-01-29,5.3960089683532715,5.47735595703125,5.3960089683532715,5.4502410888671875,0.23522166907787323,441627
1991-01-30,5.4637980461120605,6.046783924102783,5.4637980461120605,5.992553234100342,0.25862690806388855,1335024
1991-01-31,5.951879978179932,5.992553234100342,5.911205768585205,5.924764156341553,0.2557012438774109,425032
1991-02-01,5.897647857666016,5.924764156341553,5.843417167663574,5.897647857666016,0.25453099608421326,1049211
1991-02-04,5.897647857666016,6.046783924102783,5.897647857666016,6.019669055938721,0.259797066450119,562406
1991-02-05,6.019669055938721,6.155247211456299,6.006111145019531,6.08745813369751,0.2627226710319519,2403596
1991-02-06,6.07390022277832,6.182363033294678,6.03322696685791,6.141688823699951,0.26506325602531433,306097
1991-02-07,6.168805122375488,6.317941188812256,6.155247211456299,6.290824890136719,0.27149975299835205,254466
1991-02-08,6.250152111053467,6.426403045654297,6.195919990539551,6.426403045654297,0.27735093235969543,674888
1991-02-11,6.399288177490234,6.426403045654297,6.317941188812256,6.426403045654297,0.27735093235969543,926588
1991-02-12,6.412845134735107,6.453518867492676,6.101016044616699,6.128130912780762,0.26447805762290955,1087012
1991-02-13,6.101016044616699,6.236594200134277,6.019669055938721,6.22303581237793,0.2685741186141968,552265
1991-02-14,6.26370906829834,6.290824890136719,6.182363033294678,6.236594200134277,0.26915913820266724,387231
1991-02-15,6.22303581237793,6.317941188812256,6.20947790145874,6.26370906829834,0.27032941579818726,674888
1991-02-19,6.290824890136719,6.290824890136719,6.236594200134277,6.26370906829834,0.27032941579818726,470209
1991-02-20,6.250152111053467,6.250152111053467,6.182363033294678,6.20947790145874,0.2679889500141144,284891
1991-02-21,6.182363033294678,6.182363033294678,6.046783924102783,6.101016044616699,0.2633078396320343,239714
1991-02-22,6.07390022277832,6.07390022277832,5.938322067260742,5.992553234100342,0.25862690806388855,796589
1991-02-25,6.046783924102783,6.20947790145874,6.006111145019531,6.155247211456299,0.26564821600914,915524
1991-02-26,6.141688823699951,6.236594200134277,6.128130912780762,6.155247211456299,0.26564821600914,609427
1991-02-27,6.168805122375488,6.236594200134277,6.141688823699951,6.236594200134277,0.26915913820266724,69148
1991-02-28,6.20947790145874,6.26370906829834,6.20947790145874,6.20947790145874,0.2679889500141144,246168
1991-03-01,6.20947790145874,6.250152111053467,6.168805122375488,6.22303581237793,0.2685741186141968,483116
1991-03-04,6.236594200134277,6.399288177490234,6.236594200134277,6.331498146057129,0.2732551097869873,371557
1991-03-05,6.331498146057129,6.507750034332275,6.331498146057129,6.453518867492676,0.2785213887691498,517229
1991-03-06,6.4806342124938965,6.4806342124938965,6.26370906829834,6.317941188812256,0.27267009019851685,380777
1991-03-07,6.345056056976318,6.4806342124938965,6.331498146057129,6.426403045654297,0.27735093235969543,330990
1991-03-08,6.4806342124938965,6.494192123413086,6.358613967895508,6.426403045654297,0.27735093235969543,448081
1991-03-11,6.399288177490234,6.453518867492676,6.399288177490234,6.439960956573486,0.27793607115745544,554109
1991-03-12,6.412845134735107,6.439960956573486,6.399288177490234,6.399288177490234,0.2761807441711426,266452
1991-03-13,6.412845134735107,6.4806342124938965,6.412845134735107,6.4806342124938965,0.2796914577484131,90354
1991-03-14,6.507750034332275,6.6433281898498535,6.507750034332275,6.5755391120910645,0.28378739953041077,707157
1991-03-15,6.5755391120910645,6.589097023010254,6.534865856170654,6.589097023010254,0.2843725085258484,912758
1991-03-18,6.589097023010254,6.602654933929443,6.548422813415527,6.5755391120910645,0.28378739953041077,143829
1991-03-19,6.561981201171875,6.561981201171875,6.4806342124938965,6.507750034332275,0.28086167573928833,725596
1991-03-20,6.507750034332275,6.507750034332275,6.399288177490234,6.399288177490234,0.2761807441711426,1169990
1991-03-21,6.399288177490234,6.426403045654297,6.317941188812256,6.317941188812256,0.27267009019851685,614037
1991-03-22,6.345056056976318,6.345056056976318,6.26370906829834,6.26370906829834,0.27032941579818726,362337
1991-03-25,6.304382801055908,6.426403045654297,6.277266979217529,6.385729789733887,0.275595486164093,192693
1991-03-26,6.385729789733887,6.412845134735107,6.317941188812256,6.399288177490234,0.2761807441711426,421344
1991-03-27,6.426403045654297,6.453518867492676,6.277266979217529,6.277266979217529,0.2709147036075592,213899
1991-03-28,6.26370906829834,6.26370906829834,6.101016044616699,6.101016044616699,0.2633078396320343,279359
1991-04-01,6.114573001861572,6.20947790145874,6.101016044616699,6.128130912780762,0.26447805762290955,883255
1991-04-02,6.168805122375488,6.182363033294678,6.114573001861572,6.182363033294678,0.26681867241859436,755100
1991-04-03,6.168805122375488,6.22303581237793,6.155247211456299,6.182363033294678,0.26681867241859436,563328
1991-04-04,6.182363033294678,6.290824890136719,6.182363033294678,6.250152111053467,0.2697443664073944,767085
1991-04-05,6.22303581237793,6.22303581237793,6.128130912780762,6.182363033294678,0.26681867241859436,1189351
1991-04-08,6.168805122375488,6.168805122375488,6.141688823699951,6.168805122375488,0.26623350381851196,349430
1991-04-09,6.141688823699951,6.182363033294678,6.101016044616699,6.128130912780762,0.26447805762290955,379855
1991-04-10,6.114573001861572,6.114573001861572,5.938322067260742,5.992553234100342,0.25862690806388855,555953
1991-04-11,6.019669055938721,6.101016044616699,5.992553234100342,5.992553234100342,0.25862690806388855,422266
1991-04-12,6.019669055938721,6.114573001861572,6.019669055938721,6.08745813369751,0.2627226710319519,342976
1991-04-15,6.114573001861572,6.141688823699951,6.101016044616699,6.128130912780762,0.26447805762290955,350352
1991-04-16,6.128130912780762,6.331498146057129,6.128130912780762,6.304382801055908,0.2720847725868225,948715
1991-04-17,6.304382801055908,6.426403045654297,6.277266979217529,6.426403045654297,0.27735093235969543,519073
1991-04-18,6.399288177490234,6.4806342124938965,6.399288177490234,6.426403045654297,0.27735093235969543,516307
1991-04-19,6.439960956573486,6.439960956573486,6.304382801055908,6.304382801055908,0.2720847725868225,562406
1991-04-22,6.317941188812256,6.372171878814697,6.317941188812256,6.331498146057129,0.2732551097869873,533825
1991-04-23,6.345056056976318,6.589097023010254,6.345056056976318,6.426403045654297,0.27735093235969543,1166302
1991-04-24,6.426403045654297,6.426403045654297,6.250152111053467,6.277266979217529,0.2709147036075592,303331
1991-04-25,6.250152111053467,6.561981201171875,6.22303581237793,6.4806342124938965,0.2796914577484131,1612539
1991-04-26,6.453518867492676,6.453518867492676,6.372171878814697,6.385729789733887,0.275595486164093,1245592
1991-04-29,6.358613967895508,6.399288177490234,6.358613967895508,6.358613967895508,0.2744252681732178,408436
1991-04-30,6.317941188812256,6.399288177490234,6.317941188812256,6.345056056976318,0.29976925253868103,437939
1991-05-01,6.304382801055908,6.358613967895508,6.304382801055908,6.345056056976318,0.29976925253868103,1445661
1991-05-02,6.317941188812256,6.317941188812256,6.20947790145874,6.277266979217529,0.29656660556793213,722830
1991-05-03,6.236594200134277,6.277266979217529,6.20947790145874,6.26370906829834,0.29592621326446533,449003
1991-05-06,6.250152111053467,6.277266979217529,6.182363033294678,6.195919990539551,0.29272329807281494,77446
1991-05-07,6.182363033294678,6.20947790145874,6.182363033294678,6.195919990539551,0.29272329807281494,180708
1991-05-08,6.182363033294678,6.182363033294678,6.128130912780762,6.128130912780762,0.2895206809043884,1433675
1991-05-09,6.128130912780762,6.182363033294678,6.114573001861572,6.155247211456299,0.29080191254615784,1784027
1991-05-10,6.155247211456299,6.20947790145874,6.155247211456299,6.168805122375488,0.29144251346588135,242480
1991-05-13,6.168805122375488,6.168805122375488,6.128130912780762,6.141688823699951,0.2901613712310791,94964
1991-05-14,6.128130912780762,6.128130912780762,5.978994846343994,5.978994846343994,0.28247490525245667,864815
1991-05-15,5.965437889099121,5.978994846343994,5.748513221740723,5.8163018226623535,0.27478837966918945,924744
1991-05-16,5.829858779907227,5.938322067260742,5.829858779907227,5.911205768585205,0.27927231788635254,413968
1991-05-17,5.911205768585205,5.965437889099121,5.911205768585205,5.965437889099121,0.2818344533443451,361415
1991-05-20,5.965437889099121,6.019669055938721,5.897647857666016,5.911205768585205,0.27927231788635254,315316
1991-05-21,5.911205768585205,5.911205768585205,5.856975078582764,5.884090900421143,0.2779912054538727,753256
1991-05-22,5.870532989501953,5.870532989501953,5.829858779907227,5.856975078582764,0.27670997381210327,354039
1991-05-23,5.843417167663574,5.843417167663574,5.775628089904785,5.8163018226623535,0.27478837966918945,529215
1991-05-24,5.802743911743164,5.951879978179932,5.789186000823975,5.938322067260742,0.28055334091186523,730206
1991-05-28,5.951879978179932,6.046783924102783,5.938322067260742,5.992553234100342,0.2831154763698578,1007722
1991-05-29,6.019669055938721,6.155247211456299,6.019669055938721,6.114573001861572,0.2888804078102112,365103
1991-05-30,6.114573001861572,6.439960956573486,6.114573001861572,6.345056056976318,0.29976925253868103,1598709
1991-05-31,6.358613967895508,6.548422813415527,6.345056056976318,6.521307945251465,0.30809617042541504,401060
1991-06-03,6.507750034332275,6.548422813415527,6.494192123413086,6.507750034332275,0.30745577812194824,1004034
1991-06-04,6.507750034332275,6.534865856170654,6.494192123413086,6.494192123413086,0.3068152666091919,855595
1991-06-05,6.521307945251465,6.521307945251465,6.4806342124938965,6.4806342124938965,0.30617454648017883,270139
1991-06-06,6.494192123413086,6.602654933929443,6.494192123413086,6.561981201171875,0.310017853975296,661980
1991-06-07,6.534865856170654,6.589097023010254,6.494192123413086,6.507750034332275,0.30745577812194824,2246860
1991-06-10,6.521307945251465,6.521307945251465,6.4806342124938965,6.4806342124938965,0.30617454648017883,2753025
1991-06-11,6.507750034332275,6.561981201171875,6.494192123413086,6.548422813415527,0.30937716364860535,3326495
1991-06-12,6.548422813415527,6.548422813415527,6.494192123413086,6.534865856170654,0.3087368309497833,553187
1991-06-13,6.548422813415527,6.589097023010254,6.548422813415527,6.589097023010254,0.3112989068031311,435173
1991-06-14,6.616212844848633,6.928041934967041,6.616212844848633,6.819580078125,0.3221879005432129,1270485
1991-06-17,6.792463779449463,6.873810768127441,6.751791000366211,6.778905868530273,0.32026636600494385,638009
1991-06-18,6.778905868530273,6.819580078125,6.778905868530273,6.819580078125,0.3221879005432129,206523
1991-06-19,6.792463779449463,6.8331379890441895,6.711116790771484,6.8060221672058105,0.32154732942581177,2047712
1991-06-20,6.792463779449463,6.860252857208252,6.792463779449463,6.8060221672058105,0.32154732942581177,1731474
1991-06-21,6.819580078125,6.8331379890441895,6.778905868530273,6.792463779449463,0.32090678811073303,655526
1991-06-24,6.765347957611084,6.765347957611084,6.5755391120910645,6.5755391120910645,0.3106582760810852,485882
1991-06-25,6.602654933929443,6.629769802093506,6.602654933929443,6.629769802093506,0.3132205903530121,1085168
1991-06-26,6.629769802093506,6.656886100769043,6.616212844848633,6.629769802093506,0.3132205903530121,645384
1991-06-27,6.656886100769043,6.8331379890441895,6.629769802093506,6.670444011688232,0.31514212489128113,1257578
1991-06-28,6.670444011688232,6.670444011688232,6.561981201171875,6.5755391120910645,0.3106582760810852,449003
1991-07-01,6.602654933929443,6.724675178527832,6.602654933929443,6.684001922607422,0.3157826364040375,1087934
1991-07-02,6.7382330894470215,6.968716144561768,6.724675178527832,6.968716144561768,0.32923388481140137,1443817
1991-07-03,6.8331379890441895,6.9415998458862305,6.819580078125,6.887369155883789,0.32539069652557373,1696439
1991-07-05,6.8466949462890625,6.968716144561768,6.8466949462890625,6.968716144561768,0.32923388481140137,1219776
1991-07-08,6.9415998458862305,7.077178001403809,6.9009270668029785,7.022946834564209,0.33179596066474915,1585802
1991-07-09,7.050063133239746,7.050063133239746,6.9415998458862305,6.955158233642578,0.32859331369400024,827014
1991-07-10,6.928041934967041,6.928041934967041,6.724675178527832,6.724675178527832,0.3177041709423065,1416158
1991-07-11,6.697558879852295,6.792463779449463,6.697558879852295,6.778905868530273,0.32026636600494385,911836
1991-07-12,6.8060221672058105,6.873810768127441,6.8060221672058105,6.819580078125,0.3221879005432129,566094
1991-07-15,6.792463779449463,6.792463779449463,6.684001922607422,6.711116790771484,0.31706374883651733,377089
1991-07-16,6.697558879852295,6.751791000366211,6.697558879852295,6.7382330894470215,0.3183448612689972,216665
1991-07-17,6.751791000366211,6.751791000366211,6.711116790771484,6.711116790771484,0.31706374883651733,237870
1991-07-18,6.778905868530273,6.873810768127441,6.751791000366211,6.860252857208252,0.32410958409309387,241558
1991-07-19,6.860252857208252,6.873810768127441,6.8060221672058105,6.8331379890441895,0.3228285312652588,437017
1991-07-22,7.022946834564209,7.158524990081787,6.99583101272583,7.1042938232421875,0.3356392979621887,1228074
1991-07-23,7.117852210998535,7.185640811920166,7.050063133239746,7.050063133239746,0.33307701349258423,585456
1991-07-24,7.117852210998535,7.117852210998535,7.077178001403809,7.090735912322998,0.33499857783317566,546733
1991-07-25,7.117852210998535,7.144967079162598,7.063620090484619,7.144967079162598,0.3375606834888458,751412
1991-07-26,7.131409168243408,7.144967079162598,7.077178001403809,7.1042938232421875,0.3356392979621887,591910
1991-07-29,7.090735912322998,7.144967079162598,7.090735912322998,7.131409168243408,0.3369201123714447,392762
1991-07-30,7.063620090484619,7.158524990081787,7.063620090484619,7.117852210998535,0.3643820285797119,256310
1991-07-31,7.117852210998535,7.144967079162598,7.077178001403809,7.1042938232421875,0.3636881411075592,422266
1991-08-01,7.063620090484619,7.063620090484619,6.982273101806641,7.022946834564209,0.3595237135887146,648150
1991-08-02,7.022946834564209,7.022946834564209,6.887369155883789,6.955158233642578,0.35605350136756897,481272
1991-08-05,6.928041934967041,6.982273101806641,6.887369155883789,6.887369155883789,0.3525831401348114,232338
1991-08-06,6.887369155883789,6.982273101806641,6.887369155883789,6.9415998458862305,0.3553592562675476,397372
1991-08-07,6.9415998458862305,6.955158233642578,6.9009270668029785,6.9009270668029785,0.3532772958278656,668434
1991-08-08,6.887369155883789,6.914484024047852,6.778905868530273,6.887369155883789,0.3525831401348114,318082
1991-08-09,6.914484024047852,6.914484024047852,6.819580078125,6.860252857208252,0.35119497776031494,527371
1991-08-12,6.873810768127441,6.873810768127441,6.819580078125,6.8466949462890625,0.3505009710788727,176098
1991-08-13,6.860252857208252,6.887369155883789,6.8466949462890625,6.860252857208252,0.35119497776031494,575314
1991-08-14,6.860252857208252,6.860252857208252,6.8060221672058105,6.8060221672058105,0.34841862320899963,604817
1991-08-15,6.8060221672058105,6.860252857208252,6.8060221672058105,6.819580078125,0.3491126596927643,646306
1991-08-16,6.819580078125,6.8331379890441895,6.697558879852295,6.792463779449463,0.347724586725235,1628213
1991-08-19,6.670444011688232,6.724675178527832,6.589097023010254,6.589097023010254,0.33731386065483093,982828
1991-08-20,6.629769802093506,6.697558879852295,6.602654933929443,6.684001922607422,0.342172235250473,513542
1991-08-21,6.724675178527832,6.9415998458862305,6.724675178527832,6.873810768127441,0.351889044046402,550421
1991-08-22,6.887369155883789,6.968716144561768,6.887369155883789,6.914484024047852,0.3539712727069855,210211
1991-08-23,6.928041934967041,7.050063133239746,6.928041934967041,7.050063133239746,0.3609119951725006,879567
1991-08-26,7.036505222320557,7.063620090484619,7.0093889236450195,7.022946834564209,0.3595237135887146,224963
1991-08-27,7.0093889236450195,7.090735912322998,6.982273101806641,7.036505222320557,0.360217809677124,267374
1991-08-28,7.063620090484619,7.1042938232421875,7.050063133239746,7.077178001403809,0.36229991912841797,492336
1991-08-29,7.077178001403809,7.077178001403809,6.982273101806641,7.0093889236450195,0.3588296175003052,259076
1991-08-30,6.99583101272583,7.050063133239746,6.99583101272583,7.0093889236450195,0.3588296175003052,98652
1991-09-03,7.036505222320557,7.117852210998535,7.022946834564209,7.022946834564209,0.3595237135887146,263686
1991-09-04,7.022946834564209,7.090735912322998,7.022946834564209,7.090735912322998,0.362993985414505,541201
1991-09-05,7.117852210998535,7.117852210998535,6.99583101272583,7.0093889236450195,0.3588296175003052,226806
1991-09-06,7.022946834564209,7.022946834564209,6.9415998458862305,6.982273101806641,0.3574415445327759,155814
1991-09-09,6.982273101806641,6.982273101806641,6.9009270668029785,6.9009270668029785,0.3532772958278656,79290
1991-09-10,6.9009270668029785,6.914484024047852,6.8331379890441895,6.8331379890441895,0.3498069941997528,210211
1991-09-11,6.8466949462890625,6.887369155883789,6.792463779449463,6.792463779449463,0.347724586725235,248934
1991-09-12,6.778905868530273,6.778905868530273,6.711116790771484,6.765347957611084,0.34633639454841614,184396
1991-09-13,6.8060221672058105,6.8060221672058105,6.724675178527832,6.765347957611084,0.34633639454841614,1351619
1991-09-16,6.819580078125,6.928041934967041,6.8060221672058105,6.887369155883789,0.3525831401348114,400138
1991-09-17,6.914484024047852,6.9415998458862305,6.887369155883789,6.887369155883789,0.3525831401348114,141985
1991-09-18,6.860252857208252,6.860252857208252,6.8060221672058105,6.819580078125,0.3491126596927643,45177
1991-09-19,6.778905868530273,6.914484024047852,6.778905868530273,6.778905868530273,0.3470306694507599,839922
1991-09-20,6.8331379890441895,6.914484024047852,6.778905868530273,6.887369155883789,0.3525831401348114,517229
1991-09-23,6.860252857208252,6.860252857208252,6.819580078125,6.8331379890441895,0.3498069941997528,254466
1991-09-24,6.8331379890441895,6.8466949462890625,6.8060221672058105,6.8331379890441895,0.3498069941997528,433329
1991-09-25,6.8331379890441895,6.860252857208252,6.792463779449463,6.819580078125,0.3491126596927643,309784
1991-09-26,6.792463779449463,6.860252857208252,6.792463779449463,6.819580078125,0.3491126596927643,302409
1991-09-27,6.8060221672058105,6.860252857208252,6.8060221672058105,6.8060221672058105,0.34841862320899963,221275
1991-09-30,6.792463779449463,6.792463779449463,6.765347957611084,6.778905868530273,0.3470306694507599,459145
1991-10-01,6.778905868530273,6.792463779449463,6.765347957611084,6.792463779449463,0.347724586725235,384465
1991-10-02,6.765347957611084,6.765347957611084,6.670444011688232,6.670444011688232,0.341478168964386,622335
1991-10-03,6.6433281898498535,6.6433281898498535,6.4806342124938965,6.4806342124938965,0.3317611813545227,401982
1991-10-04,6.4806342124938965,6.521307945251465,6.399288177490234,6.399288177490234,0.32759690284729004,616803
1991-10-07,6.399288177490234,6.399288177490234,6.317941188812256,6.317941188812256,0.3234326243400574,576236
1991-10-08,6.331498146057129,6.358613967895508,6.290824890136719,6.331498146057129,0.32412654161453247,409358
1991-10-09,6.317941188812256,6.331498146057129,6.290824890136719,6.331498146057129,0.32412654161453247,377089
1991-10-10,6.331498146057129,6.453518867492676,6.331498146057129,6.439960956573486,0.32967907190322876,902616
1991-10-11,6.426403045654297,6.534865856170654,6.412845134735107,6.507750034332275,0.33314934372901917,683185
1991-10-14,6.507750034332275,6.602654933929443,6.507750034332275,6.602654933929443,0.33800777792930603,478506
1991-10-15,6.5755391120910645,6.602654933929443,6.521307945251465,6.589097023010254,0.33731386065483093,608505
1991-10-16,6.561981201171875,6.561981201171875,6.521307945251465,6.548422813415527,0.33523139357566833,570704
1991-10-17,6.521307945251465,6.6433281898498535,6.507750034332275,6.6433281898498535,0.34008997678756714,436095
1991-10-18,6.656886100769043,6.765347957611084,6.656886100769043,6.751791000366211,0.34564241766929626,398294
1991-10-21,6.751791000366211,6.887369155883789,6.7382330894470215,6.887369155883789,0.3525831401348114,316238
1991-10-22,6.887369155883789,6.914484024047852,6.873810768127441,6.914484024047852,0.3539712727069855,138297
1991-10-23,6.914484024047852,6.9415998458862305,6.9009270668029785,6.928041934967041,0.3546651601791382,834390
1991-10-24,6.928041934967041,6.9415998458862305,6.914484024047852,6.928041934967041,0.3546651601791382,754178
1991-10-25,6.914484024047852,6.928041934967041,6.8466949462890625,6.860252857208252,0.35119497776031494,200069
1991-10-28,6.873810768127441,6.873810768127441,6.860252857208252,6.873810768127441,0.351889044046402,341132
1991-10-29,6.792463779449463,6.792463779449463,6.684001922607422,6.697558879852295,0.3726864755153656,846375
1991-10-30,6.711116790771484,6.751791000366211,6.656886100769043,6.656886100769043,0.3704230487346649,295955
1991-10-31,6.656886100769043,6.656886100769043,6.534865856170654,6.534865856170654,0.3636331260204315,187161
1991-11-01,6.534865856170654,6.602654933929443,6.4806342124938965,6.589097023010254,0.36665093898773193,878645
1991-11-04,6.589097023010254,6.589097023010254,6.534865856170654,6.561981201171875,0.36514201760292053,176098
1991-11-05,6.5755391120910645,6.5755391120910645,6.439960956573486,6.439960956573486,0.35835227370262146,834390
1991-11-06,6.439960956573486,6.494192123413086,6.439960956573486,6.453518867492676,0.35910657048225403,1095309
1991-11-07,6.453518867492676,6.467076778411865,6.399288177490234,6.399288177490234,0.3560890257358551,459145
1991-11-08,6.412845134735107,6.534865856170654,6.412845134735107,6.534865856170654,0.3636331260204315,725596
1991-11-11,6.521307945251465,6.589097023010254,6.521307945251465,6.561981201171875,0.36514201760292053,122623
1991-11-12,6.561981201171875,6.561981201171875,6.494192123413086,6.494192123413086,0.3613698482513428,232338
1991-11-13,6.439960956573486,6.507750034332275,6.439960956573486,6.507750034332275,0.3621244430541992,224963
1991-11-14,6.507750034332275,6.589097023010254,6.507750034332275,6.589097023010254,0.36665093898773193,277515
1991-11-15,6.616212844848633,6.711116790771484,6.616212844848633,6.629769802093506,0.3689141273498535,538435
1991-11-18,6.602654933929443,6.6433281898498535,6.4806342124938965,6.4806342124938965,0.36061540246009827,854673
1991-11-19,6.4806342124938965,6.4806342124938965,6.155247211456299,6.277266979217529,0.3492991030216217,1323960
1991-11-20,6.304382801055908,6.345056056976318,5.911205768585205,6.060341835021973,0.3372282385826111,2789904
1991-11-21,6.046783924102783,6.304382801055908,6.046783924102783,6.236594200134277,0.34703588485717773,1396796
1991-11-22,6.22303581237793,6.22303581237793,6.155247211456299,6.155247211456299,0.3425091505050659,700703
1991-11-25,6.128130912780762,6.195919990539551,6.114573001861572,6.182363033294678,0.34401822090148926,1006800
1991-11-26,6.182363033294678,6.277266979217529,6.182363033294678,6.277266979217529,0.3492991030216217,812262
1991-11-27,6.277266979217529,6.277266979217529,6.22303581237793,6.236594200134277,0.34703588485717773,116169
1991-11-29,6.20947790145874,6.20947790145874,6.141688823699951,6.141688823699951,0.34175485372543335,68226
1991-12-02,6.141688823699951,6.399288177490234,6.141688823699951,6.345056056976318,0.3530714213848114,536591
1991-12-03,6.331498146057129,6.358613967895508,6.304382801055908,6.358613967895508,0.35382577776908875,449925
1991-12-04,6.331498146057129,6.331498146057129,6.168805122375488,6.195919990539551,0.3447725772857666,486804
1991-12-05,6.182363033294678,6.236594200134277,6.168805122375488,6.182363033294678,0.34401822090148926,694249
1991-12-06,6.128130912780762,6.26370906829834,6.114573001861572,6.22303581237793,0.3462814688682556,832546
1991-12-09,6.22303581237793,6.236594200134277,6.182363033294678,6.182363033294678,0.34401822090148926,587300
1991-12-10,6.182363033294678,6.22303581237793,6.155247211456299,6.182363033294678,0.34401822090148926,172410
1991-12-11,6.20947790145874,6.26370906829834,6.141688823699951,6.141688823699951,0.34175485372543335,1929699
1991-12-12,6.168805122375488,6.412845134735107,6.155247211456299,6.345056056976318,0.3530714213848114,460989
1991-12-13,6.372171878814697,6.439960956573486,6.372171878814697,6.439960956573486,0.35835227370262146,139219
1991-12-16,6.412845134735107,6.507750034332275,6.345056056976318,6.426403045654297,0.35759788751602173,659214
1991-12-17,6.426403045654297,6.4806342124938965,6.331498146057129,6.331498146057129,0.35231679677963257,532903
1991-12-18,6.331498146057129,6.439960956573486,6.250152111053467,6.439960956573486,0.35835227370262146,401060
1991-12-19,6.439960956573486,6.439960956573486,6.317941188812256,6.345056056976318,0.3530714213848114,684107
1991-12-20,6.345056056976318,6.385729789733887,6.345056056976318,6.345056056976318,0.3530714213848114,1126657
1991-12-23,6.345056056976318,6.494192123413086,6.345056056976318,6.4806342124938965,0.36061540246009827,324536
1991-12-24,6.4806342124938965,6.629769802093506,6.4806342124938965,6.589097023010254,0.36665093898773193,306097
1991-12-26,6.602654933929443,6.602654933929443,6.561981201171875,6.602654933929443,0.36740538477897644,712689
1991-12-27,6.602654933929443,6.724675178527832,6.589097023010254,6.602654933929443,0.36740538477897644,571626
1991-12-30,6.629769802093506,6.928041934967041,6.616212844848633,6.928041934967041,0.38551151752471924,673966
1991-12-31,6.8331379890441895,7.0093889236450195,6.8331379890441895,7.0093889236450195,0.3900381922721863,933041
1992-01-02,6.982273101806641,6.982273101806641,6.765347957611084,6.9415998458862305,0.38626599311828613,731128
1992-01-03,6.9415998458862305,6.9415998458862305,6.724675178527832,6.8060221672058105,0.3787216246128082,1114671
1992-01-06,6.792463779449463,6.819580078125,6.7382330894470215,6.7382330894470215,0.3749496042728424,758788
1992-01-07,6.765347957611084,6.765347957611084,6.697558879852295,6.724675178527832,0.3741951286792755,684107
1992-01-08,6.7382330894470215,7.0093889236450195,6.7382330894470215,7.0093889236450195,0.3900381922721863,1288003
1992-01-09,7.050063133239746,7.226314067840576,7.050063133239746,7.158524990081787,0.3983367681503296,1242826
1992-01-10,7.144967079162598,7.144967079162598,7.022946834564209,7.050063133239746,0.3923015594482422,650916
1992-01-13,7.050063133239746,7.050063133239746,6.99583101272583,7.050063133239746,0.3923015594482422,380777
1992-01-14,7.022946834564209,7.131409168243408,6.9415998458862305,7.117852210998535,0.396073579788208,924744
1992-01-15,7.158524990081787,7.172082901000977,7.131409168243408,7.144967079162598,0.39758244156837463,399216
1992-01-16,7.144967079162598,7.592374801635742,7.144967079162598,7.592374801635742,0.42247849702835083,1651262
1992-01-17,7.565258979797363,7.565258979797363,7.348333835601807,7.429680824279785,0.4134253263473511,950559
1992-01-20,7.402565956115723,7.416122913360596,7.375450134277344,7.389008045196533,0.41116201877593994,142907
1992-01-21,7.389008045196533,7.538144111633301,7.389008045196533,7.416122913360596,0.4126708507537842,608505
1992-01-22,7.402565956115723,7.470355033874512,7.321218967437744,7.348333835601807,0.4088987708091736,861127
1992-01-23,7.348333835601807,7.361892223358154,7.212756156921387,7.226314067840576,0.4021090269088745,451769
1992-01-24,7.239871978759766,7.294103145599365,7.226314067840576,7.2669878005981445,0.4043721854686737,496024
1992-01-27,7.239871978759766,7.307661056518555,7.239871978759766,7.307661056518555,0.4066355526447296,169644
1992-01-28,7.239871978759766,7.375450134277344,7.239871978759766,7.361892223358154,0.44299453496932983,302409
1992-01-29,7.389008045196533,7.55170202255249,7.361892223358154,7.456797122955322,0.4487054646015167,372479
1992-01-30,7.429680824279785,7.443239212036133,7.321218967437744,7.416122913360596,0.4462577998638153,379855
1992-01-31,7.389008045196533,7.389008045196533,7.2669878005981445,7.280545234680176,0.4380997121334076,267374
1992-02-03,7.307661056518555,7.375450134277344,7.2669878005981445,7.375450134277344,0.44381052255630493,1252968
1992-02-04,7.348333835601807,7.429680824279785,7.334776878356934,7.361892223358154,0.44299453496932983,294111
1992-02-05,7.389008045196533,7.389008045196533,7.321218967437744,7.348333835601807,0.44217848777770996,812262
1992-02-06,7.348333835601807,7.402565956115723,7.334776878356934,7.402565956115723,0.4454421103000641,476662
1992-02-07,7.402565956115723,7.483912944793701,7.402565956115723,7.416122913360596,0.4462577998638153,579924
1992-02-10,7.416122913360596,7.524586200714111,7.416122913360596,7.524586200714111,0.45278432965278625,164112
1992-02-11,7.524586200714111,7.538144111633301,7.470355033874512,7.483912944793701,0.4503372013568878,432408
1992-02-12,7.483912944793701,7.483912944793701,7.402565956115723,7.456797122955322,0.4487054646015167,729284
1992-02-13,7.470355033874512,7.470355033874512,7.402565956115723,7.429680824279785,0.44707366824150085,631555
1992-02-14,7.402565956115723,7.578816890716553,7.361892223358154,7.565258979797363,0.45523175597190857,292267
1992-02-18,7.578816890716553,7.74151086807251,7.538144111633301,7.55170202255249,0.45441609621047974,1169990
1992-02-19,7.55170202255249,7.619491100311279,7.497469902038574,7.619491100311279,0.45849502086639404,694249
1992-02-20,7.619491100311279,7.78218412399292,7.592374801635742,7.714395046234131,0.4642062783241272,713611
1992-02-21,7.714395046234131,7.836415767669678,7.700838088989258,7.768627166748047,0.46746936440467834,1314740
1992-02-24,7.74151086807251,7.849973201751709,7.74151086807251,7.849973201751709,0.47236427664756775,652760
1992-02-25,7.849973201751709,7.849973201751709,7.755068778991699,7.836415767669678,0.47154849767684937,816872
1992-02-26,7.836415767669678,7.985551834106445,7.822857856750488,7.985551834106445,0.4805225431919098,660136
1992-02-27,7.985551834106445,8.134688377380371,7.836415767669678,7.836415767669678,0.47154849767684937,1287081
1992-02-28,7.863531112670898,7.877089023590088,7.755068778991699,7.836415767669678,0.47154849767684937,412124
1992-03-02,7.863531112670898,7.863531112670898,7.78218412399292,7.809299945831299,0.46991682052612305,273827
1992-03-03,7.836415767669678,7.904204845428467,7.795742034912109,7.795742034912109,0.46910104155540466,519995
1992-03-04,7.768627166748047,7.78218412399292,7.687280178070068,7.687280178070068,0.462574303150177,247090
1992-03-05,7.714395046234131,7.768627166748047,7.687280178070068,7.755068778991699,0.4666535556316376,744958
1992-03-06,7.78218412399292,7.809299945831299,7.72795295715332,7.74151086807251,0.46583762764930725,723752
1992-03-09,7.755068778991699,7.755068778991699,7.633048057556152,7.687280178070068,0.462574303150177,383543
1992-03-10,7.687280178070068,7.700838088989258,7.60593318939209,7.633048057556152,0.45931124687194824,588222
1992-03-11,7.592374801635742,7.592374801635742,7.429680824279785,7.443239212036133,0.4478895366191864,252622
1992-03-12,7.375450134277344,7.483912944793701,7.375450134277344,7.483912944793701,0.4503372013568878,1073182
1992-03-13,7.565258979797363,7.673721790313721,7.565258979797363,7.673721790313721,0.46175891160964966,1158004
1992-03-16,7.673721790313721,7.877089023590088,7.673721790313721,7.849973201751709,0.47236427664756775,626023
1992-03-17,7.971993923187256,8.134688377380371,7.958436012268066,8.134688377380371,0.48949697613716125,1173678
1992-03-18,8.134688377380371,8.161803245544434,8.107571601867676,8.134688377380371,0.48949697613716125,977296
1992-03-19,8.107571601867676,8.188919067382812,8.094014167785645,8.188919067382812,0.49276021122932434,199147
1992-03-20,8.188919067382812,8.460075378417969,8.188919067382812,8.460075378417969,0.509076714515686,966233
1992-03-23,8.446516990661621,8.460075378417969,8.405843734741211,8.432958602905273,0.5074449181556702,963467
1992-03-24,8.419402122497559,8.527864456176758,8.39228630065918,8.500747680664062,0.5115242004394531,708079
1992-03-25,8.460075378417969,8.460075378417969,8.107571601867676,8.107571601867676,0.487865149974823,1900196
1992-03-26,8.134688377380371,8.243149757385254,8.134688377380371,8.216033935546875,0.4943918287754059,378011
1992-03-27,8.20247745513916,8.243149757385254,8.107571601867676,8.20247745513916,0.49357572197914124,571626
1992-03-30,8.188919067382812,8.188919067382812,8.039782524108887,8.080455780029297,0.48623350262641907,381699
1992-03-31,8.053340911865234,8.134688377380371,8.026225090026855,8.107571601867676,0.487865149974823,346664
1992-04-01,8.094014167785645,8.094014167785645,7.999108791351318,8.080455780029297,0.48623350262641907,190849
1992-04-02,7.999108791351318,7.999108791351318,7.849973201751709,7.863531112670898,0.4731799364089966,740348
1992-04-03,7.863531112670898,7.863531112670898,7.700838088989258,7.714395046234131,0.4642062783241272,271983
1992-04-06,7.74151086807251,7.944878101348877,7.74151086807251,7.944878101348877,0.4780751168727875,640774
1992-04-07,7.985551834106445,8.161803245544434,7.985551834106445,7.999108791351318,0.48133835196495056,1256656
1992-04-08,7.999108791351318,7.999108791351318,7.9177632331848145,7.958436012268066,0.4788910150527954,800277
1992-04-09,7.958436012268066,8.148244857788086,7.944878101348877,8.148244857788086,0.4903126657009125,1748070
1992-04-10,8.161803245544434,8.35161304473877,8.080455780029297,8.35161304473877,0.5025497078895569,1041835
1992-04-13,8.32449722290039,8.338054656982422,8.175360679626465,8.188919067382812,0.49276021122932434,342976
1992-04-14,8.175360679626465,8.39228630065918,8.175360679626465,8.39228630065918,0.5049971342086792,1097153
1992-04-15,8.39228630065918,8.812578201293945,8.39228630065918,8.812578201293945,0.5302881598472595,1829204
1992-04-16,8.704115867614746,8.758346557617188,8.59565258026123,8.622769355773926,0.5188665986061096,2471822
1992-04-20,8.622769355773926,8.717673301696777,8.622769355773926,8.717673301696777,0.5245770215988159,2195229
1992-04-21,8.717673301696777,8.731230735778809,8.649884223937988,8.690558433532715,0.5229457020759583,1267719
1992-04-22,8.677000045776367,8.758346557617188,8.66344165802002,8.758346557617188,0.5270245671272278,684107
1992-04-23,8.758346557617188,8.758346557617188,8.649884223937988,8.704115867614746,0.5237613320350647,1191195
1992-04-24,8.677000045776367,8.677000045776367,8.4736328125,8.4736328125,0.5098924040794373,454535
1992-04-27,8.487191200256348,8.487191200256348,8.310938835144043,8.35161304473877,0.5025497078895569,1211479
1992-04-28,8.283823013305664,8.283823013305664,8.216033935546875,8.243149757385254,0.5309919714927673,673044
1992-04-29,8.270265579223633,8.338054656982422,8.229592323303223,8.32449722290039,0.5362322330474854,993892
1992-04-30,8.378727912902832,8.419402122497559,8.378727912902832,8.39228630065918,0.5405987501144409,848219
1992-05-01,8.39228630065918,8.419402122497559,8.39228630065918,8.419402122497559,0.5423455834388733,695171
1992-05-04,8.419402122497559,8.51430606842041,8.365169525146484,8.365169525146484,0.5388519763946533,1421690
1992-05-05,8.365169525146484,8.51430606842041,8.35161304473877,8.460075378417969,0.5449658036231995,920134
1992-05-06,8.4736328125,8.5820951461792,8.4736328125,8.554980278015137,0.5510791540145874,263686
1992-05-07,8.527864456176758,8.59565258026123,8.446516990661621,8.446516990661621,0.5440921783447266,463755
1992-05-08,8.4736328125,8.500747680664062,8.419402122497559,8.487191200256348,0.5467123985290527,205601
1992-05-11,8.51430606842041,8.649884223937988,8.51430606842041,8.649884223937988,0.5571922659873962,1252046
1992-05-12,8.677000045776367,8.704115867614746,8.649884223937988,8.690558433532715,0.5598122477531433,936729
1992-05-13,8.66344165802002,8.758346557617188,8.66344165802002,8.704115867614746,0.5606856346130371,548577
1992-05-14,8.690558433532715,8.690558433532715,8.636326789855957,8.649884223937988,0.5571922659873962,882333
1992-05-15,8.649884223937988,8.649884223937988,8.5820951461792,8.59565258026123,0.5536989569664001,314394
1992-05-18,8.622769355773926,8.622769355773926,8.487191200256348,8.500747680664062,0.5475855469703674,533825
1992-05-19,8.500747680664062,8.731230735778809,8.500747680664062,8.677000045776367,0.5589391589164734,493258
1992-05-20,8.649884223937988,8.717673301696777,8.622769355773926,8.717673301696777,0.561558723449707,1224386
1992-05-21,8.717673301696777,8.717673301696777,8.677000045776367,8.704115867614746,0.5606856346130371,827936
1992-05-22,8.704115867614746,8.758346557617188,8.690558433532715,8.744789123535156,0.5633057355880737,607583
1992-05-26,8.744789123535156,8.812578201293945,8.677000045776367,8.690558433532715,0.5598122477531433,2160194
1992-05-27,8.677000045776367,8.744789123535156,8.677000045776367,8.731230735778809,0.5624323487281799,412124
1992-05-28,8.771904945373535,8.826135635375977,8.731230735778809,8.826135635375977,0.5685458779335022,926588
1992-05-29,8.812578201293945,8.880367279052734,8.785463333129883,8.839694023132324,0.5694193243980408,448081
1992-06-01,8.839694023132324,8.839694023132324,8.731230735778809,8.785463333129883,0.5659257769584656,474818
1992-06-02,8.799019813537598,8.934597969055176,8.799019813537598,8.907483100891113,0.573785662651062,1366371
1992-06-03,8.907483100891113,9.002388000488281,8.907483100891113,8.975272178649902,0.5781526565551758,621413
1992-06-04,9.029502868652344,9.029502868652344,8.934597969055176,8.948156356811523,0.5764057040214539,661058
1992-06-05,8.975272178649902,8.975272178649902,8.866808891296387,8.948156356811523,0.5764057040214539,1185663
1992-06-08,8.934597969055176,9.015945434570312,8.921040534973145,8.988829612731934,0.5790258646011353,629711
1992-06-09,9.002388000488281,9.002388000488281,8.948156356811523,8.961713790893555,0.5772792100906372,275671
1992-06-10,8.934597969055176,8.948156356811523,8.907483100891113,8.921040534973145,0.5746593475341797,614037
1992-06-11,8.921040534973145,8.921040534973145,8.771904945373535,8.826135635375977,0.5685458779335022,594676
1992-06-12,8.799019813537598,8.853252410888672,8.799019813537598,8.853252410888672,0.5702928304672241,472053
1992-06-15,8.839694023132324,8.866808891296387,8.812578201293945,8.826135635375977,0.5685458779335022,557796
1992-06-16,8.853252410888672,8.853252410888672,8.731230735778809,8.731230735778809,0.5624323487281799,921056
1992-06-17,8.677000045776367,8.677000045776367,8.51430606842041,8.527864456176758,0.5493323802947998,1602397
1992-06-18,8.500747680664062,8.51430606842041,8.378727912902832,8.378727912902832,0.5397256016731262,460989
1992-06-19,8.378727912902832,8.405843734741211,8.270265579223633,8.310938835144043,0.5353586077690125,631555
1992-06-22,8.310938835144043,8.378727912902832,8.283823013305664,8.378727912902832,0.5397256016731262,365103
1992-06-23,8.405843734741211,8.677000045776367,8.405843734741211,8.59565258026123,0.5536989569664001,543967
1992-06-24,8.59565258026123,8.66344165802002,8.59565258026123,8.622769355773926,0.5554457306861877,601129
1992-06-25,8.622769355773926,8.636326789855957,8.446516990661621,8.446516990661621,0.5440921783447266,758788
1992-06-26,8.460075378417969,8.51430606842041,8.460075378417969,8.487191200256348,0.5467123985290527,344820
1992-06-29,8.487191200256348,8.636326789855957,8.487191200256348,8.636326789855957,0.5563192367553711,528293
1992-06-30,8.636326789855957,8.731230735778809,8.609210968017578,8.66344165802002,0.5580657124519348,1159848
1992-07-01,8.66344165802002,8.66344165802002,8.609210968017578,8.622769355773926,0.5554457306861877,809496
1992-07-02,8.541421890258789,8.541421890258789,8.243149757385254,8.270265579223633,0.5327388644218445,1458569
1992-07-06,8.256708145141602,8.256708145141602,8.026225090026855,8.080455780029297,0.5205119848251343,725596
1992-07-07,8.053340911865234,8.053340911865234,7.809299945831299,7.971993923187256,0.5135250687599182,1847643
1992-07-08,7.971993923187256,8.026225090026855,7.863531112670898,7.958436012268066,0.5126519799232483,561484
1992-07-09,7.958436012268066,8.216033935546875,7.958436012268066,8.20247745513916,0.5283722877502441,394606
1992-07-10,8.20247745513916,8.216033935546875,8.026225090026855,8.080455780029297,0.5205119848251343,662902
1992-07-13,8.080455780029297,8.188919067382812,8.039782524108887,8.161803245544434,0.5257520079612732,797511
1992-07-14,8.161803245544434,8.229592323303223,8.161803245544434,8.188919067382812,0.5274986624717712,153048
1992-07-15,8.188919067382812,8.188919067382812,8.039782524108887,8.039782524108887,0.5178919434547424,318082
1992-07-16,8.012666702270508,8.107571601867676,7.971993923187256,8.066898345947266,0.5196384191513062,614037
1992-07-17,8.066898345947266,8.066898345947266,8.026225090026855,8.066898345947266,0.5196384191513062,181630
1992-07-20,8.066898345947266,8.283823013305664,8.066898345947266,8.216033935546875,0.5292451977729797,736660
1992-07-21,8.216033935546875,8.229592323303223,8.148244857788086,8.216033935546875,0.5292451977729797,240636
1992-07-22,8.20247745513916,8.20247745513916,8.134688377380371,8.148244857788086,0.5248789191246033,754178
1992-07-23,8.121129989624023,8.134688377380371,8.039782524108887,8.080455780029297,0.5205119848251343,568860
1992-07-24,8.053340911865234,8.161803245544434,8.039782524108887,8.134688377380371,0.5240055322647095,106949
1992-07-27,8.134688377380371,8.175360679626465,8.107571601867676,8.107571601867676,0.5222584009170532,84822
1992-07-28,8.053340911865234,8.35161304473877,8.053340911865234,8.35161304473877,0.5771301984786987,735738
1992-07-29,8.32449722290039,8.568537712097168,8.32449722290039,8.500747680664062,0.5874359607696533,562406
1992-07-30,8.51430606842041,8.541421890258789,8.460075378417969,8.541421890258789,0.5902466773986816,454535
1992-07-31,8.541421890258789,8.731230735778809,8.541421890258789,8.717673301696777,0.6024260520935059,2118705
1992-08-03,8.66344165802002,8.677000045776367,8.541421890258789,8.622769355773926,0.5958681702613831,701625
1992-08-04,8.609210968017578,8.609210968017578,8.446516990661621,8.446516990661621,0.5836883187294006,382621
1992-08-05,8.446516990661621,8.609210968017578,8.446516990661621,8.5820951461792,0.5930573344230652,1602397
1992-08-06,8.554980278015137,8.554980278015137,8.51430606842041,8.554980278015137,0.5911837816238403,898928
1992-08-07,8.554980278015137,8.554980278015137,8.446516990661621,8.446516990661621,0.5836883187294006,1070416
1992-08-10,8.419402122497559,8.419402122497559,8.338054656982422,8.39228630065918,0.579940915107727,326380
1992-08-11,8.39228630065918,8.419402122497559,8.338054656982422,8.35161304473877,0.5771301984786987,493258
1992-08-12,8.365169525146484,8.446516990661621,8.35161304473877,8.446516990661621,0.5836883187294006,744036
1992-08-13,8.4736328125,8.4736328125,8.432958602905273,8.446516990661621,0.5836883187294006,428720
1992-08-14,8.432958602905273,8.460075378417969,8.378727912902832,8.460075378417969,0.5846255421638489,625101
1992-08-17,8.460075378417969,8.568537712097168,8.460075378417969,8.554980278015137,0.5911837816238403,351273
1992-08-18,8.527864456176758,8.541421890258789,8.460075378417969,8.460075378417969,0.5846255421638489,569782
1992-08-19,8.4736328125,8.4736328125,8.432958602905273,8.432958602905273,0.5827517509460449,168722
1992-08-20,8.446516990661621,8.51430606842041,8.446516990661621,8.500747680664062,0.5874359607696533,535669
1992-08-21,8.51430606842041,8.541421890258789,8.297381401062012,8.35161304473877,0.5771301984786987,1098997
1992-08-24,8.310938835144043,8.310938835144043,8.161803245544434,8.175360679626465,0.5649504661560059,555953
1992-08-25,8.175360679626465,8.243149757385254,8.080455780029297,8.243149757385254,0.5696346759796143,812262
1992-08-26,8.229592323303223,8.229592323303223,8.148244857788086,8.161803245544434,0.5640134811401367,591910
1992-08-27,8.175360679626465,8.175360679626465,8.066898345947266,8.080455780029297,0.5583921074867249,230494
1992-08-28,8.107571601867676,8.107571601867676,7.999108791351318,8.053340911865234,0.5565182566642761,1617149
1992-08-31,8.053340911865234,8.053340911865234,7.9177632331848145,7.9177632331848145,0.5471494197845459,1134032
1992-09-01,7.9177632331848145,7.944878101348877,7.78218412399292,7.944878101348877,0.5490230917930603,1937075
1992-09-02,7.9177632331848145,8.161803245544434,7.9177632331848145,8.161803245544434,0.5640134811401367,1837501
1992-09-03,8.148244857788086,8.297381401062012,8.148244857788086,8.256708145141602,0.5705717206001282,538435
1992-09-04,8.243149757385254,8.432958602905273,8.243149757385254,8.297381401062012,0.5733824372291565,874035
1992-09-08,8.310938835144043,8.419402122497559,8.270265579223633,8.419402122497559,0.5818145871162415,1141408
1992-09-09,8.39228630065918,8.405843734741211,8.338054656982422,8.405843734741211,0.5808774828910828,1087012
1992-09-10,8.405843734741211,8.527864456176758,8.405843734741211,8.500747680664062,0.5874359607696533,750490
1992-09-11,8.4736328125,8.527864456176758,8.405843734741211,8.446516990661621,0.5836883187294006,295033
1992-09-14,8.446516990661621,8.677000045776367,8.446516990661621,8.66344165802002,0.5986788272857666,451769
1992-09-15,8.66344165802002,8.66344165802002,8.59565258026123,8.59565258026123,0.593994140625,615881
1992-09-16,8.59565258026123,8.690558433532715,8.568537712097168,8.636326789855957,0.5968050956726074,389075
1992-09-17,8.677000045776367,8.717673301696777,8.59565258026123,8.59565258026123,0.593994140625,891552
1992-09-18,8.568537712097168,8.5820951461792,8.487191200256348,8.554980278015137,0.5911837816238403,1430909
1992-09-21,8.554980278015137,8.5820951461792,8.51430606842041,8.527864456176758,0.589309811592102,344820
1992-09-22,8.487191200256348,8.487191200256348,8.432958602905273,8.432958602905273,0.5827517509460449,761554
1992-09-23,8.405843734741211,8.446516990661621,8.405843734741211,8.405843734741211,0.5808774828910828,565172
1992-09-24,8.405843734741211,8.460075378417969,8.378727912902832,8.378727912902832,0.5790039300918579,439783
1992-09-25,8.378727912902832,8.378727912902832,8.297381401062012,8.365169525146484,0.578066885471344,709001
1992-09-28,8.338054656982422,8.405843734741211,8.338054656982422,8.365169525146484,0.578066885471344,283969
1992-09-29,8.378727912902832,8.405843734741211,8.35161304473877,8.365169525146484,0.578066885471344,244324
1992-09-30,8.365169525146484,8.432958602905273,8.338054656982422,8.432958602905273,0.5827517509460449,590066
1992-10-01,8.460075378417969,8.609210968017578,8.432958602905273,8.609210968017578,0.5949311256408691,846375
1992-10-02,8.5820951461792,8.59565258026123,8.500747680664062,8.51430606842041,0.5883729457855225,945949
1992-10-05,8.500747680664062,8.500747680664062,8.270265579223633,8.432958602905273,0.5827517509460449,1625447
1992-10-06,8.460075378417969,8.4736328125,8.405843734741211,8.405843734741211,0.5808774828910828,827936
1992-10-07,8.405843734741211,8.405843734741211,8.20247745513916,8.216033935546875,0.5677608847618103,560562
1992-10-08,8.216033935546875,8.270265579223633,8.175360679626465,8.256708145141602,0.5705717206001282,682263
1992-10-09,8.256708145141602,8.256708145141602,8.121129989624023,8.134688377380371,0.5621398091316223,599285
1992-10-12,8.161803245544434,8.20247745513916,8.161803245544434,8.175360679626465,0.5649504661560059,94042
1992-10-13,8.148244857788086,8.161803245544434,8.026225090026855,8.161803245544434,0.5640134811401367,1557220
1992-10-14,8.134688377380371,8.134688377380371,8.080455780029297,8.134688377380371,0.5621398091316223,498790
1992-10-15,8.080455780029297,8.080455780029297,7.78218412399292,7.890646934509277,0.5452757477760315,2846145
1992-10-16,7.9177632331848145,7.999108791351318,7.877089023590088,7.999108791351318,0.552770733833313,848219
1992-10-19,7.999108791351318,8.107571601867676,7.971993923187256,8.107571601867676,0.5602657794952393,746802
1992-10-20,8.134688377380371,8.188919067382812,8.134688377380371,8.161803245544434,0.5640134811401367,603895
1992-10-21,8.161803245544434,8.32449722290039,8.161803245544434,8.32449722290039,0.57525634765625,977296
1992-10-22,8.310938835144043,8.487191200256348,8.310938835144043,8.487191200256348,0.5864992737770081,1008644
1992-10-23,8.487191200256348,8.51430606842041,8.256708145141602,8.32449722290039,0.57525634765625,1926011
1992-10-26,8.310938835144043,8.310938835144043,8.134688377380371,8.216033935546875,0.5677608847618103,755100
1992-10-27,8.229592323303223,8.229592323303223,8.039782524108887,8.066898345947266,0.5574550032615662,424110
1992-10-28,8.039782524108887,8.039782524108887,7.768627166748047,7.863531112670898,0.543401837348938,1969344
1992-10-29,7.890646934509277,8.012666702270508,7.863531112670898,7.877089023590088,0.5443385243415833,2145442
1992-10-30,7.877089023590088,7.890646934509277,7.822857856750488,7.836415767669678,0.5415276885032654,864815
1992-11-02,7.849973201751709,7.985551834106445,7.822857856750488,7.904204845428467,0.546212375164032,865737
1992-11-03,7.904204845428467,8.039782524108887,7.890646934509277,7.944878101348877,0.5900832414627075,393684
1992-11-04,7.9177632331848145,7.971993923187256,7.890646934509277,7.944878101348877,0.5900832414627075,540279
1992-11-05,7.9313201904296875,7.985551834106445,7.9313201904296875,7.9313201904296875,0.5890761017799377,1009566
1992-11-06,7.890646934509277,7.999108791351318,7.890646934509277,7.9177632331848145,0.5880689024925232,605739
1992-11-09,7.9177632331848145,7.971993923187256,7.877089023590088,7.944878101348877,0.5900832414627075,1221620
1992-11-10,7.944878101348877,7.944878101348877,7.9177632331848145,7.9177632331848145,0.5880689024925232,508010
1992-11-11,7.890646934509277,7.890646934509277,7.714395046234131,7.714395046234131,0.5729643106460571,1275095
1992-11-12,7.714395046234131,7.72795295715332,7.578816890716553,7.700838088989258,0.5719577074050903,779993
1992-11-13,7.673721790313721,7.700838088989258,7.592374801635742,7.673721790313721,0.5699437856674194,1781261
1992-11-16,7.646605968475342,7.673721790313721,7.592374801635742,7.646605968475342,0.5679296255111694,955169
1992-11-17,7.660163879394531,7.687280178070068,7.633048057556152,7.646605968475342,0.5679296255111694,496946
1992-11-18,7.646605968475342,7.755068778991699,7.633048057556152,7.660163879394531,0.5689367651939392,920134
1992-11-19,7.646605968475342,7.660163879394531,7.592374801635742,7.60593318939209,0.5649089217185974,1060274
1992-11-20,7.619491100311279,7.673721790313721,7.60593318939209,7.660163879394531,0.5689367651939392,1699205
1992-11-23,7.646605968475342,7.673721790313721,7.60593318939209,7.619491100311279,0.5659159421920776,728362
1992-11-24,7.619491100311279,7.890646934509277,7.60593318939209,7.822857856750488,0.5810204148292542,1549844
1992-11-25,7.822857856750488,7.958436012268066,7.822857856750488,7.9177632331848145,0.5880689024925232,919212
1992-11-27,7.9177632331848145,8.026225090026855,7.9177632331848145,8.026225090026855,0.5961244702339172,482194
1992-11-30,8.039782524108887,8.134688377380371,8.039782524108887,8.094014167785645,0.6011596322059631,462833
1992-12-01,8.094014167785645,8.121129989624023,8.026225090026855,8.026225090026855,0.5961244702339172,830702
1992-12-02,8.026225090026855,8.026225090026855,7.999108791351318,7.999108791351318,0.5941107273101807,761554
1992-12-03,7.999108791351318,8.026225090026855,7.971993923187256,7.999108791351318,0.5941107273101807,568860
1992-12-04,7.971993923187256,8.107571601867676,7.971993923187256,8.107571601867676,0.6021665930747986,482194
1992-12-07,8.080455780029297,8.134688377380371,8.039782524108887,8.066898345947266,0.5991456508636475,753256
1992-12-08,8.107571601867676,8.216033935546875,8.107571601867676,8.20247745513916,0.6092151999473572,754178
1992-12-09,8.20247745513916,8.270265579223633,8.148244857788086,8.270265579223633,0.6142504215240479,607583
1992-12-10,8.310938835144043,8.32449722290039,8.243149757385254,8.32449722290039,0.6182780265808105,817794
1992-12-11,8.32449722290039,8.338054656982422,8.283823013305664,8.297381401062012,0.616264283657074,453613
1992-12-14,8.270265579223633,8.270265579223633,8.121129989624023,8.134688377380371,0.6041803956031799,616803
1992-12-15,8.134688377380371,8.243149757385254,8.134688377380371,8.229592323303223,0.6112294793128967,633399
1992-12-16,8.256708145141602,8.35161304473877,8.256708145141602,8.32449722290039,0.6182780265808105,1127579
1992-12-17,8.338054656982422,8.39228630065918,8.32449722290039,8.39228630065918,0.6233129501342773,641696
1992-12-18,8.460075378417969,8.527864456176758,8.405843734741211,8.500747680664062,0.6313686370849609,1001268
1992-12-21,8.500747680664062,8.5820951461792,8.487191200256348,8.5820951461792,0.6374102830886841,753256
1992-12-22,8.609210968017578,8.731230735778809,8.609210968017578,8.677000045776367,0.6444591879844666,1748992
1992-12-23,8.677000045776367,8.690558433532715,8.649884223937988,8.649884223937988,0.6424456834793091,1630978
1992-12-24,8.66344165802002,8.66344165802002,8.636326789855957,8.649884223937988,0.6424456834793091,116169
1992-12-28,8.66344165802002,8.66344165802002,8.636326789855957,8.636326789855957,0.6414384841918945,701625
1992-12-29,8.622769355773926,8.649884223937988,8.609210968017578,8.609210968017578,0.6394243836402893,493258
1992-12-30,8.609210968017578,8.622769355773926,8.609210968017578,8.609210968017578,0.6394243836402893,567016
1992-12-31,8.609210968017578,8.866808891296387,8.5820951461792,8.853252410888672,0.6575501561164856,922900
1993-01-04,8.853252410888672,8.866808891296387,8.704115867614746,8.704115867614746,0.6464730501174927,1288003
1993-01-05,8.704115867614746,8.704115867614746,8.622769355773926,8.66344165802002,0.6434523463249207,429642
1993-01-06,8.649884223937988,8.731230735778809,8.649884223937988,8.717673301696777,0.6474800109863281,1009566
1993-01-07,8.731230735778809,8.785463333129883,8.677000045776367,8.677000045776367,0.6444591879844666,1117437
1993-01-08,8.704115867614746,8.826135635375977,8.677000045776367,8.812578201293945,0.6545289158821106,1386654
1993-01-11,8.785463333129883,8.799019813537598,8.744789123535156,8.744789123535156,0.6494939923286438,195459
1993-01-12,8.744789123535156,8.744789123535156,8.622769355773926,8.649884223937988,0.6424456834793091,638931
1993-01-13,8.649884223937988,8.66344165802002,8.622769355773926,8.66344165802002,0.6434523463249207,86666
1993-01-14,8.690558433532715,8.744789123535156,8.541421890258789,8.541421890258789,0.6343894004821777,447159
1993-01-15,8.568537712097168,8.622769355773926,8.51430606842041,8.59565258026123,0.6384171843528748,401060
1993-01-18,8.649884223937988,8.690558433532715,8.609210968017578,8.677000045776367,0.6444591879844666,654604
1993-01-19,8.731230735778809,8.731230735778809,8.636326789855957,8.66344165802002,0.6434523463249207,572548
1993-01-20,8.717673301696777,8.717673301696777,8.59565258026123,8.622769355773926,0.64043128490448,373401
1993-01-21,8.568537712097168,8.622769355773926,8.500747680664062,8.500747680664062,0.6313686370849609,250778
1993-01-22,8.4736328125,8.554980278015137,8.446516990661621,8.554980278015137,0.6353966593742371,251700
1993-01-25,8.5820951461792,8.622769355773926,8.554980278015137,8.554980278015137,0.6353966593742371,176098
1993-01-26,8.568537712097168,8.568537712097168,8.541421890258789,8.541421890258789,0.6343894004821777,96808
1993-01-27,8.541421890258789,8.568537712097168,8.500747680664062,8.500747680664062,0.6313686370849609,216665
1993-01-28,8.527864456176758,8.541421890258789,8.378727912902832,8.541421890258789,0.6343894004821777,556874
1993-01-29,8.51430606842041,8.731230735778809,8.51430606842041,8.5820951461792,0.6374102830886841,2263455
1993-02-01,8.5820951461792,8.5820951461792,8.541421890258789,8.541421890258789,0.6343894004821777,909992
1993-02-02,8.446516990661621,8.446516990661621,8.365169525146484,8.378727912902832,0.6651356816291809,418578
1993-02-03,8.35161304473877,8.405843734741211,8.297381401062012,8.405843734741211,0.6672882437705994,3946064
1993-02-04,8.487191200256348,8.677000045776367,8.4736328125,8.677000045776367,0.6888133883476257,1468710
1993-02-05,8.677000045776367,8.880367279052734,8.66344165802002,8.799019813537598,0.6984997391700745,1288925
1993-02-08,8.826135635375977,8.893924713134766,8.812578201293945,8.866808891296387,0.7038809061050415,960701
1993-02-09,8.880367279052734,8.880367279052734,8.799019813537598,8.853252410888672,0.7028053402900696,2274519
1993-02-10,8.826135635375977,8.975272178649902,8.826135635375977,8.975272178649902,0.7124913930892944,393684
1993-02-11,8.975272178649902,9.056618690490723,8.961713790893555,9.002388000488281,0.714643657207489,813184
1993-02-12,9.015945434570312,9.015945434570312,8.921040534973145,8.921040534973145,0.7081863880157471,604817
1993-02-16,8.934597969055176,8.948156356811523,8.704115867614746,8.704115867614746,0.6909659504890442,2240406
1993-02-17,8.744789123535156,8.744789123535156,8.568537712097168,8.66344165802002,0.6877370476722717,1052898
1993-02-18,8.677000045776367,8.704115867614746,8.568537712097168,8.636326789855957,0.6855847835540771,594676
1993-02-19,8.690558433532715,8.690558433532715,8.609210968017578,8.649884223937988,0.6866613030433655,1039991
1993-02-22,8.66344165802002,8.677000045776367,8.636326789855957,8.636326789855957,0.6855847835540771,720987
1993-02-23,8.636326789855957,8.649884223937988,8.487191200256348,8.568537712097168,0.6802029013633728,547655
1993-02-24,8.568537712097168,8.636326789855957,8.568537712097168,8.609210968017578,0.6834320425987244,231416
1993-02-25,8.636326789855957,8.636326789855957,8.487191200256348,8.568537712097168,0.6802029013633728,618647
1993-02-26,8.568537712097168,8.622769355773926,8.541421890258789,8.5820951461792,0.681279182434082,1044601
1993-03-01,8.5820951461792,8.622769355773926,8.568537712097168,8.622769355773926,0.6845082640647888,396450
1993-03-02,8.622769355773926,8.717673301696777,8.622769355773926,8.66344165802002,0.6877370476722717,1042757
1993-03-03,8.66344165802002,8.866808891296387,8.66344165802002,8.866808891296387,0.7038809061050415,480350
1993-03-04,8.866808891296387,8.988829612731934,8.866808891296387,8.934597969055176,0.7092623114585876,811340
1993-03-05,8.988829612731934,9.1921968460083,8.988829612731934,9.097291946411133,0.7221776247024536,930275
1993-03-08,9.07017707824707,9.205755233764648,9.07017707824707,9.1921968460083,0.7297115325927734,810418
1993-03-09,9.205755233764648,9.327775001525879,9.1921968460083,9.246427536010742,0.734016478061676,1807998
1993-03-10,9.21931266784668,9.25998592376709,9.165081024169922,9.25998592376709,0.7350931167602539,815028
1993-03-11,9.273544311523438,9.273544311523438,9.1921968460083,9.232870101928711,0.7329403162002563,1036303
1993-03-12,9.21931266784668,9.21931266784668,9.151522636413574,9.165081024169922,0.727558970451355,667512
1993-03-15,9.21931266784668,9.246427536010742,9.165081024169922,9.205755233764648,0.7307879328727722,521839
1993-03-16,9.1921968460083,9.205755233764648,9.165081024169922,9.165081024169922,0.727558970451355,486804
1993-03-17,9.1921968460083,9.1921968460083,9.097291946411133,9.11085033416748,0.7232542634010315,148438
1993-03-18,9.13796615600586,9.17863941192627,9.056618690490723,9.17863941192627,0.7286356091499329,753256
1993-03-19,9.151522636413574,9.165081024169922,9.083733558654785,9.083733558654785,0.7211012244224548,1063040
1993-03-22,9.083733558654785,9.11085033416748,8.812578201293945,9.056618690490723,0.718949019908905,1461335
1993-03-23,9.056618690490723,9.1921968460083,9.056618690490723,9.17863941192627,0.7286356091499329,326380
1993-03-24,9.205755233764648,9.436238288879395,9.1921968460083,9.368448257446289,0.743703305721283,581768
1993-03-25,9.368448257446289,9.490468978881836,9.3006591796875,9.395564079284668,0.7458558082580566,395528
1993-03-26,9.368448257446289,9.436238288879395,9.341333389282227,9.354890823364258,0.742626965045929,578080
1993-03-29,9.38200569152832,9.436238288879395,9.314216613769531,9.327775001525879,0.740474283695221,290423
1993-03-30,9.327775001525879,9.354890823364258,9.246427536010742,9.3006591796875,0.7383215427398682,230494
1993-03-31,9.3006591796875,9.3006591796875,9.056618690490723,9.056618690490723,0.718949019908905,401060
1993-04-01,9.11085033416748,9.3006591796875,9.11085033416748,9.273544311523438,0.7361690402030945,693327
1993-04-02,9.273544311523438,9.3006591796875,9.21931266784668,9.273544311523438,0.7361690402030945,562406
1993-04-05,9.246427536010742,9.287101745605469,9.21931266784668,9.273544311523438,0.7361690402030945,663824
1993-04-06,9.246427536010742,9.25998592376709,9.21931266784668,9.232870101928711,0.7329403162002563,470209
1993-04-07,9.232870101928711,9.38200569152832,9.232870101928711,9.327775001525879,0.740474283695221,394606
1993-04-08,9.327775001525879,9.463353157043457,9.327775001525879,9.436238288879395,0.7490842342376709,326380
1993-04-12,9.463353157043457,9.544699668884277,9.422679901123047,9.436238288879395,0.7490842342376709,584534
1993-04-13,9.463353157043457,9.531142234802246,9.409122467041016,9.436238288879395,0.7490842342376709,753256
1993-04-14,9.436238288879395,9.598931312561035,9.436238288879395,9.558258056640625,0.7587712407112122,505244
1993-04-15,9.612488746643066,9.92431926727295,9.585372924804688,9.829414367675781,0.7802960276603699,1345165
1993-04-16,9.829414367675781,9.89720344543457,9.761625289916992,9.815855979919434,0.7792202234268188,607583
1993-04-19,9.788741111755371,10.073454856872559,9.761625289916992,10.00566577911377,0.7942875623703003,1258499
1993-04-20,9.97854995727539,9.97854995727539,9.666720390319824,9.870087623596191,0.7835251092910767,930275
1993-04-21,9.89720344543457,9.89720344543457,9.748066902160645,9.761625289916992,0.7749148011207581,372479
1993-04-22,9.680277824401855,9.788741111755371,9.626047134399414,9.707393646240234,0.7706097960472107,897084
1993-04-23,9.653162956237793,9.680277824401855,9.490468978881836,9.612488746643066,0.7630758285522461,1029849
1993-04-26,9.653162956237793,9.734509468078613,9.626047134399414,9.680277824401855,0.7684574723243713,333756
1993-04-27,9.680277824401855,9.748066902160645,9.680277824401855,9.748066902160645,0.7738388180732727,934885
1993-04-28,9.734509468078613,9.97854995727539,9.720952033996582,9.97854995727539,0.7921355962753296,484960
1993-04-29,9.97854995727539,9.97854995727539,9.707393646240234,9.788741111755371,0.7770678400993347,753256
1993-04-30,9.788741111755371,9.951434135437012,9.761625289916992,9.85653018951416,0.782448947429657,596520
1993-05-03,9.883645057678223,9.910760879516602,9.734509468078613,9.788741111755371,0.7770678400993347,354961
1993-05-04,9.761625289916992,9.802297592163086,9.666720390319824,9.666720390319824,0.7779674530029297,505244
1993-05-05,9.680277824401855,9.680277824401855,9.44979476928711,9.558258056640625,0.7692384123802185,720987
1993-05-06,9.558258056640625,9.612488746643066,9.544699668884277,9.558258056640625,0.7692384123802185,442549
1993-05-07,9.558258056640625,9.680277824401855,9.490468978881836,9.653162956237793,0.7768761515617371,776305
1993-05-10,9.626047134399414,9.85653018951416,9.626047134399414,9.626047134399414,0.7746939659118652,1206869
1993-05-11,9.626047134399414,9.626047134399414,9.517583847045898,9.558258056640625,0.7692384123802185,1229918
1993-05-12,9.531142234802246,9.544699668884277,9.354890823364258,9.368448257446289,0.7539627552032471,1014175
1993-05-13,9.395564079284668,9.395564079284668,9.232870101928711,9.246427536010742,0.7441425919532776,1063040
1993-05-14,9.273544311523438,9.341333389282227,9.25998592376709,9.3006591796875,0.7485071420669556,332834
1993-05-17,9.273544311523438,9.314216613769531,9.165081024169922,9.287101745605469,0.7474154829978943,1305520
1993-05-18,9.287101745605469,9.287101745605469,9.002388000488281,9.043061256408691,0.7277758121490479,976374
1993-05-19,9.056618690490723,9.21931266784668,9.015945434570312,9.205755233764648,0.740869402885437,1239138
1993-05-20,9.232870101928711,9.232870101928711,9.083733558654785,9.083733558654785,0.7310492992401123,560562
1993-05-21,9.083733558654785,9.246427536010742,9.083733558654785,9.17863941192627,0.7386870980262756,971764
1993-05-24,9.17863941192627,9.327775001525879,9.165081024169922,9.287101745605469,0.7474154829978943,366947
1993-05-25,9.341333389282227,9.436238288879395,9.327775001525879,9.409122467041016,0.7572362422943115,593754
1993-05-26,9.517583847045898,9.598931312561035,9.517583847045898,9.544699668884277,0.7681474089622498,746802
1993-05-27,9.531142234802246,9.680277824401855,9.504027366638184,9.653162956237793,0.7768761515617371,861127
1993-05-28,9.626047134399414,9.653162956237793,9.612488746643066,9.639604568481445,0.7757851481437683,585456
1993-06-01,9.639604568481445,9.707393646240234,9.639604568481445,9.639604568481445,0.7757851481437683,444393
1993-06-02,9.639604568481445,9.734509468078613,9.626047134399414,9.626047134399414,0.7746939659118652,282125
1993-06-03,9.707393646240234,9.748066902160645,9.680277824401855,9.748066902160645,0.7845141887664795,286735
1993-06-04,9.734509468078613,9.761625289916992,9.666720390319824,9.693836212158203,0.7801499366760254,342054
1993-06-07,9.720952033996582,9.815855979919434,9.720952033996582,9.788741111755371,0.7877875566482544,666590
1993-06-08,9.775182723999023,9.93787670135498,9.775182723999023,9.910760879516602,0.7976074814796448,1016941
1993-06-09,9.910760879516602,9.93787670135498,9.870087623596191,9.883645057678223,0.7954254746437073,834390
1993-06-10,9.85653018951416,9.883645057678223,9.842971801757812,9.85653018951416,0.793242871761322,537513
1993-06-11,9.829414367675781,9.842971801757812,9.653162956237793,9.653162956237793,0.7768761515617371,560562
1993-06-14,9.680277824401855,9.720952033996582,9.653162956237793,9.680277824401855,0.7790583968162537,549499
1993-06-15,9.707393646240234,9.761625289916992,9.707393646240234,9.761625289916992,0.7856051921844482,590988
1993-06-16,9.707393646240234,9.707393646240234,9.598931312561035,9.707393646240234,0.7812409400939941,450847
1993-06-17,9.707393646240234,9.788741111755371,9.680277824401855,9.748066902160645,0.7845141887664795,357727
1993-06-18,9.775182723999023,9.92431926727295,9.680277824401855,9.680277824401855,0.7790583968162537,568860
1993-06-21,9.788741111755371,9.992108345031738,9.775182723999023,9.992108345031738,0.8041545152664185,476662
1993-06-22,10.00566577911377,10.209033012390137,9.92431926727295,9.951434135437012,0.8008804321289062,784603
1993-06-23,10.00566577911377,10.114128112792969,9.883645057678223,9.883645057678223,0.7954254746437073,767085
1993-06-24,9.89720344543457,9.964991569519043,9.829414367675781,9.951434135437012,0.8008804321289062,873113
1993-06-25,9.951434135437012,10.059897422790527,9.707393646240234,9.707393646240234,0.7812409400939941,693327
1993-06-28,9.707393646240234,9.85653018951416,9.612488746643066,9.815855979919434,0.7899696826934814,1671545
1993-06-29,9.92431926727295,9.92431926727295,9.734509468078613,9.761625289916992,0.7856051921844482,1628213
1993-06-30,9.815855979919434,9.842971801757812,9.734509468078613,9.734509468078613,0.7834230661392212,392301
1993-07-01,9.97854995727539,9.97854995727539,9.734509468078613,9.761625289916992,0.7856051921844482,608966
1993-07-02,9.761625289916992,9.761625289916992,9.544699668884277,9.653162956237793,0.7768761515617371,244324
1993-07-06,9.680277824401855,9.680277824401855,9.327775001525879,9.409122467041016,0.7572362422943115,714994
1993-07-07,9.409122467041016,9.490468978881836,9.327775001525879,9.327775001525879,0.7506890296936035,328224
1993-07-08,9.38200569152832,9.598931312561035,9.327775001525879,9.409122467041016,0.7572362422943115,676271
1993-07-09,9.463353157043457,9.490468978881836,9.409122467041016,9.436238288879395,0.7594181895256042,144290
1993-07-12,9.490468978881836,9.571816444396973,9.463353157043457,9.544699668884277,0.7681474089622498,315777
1993-07-13,9.544699668884277,9.598931312561035,9.38200569152832,9.38200569152832,0.7550538778305054,1054281
1993-07-14,9.436238288879395,9.598931312561035,9.38200569152832,9.436238288879395,0.7594181895256042,629250
1993-07-15,9.436238288879395,9.463353157043457,9.327775001525879,9.409122467041016,0.7572362422943115,193615
1993-07-16,9.409122467041016,9.463353157043457,9.327775001525879,9.38200569152832,0.7550538778305054,464677
1993-07-19,9.490468978881836,9.544699668884277,9.436238288879395,9.544699668884277,0.7681474089622498,245707
1993-07-20,9.598931312561035,9.598931312561035,9.436238288879395,9.463353157043457,0.7616006731987,325458
1993-07-21,9.436238288879395,9.571816444396973,9.409122467041016,9.463353157043457,0.7616006731987,745419
1993-07-22,9.517583847045898,9.598931312561035,9.463353157043457,9.598931312561035,0.7725114226341248,540279
1993-07-23,9.598931312561035,9.734509468078613,9.544699668884277,9.598931312561035,0.7725114226341248,431025
1993-07-26,9.626047134399414,9.680277824401855,9.598931312561035,9.680277824401855,0.7790583968162537,289040
1993-07-27,9.680277824401855,9.870087623596191,9.680277824401855,9.842971801757812,0.7921517491340637,769851
1993-07-28,9.788741111755371,9.89720344543457,9.761625289916992,9.89720344543457,0.7965161800384521,480350
1993-07-29,9.870087623596191,9.92431926727295,9.842971801757812,9.89720344543457,0.7965161800384521,352656
1993-07-30,9.89720344543457,9.97854995727539,9.842971801757812,9.951434135437012,0.8008804321289062,322231
1993-08-02,9.951434135437012,10.032780647277832,9.951434135437012,10.032780647277832,0.8074274063110352,298721
1993-08-03,10.114128112792969,10.195474624633789,9.97854995727539,10.059897422790527,0.8345651030540466,804886
1993-08-04,10.00566577911377,10.032780647277832,9.97854995727539,9.97854995727539,0.8278163075447083,162268
1993-08-05,9.97854995727539,10.00566577911377,9.870087623596191,9.870087623596191,0.8188185691833496,413968
1993-08-06,9.870087623596191,9.97854995727539,9.870087623596191,9.97854995727539,0.8278163075447083,136914
1993-08-09,9.97854995727539,10.087013244628906,9.870087623596191,9.951434135437012,0.8255664110183716,145672
1993-08-10,9.97854995727539,10.059897422790527,9.653162956237793,9.680277824401855,0.8030716776847839,898006
1993-08-11,9.707393646240234,10.059897422790527,9.707393646240234,9.842971801757812,0.8165693283081055,2284200
1993-08-12,9.870087623596191,9.870087623596191,9.707393646240234,9.842971801757812,0.8165693283081055,614037
1993-08-13,9.870087623596191,9.870087623596191,9.707393646240234,9.761625289916992,0.8098204135894775,733894
1993-08-16,9.815855979919434,9.97854995727539,9.788741111755371,9.842971801757812,0.8165693283081055,445315
1993-08-17,9.89720344543457,9.89720344543457,9.842971801757812,9.842971801757812,0.8165693283081055,339288
1993-08-18,9.870087623596191,9.92431926727295,9.788741111755371,9.815855979919434,0.814319372177124,251239
1993-08-19,9.870087623596191,10.276822090148926,9.761625289916992,10.249706268310547,0.8503116369247437,928892
1993-08-20,10.249706268310547,10.249706268310547,10.032780647277832,10.087013244628906,0.836814820766449,587761
1993-08-23,10.087013244628906,10.114128112792969,10.00566577911377,10.00566577911377,0.8300658464431763,604356
1993-08-24,10.059897422790527,10.195474624633789,9.870087623596191,10.195474624633789,0.8458123803138733,1169068
1993-08-25,10.195474624633789,10.412400245666504,10.16835880279541,10.358168601989746,0.8593094348907471,838078
1993-08-26,10.358168601989746,10.575094223022461,10.358168601989746,10.520862579345703,0.8728062510490417,587761
1993-08-27,10.439516067504883,10.493746757507324,10.358168601989746,10.493746757507324,0.8705567717552185,651377
1993-08-30,10.520862579345703,10.819133758544922,10.520862579345703,10.79201889038086,0.8953016400337219,704391
1993-08-31,10.79201889038086,10.79201889038086,10.710672378540039,10.737788200378418,0.8908022046089172,742192
1993-09-01,10.710672378540039,10.76490306854248,10.547978401184082,10.656440734863281,0.8840539455413818,553648
1993-09-02,10.629324913024902,10.629324913024902,10.439516067504883,10.575094223022461,0.8773050904273987,346664
1993-09-03,10.493746757507324,10.547978401184082,10.412400245666504,10.493746757507324,0.8705567717552185,448081
1993-09-07,10.439516067504883,10.629324913024902,10.439516067504883,10.439516067504883,0.8660580515861511,171949
1993-09-08,10.493746757507324,10.602209091186523,10.439516067504883,10.602209091186523,0.8795548677444458,246168
1993-09-09,10.602209091186523,10.737788200378418,10.575094223022461,10.683555603027344,0.886303186416626,834390
1993-09-10,10.79201889038086,10.79201889038086,10.656440734863281,10.683555603027344,0.886303186416626,986055
1993-09-13,10.683555603027344,10.873366355895996,10.683555603027344,10.819133758544922,0.8975510597229004,628789
1993-09-14,10.79201889038086,10.873366355895996,10.737788200378418,10.873366355895996,0.9020498991012573,482194
1993-09-15,10.819133758544922,11.117405891418457,10.737788200378418,11.117405891418457,0.9222951531410217,344359
1993-09-16,11.063175201416016,11.225869178771973,11.036059379577637,11.171637535095215,0.9267948269844055,724674
1993-09-17,10.79201889038086,11.117405891418457,10.79201889038086,11.036059379577637,0.9155467748641968,1420307
1993-09-20,11.036059379577637,11.198753356933594,11.036059379577637,11.063175201416016,0.917796790599823,338827
1993-09-21,11.008943557739258,11.171637535095215,10.8462495803833,10.873366355895996,0.9020498991012573,730667
1993-09-22,10.900481224060059,10.927597045898438,10.819133758544922,10.8462495803833,0.8998003005981445,1757289
1993-09-23,10.954712867736816,11.036059379577637,10.873366355895996,10.927597045898438,0.9065488576889038,449925
1993-09-24,10.737788200378418,10.8462495803833,10.629324913024902,10.629324913024902,0.8818047046661377,676271
1993-09-27,10.683555603027344,10.8462495803833,10.656440734863281,10.8462495803833,0.8998003005981445,407514
1993-09-28,10.8462495803833,10.900481224060059,10.79201889038086,10.819133758544922,0.8975510597229004,352195
1993-09-29,10.8462495803833,10.8462495803833,10.710672378540039,10.8462495803833,0.8998003005981445,473897
1993-09-30,10.79201889038086,11.063175201416016,10.76490306854248,11.036059379577637,0.9155467748641968,805347
1993-10-01,11.036059379577637,11.090291023254395,10.954712867736816,11.063175201416016,0.917796790599823,613115
1993-10-04,10.954712867736816,11.036059379577637,10.900481224060059,11.036059379577637,0.9155467748641968,634321
1993-10-05,11.036059379577637,11.036059379577637,10.683555603027344,10.683555603027344,0.886303186416626,501556
1993-10-06,10.683555603027344,10.900481224060059,10.520862579345703,10.900481224060059,0.9042990803718567,641235
1993-10-07,10.900481224060059,10.981827735900879,10.900481224060059,10.981827735900879,0.9110478162765503,302409
1993-10-08,10.981827735900879,11.117405891418457,10.873366355895996,10.954712867736816,0.9087983965873718,502478
1993-10-11,10.981827735900879,11.008943557739258,10.683555603027344,10.710672378540039,0.8885531425476074,180247
1993-10-12,10.76490306854248,10.819133758544922,10.575094223022461,10.656440734863281,0.8840539455413818,466060
1993-10-13,10.602209091186523,10.629324913024902,10.520862579345703,10.602209091186523,0.8795548677444458,135531
1993-10-14,10.710672378540039,10.710672378540039,10.547978401184082,10.575094223022461,0.8773050904273987,395067
1993-10-15,10.575094223022461,10.575094223022461,10.412400245666504,10.493746757507324,0.8705567717552185,465138
1993-10-18,10.547978401184082,10.575094223022461,10.412400245666504,10.412400245666504,0.8638083338737488,449925
1993-10-19,10.466630935668945,10.547978401184082,10.412400245666504,10.493746757507324,0.8705567717552185,353578
1993-10-20,10.547978401184082,10.8462495803833,10.547978401184082,10.8462495803833,0.8998003005981445,1036303
1993-10-21,10.737788200378418,10.927597045898438,10.683555603027344,10.8462495803833,0.8998003005981445,675349
1993-10-22,10.8462495803833,11.144521713256836,10.79201889038086,11.063175201416016,0.917796790599823,707157
1993-10-25,11.063175201416016,11.307215690612793,11.008943557739258,11.252984046936035,0.93354332447052,1113749
1993-10-26,11.252984046936035,11.659719467163086,11.252984046936035,11.524141311645508,0.9560382962226868,670739
1993-10-27,11.469908714294434,11.605487823486328,11.442793846130371,11.524141311645508,0.9560382962226868,524605
1993-10-28,11.497024536132812,11.768180847167969,11.497024536132812,11.55125617980957,0.958287239074707,214821
1993-10-29,11.605487823486328,11.713950157165527,11.497024536132812,11.497024536132812,0.9537882208824158,442088
1993-11-01,11.497024536132812,11.57837200164795,11.469908714294434,11.57837200164795,0.9605364203453064,573009
1993-11-02,11.605487823486328,11.985106468200684,11.605487823486328,11.876644134521484,1.0114893913269043,1646652
1993-11-03,11.822413444519043,12.012222290039062,11.822413444519043,11.957990646362305,1.0184175968170166,546733
1993-11-04,11.903759002685547,11.903759002685547,11.57837200164795,11.605487823486328,0.9883963465690613,443932
1993-11-05,11.57837200164795,11.605487823486328,11.497024536132812,11.57837200164795,0.9860862493515015,362798
1993-11-08,11.57837200164795,11.57837200164795,11.334330558776855,11.36144733428955,0.9676122665405273,199147
1993-11-09,11.36144733428955,11.36144733428955,11.117405891418457,11.117405891418457,0.94682776927948,508471
1993-11-10,11.171637535095215,11.252984046936035,11.171637535095215,11.171637535095215,0.9514471888542175,493258
1993-11-11,11.225869178771973,11.57837200164795,11.225869178771973,11.442793846130371,0.9745400547981262,333295
1993-11-12,11.442793846130371,11.497024536132812,11.225869178771973,11.225869178771973,0.95606529712677,303792
1993-11-15,11.280099868774414,11.307215690612793,11.171637535095215,11.171637535095215,0.9514471888542175,446698
1993-11-16,11.117405891418457,11.144521713256836,10.927597045898438,11.063175201416016,0.942209780216217,654143
1993-11-17,11.171637535095215,11.252984046936035,11.117405891418457,11.225869178771973,0.95606529712677,3013945
1993-11-18,11.225869178771973,11.225869178771973,11.063175201416016,11.090291023254395,0.9445185661315918,376167
1993-11-19,11.225869178771973,11.225869178771973,11.036059379577637,11.144521713256836,0.9491376876831055,691483
1993-11-22,11.117405891418457,11.171637535095215,11.090291023254395,11.171637535095215,0.9514471888542175,474818
1993-11-23,11.144521713256836,11.144521713256836,10.954712867736816,11.063175201416016,0.942209780216217,469748
1993-11-24,11.117405891418457,11.225869178771973,11.036059379577637,11.036059379577637,0.9398998618125916,1384810
1993-11-26,11.090291023254395,11.144521713256836,11.008943557739258,11.008943557739258,0.9375905990600586,130921
1993-11-29,11.008943557739258,11.008943557739258,10.8462495803833,10.873366355895996,0.9260440468788147,560101
1993-11-30,10.79201889038086,10.873366355895996,10.79201889038086,10.819133758544922,0.9214256405830383,372479
1993-12-01,10.819133758544922,10.927597045898438,10.819133758544922,10.900481224060059,0.9283530712127686,452691
1993-12-02,10.900481224060059,10.900481224060059,10.710672378540039,10.76490306854248,0.9168069362640381,356805
1993-12-03,10.873366355895996,10.873366355895996,10.629324913024902,10.79201889038086,0.9191163182258606,480811
1993-12-06,10.819133758544922,10.8462495803833,10.710672378540039,10.819133758544922,0.9214256405830383,263225
1993-12-07,10.76490306854248,10.8462495803833,10.737788200378418,10.76490306854248,0.9168069362640381,245246
1993-12-08,10.737788200378418,11.090291023254395,10.710672378540039,11.090291023254395,0.9445185661315918,1122047
1993-12-09,11.117405891418457,11.117405891418457,10.954712867736816,10.954712867736816,0.9329720735549927,1635127
1993-12-10,11.008943557739258,11.090291023254395,11.008943557739258,11.063175201416016,0.942209780216217,508010
1993-12-13,11.063175201416016,11.198753356933594,11.063175201416016,11.198753356933594,0.9537559151649475,1532788
1993-12-14,11.198753356933594,11.225869178771973,10.927597045898438,11.036059379577637,0.9398998618125916,308863
1993-12-15,11.008943557739258,11.063175201416016,10.900481224060059,10.900481224060059,0.9283530712127686,416734
1993-12-16,10.900481224060059,10.900481224060059,10.547978401184082,10.602209091186523,0.9029505848884583,537052
1993-12-17,10.547978401184082,10.981827735900879,10.547978401184082,10.900481224060059,0.9283530712127686,981445
1993-12-20,10.8462495803833,10.900481224060059,10.819133758544922,10.8462495803833,0.9237345457077026,336522
1993-12-21,10.79201889038086,11.036059379577637,10.79201889038086,10.927597045898438,0.9306626915931702,403826
1993-12-22,11.063175201416016,11.090291023254395,11.008943557739258,11.036059379577637,0.9398998618125916,1568745
1993-12-23,11.063175201416016,11.144521713256836,10.900481224060059,10.900481224060059,0.9283530712127686,1046445
1993-12-27,10.900481224060059,11.415678024291992,10.873366355895996,11.38856315612793,0.9699218273162842,915063
1993-12-28,11.334330558776855,11.415678024291992,11.280099868774414,11.38856315612793,0.9699218273162842,284430
1993-12-29,11.38856315612793,11.415678024291992,11.280099868774414,11.38856315612793,0.9699218273162842,619569
1993-12-30,11.334330558776855,11.36144733428955,11.198753356933594,11.225869178771973,0.95606529712677,290423
1993-12-31,11.280099868774414,11.36144733428955,10.954712867736816,10.954712867736816,0.9329720735549927,614959
1994-01-03,11.008943557739258,11.280099868774414,11.008943557739258,11.117405891418457,0.94682776927948,559640
1994-01-04,11.063175201416016,11.144521713256836,11.008943557739258,11.144521713256836,0.9491376876831055,855134
1994-01-05,11.171637535095215,11.252984046936035,10.981827735900879,10.981827735900879,0.9352812767028809,1207791
1994-01-06,11.036059379577637,11.063175201416016,10.927597045898438,10.981827735900879,0.9352812767028809,1170912
1994-01-07,11.063175201416016,11.117405891418457,11.008943557739258,11.036059379577637,0.9398998618125916,1941685
1994-01-10,11.063175201416016,11.659719467163086,11.063175201416016,11.659719467163086,0.993014931678772,2780685
1994-01-11,11.659719467163086,12.039338111877441,11.659719467163086,11.822413444519043,1.0068707466125488,2131612
1994-01-12,11.849528312683105,12.066452980041504,11.795296669006348,11.930874824523926,1.0161081552505493,3199723
1994-01-13,11.930874824523926,11.930874824523926,11.768180847167969,11.822413444519043,1.0068707466125488,1345626
1994-01-14,11.876644134521484,12.120683670043945,11.876644134521484,12.093568801879883,1.0299644470214844,735277
1994-01-17,12.039338111877441,12.039338111877441,11.930874824523926,11.957990646362305,1.0184175968170166,376167
1994-01-18,12.093568801879883,12.364725112915039,12.093568801879883,12.283377647399902,1.0461297035217285,1441051
1994-01-19,12.229146957397461,12.229146957397461,12.14780044555664,12.14780044555664,1.0345832109451294,1133572
1994-01-20,12.17491626739502,12.283377647399902,12.17491626739502,12.229146957397461,1.0415112972259521,1033537
1994-01-21,12.310494422912598,12.473188400268555,12.283377647399902,12.391840934753418,1.05536687374115,657370
1994-01-24,12.202031135559082,12.527419090270996,12.202031135559082,12.500303268432617,1.0646041631698608,1047828
1994-01-25,12.44607162475586,12.635881423950195,12.391840934753418,12.391840934753418,1.05536687374115,1815835
1994-01-26,12.391840934753418,12.473188400268555,12.25626277923584,12.364725112915039,1.053057312965393,930736
1994-01-27,12.310494422912598,12.44607162475586,12.229146957397461,12.364725112915039,1.053057312965393,560562
1994-01-28,12.44607162475586,12.473188400268555,12.229146957397461,12.473188400268555,1.0622949600219727,767085
1994-01-31,12.41895580291748,12.473188400268555,12.283377647399902,12.364725112915039,1.053057312965393,1128040
1994-02-01,12.41895580291748,12.771458625793457,12.33760929107666,12.717227935791016,1.1100106239318848,1566440
1994-02-02,12.690113067626953,13.151078224182129,12.662997245788574,13.04261589050293,1.1384117603302002,2397142
1994-02-03,13.01550006866455,13.04261589050293,12.825691223144531,12.852806091308594,1.121845006942749,564711
1994-02-04,12.798575401306152,12.96126937866211,12.662997245788574,12.717227935791016,1.1100106239318848,643079
1994-02-07,12.581649780273438,13.01550006866455,12.581649780273438,13.01550006866455,1.1360454559326172,1424916
1994-02-08,12.96126937866211,13.096846580505371,12.907037734985352,12.96126937866211,1.1313115358352661,395067
1994-02-09,12.988384246826172,13.313772201538086,12.934152603149414,12.988384246826172,1.1336781978607178,819177
1994-02-10,13.01550006866455,13.23242473602295,13.01550006866455,13.069730758666992,1.1407784223556519,1075026
1994-02-11,12.988384246826172,13.069730758666992,12.744343757629395,12.825691223144531,1.1194779872894287,951020
1994-02-14,12.690113067626953,12.988384246826172,12.690113067626953,12.852806091308594,1.121845006942749,1008644
1994-02-15,12.96126937866211,12.96126937866211,12.744343757629395,12.907037734985352,1.1265780925750732,886942
1994-02-16,12.96126937866211,12.988384246826172,12.852806091308594,12.879921913146973,1.1242116689682007,419039
1994-02-17,12.907037734985352,12.934152603149414,12.527419090270996,12.635881423950195,1.1029101610183716,513081
1994-02-18,12.662997245788574,12.717227935791016,12.33760929107666,12.500303268432617,1.0910768508911133,936729
1994-02-22,12.527419090270996,12.690113067626953,12.283377647399902,12.690113067626953,1.1076442003250122,632938
1994-02-23,12.744343757629395,12.988384246826172,12.744343757629395,12.798575401306152,1.117111325263977,967616
1994-02-24,12.798575401306152,12.907037734985352,12.690113067626953,12.744343757629395,1.112377405166626,983289
1994-02-25,12.744343757629395,12.744343757629395,12.581649780273438,12.608765602111816,1.1005438566207886,610349
1994-02-28,12.635881423950195,12.690113067626953,12.554533958435059,12.554533958435059,1.095810055732727,868503
1994-03-01,12.554533958435059,12.554533958435059,12.310494422912598,12.473188400268555,1.088710069656372,732050
1994-03-02,12.14780044555664,12.581649780273438,12.14780044555664,12.581649780273438,1.0981770753860474,884177
1994-03-03,12.41895580291748,12.608765602111816,12.283377647399902,12.581649780273438,1.0981770753860474,538896
1994-03-04,12.581649780273438,13.286656379699707,12.581649780273438,12.907037734985352,1.1265780925750732,1426760
1994-03-07,12.96126937866211,13.069730758666992,12.879921913146973,12.934152603149414,1.1289443969726562,476662
1994-03-08,12.907037734985352,12.907037734985352,12.554533958435059,12.581649780273438,1.0981770753860474,301487
1994-03-09,12.581649780273438,13.01550006866455,12.581649780273438,12.690113067626953,1.1076442003250122,647228
1994-03-10,12.744343757629395,12.879921913146973,12.690113067626953,12.690113067626953,1.1076442003250122,6052322
1994-03-11,12.717227935791016,12.771458625793457,12.662997245788574,12.662997245788574,1.1052767038345337,2170796
1994-03-14,12.662997245788574,12.744343757629395,12.608765602111816,12.635881423950195,1.1029101610183716,1066267
1994-03-15,12.635881423950195,12.771458625793457,12.635881423950195,12.771458625793457,1.1147446632385254,1042296
1994-03-16,12.798575401306152,12.934152603149414,12.608765602111816,12.934152603149414,1.1289443969726562,1526795
1994-03-17,12.96126937866211,13.069730758666992,12.635881423950195,12.852806091308594,1.121845006942749,849141
1994-03-18,12.907037734985352,12.907037734985352,12.690113067626953,12.852806091308594,1.121845006942749,1371442
1994-03-21,12.825691223144531,12.879921913146973,12.717227935791016,12.879921913146973,1.1242116689682007,1560447
1994-03-22,12.988384246826172,13.151078224182129,12.907037734985352,13.123963356018066,1.1455113887786865,1060735
1994-03-23,13.123963356018066,13.476466178894043,13.123963356018066,13.449350357055664,1.1739128828048706,865276
1994-03-24,13.395118713378906,13.449350357055664,13.286656379699707,13.340888023376465,1.164446234703064,1138642
1994-03-25,13.286656379699707,13.286656379699707,13.01550006866455,13.123963356018066,1.1455113887786865,387692
1994-03-28,13.069730758666992,13.23242473602295,12.934152603149414,13.096846580505371,1.143144965171814,1027083
1994-03-29,13.069730758666992,13.069730758666992,12.608765602111816,12.635881423950195,1.1029101610183716,1814452
1994-03-30,12.635881423950195,12.635881423950195,12.364725112915039,12.41895580291748,1.0839765071868896,599746
1994-03-31,12.41895580291748,12.554533958435059,12.17491626739502,12.554533958435059,1.095810055732727,738504
1994-04-04,12.364725112915039,12.364725112915039,12.012222290039062,12.14780044555664,1.060308575630188,893396
1994-04-05,12.202031135559082,12.33760929107666,12.202031135559082,12.33760929107666,1.0768760442733765,1374669
1994-04-06,12.364725112915039,12.473188400268555,12.310494422912598,12.364725112915039,1.079242467880249,1204564
1994-04-07,12.283377647399902,12.391840934753418,12.25626277923584,12.391840934753418,1.0816096067428589,666129
1994-04-08,12.473188400268555,12.635881423950195,12.44607162475586,12.608765602111816,1.1005438566207886,635243
1994-04-11,12.554533958435059,12.635881423950195,12.554533958435059,12.608765602111816,1.1005438566207886,290884
1994-04-12,12.608765602111816,12.744343757629395,12.608765602111816,12.608765602111816,1.1005438566207886,359110
1994-04-13,12.635881423950195,12.635881423950195,12.391840934753418,12.527419090270996,1.0934431552886963,651377
1994-04-14,12.44607162475586,12.662997245788574,12.391840934753418,12.500303268432617,1.0910768508911133,465138
1994-04-15,12.391840934753418,12.473188400268555,12.364725112915039,12.391840934753418,1.0816096067428589,458223
1994-04-18,12.44607162475586,12.44607162475586,12.229146957397461,12.25626277923584,1.0697753429412842,383543
1994-04-19,12.202031135559082,12.229146957397461,11.659719467163086,11.713950157165527,1.0224405527114868,887864
1994-04-20,11.659719467163086,11.659719467163086,10.819133758544922,10.8462495803833,0.9467042684555054,2682955
1994-04-21,11.008943557739258,11.225869178771973,10.900481224060059,11.225869178771973,0.9798388481140137,1932465
1994-04-22,11.225869178771973,11.605487823486328,11.225869178771973,11.497024536132812,1.0035063028335571,1046445
1994-04-25,11.38856315612793,11.849528312683105,11.38856315612793,11.849528312683105,1.0342742204666138,917368
1994-04-26,11.795296669006348,11.849528312683105,11.768180847167969,11.768180847167969,1.0271742343902588,894318
1994-04-28,11.822413444519043,12.012222290039062,11.713950157165527,11.876644134521484,1.0366413593292236,1178287
1994-04-29,11.930874824523926,12.17491626739502,11.876644134521484,12.039338111877441,1.0508413314819336,670739
1994-05-02,12.093568801879883,12.202031135559082,11.957990646362305,12.120683670043945,1.0579414367675781,945027
1994-05-03,12.066452980041504,12.066452980041504,11.768180847167969,11.903759002685547,1.0653769969940186,573009
1994-05-04,11.849528312683105,11.876644134521484,11.713950157165527,11.741065979003906,1.0508161783218384,652299
1994-05-05,11.741065979003906,11.795296669006348,11.713950157165527,11.741065979003906,1.0508161783218384,488187
1994-05-06,11.713950157165527,11.713950157165527,11.144521713256836,11.469908714294434,1.0265475511550903,671661
1994-05-09,11.280099868774414,11.36144733428955,11.171637535095215,11.36144733428955,1.0168405771255493,753717
1994-05-10,11.38856315612793,11.686834335327148,11.38856315612793,11.605487823486328,1.0386817455291748,1033076
1994-05-11,11.768180847167969,11.795296669006348,11.497024536132812,11.55125617980957,1.0338284969329834,522300
1994-05-12,11.55125617980957,11.768180847167969,11.55125617980957,11.63260269165039,1.0411088466644287,1479313
1994-05-13,11.605487823486328,11.713950157165527,11.605487823486328,11.63260269165039,1.0411088466644287,336983
1994-05-16,11.57837200164795,11.63260269165039,11.497024536132812,11.55125617980957,1.0338284969329834,458223
1994-05-17,11.497024536132812,11.713950157165527,11.497024536132812,11.713950157165527,1.0483895540237427,532442
1994-05-18,11.768180847167969,11.768180847167969,11.524141311645508,11.63260269165039,1.0411088466644287,315316
1994-05-19,11.686834335327148,11.903759002685547,11.686834335327148,11.795296669006348,1.0556697845458984,299643
1994-05-20,11.985106468200684,12.039338111877441,11.930874824523926,11.957990646362305,1.0702309608459473,1318889
1994-05-23,11.930874824523926,11.930874824523926,11.768180847167969,11.876644134521484,1.0629502534866333,306558
1994-05-24,11.930874824523926,12.120683670043945,11.822413444519043,11.822413444519043,1.0580966472625732,314394
1994-05-25,11.768180847167969,11.849528312683105,11.605487823486328,11.713950157165527,1.0483895540237427,603434
1994-05-26,11.713950157165527,11.985106468200684,11.713950157165527,11.957990646362305,1.0702309608459473,297338
1994-05-27,11.903759002685547,12.14780044555664,11.822413444519043,12.14780044555664,1.087218999862671,266913
1994-05-31,12.066452980041504,12.093568801879883,11.903759002685547,11.930874824523926,1.0678040981292725,167800
1994-06-01,11.930874824523926,11.930874824523926,11.659719467163086,11.713950157165527,1.0483895540237427,1556298
1994-06-02,11.741065979003906,11.768180847167969,11.686834335327148,11.741065979003906,1.0508161783218384,201913
1994-06-03,11.768180847167969,11.849528312683105,11.686834335327148,11.795296669006348,1.0556697845458984,328685
1994-06-06,11.795296669006348,11.876644134521484,11.768180847167969,11.795296669006348,1.0556697845458984,183474
1994-06-07,11.795296669006348,11.849528312683105,11.280099868774414,11.307215690612793,1.0119867324829102,1820445
1994-06-08,11.225869178771973,11.334330558776855,11.063175201416016,11.225869178771973,1.0047065019607544,1690446
1994-06-09,11.225869178771973,11.280099868774414,11.171637535095215,11.280099868774414,1.0095601081848145,1034920
1994-06-10,11.36144733428955,11.605487823486328,11.334330558776855,11.36144733428955,1.0168405771255493,1602397
1994-06-13,11.36144733428955,11.524141311645508,11.334330558776855,11.415678024291992,1.0216939449310303,518151
1994-06-14,11.415678024291992,11.57837200164795,11.415678024291992,11.55125617980957,1.0338284969329834,1494987
1994-06-15,11.605487823486328,11.741065979003906,11.605487823486328,11.659719467163086,1.043535828590393,945949
1994-06-16,11.713950157165527,11.741065979003906,11.55125617980957,11.605487823486328,1.0386817455291748,369713
1994-06-17,11.605487823486328,11.713950157165527,11.55125617980957,11.713950157165527,1.0483895540237427,1047828
1994-06-20,11.497024536132812,11.524141311645508,11.307215690612793,11.36144733428955,1.0168405771255493,712228
1994-06-21,11.307215690612793,11.469908714294434,11.225869178771973,11.469908714294434,1.0265475511550903,773539
1994-06-22,11.524141311645508,11.713950157165527,11.524141311645508,11.713950157165527,1.0483895540237427,630633
1994-06-23,11.659719467163086,11.659719467163086,11.415678024291992,11.442793846130371,1.024120807647705,816872
1994-06-24,11.497024536132812,11.524141311645508,11.38856315612793,11.415678024291992,1.0216939449310303,508471
1994-06-27,11.36144733428955,11.497024536132812,11.334330558776855,11.442793846130371,1.024120807647705,390919
1994-06-28,11.497024536132812,11.497024536132812,11.252984046936035,11.334330558776855,1.014413595199585,491875
1994-06-29,11.38856315612793,11.497024536132812,11.36144733428955,11.442793846130371,1.024120807647705,568399
1994-06-30,11.442793846130371,11.524141311645508,11.063175201416016,11.280099868774414,1.0095601081848145,628789
1994-07-01,11.334330558776855,11.469908714294434,11.225869178771973,11.415678024291992,1.0216939449310303,368330
1994-07-05,11.307215690612793,11.334330558776855,11.144521713256836,11.225869178771973,1.0047065019607544,734816
1994-07-06,11.225869178771973,11.497024536132812,11.171637535095215,11.497024536132812,1.0289747714996338,592371
1994-07-07,11.55125617980957,11.55125617980957,11.38856315612793,11.55125617980957,1.0338284969329834,386309
1994-07-08,11.497024536132812,11.55125617980957,11.442793846130371,11.524141311645508,1.0314017534255981,360954
1994-07-11,11.524141311645508,11.524141311645508,11.334330558776855,11.497024536132812,1.0289747714996338,224502
1994-07-12,11.55125617980957,11.605487823486328,11.252984046936035,11.605487823486328,1.0386817455291748,381238
1994-07-13,11.659719467163086,11.768180847167969,11.659719467163086,11.686834335327148,1.0459623336791992,405670
1994-07-14,11.795296669006348,11.849528312683105,11.659719467163086,11.686834335327148,1.0459623336791992,378011
1994-07-15,11.63260269165039,11.63260269165039,11.469908714294434,11.497024536132812,1.0289747714996338,473436
1994-07-18,11.524141311645508,11.795296669006348,11.524141311645508,11.686834335327148,1.0459623336791992,190388
1994-07-19,11.63260269165039,11.713950157165527,11.605487823486328,11.713950157165527,1.0483895540237427,276132
1994-07-20,11.63260269165039,11.659719467163086,11.415678024291992,11.659719467163086,1.043535828590393,379855
1994-07-21,11.686834335327148,11.849528312683105,11.63260269165039,11.713950157165527,1.0483895540237427,580385
1994-07-22,11.768180847167969,11.768180847167969,11.57837200164795,11.659719467163086,1.043535828590393,637548
1994-07-25,11.605487823486328,11.741065979003906,11.605487823486328,11.659719467163086,1.043535828590393,272444
1994-07-26,11.659719467163086,11.659719467163086,11.524141311645508,11.55125617980957,1.0338284969329834,528293
1994-07-27,11.55125617980957,11.55125617980957,11.252984046936035,11.497024536132812,1.0289747714996338,752795
1994-07-28,11.38856315612793,11.469908714294434,11.307215690612793,11.38856315612793,1.0192670822143555,421805
1994-07-29,11.36144733428955,11.36144733428955,11.225869178771973,11.252984046936035,1.0071333646774292,719143
1994-08-01,11.252984046936035,11.307215690612793,11.171637535095215,11.225869178771973,1.0047065019607544,481272
1994-08-02,11.198753356933594,11.252984046936035,11.063175201416016,11.063175201416016,1.0173323154449463,396911
1994-08-03,11.171637535095215,11.171637535095215,10.927597045898438,11.036059379577637,1.0148390531539917,407975
1994-08-04,11.036059379577637,11.036059379577637,10.466630935668945,10.629324913024902,0.9774370193481445,1146479
1994-08-05,10.547978401184082,10.547978401184082,10.439516067504883,10.466630935668945,0.9624760150909424,1461335
1994-08-08,10.466630935668945,10.493746757507324,10.385284423828125,10.385284423828125,0.9549967050552368,968538
1994-08-09,10.331052780151367,10.602209091186523,10.249706268310547,10.575094223022461,0.9724502563476562,407975
1994-08-10,10.602209091186523,10.602209091186523,10.439516067504883,10.439516067504883,0.9599828124046326,633399
1994-08-11,10.466630935668945,10.575094223022461,10.412400245666504,10.493746757507324,0.9649701118469238,1097153
1994-08-12,10.466630935668945,10.480189323425293,10.412400245666504,10.439516067504883,0.9599828124046326,948715
1994-08-15,10.466630935668945,10.466630935668945,10.385284423828125,10.385284423828125,0.9549967050552368,1212862
1994-08-16,10.412400245666504,10.439516067504883,10.358168601989746,10.439516067504883,0.9599828124046326,1489916
1994-08-17,10.493746757507324,10.602209091186523,10.493746757507324,10.520862579345703,0.9674631953239441,1243748
1994-08-18,10.520862579345703,10.547978401184082,10.439516067504883,10.466630935668945,0.9624760150909424,837156
1994-08-19,10.520862579345703,10.520862579345703,10.466630935668945,10.466630935668945,0.9624760150909424,762476
1994-08-22,10.412400245666504,10.439516067504883,10.195474624633789,10.331052780151367,0.9500089287757874,657370
1994-08-23,10.358168601989746,10.656440734863281,10.303937911987305,10.602209091186523,0.9749433994293213,1709808
1994-08-24,10.683555603027344,10.8462495803833,10.683555603027344,10.79201889038086,0.9923985004425049,824248
1994-08-25,10.79201889038086,10.927597045898438,10.76490306854248,10.900481224060059,1.002371072769165,1203642
1994-08-26,11.036059379577637,11.171637535095215,11.008943557739258,11.090291023254395,1.019826054573059,823787
1994-08-29,11.090291023254395,11.090291023254395,10.76490306854248,11.008943557739258,1.0123451948165894,1270946
1994-08-30,11.063175201416016,11.225869178771973,10.927597045898438,10.927597045898438,1.004865050315857,932119
1994-08-31,10.683555603027344,10.819133758544922,10.683555603027344,10.76490306854248,0.9899044036865234,1205025
1994-09-01,10.819133758544922,10.819133758544922,10.547978401184082,10.629324913024902,0.9774370193481445,1103146
1994-09-02,10.629324913024902,10.710672378540039,10.602209091186523,10.602209091186523,0.9749433994293213,575775
1994-09-06,10.629324913024902,10.737788200378418,10.575094223022461,10.737788200378418,0.9874112606048584,360032
1994-09-07,10.737788200378418,10.8462495803833,10.737788200378418,10.819133758544922,0.9948911070823669,1388037
1994-09-08,10.819133758544922,10.954712867736816,10.819133758544922,10.954712867736816,1.0073590278625488,1519419
1994-09-09,10.927597045898438,11.008943557739258,10.927597045898438,10.981827735900879,1.0098519325256348,1017863
1994-09-12,10.954712867736816,11.036059379577637,10.954712867736816,10.981827735900879,1.0098519325256348,852368
1994-09-13,10.981827735900879,11.090291023254395,10.981827735900879,11.008943557739258,1.0123451948165894,598824
1994-09-14,11.008943557739258,11.036059379577637,10.8462495803833,10.927597045898438,1.004865050315857,969459
1994-09-15,10.900481224060059,11.225869178771973,10.873366355895996,11.225869178771973,1.0322933197021484,986055
1994-09-16,10.954712867736816,11.171637535095215,10.8462495803833,10.8462495803833,0.9973843693733215,2291575
1994-09-19,10.8462495803833,10.8462495803833,10.412400245666504,10.439516067504883,0.9599828124046326,2355653
1994-09-20,10.303937911987305,10.602209091186523,10.303937911987305,10.575094223022461,0.9724502563476562,1247897
1994-09-21,10.520862579345703,10.520862579345703,10.358168601989746,10.385284423828125,0.9549967050552368,1274173
1994-09-22,10.493746757507324,10.493746757507324,10.087013244628906,10.16835880279541,0.9350483417510986,508471
1994-09-23,10.16835880279541,10.16835880279541,9.92431926727295,10.059897422790527,0.9250743985176086,812723
1994-09-26,10.114128112792969,10.195474624633789,9.97854995727539,10.087013244628906,0.9275684356689453,1230379
1994-09-27,10.141243934631348,10.575094223022461,10.032780647277832,10.114128112792969,0.9300615787506104,904460
1994-09-28,10.114128112792969,10.385284423828125,10.114128112792969,10.276822090148926,0.9450221061706543,1034920
1994-09-29,10.276822090148926,10.303937911987305,10.222591400146484,10.249706268310547,0.9425292015075684,573470
1994-09-30,10.249706268310547,10.358168601989746,10.249706268310547,10.303937911987305,0.9475148320198059,526449
1994-10-03,10.358168601989746,10.358168601989746,10.16835880279541,10.16835880279541,0.9350483417510986,1200415
1994-10-04,10.195474624633789,10.195474624633789,10.059897422790527,10.114128112792969,0.9300615787506104,2204449
1994-10-05,10.087013244628906,10.087013244628906,9.842971801757812,9.97854995727539,0.9175943732261658,1304137
1994-10-06,10.087013244628906,10.16835880279541,10.00566577911377,10.16835880279541,0.9350483417510986,359110
1994-10-07,10.114128112792969,10.195474624633789,10.00566577911377,10.059897422790527,0.9250743985176086,1055664
1994-10-10,10.087013244628906,10.222591400146484,10.059897422790527,10.16835880279541,0.9350483417510986,691483
1994-10-11,10.222591400146484,10.656440734863281,10.222591400146484,10.629324913024902,0.9774370193481445,1166302
1994-10-12,10.629324913024902,10.79201889038086,10.520862579345703,10.737788200378418,0.9874112606048584,468365
1994-10-13,10.79201889038086,10.900481224060059,10.710672378540039,10.76490306854248,0.9899044036865234,557335
1994-10-14,10.710672378540039,10.819133758544922,10.683555603027344,10.737788200378418,0.9874112606048584,483577
1994-10-17,10.683555603027344,10.737788200378418,10.575094223022461,10.629324913024902,0.9774370193481445,242480
1994-10-18,10.683555603027344,10.683555603027344,10.385284423828125,10.439516067504883,0.9599828124046326,591449
1994-10-19,10.575094223022461,10.575094223022461,10.195474624633789,10.222591400146484,0.940035343170166,1151089
1994-10-20,10.602209091186523,11.008943557739258,10.493746757507324,10.981827735900879,1.0098519325256348,3233376
1994-10-21,10.954712867736816,11.008943557739258,10.76490306854248,11.008943557739258,1.0123451948165894,1038147
1994-10-24,10.954712867736816,10.954712867736816,10.710672378540039,10.8462495803833,0.9973843693733215,1060735
1994-10-25,10.819133758544922,10.954712867736816,10.76490306854248,10.954712867736816,1.0073590278625488,490953
1994-10-26,10.981827735900879,11.090291023254395,10.954712867736816,10.954712867736816,1.0073590278625488,543045
1994-10-27,10.954712867736816,11.198753356933594,10.954712867736816,11.117405891418457,1.0223193168640137,495563
1994-10-28,11.117405891418457,11.38856315612793,11.117405891418457,11.36144733428955,1.0447607040405273,1169990
1994-10-31,11.36144733428955,11.768180847167969,11.36144733428955,11.36144733428955,1.0447607040405273,735277
1994-11-01,11.144521713256836,11.171637535095215,11.063175201416016,11.090291023254395,1.0474848747253418,494180
1994-11-02,11.090291023254395,11.252984046936035,11.063175201416016,11.063175201416016,1.0449236631393433,481733
1994-11-03,11.144521713256836,11.171637535095215,11.063175201416016,11.090291023254395,1.0474848747253418,303792
1994-11-04,11.144521713256836,11.198753356933594,11.063175201416016,11.090291023254395,1.0474848747253418,770773
1994-11-07,11.063175201416016,11.090291023254395,10.927597045898438,10.927597045898438,1.032118320465088,984672
1994-11-08,10.954712867736816,11.063175201416016,10.873366355895996,10.954712867736816,1.034679651260376,843610
1994-11-09,11.063175201416016,11.090291023254395,10.954712867736816,10.954712867736816,1.034679651260376,767546
1994-11-10,10.954712867736816,11.090291023254395,10.737788200378418,10.79201889038086,1.0193134546279907,1048289
1994-11-11,10.76490306854248,10.819133758544922,10.737788200378418,10.79201889038086,1.0193134546279907,291345
1994-11-14,10.8462495803833,11.144521713256836,10.8462495803833,11.144521713256836,1.0526071786880493,1524951
1994-11-15,11.144521713256836,11.252984046936035,11.063175201416016,11.171637535095215,1.055168628692627,722830
1994-11-16,11.117405891418457,11.225869178771973,11.008943557739258,11.144521713256836,1.0526071786880493,749568
1994-11-17,11.144521713256836,11.171637535095215,11.008943557739258,11.036059379577637,1.042362928390503,682263
1994-11-18,10.927597045898438,10.927597045898438,10.819133758544922,10.873366355895996,1.0269960165023804,484499
1994-11-21,10.900481224060059,11.008943557739258,10.737788200378418,10.76490306854248,1.016752004623413,763397
1994-11-22,10.737788200378418,10.737788200378418,10.385284423828125,10.439516067504883,0.9860188961029053,917829
1994-11-23,10.385284423828125,10.439516067504883,10.16835880279541,10.195474624633789,0.9629688858985901,862971
1994-11-25,10.16835880279541,10.276822090148926,10.16835880279541,10.276822090148926,0.9706523418426514,528293
1994-11-28,10.222591400146484,10.276822090148926,10.141243934631348,10.222591400146484,0.9655303359031677,1223925
1994-11-29,10.222591400146484,10.493746757507324,10.195474624633789,10.412400245666504,0.9834579825401306,1588106
1994-11-30,10.520862579345703,10.547978401184082,10.331052780151367,10.331052780151367,0.9757742285728455,561023
1994-12-01,10.331052780151367,10.331052780151367,10.114128112792969,10.16835880279541,0.960408091545105,469748
1994-12-02,10.16835880279541,10.195474624633789,10.087013244628906,10.114128112792969,0.9552858471870422,384926
1994-12-05,10.16835880279541,10.276822090148926,10.141243934631348,10.195474624633789,0.9629688858985901,706235
1994-12-06,10.195474624633789,10.195474624633789,10.059897422790527,10.059897422790527,0.9501634240150452,608966
1994-12-07,10.087013244628906,10.16835880279541,10.059897422790527,10.059897422790527,0.9501634240150452,479428
1994-12-08,10.032780647277832,10.032780647277832,9.870087623596191,9.870087623596191,0.9322362542152405,805347
1994-12-09,9.870087623596191,9.870087623596191,9.653162956237793,9.653162956237793,0.9117475748062134,846375
1994-12-12,9.761625289916992,9.761625289916992,9.517583847045898,9.626047134399414,0.9091862440109253,1193039
1994-12-13,9.598931312561035,9.680277824401855,9.571816444396973,9.653162956237793,0.9117475748062134,2283278
1994-12-14,9.707393646240234,9.97854995727539,9.653162956237793,9.870087623596191,0.9322362542152405,1276478
1994-12-15,9.870087623596191,10.032780647277832,9.870087623596191,9.97854995727539,0.9424805045127869,732972
1994-12-16,10.141243934631348,10.276822090148926,10.087013244628906,10.222591400146484,0.9655303359031677,1577043
1994-12-19,10.195474624633789,10.222591400146484,10.059897422790527,10.16835880279541,0.960408091545105,717760
1994-12-20,10.141243934631348,10.385284423828125,10.141243934631348,10.358168601989746,0.9783355593681335,593754
1994-12-21,10.331052780151367,10.547978401184082,10.331052780151367,10.331052780151367,0.9757742285728455,823326
1994-12-22,10.385284423828125,10.602209091186523,10.331052780151367,10.602209091186523,1.00138521194458,584995
1994-12-23,10.602209091186523,10.710672378540039,10.602209091186523,10.602209091186523,1.00138521194458,267374
1994-12-27,10.629324913024902,10.79201889038086,10.629324913024902,10.737788200378418,1.0141911506652832,442549
1994-12-28,10.683555603027344,10.737788200378418,10.520862579345703,10.547978401184082,0.9962632060050964,570243
1994-12-29,10.575094223022461,10.8462495803833,10.547978401184082,10.819133758544922,1.0218737125396729,630172
1994-12-30,10.710672378540039,10.79201889038086,10.683555603027344,10.737788200378418,1.0141911506652832,742653
1995-01-03,10.737788200378418,10.737788200378418,10.547978401184082,10.629324913024902,1.0039467811584473,579924
1995-01-04,10.629324913024902,10.629324913024902,10.520862579345703,10.547978401184082,0.9962632060050964,712689
1995-01-05,10.547978401184082,10.683555603027344,10.520862579345703,10.575094223022461,0.998823881149292,240636
1995-01-06,10.602209091186523,10.79201889038086,10.602209091186523,10.76490306854248,1.016752004623413,1772963
1995-01-09,10.76490306854248,11.090291023254395,10.76490306854248,11.008943557739258,1.0398013591766357,436556
1995-01-10,10.954712867736816,11.280099868774414,10.927597045898438,11.063175201416016,1.0449236631393433,1026161
1995-01-11,11.090291023254395,11.171637535095215,11.036059379577637,11.117405891418457,1.0500454902648926,1352080
1995-01-12,11.144521713256836,11.144521713256836,11.036059379577637,11.117405891418457,1.0500454902648926,467443
1995-01-13,11.144521713256836,11.38856315612793,11.144521713256836,11.280099868774414,1.065412998199463,678576
1995-01-16,11.307215690612793,11.334330558776855,11.198753356933594,11.198753356933594,1.0577293634414673,315777
1995-01-17,11.090291023254395,11.144521713256836,11.063175201416016,11.144521713256836,1.0526071786880493,589144
1995-01-18,11.198753356933594,11.198753356933594,10.900481224060059,11.063175201416016,1.0449236631393433,348508
1995-01-19,10.981827735900879,11.063175201416016,10.954712867736816,11.008943557739258,1.0398013591766357,415812
1995-01-20,11.036059379577637,11.036059379577637,10.710672378540039,10.737788200378418,1.0141911506652832,654143
1995-01-23,10.575094223022461,10.656440734863281,10.466630935668945,10.575094223022461,0.998823881149292,818716
1995-01-24,10.629324913024902,10.629324913024902,10.439516067504883,10.466630935668945,0.9885794520378113,698398
1995-01-25,10.520862579345703,10.683555603027344,10.493746757507324,10.520862579345703,0.9937021136283875,668434
1995-01-26,10.520862579345703,10.547978401184082,10.303937911987305,10.358168601989746,0.9783355593681335,476662
1995-01-27,10.466630935668945,10.466630935668945,10.303937911987305,10.303937911987305,0.9732129573822021,1035381
1995-01-30,10.141243934631348,10.141243934631348,9.97854995727539,10.00566577911377,0.9450413584709167,1437824
1995-01-31,9.97854995727539,10.032780647277832,9.815855979919434,10.00566577911377,0.9742524027824402,1800161
1995-02-01,10.059897422790527,10.114128112792969,9.842971801757812,9.870087623596191,0.9610514640808105,1518958
1995-02-02,9.89720344543457,10.059897422790527,9.870087623596191,10.059897422790527,0.9795330762863159,1134493
1995-02-03,10.032780647277832,10.141243934631348,10.00566577911377,10.087013244628906,0.9821735620498657,895701
1995-02-06,10.032780647277832,10.059897422790527,9.89720344543457,10.00566577911377,0.9742524027824402,477584
1995-02-07,10.059897422790527,10.16835880279541,10.00566577911377,10.16835880279541,0.9900938272476196,808113
1995-02-08,9.97854995727539,10.032780647277832,9.89720344543457,9.89720344543457,0.9636912941932678,892474
1995-02-09,9.951434135437012,10.032780647277832,9.870087623596191,9.97854995727539,0.9716120362281799,1387115
1995-02-10,10.00566577911377,10.16835880279541,10.00566577911377,10.141243934631348,0.987453818321228,749107
1995-02-13,10.16835880279541,10.249706268310547,10.16835880279541,10.195474624633789,0.9927346706390381,1010027
1995-02-14,10.222591400146484,10.249706268310547,10.032780647277832,10.059897422790527,0.9795330762863159,1520341
1995-02-15,10.087013244628906,10.358168601989746,10.059897422790527,10.331052780151367,1.0059353113174438,3165610
1995-02-16,10.276822090148926,10.303937911987305,10.141243934631348,10.195474624633789,0.9927346706390381,697937
1995-02-17,10.195474624633789,10.358168601989746,10.16835880279541,10.276822090148926,1.0006550550460815,1037686
1995-02-21,10.358168601989746,10.385284423828125,10.114128112792969,10.141243934631348,0.987453818321228,355422
1995-02-22,10.195474624633789,10.195474624633789,10.059897422790527,10.195474624633789,0.9927346706390381,2275441
1995-02-23,10.195474624633789,10.575094223022461,10.16835880279541,10.412400245666504,1.0138564109802246,2549729
1995-02-24,10.520862579345703,10.737788200378418,10.520862579345703,10.629324913024902,1.0349783897399902,1574277
1995-02-27,10.629324913024902,10.873366355895996,10.629324913024902,10.76490306854248,1.0481796264648438,2315086
1995-02-28,10.737788200378418,10.954712867736816,10.710672378540039,10.873366355895996,1.0587406158447266,1320733
1995-03-01,10.873366355895996,10.927597045898438,10.8462495803833,10.900481224060059,1.06138014793396,1126196
1995-03-02,10.8462495803833,10.8462495803833,10.737788200378418,10.76490306854248,1.0481796264648438,1664170
1995-03-03,10.710672378540039,10.819133758544922,10.656440734863281,10.79201889038086,1.0508198738098145,1157543
1995-03-06,10.79201889038086,10.900481224060059,10.79201889038086,10.8462495803833,1.0561002492904663,1852714
1995-03-07,10.79201889038086,10.819133758544922,10.737788200378418,10.76490306854248,1.0481796264648438,1083324
1995-03-08,10.79201889038086,10.819133758544922,10.76490306854248,10.79201889038086,1.0508198738098145,1112827
1995-03-09,10.79201889038086,10.8462495803833,10.737788200378418,10.79201889038086,1.0508198738098145,299182
1995-03-10,10.79201889038086,10.873366355895996,10.737788200378418,10.819133758544922,1.0534597635269165,430103
1995-03-13,10.873366355895996,10.927597045898438,10.819133758544922,10.8462495803833,1.0561002492904663,749568
1995-03-14,10.873366355895996,10.981827735900879,10.8462495803833,10.8462495803833,1.0561002492904663,467904
1995-03-15,10.900481224060059,10.900481224060059,10.819133758544922,10.873366355895996,1.0587406158447266,759249
1995-03-16,10.873366355895996,10.954712867736816,10.873366355895996,10.954712867736816,1.0666612386703491,835773
1995-03-17,10.954712867736816,10.954712867736816,10.900481224060059,10.900481224060059,1.06138014793396,1019707
1995-03-20,10.8462495803833,10.927597045898438,10.79201889038086,10.79201889038086,1.0508198738098145,688717
1995-03-21,10.79201889038086,10.8462495803833,10.76490306854248,10.819133758544922,1.0534597635269165,373862
1995-03-22,10.8462495803833,10.8462495803833,10.79201889038086,10.79201889038086,1.0508198738098145,321309
1995-03-23,10.79201889038086,10.927597045898438,10.79201889038086,10.819133758544922,1.0534597635269165,1100380
1995-03-24,10.819133758544922,10.873366355895996,10.819133758544922,10.8462495803833,1.0561002492904663,508932
1995-03-27,10.873366355895996,10.900481224060059,10.819133758544922,10.8462495803833,1.0561002492904663,632016
1995-03-28,10.819133758544922,11.090291023254395,10.819133758544922,11.036059379577637,1.0745822191238403,1005878
1995-03-29,11.063175201416016,11.63260269165039,11.063175201416016,11.605487823486328,1.130027174949646,2238101
1995-03-30,11.605487823486328,12.120683670043945,11.57837200164795,12.093568801879883,1.1775522232055664,1690907
1995-03-31,12.039338111877441,12.039338111877441,11.57837200164795,11.768180847167969,1.1458687782287598,1468710
1995-04-03,11.795296669006348,11.985106468200684,11.795296669006348,11.957990646362305,1.1643507480621338,1096231
1995-04-04,11.957990646362305,12.093568801879883,11.659719467163086,11.713950157165527,1.140588402748108,1107295
1995-04-05,11.822413444519043,11.849528312683105,11.57837200164795,11.63260269165039,1.1326677799224854,553187
1995-04-06,11.686834335327148,11.686834335327148,11.442793846130371,11.469908714294434,1.1168262958526611,622796
1995-04-07,11.497024536132812,11.876644134521484,11.252984046936035,11.876644134521484,1.156429409980774,1385271
1995-04-10,11.822413444519043,12.012222290039062,11.741065979003906,12.012222290039062,1.1696304082870483,566094
1995-04-11,12.012222290039062,12.012222290039062,11.822413444519043,11.822413444519043,1.1511495113372803,323153
1995-04-12,11.822413444519043,11.957990646362305,11.713950157165527,11.849528312683105,1.1537894010543823,401521
1995-04-13,11.903759002685547,11.903759002685547,11.795296669006348,11.849528312683105,1.1537894010543823,453613
1995-04-17,11.849528312683105,12.012222290039062,11.849528312683105,11.985106468200684,1.166990876197815,711767
1995-04-18,11.985106468200684,12.17491626739502,11.903759002685547,12.012222290039062,1.1696304082870483,1245592
1995-04-19,12.012222290039062,12.093568801879883,11.768180847167969,12.012222290039062,1.1696304082870483,429642
1995-04-20,12.120683670043945,12.310494422912598,12.039338111877441,12.202031135559082,1.1881130933761597,1353002
1995-04-21,12.33760929107666,12.635881423950195,12.310494422912598,12.581649780273438,1.225076675415039,1428143
1995-04-24,12.527419090270996,12.744343757629395,12.41895580291748,12.744343757629395,1.2409180402755737,686412
1995-04-25,12.717227935791016,12.717227935791016,12.391840934753418,12.41895580291748,1.2092348337173462,538896
1995-04-26,12.500303268432617,12.500303268432617,12.14780044555664,12.283377647399902,1.1960337162017822,916446
1995-04-27,12.310494422912598,12.310494422912598,12.093568801879883,12.283377647399902,1.1960337162017822,497407
1995-04-28,12.364725112915039,12.473188400268555,12.310494422912598,12.44607162475586,1.2118749618530273,1365449
1995-05-01,12.473188400268555,12.608765602111816,12.41895580291748,12.581649780273438,1.225076675415039,606661
1995-05-02,12.41895580291748,12.473188400268555,12.283377647399902,12.364725112915039,1.2434877157211304,402904
1995-05-03,12.364725112915039,12.608765602111816,12.364725112915039,12.41895580291748,1.2489420175552368,404748
1995-05-04,12.41895580291748,12.662997245788574,12.364725112915039,12.554533958435059,1.2625763416290283,1080097
1995-05-05,12.581649780273438,12.581649780273438,12.44607162475586,12.500303268432617,1.257122278213501,788291
1995-05-08,12.473188400268555,12.581649780273438,12.473188400268555,12.554533958435059,1.2625763416290283,372479
1995-05-09,12.581649780273438,12.635881423950195,12.364725112915039,12.527419090270996,1.2598493099212646,623718
1995-05-10,12.33760929107666,12.690113067626953,12.283377647399902,12.690113067626953,1.2762112617492676,981906
1995-05-11,12.690113067626953,12.690113067626953,12.554533958435059,12.581649780273438,1.265303611755371,714072
1995-05-12,12.581649780273438,12.879921913146973,12.500303268432617,12.879921913146973,1.2953001260757446,920595
1995-05-15,12.879921913146973,12.879921913146973,12.690113067626953,12.744343757629395,1.2816649675369263,600207
1995-05-16,12.798575401306152,13.096846580505371,12.798575401306152,13.01550006866455,1.3089346885681152,897084
1995-05-17,12.96126937866211,13.069730758666992,12.934152603149414,13.069730758666992,1.3143877983093262,464216
1995-05-18,12.690113067626953,12.690113067626953,12.120683670043945,12.120683670043945,1.218945026397705,1568745
1995-05-19,11.985106468200684,12.229146957397461,11.957990646362305,12.14780044555664,1.2216724157333374,1958281
1995-05-22,12.310494422912598,12.690113067626953,12.310494422912598,12.662997245788574,1.2734839916229248,1325804
1995-05-23,12.744343757629395,13.069730758666992,12.717227935791016,13.01550006866455,1.3089346885681152,2450156
1995-05-24,13.069730758666992,13.096846580505371,12.662997245788574,12.744343757629395,1.2816649675369263,1825977
1995-05-25,12.771458625793457,12.988384246826172,12.744343757629395,12.96126937866211,1.303481101989746,1281088
1995-05-26,12.934152603149414,12.934152603149414,12.771458625793457,12.798575401306152,1.2871191501617432,891091
1995-05-30,12.798575401306152,12.879921913146973,12.771458625793457,12.825691223144531,1.2898457050323486,454996
1995-05-31,12.825691223144531,13.286656379699707,12.825691223144531,13.259540557861328,1.3334767818450928,829780
1995-06-01,13.151078224182129,13.259540557861328,13.096846580505371,13.23242473602295,1.3307496309280396,1303215
1995-06-02,13.123963356018066,13.286656379699707,12.879921913146973,12.934152603149414,1.3007532358169556,786447
1995-06-05,12.934152603149414,13.20530891418457,12.798575401306152,13.151078224182129,1.3225692510604858,578080
1995-06-06,13.178194046020508,13.259540557861328,13.096846580505371,13.178194046020508,1.32529616355896,882794
1995-06-07,13.151078224182129,13.178194046020508,12.96126937866211,12.96126937866211,1.303481101989746,447620
1995-06-08,12.96126937866211,13.01550006866455,12.852806091308594,13.01550006866455,1.3089346885681152,491875
1995-06-09,12.96126937866211,12.988384246826172,12.771458625793457,12.825691223144531,1.2898457050323486,451769
1995-06-12,12.907037734985352,13.151078224182129,12.879921913146973,13.069730758666992,1.3143877983093262,9747148
1995-06-13,13.04261589050293,13.123963356018066,13.01550006866455,13.069730758666992,1.3143877983093262,460528
1995-06-14,13.069730758666992,13.096846580505371,12.717227935791016,12.771458625793457,1.284392237663269,822865
1995-06-15,12.852806091308594,13.123963356018066,12.852806091308594,13.069730758666992,1.3143877983093262,637548
1995-06-16,13.069730758666992,13.069730758666992,12.662997245788574,12.690113067626953,1.2762112617492676,1960124
1995-06-19,12.635881423950195,12.662997245788574,12.364725112915039,12.473188400268555,1.2543954849243164,1877146
1995-06-20,12.473188400268555,12.473188400268555,12.364725112915039,12.44607162475586,1.2516685724258423,1609312
1995-06-21,12.473188400268555,12.500303268432617,12.364725112915039,12.44607162475586,1.2516685724258423,1389420
1995-06-22,12.44607162475586,12.44607162475586,12.283377647399902,12.310494422912598,1.238033652305603,854673
1995-06-23,12.364725112915039,12.44607162475586,12.310494422912598,12.364725112915039,1.2434877157211304,846836
1995-06-26,12.310494422912598,12.41895580291748,12.283377647399902,12.310494422912598,1.238033652305603,463294
1995-06-27,12.310494422912598,12.527419090270996,12.310494422912598,12.473188400268555,1.2543954849243164,1033076
1995-06-28,12.473188400268555,12.527419090270996,12.310494422912598,12.41895580291748,1.2489420175552368,1058891
1995-06-29,12.41895580291748,12.473188400268555,12.310494422912598,12.473188400268555,1.2543954849243164,576236
1995-06-30,12.473188400268555,12.608765602111816,12.391840934753418,12.608765602111816,1.2680299282073975,697015
1995-07-03,12.608765602111816,12.690113067626953,12.527419090270996,12.662997245788574,1.2734839916229248,172871
1995-07-05,12.635881423950195,12.798575401306152,12.635881423950195,12.798575401306152,1.2871191501617432,544428
1995-07-06,12.798575401306152,12.852806091308594,12.662997245788574,12.852806091308594,1.2925732135772705,1298606
1995-07-07,12.825691223144531,13.20530891418457,12.825691223144531,13.178194046020508,1.32529616355896,1088856
1995-07-10,13.123963356018066,13.557812690734863,13.123963356018066,13.503581047058105,1.3580195903778076,1055203
1995-07-11,13.503581047058105,13.503581047058105,13.23242473602295,13.286656379699707,1.3362038135528564,868964
1995-07-12,13.23242473602295,13.530696868896484,13.178194046020508,13.368002891540527,1.3443857431411743,715916
1995-07-13,13.422233581542969,13.422233581542969,13.313772201538086,13.340888023376465,1.3416575193405151,366025
1995-07-14,13.313772201538086,13.313772201538086,13.151078224182129,13.20530891418457,1.3280231952667236,214821
1995-07-17,13.178194046020508,13.368002891540527,13.151078224182129,13.286656379699707,1.3362038135528564,451769
1995-07-18,13.313772201538086,13.313772201538086,12.96126937866211,12.96126937866211,1.303481101989746,702547
1995-07-19,12.907037734985352,12.907037734985352,12.473188400268555,12.473188400268555,1.2543954849243164,659214
1995-07-20,12.41895580291748,12.41895580291748,11.930874824523926,12.039338111877441,1.2107644081115723,4332373
1995-07-21,12.039338111877441,12.120683670043945,11.849528312683105,11.849528312683105,1.1916754245758057,2115478
1995-07-24,11.876644134521484,11.985106468200684,11.876644134521484,11.957990646362305,1.2025835514068604,1931543
1995-07-25,11.930874824523926,12.17491626739502,11.903759002685547,12.066452980041504,1.213491439819336,1311513
1995-07-26,12.093568801879883,12.25626277923584,12.093568801879883,12.093568801879883,1.2162185907363892,787830
1995-07-27,12.093568801879883,12.17491626739502,12.039338111877441,12.066452980041504,1.213491439819336,1058430
1995-07-28,12.120683670043945,12.14780044555664,12.039338111877441,12.120683670043945,1.218945026397705,1401867
1995-07-31,12.120683670043945,12.25626277923584,12.066452980041504,12.14780044555664,1.2216724157333374,468365
1995-08-01,12.14780044555664,12.17491626739502,12.066452980041504,12.17491626739502,1.2660883665084839,917829
1995-08-02,12.202031135559082,12.364725112915039,12.14780044555664,12.17491626739502,1.2660883665084839,598363
1995-08-03,12.039338111877441,12.039338111877441,11.903759002685547,11.957990646362305,1.252456545829773,1538320
1995-08-04,11.930874824523926,11.957990646362305,11.903759002685547,11.930874824523926,1.2496163845062256,1325804
1995-08-07,11.930874824523926,11.944433212280273,11.876644134521484,11.930874824523926,1.2496163845062256,1104529
1995-08-08,11.957990646362305,12.012222290039062,11.903759002685547,11.985106468200684,1.2552967071533203,1637893
1995-08-09,11.985106468200684,12.012222290039062,11.903759002685547,12.012222290039062,1.2581360340118408,1183819
1995-08-10,12.012222290039062,12.093568801879883,11.985106468200684,12.012222290039062,1.2581360340118408,614037
1995-08-11,12.012222290039062,12.039338111877441,11.985106468200684,12.012222290039062,1.2581360340118408,475279
1995-08-14,12.039338111877441,12.093568801879883,12.012222290039062,12.039338111877441,1.2609765529632568,756483
1995-08-15,12.012222290039062,12.039338111877441,11.985106468200684,11.985106468200684,1.2552967071533203,1324882
1995-08-16,12.039338111877441,12.25626277923584,12.012222290039062,12.14780044555664,1.2723370790481567,1433675
1995-08-17,12.14780044555664,12.229146957397461,12.066452980041504,12.202031135559082,1.2780169248580933,932580
1995-08-18,12.25626277923584,12.283377647399902,12.093568801879883,12.093568801879883,1.266656756401062,1630517
1995-08-21,12.093568801879883,12.229146957397461,12.093568801879883,12.093568801879883,1.266656756401062,746802
1995-08-22,12.120683670043945,12.14780044555664,12.10712718963623,12.14780044555664,1.2723370790481567,716838
1995-08-23,12.14780044555664,12.14780044555664,11.985106468200684,12.012222290039062,1.2581360340118408,1231762
1995-08-24,11.985106468200684,12.012222290039062,11.822413444519043,11.849528312683105,1.2410962581634521,1061657
1995-08-25,11.849528312683105,11.849528312683105,11.659719467163086,11.713950157165527,1.2268961668014526,2144059
1995-08-28,11.741065979003906,11.741065979003906,11.415678024291992,11.605487823486328,1.2155364751815796,1141869
1995-08-29,11.57837200164795,11.63260269165039,11.36144733428955,11.36144733428955,1.189975619316101,2620260
1995-08-30,11.415678024291992,11.713950157165527,11.415678024291992,11.713950157165527,1.2268961668014526,5203181
1995-08-31,11.768180847167969,11.849528312683105,11.659719467163086,11.741065979003906,1.229736328125,861588
1995-09-01,11.741065979003906,11.903759002685547,11.741065979003906,11.768180847167969,1.2325763702392578,700242
1995-09-05,11.713950157165527,11.768180847167969,11.63260269165039,11.713950157165527,1.2268961668014526,1245592
1995-09-06,11.686834335327148,11.768180847167969,11.57837200164795,11.768180847167969,1.2325763702392578,3756598
1995-09-07,11.822413444519043,11.957990646362305,11.741065979003906,11.957990646362305,1.252456545829773,1511121
1995-09-08,11.957990646362305,12.093568801879883,11.903759002685547,11.903759002685547,1.2467758655548096,1434136
1995-09-11,11.930874824523926,11.930874824523926,11.849528312683105,11.903759002685547,1.2467758655548096,640774
1995-09-12,11.876644134521484,11.957990646362305,11.876644134521484,11.930874824523926,1.2496163845062256,504322
1995-09-13,11.903759002685547,11.903759002685547,11.713950157165527,11.713950157165527,1.2268961668014526,822404
1995-09-14,11.605487823486328,11.822413444519043,11.57837200164795,11.822413444519043,1.2382562160491943,939956
1995-09-15,11.903759002685547,11.903759002685547,11.713950157165527,11.741065979003906,1.229736328125,1229918
1995-09-18,11.713950157165527,11.768180847167969,11.659719467163086,11.659719467163086,1.2212159633636475,1297223
1995-09-19,11.659719467163086,11.659719467163086,11.55125617980957,11.55125617980957,1.209855318069458,2135761
1995-09-20,11.55125617980957,11.57837200164795,11.524141311645508,11.524141311645508,1.2070159912109375,2410050
1995-09-21,11.497024536132812,11.605487823486328,11.497024536132812,11.57837200164795,1.212695837020874,1864239
1995-09-22,11.524141311645508,11.57837200164795,11.524141311645508,11.524141311645508,1.2070159912109375,1384349
1995-09-25,11.55125617980957,11.57837200164795,11.524141311645508,11.55125617980957,1.209855318069458,1131267
1995-09-26,11.55125617980957,11.57837200164795,11.524141311645508,11.55125617980957,1.209855318069458,1286620
1995-09-27,11.55125617980957,11.55125617980957,11.442793846130371,11.469908714294434,1.2013357877731323,1906650
1995-09-28,11.497024536132812,11.497024536132812,11.442793846130371,11.497024536132812,1.2041759490966797,1525873
1995-09-29,11.497024536132812,11.497024536132812,11.442793846130371,11.497024536132812,1.2041759490966797,1542008
1995-10-02,11.497024536132812,11.55125617980957,11.442793846130371,11.497024536132812,1.2041759490966797,517690
1995-10-03,11.469908714294434,11.605487823486328,11.415678024291992,11.415678024291992,1.1956559419631958,2666359
1995-10-04,11.38856315612793,11.38856315612793,11.090291023254395,11.144521713256836,1.1672555208206177,1372364
1995-10-05,11.117405891418457,11.144521713256836,10.981827735900879,11.063175201416016,1.1587353944778442,1483001
1995-10-06,11.063175201416016,11.36144733428955,11.063175201416016,11.36144733428955,1.189975619316101,1017863
1995-10-09,11.334330558776855,11.334330558776855,11.198753356933594,11.252984046936035,1.1786154508590698,1110061
1995-10-10,11.225869178771973,11.225869178771973,11.144521713256836,11.171637535095215,1.1700955629348755,1323499
1995-10-11,11.225869178771973,11.252984046936035,11.171637535095215,11.171637535095215,1.1700955629348755,987438
1995-10-12,11.198753356933594,11.225869178771973,11.063175201416016,11.198753356933594,1.1729350090026855,1336868
1995-10-13,11.252984046936035,11.36144733428955,11.144521713256836,11.280099868774414,1.1814557313919067,769851
1995-10-16,11.307215690612793,11.307215690612793,11.171637535095215,11.198753356933594,1.1729350090026855,725596
1995-10-17,11.171637535095215,11.225869178771973,11.171637535095215,11.171637535095215,1.1700955629348755,528754
1995-10-18,11.117405891418457,11.144521713256836,10.79201889038086,11.063175201416016,1.1587353944778442,1525873
1995-10-19,11.117405891418457,11.63260269165039,11.117405891418457,11.334330558776855,1.1871352195739746,1309208
1995-10-20,11.36144733428955,11.36144733428955,11.252984046936035,11.307215690612793,1.1842955350875854,678115
1995-10-23,11.307215690612793,11.36144733428955,11.252984046936035,11.280099868774414,1.1814557313919067,510776
1995-10-24,11.252984046936035,11.334330558776855,11.171637535095215,11.225869178771973,1.1757755279541016,907226
1995-10-25,11.225869178771973,11.225869178771973,11.090291023254395,11.144521713256836,1.1672555208206177,818716
1995-10-26,11.063175201416016,11.090291023254395,10.873366355895996,10.873366355895996,1.138854742050171,906765
1995-10-27,10.8462495803833,11.144521713256836,10.737788200378418,11.117405891418457,1.1644152402877808,430564
1995-10-30,11.063175201416016,11.225869178771973,11.063175201416016,11.198753356933594,1.1729350090026855,844071
1995-10-31,11.171637535095215,11.252984046936035,11.117405891418457,11.117405891418457,1.1644152402877808,1069033
1995-11-01,11.144521713256836,11.225869178771973,11.144521713256836,11.198753356933594,1.1729350090026855,1264031
1995-11-02,11.117405891418457,11.144521713256836,11.090291023254395,11.117405891418457,1.207546591758728,428720
1995-11-03,11.090291023254395,11.38856315612793,11.090291023254395,11.171637535095215,1.2134374380111694,638470
1995-11-06,11.171637535095215,11.198753356933594,11.063175201416016,11.117405891418457,1.207546591758728,837156
1995-11-07,11.117405891418457,11.198753356933594,11.090291023254395,11.090291023254395,1.2046014070510864,1034920
1995-11-08,11.090291023254395,11.117405891418457,11.063175201416016,11.090291023254395,1.2046014070510864,1057969
1995-11-09,11.144521713256836,11.307215690612793,11.144521713256836,11.252984046936035,1.2222729921340942,684568
1995-11-10,11.198753356933594,11.469908714294434,11.198753356933594,11.469908714294434,1.2458348274230957,1079636
1995-11-13,11.442793846130371,11.442793846130371,11.225869178771973,11.36144733428955,1.2340538501739502,1276017
1995-11-14,11.334330558776855,11.442793846130371,11.334330558776855,11.38856315612793,1.2369990348815918,1245131
1995-11-15,11.415678024291992,11.415678024291992,11.117405891418457,11.38856315612793,1.2369990348815918,1628213
1995-11-16,11.36144733428955,11.38856315612793,11.252984046936035,11.252984046936035,1.2222729921340942,873574
1995-11-17,11.334330558776855,11.415678024291992,11.307215690612793,11.415678024291992,1.239944577217102,595137
1995-11-20,11.415678024291992,11.469908714294434,11.307215690612793,11.307215690612793,1.2281633615493774,774461
1995-11-21,11.36144733428955,11.57837200164795,11.36144733428955,11.57837200164795,1.2576158046722412,1107295
1995-11-22,11.63260269165039,11.985106468200684,11.63260269165039,11.985106468200684,1.3017945289611816,727901
1995-11-24,11.985106468200684,12.093568801879883,11.985106468200684,12.066452980041504,1.3106300830841064,286735
1995-11-27,12.066452980041504,12.202031135559082,11.930874824523926,11.930874824523926,1.2959038019180298,1181514
1995-11-28,11.957990646362305,11.957990646362305,11.768180847167969,11.957990646362305,1.29884934425354,684107
1995-11-29,11.930874824523926,11.985106468200684,11.876644134521484,11.930874824523926,1.2959038019180298,551343
1995-11-30,11.903759002685547,11.957990646362305,11.822413444519043,11.822413444519043,1.2841228246688843,691022
1995-12-01,11.849528312683105,11.903759002685547,11.741065979003906,11.795296669006348,1.2811775207519531,432408
1995-12-04,11.849528312683105,12.039338111877441,11.741065979003906,12.039338111877441,1.3076846599578857,1302293
1995-12-05,12.039338111877441,12.17491626739502,12.039338111877441,12.14780044555664,1.3194661140441895,765241
1995-12-06,12.093568801879883,12.093568801879883,12.039338111877441,12.066452980041504,1.3106300830841064,597442
1995-12-07,12.012222290039062,12.039338111877441,11.876644134521484,11.876644134521484,1.2900128364562988,613115
1995-12-08,11.930874824523926,11.957990646362305,11.849528312683105,11.876644134521484,1.2900128364562988,384465
1995-12-11,11.930874824523926,12.012222290039062,11.876644134521484,11.903759002685547,1.29295814037323,977296
1995-12-12,11.903759002685547,11.957990646362305,11.876644134521484,11.957990646362305,1.29884934425354,351273
1995-12-13,11.930874824523926,12.012222290039062,11.741065979003906,11.795296669006348,1.2811775207519531,1188429
1995-12-14,11.741065979003906,11.795296669006348,11.63260269165039,11.63260269165039,1.263506531715393,611732
1995-12-15,11.57837200164795,11.741065979003906,11.55125617980957,11.741065979003906,1.2752875089645386,2028812
1995-12-18,11.686834335327148,11.713950157165527,11.659719467163086,11.713950157165527,1.2723418474197388,1273712
1995-12-19,11.686834335327148,11.768180847167969,11.659719467163086,11.713950157165527,1.2723418474197388,856978
1995-12-20,11.713950157165527,11.795296669006348,11.659719467163086,11.659719467163086,1.266451358795166,668434
1995-12-21,11.686834335327148,11.70039176940918,11.605487823486328,11.605487823486328,1.2605615854263306,580385
1995-12-22,11.63260269165039,11.686834335327148,11.605487823486328,11.659719467163086,1.266451358795166,528293
1995-12-26,11.605487823486328,11.686834335327148,11.605487823486328,11.686834335327148,1.2693971395492554,196842
1995-12-27,11.686834335327148,11.686834335327148,11.659719467163086,11.686834335327148,1.2693971395492554,318543
1995-12-28,11.686834335327148,11.713950157165527,11.659719467163086,11.659719467163086,1.266451358795166,222197
1995-12-29,11.659719467163086,11.741065979003906,11.57837200164795,11.63260269165039,1.263506531715393,492336
1996-01-02,11.605487823486328,11.930874824523926,11.605487823486328,11.930874824523926,1.2959038019180298,523683
1996-01-03,11.985106468200684,12.25626277923584,11.957990646362305,12.17491626739502,1.3224107027053833,1096692
1996-01-04,12.14780044555664,12.25626277923584,12.120683670043945,12.202031135559082,1.3253562450408936,1466866
1996-01-05,12.25626277923584,12.41895580291748,12.17491626739502,12.391840934753418,1.345973014831543,1098997
1996-01-08,12.33760929107666,12.33760929107666,12.25626277923584,12.25626277923584,1.331246256828308,138758
1996-01-09,12.25626277923584,12.25626277923584,12.039338111877441,12.039338111877441,1.3076846599578857,1913104
1996-01-10,11.985106468200684,11.985106468200684,11.686834335327148,11.713950157165527,1.2723418474197388,1298145
1996-01-11,11.713950157165527,11.768180847167969,11.55125617980957,11.55125617980957,1.2546700239181519,637087
1996-01-12,11.63260269165039,11.741065979003906,11.57837200164795,11.713950157165527,1.2723418474197388,1264953
1996-01-15,11.713950157165527,11.713950157165527,11.686834335327148,11.713950157165527,1.2723418474197388,221275
1996-01-16,11.686834335327148,11.713950157165527,11.524141311645508,11.63260269165039,1.263506531715393,831624
1996-01-17,11.605487823486328,11.605487823486328,11.497024536132812,11.497024536132812,1.2487800121307373,564250
1996-01-18,11.497024536132812,11.497024536132812,11.144521713256836,11.144521713256836,1.2104921340942383,1627291
1996-01-19,10.981827735900879,11.144521713256836,10.981827735900879,11.090291023254395,1.2046014070510864,1583958
1996-01-22,11.090291023254395,11.795296669006348,10.927597045898438,11.415678024291992,1.239944577217102,3556990
1996-01-23,11.36144733428955,11.686834335327148,11.307215690612793,11.659719467163086,1.266451358795166,1235450
1996-01-24,11.63260269165039,11.957990646362305,11.497024536132812,11.57837200164795,1.2576158046722412,2354270
1996-01-25,11.63260269165039,11.768180847167969,11.63260269165039,11.686834335327148,1.2693971395492554,1249280
1996-01-26,11.686834335327148,11.957990646362305,11.63260269165039,11.876644134521484,1.2900128364562988,3249510
1996-01-29,11.849528312683105,12.012222290039062,11.849528312683105,11.985106468200684,1.3017945289611816,1078714
1996-01-30,12.012222290039062,12.41895580291748,12.012222290039062,12.33760929107666,1.3400822877883911,2019131
1996-01-31,12.364725112915039,12.690113067626953,12.364725112915039,12.581649780273438,1.3665895462036133,1991472
1996-02-01,12.554533958435059,12.554533958435059,12.364725112915039,12.391840934753418,1.390169620513916,1038147
1996-02-02,12.391840934753418,12.391840934753418,12.17491626739502,12.25626277923584,1.3749594688415527,792440
1996-02-05,12.202031135559082,12.391840934753418,12.093568801879883,12.33760929107666,1.3840852975845337,1019246
1996-02-06,12.310494422912598,12.581649780273438,12.283377647399902,12.33760929107666,1.3840852975845337,863432
1996-02-07,12.364725112915039,12.364725112915039,12.14780044555664,12.310494422912598,1.3810436725616455,1659560
1996-02-08,12.25626277923584,12.635881423950195,12.25626277923584,12.608765602111816,1.4145050048828125,1804771
1996-02-09,12.608765602111816,12.852806091308594,12.41895580291748,12.717227935791016,1.4266724586486816,895240
1996-02-12,12.662997245788574,12.690113067626953,12.527419090270996,12.581649780273438,1.4114631414413452,591910
1996-02-13,12.581649780273438,12.635881423950195,12.554533958435059,12.608765602111816,1.4145050048828125,538896
1996-02-14,12.608765602111816,12.608765602111816,12.473188400268555,12.473188400268555,1.3992958068847656,1074104
1996-02-15,12.41895580291748,12.41895580291748,12.229146957397461,12.310494422912598,1.3810436725616455,2042641
1996-02-16,12.283377647399902,12.500303268432617,12.283377647399902,12.473188400268555,1.3992958068847656,1404172
1996-02-20,12.364725112915039,12.364725112915039,12.17491626739502,12.17491626739502,1.3658336400985718,2212746
1996-02-21,12.229146957397461,12.364725112915039,12.229146957397461,12.25626277923584,1.3749594688415527,1788176
1996-02-22,12.229146957397461,12.608765602111816,12.229146957397461,12.500303268432617,1.4023370742797852,2348738
1996-02-23,12.473188400268555,12.635881423950195,12.473188400268555,12.608765602111816,1.4145050048828125,1357151
1996-02-26,12.554533958435059,12.771458625793457,12.554533958435059,12.717227935791016,1.4266724586486816,1261265
1996-02-27,12.717227935791016,12.771458625793457,12.608765602111816,12.635881423950195,1.4175469875335693,1108217
1996-02-28,12.635881423950195,12.744343757629395,12.608765602111816,12.608765602111816,1.4145050048828125,953786
1996-02-29,12.581649780273438,12.635881423950195,12.500303268432617,12.554533958435059,1.408421516418457,1158926
1996-03-01,12.608765602111816,12.635881423950195,12.44607162475586,12.500303268432617,1.4023370742797852,735738
1996-03-04,12.500303268432617,12.635881423950195,12.473188400268555,12.473188400268555,1.3992958068847656,903538
1996-03-05,12.473188400268555,12.608765602111816,12.44607162475586,12.608765602111816,1.4145050048828125,1184741
1996-03-06,12.608765602111816,12.635881423950195,12.500303268432617,12.500303268432617,1.4023370742797852,1548000
1996-03-07,12.500303268432617,12.554533958435059,12.44607162475586,12.44607162475586,1.396253228187561,1194422
1996-03-08,12.44607162475586,12.500303268432617,12.25626277923584,12.41895580291748,1.393211841583252,786908
1996-03-11,12.364725112915039,12.635881423950195,12.25626277923584,12.581649780273438,1.4114631414413452,996658
1996-03-12,12.554533958435059,12.744343757629395,12.527419090270996,12.690113067626953,1.423630714416504,791057
1996-03-13,12.581649780273438,12.907037734985352,12.527419090270996,12.825691223144531,1.438840389251709,1071799
1996-03-14,12.907037734985352,12.988384246826172,12.825691223144531,12.825691223144531,1.438840389251709,1020168
1996-03-15,12.825691223144531,12.934152603149414,12.744343757629395,12.934152603149414,1.4510080814361572,836234
1996-03-18,12.907037734985352,13.096846580505371,12.879921913146973,13.096846580505371,1.469260334968567,1345626
1996-03-19,13.151078224182129,13.340888023376465,13.151078224182129,13.23242473602295,1.4844692945480347,1375591
1996-03-20,13.259540557861328,13.259540557861328,13.178194046020508,13.23242473602295,1.4844692945480347,1629595
1996-03-21,13.20530891418457,13.23242473602295,13.096846580505371,13.178194046020508,1.4783865213394165,822404
1996-03-22,13.23242473602295,13.286656379699707,13.20530891418457,13.23242473602295,1.4844692945480347,978679
1996-03-25,13.340888023376465,13.422233581542969,13.259540557861328,13.368002891540527,1.4996801614761353,811801
1996-03-26,13.340888023376465,13.340888023376465,13.23242473602295,13.23242473602295,1.4844692945480347,1007722
1996-03-27,13.23242473602295,13.313772201538086,13.178194046020508,13.286656379699707,1.4905539751052856,1230840
1996-03-28,13.23242473602295,13.23242473602295,13.096846580505371,13.23242473602295,1.4844692945480347,853751
1996-03-29,13.23242473602295,13.23242473602295,13.04261589050293,13.069730758666992,1.4662178754806519,644923
1996-04-01,13.123963356018066,13.23242473602295,13.096846580505371,13.20530891418457,1.4814280271530151,902155
1996-04-02,13.151078224182129,13.286656379699707,13.151078224182129,13.23242473602295,1.4844692945480347,522761
1996-04-03,13.23242473602295,13.313772201538086,13.23242473602295,13.313772201538086,1.4935953617095947,583612
1996-04-04,13.286656379699707,13.313772201538086,13.259540557861328,13.259540557861328,1.4875119924545288,554109
1996-04-08,13.20530891418457,13.286656379699707,13.151078224182129,13.286656379699707,1.4905539751052856,865276
1996-04-09,13.313772201538086,13.530696868896484,13.286656379699707,13.449350357055664,1.508805513381958,1452576
1996-04-10,13.395118713378906,13.395118713378906,13.23242473602295,13.259540557861328,1.4875119924545288,684107
1996-04-11,13.23242473602295,13.23242473602295,13.04261589050293,13.096846580505371,1.469260334968567,738504
1996-04-12,13.096846580505371,13.20530891418457,13.096846580505371,13.151078224182129,1.4753448963165283,357727
1996-04-15,13.20530891418457,13.286656379699707,13.178194046020508,13.286656379699707,1.4905539751052856,360954
1996-04-16,13.259540557861328,13.313772201538086,13.23242473602295,13.23242473602295,1.4844692945480347,781376
1996-04-17,13.23242473602295,13.259540557861328,13.069730758666992,13.151078224182129,1.4753448963165283,781376
1996-04-18,13.123963356018066,13.151078224182129,12.934152603149414,13.01550006866455,1.4601340293884277,2429411
1996-04-19,13.04261589050293,13.069730758666992,12.988384246826172,13.01550006866455,1.4601340293884277,2554339
1996-04-22,13.04261589050293,13.096846580505371,13.01550006866455,13.069730758666992,1.4662178754806519,968999
1996-04-23,13.069730758666992,13.069730758666992,13.01550006866455,13.01550006866455,1.4601340293884277,805808
1996-04-24,13.04261589050293,13.069730758666992,13.01550006866455,13.04261589050293,1.463175892829895,723291
1996-04-25,13.04261589050293,13.178194046020508,13.01550006866455,13.151078224182129,1.4753448963165283,1096692
1996-04-26,13.123963356018066,13.20530891418457,13.01550006866455,13.151078224182129,1.4753448963165283,1001729
1996-04-29,13.151078224182129,13.340888023376465,13.151078224182129,13.286656379699707,1.4905539751052856,751873
1996-04-30,13.259540557861328,13.259540557861328,13.069730758666992,13.123963356018066,1.4723016023635864,443010
1996-05-01,13.096846580505371,13.20530891418457,13.04261589050293,13.096846580505371,1.469260334968567,1022934
1996-05-02,13.01550006866455,13.123963356018066,13.01550006866455,13.04261589050293,1.5092716217041016,922900
1996-05-03,13.04261589050293,13.123963356018066,12.988384246826172,12.988384246826172,1.5029964447021484,1606546
1996-05-06,13.01550006866455,13.04261589050293,12.934152603149414,12.988384246826172,1.5029964447021484,1288925
1996-05-07,12.988384246826172,13.01550006866455,12.608765602111816,12.662997245788574,1.4653427600860596,1313818
1996-05-08,12.608765602111816,12.717227935791016,12.500303268432617,12.581649780273438,1.4559297561645508,1253429
1996-05-09,12.608765602111816,12.825691223144531,12.581649780273438,12.662997245788574,1.4653427600860596,692405
1996-05-10,12.690113067626953,12.730786323547363,12.581649780273438,12.608765602111816,1.459067463874817,819638
1996-05-13,12.635881423950195,12.744343757629395,12.635881423950195,12.744343757629395,1.4747569561004639,1203642
1996-05-14,12.798575401306152,12.798575401306152,12.635881423950195,12.690113067626953,1.4684805870056152,1406938
1996-05-15,12.662997245788574,12.907037734985352,12.635881423950195,12.852806091308594,1.4873082637786865,642157
1996-05-16,12.879921913146973,13.01550006866455,12.798575401306152,12.798575401306152,1.481032371520996,541201
1996-05-17,12.852806091308594,12.907037734985352,12.690113067626953,12.717227935791016,1.4716181755065918,501556
1996-05-20,12.744343757629395,12.771458625793457,12.635881423950195,12.635881423950195,1.4622052907943726,811801
1996-05-21,12.690113067626953,12.798575401306152,12.662997245788574,12.717227935791016,1.4716181755065918,312550
1996-05-22,12.717227935791016,12.852806091308594,12.662997245788574,12.771458625793457,1.47789466381073,484499
1996-05-23,12.771458625793457,12.89348030090332,12.581649780273438,12.635881423950195,1.4622052907943726,425032
1996-05-24,12.581649780273438,12.798575401306152,12.581649780273438,12.635881423950195,1.4622052907943726,975913
1996-05-28,12.635881423950195,12.690113067626953,12.500303268432617,12.500303268432617,1.4465161561965942,514925
1996-05-29,12.473188400268555,12.581649780273438,12.33760929107666,12.44607162475586,1.4402406215667725,710384
1996-05-30,12.41895580291748,12.690113067626953,12.364725112915039,12.581649780273438,1.4559297561645508,364181
1996-05-31,12.554533958435059,12.662997245788574,12.527419090270996,12.554533958435059,1.4527922868728638,446698
1996-06-03,12.500303268432617,12.500303268432617,12.391840934753418,12.391840934753418,1.4339654445648193,1487150
1996-06-04,12.473188400268555,12.581649780273438,12.391840934753418,12.500303268432617,1.4465161561965942,555953
1996-06-05,12.500303268432617,12.690113067626953,12.44607162475586,12.662997245788574,1.4653427600860596,346203
1996-06-06,12.717227935791016,12.744343757629395,12.608765602111816,12.717227935791016,1.4716181755065918,507549
1996-06-07,12.608765602111816,12.608765602111816,12.41895580291748,12.608765602111816,1.459067463874817,626484
1996-06-10,12.608765602111816,12.635881423950195,12.581649780273438,12.608765602111816,1.459067463874817,1166302
1996-06-11,12.635881423950195,12.825691223144531,12.635881423950195,12.690113067626953,1.4684805870056152,447159
1996-06-12,12.690113067626953,12.717227935791016,12.662997245788574,12.662997245788574,1.4653427600860596,584995
1996-06-13,12.662997245788574,12.771458625793457,12.635881423950195,12.690113067626953,1.4684805870056152,590988
1996-06-14,12.635881423950195,12.744343757629395,12.635881423950195,12.717227935791016,1.4716181755065918,421805
1996-06-17,12.717227935791016,12.879921913146973,12.690113067626953,12.798575401306152,1.481032371520996,732050
1996-06-18,12.744343757629395,12.798575401306152,12.500303268432617,12.500303268432617,1.4465161561965942,540279
1996-06-19,12.500303268432617,12.798575401306152,12.500303268432617,12.635881423950195,1.4622052907943726,1567823
1996-06-20,12.635881423950195,12.635881423950195,12.41895580291748,12.581649780273438,1.4559297561645508,972686
1996-06-21,12.581649780273438,12.717227935791016,12.500303268432617,12.690113067626953,1.4684805870056152,920134
1996-06-24,12.635881423950195,12.662997245788574,12.608765602111816,12.635881423950195,1.4622052907943726,473897
1996-06-25,12.581649780273438,12.608765602111816,12.391840934753418,12.391840934753418,1.4339654445648193,753717
1996-06-26,12.391840934753418,12.527419090270996,12.391840934753418,12.41895580291748,1.437103509902954,1257578
1996-06-27,12.41895580291748,12.581649780273438,12.391840934753418,12.473188400268555,1.4433790445327759,957013
1996-06-28,12.500303268432617,12.717227935791016,12.391840934753418,12.717227935791016,1.4716181755065918,1111905
1996-07-01,12.717227935791016,12.744343757629395,12.608765602111816,12.608765602111816,1.459067463874817,439322
1996-07-02,12.581649780273438,12.608765602111816,12.391840934753418,12.41895580291748,1.437103509902954,579002
1996-07-03,12.391840934753418,12.473188400268555,12.33760929107666,12.364725112915039,1.4308271408081055,1099458
1996-07-05,12.283377647399902,12.283377647399902,12.202031135559082,12.229146957397461,1.4151389598846436,1526334
1996-07-08,12.202031135559082,12.25626277923584,12.14780044555664,12.25626277923584,1.418276071548462,1584419
1996-07-09,12.25626277923584,12.364725112915039,12.229146957397461,12.229146957397461,1.4151389598846436,509393
1996-07-10,12.229146957397461,12.229146957397461,12.066452980041504,12.202031135559082,1.4120010137557983,784142
1996-07-11,12.229146957397461,12.33760929107666,12.14780044555664,12.14780044555664,1.405725359916687,616803
1996-07-12,12.14780044555664,12.17491626739502,12.066452980041504,12.066452980041504,1.3963117599487305,768929
1996-07-15,12.093568801879883,12.17491626739502,11.930874824523926,11.930874824523926,1.3806238174438477,1329492
1996-07-16,11.876644134521484,11.876644134521484,11.497024536132812,11.63260269165039,1.3461073637008667,1773424
1996-07-17,11.686834335327148,11.930874824523926,11.57837200164795,11.876644134521484,1.3743473291397095,518612
1996-07-18,11.876644134521484,11.985106468200684,11.686834335327148,11.930874824523926,1.3806238174438477,624179
1996-07-19,11.930874824523926,11.930874824523926,11.713950157165527,11.822413444519043,1.3680716753005981,778610
1996-07-22,11.795296669006348,11.795296669006348,11.659719467163086,11.741065979003906,1.3586584329605103,750490
1996-07-23,11.768180847167969,11.930874824523926,11.659719467163086,11.713950157165527,1.3555207252502441,652760
1996-07-24,11.659719467163086,11.795296669006348,11.564813613891602,11.713950157165527,1.3555207252502441,880028
1996-07-25,11.822413444519043,11.849528312683105,11.497024536132812,11.524141311645508,1.3335561752319336,691022
1996-07-26,11.55125617980957,11.822413444519043,11.55125617980957,11.686834335327148,1.3523828983306885,649072
1996-07-29,11.686834335327148,11.795296669006348,11.686834335327148,11.741065979003906,1.3586584329605103,709001
1996-07-30,11.768180847167969,11.930874824523926,11.741065979003906,11.930874824523926,1.3806238174438477,674888
1996-07-31,11.876644134521484,12.093568801879883,11.876644134521484,12.093568801879883,1.399449348449707,782759
1996-08-01,11.930874824523926,12.25626277923584,11.930874824523926,12.229146957397461,1.4635462760925293,465599
1996-08-02,12.229146957397461,12.283377647399902,12.202031135559082,12.229146957397461,1.4635462760925293,744958
1996-08-05,12.229146957397461,12.283377647399902,12.202031135559082,12.229146957397461,1.4635462760925293,382160
1996-08-06,12.283377647399902,12.364725112915039,12.17491626739502,12.310494422912598,1.473280906677246,677654
1996-08-07,12.310494422912598,12.310494422912598,12.17491626739502,12.229146957397461,1.4635462760925293,180708
1996-08-08,12.17491626739502,12.202031135559082,12.012222290039062,12.012222290039062,1.437584400177002,528293
1996-08-09,12.066452980041504,12.229146957397461,12.039338111877441,12.229146957397461,1.4635462760925293,496024
1996-08-12,12.17491626739502,12.17491626739502,12.012222290039062,12.066452980041504,1.444075345993042,383082
1996-08-13,12.093568801879883,12.093568801879883,11.876644134521484,11.903759002685547,1.4246042966842651,403826
1996-08-14,11.876644134521484,12.17491626739502,11.876644134521484,12.17491626739502,1.4570558071136475,732972
1996-08-15,12.17491626739502,12.202031135559082,12.039338111877441,12.120683670043945,1.450565218925476,843149
1996-08-16,12.120683670043945,12.120683670043945,12.066452980041504,12.066452980041504,1.444075345993042,237409
1996-08-19,12.093568801879883,12.14780044555664,12.093568801879883,12.14780044555664,1.4538108110427856,185778
1996-08-20,12.14780044555664,12.14780044555664,12.093568801879883,12.093568801879883,1.4473202228546143,569782
1996-08-21,12.012222290039062,12.093568801879883,11.957990646362305,12.066452980041504,1.444075345993042,617725
1996-08-22,12.039338111877441,12.202031135559082,12.039338111877441,12.093568801879883,1.4473202228546143,791057
1996-08-23,12.120683670043945,12.310494422912598,12.066452980041504,12.202031135559082,1.4603006839752197,927970
1996-08-26,12.202031135559082,12.283377647399902,12.14780044555664,12.25626277923584,1.4667909145355225,569782
1996-08-27,12.310494422912598,12.310494422912598,12.229146957397461,12.283377647399902,1.4700359106063843,314855
1996-08-28,12.283377647399902,12.33760929107666,12.229146957397461,12.310494422912598,1.473280906677246,273827
1996-08-29,12.25626277923584,12.310494422912598,12.202031135559082,12.202031135559082,1.4603006839752197,502939
1996-08-30,12.17491626739502,12.17491626739502,12.012222290039062,12.012222290039062,1.437584400177002,315316
1996-09-03,12.039338111877441,12.229146957397461,11.957990646362305,12.17491626739502,1.4570558071136475,354500
1996-09-04,12.14780044555664,12.229146957397461,11.985106468200684,12.229146957397461,1.4635462760925293,580846
1996-09-05,12.17491626739502,12.283377647399902,12.17491626739502,12.229146957397461,1.4635462760925293,753256
1996-09-06,12.25626277923584,12.473188400268555,12.25626277923584,12.364725112915039,1.4797717332839966,647689
1996-09-09,12.41895580291748,12.527419090270996,12.391840934753418,12.44607162475586,1.4895070791244507,336522
1996-09-10,12.44607162475586,12.44607162475586,12.202031135559082,12.310494422912598,1.473280906677246,506627
1996-09-11,12.25626277923584,12.500303268432617,12.17491626739502,12.500303268432617,1.4959969520568848,419039
1996-09-12,12.500303268432617,12.690113067626953,12.500303268432617,12.608765602111816,1.5089774131774902,550421
1996-09-13,12.662997245788574,12.852806091308594,12.662997245788574,12.771458625793457,1.528449296951294,746341
1996-09-16,12.771458625793457,12.907037734985352,12.771458625793457,12.771458625793457,1.528449296951294,514925
1996-09-17,12.744343757629395,12.825691223144531,12.690113067626953,12.825691223144531,1.5349384546279907,324997
1996-09-18,12.771458625793457,12.771458625793457,12.662997245788574,12.690113067626953,1.5187128782272339,680880
1996-09-19,12.717227935791016,12.798575401306152,12.690113067626953,12.744343757629395,1.5252031087875366,626945
1996-09-20,12.798575401306152,12.988384246826172,12.771458625793457,12.771458625793457,1.528449296951294,809035
1996-09-23,12.798575401306152,12.825691223144531,12.798575401306152,12.825691223144531,1.5349384546279907,295494
1996-09-24,12.825691223144531,12.988384246826172,12.812132835388184,12.934152603149414,1.5479187965393066,377550
1996-09-25,12.934152603149414,12.988384246826172,12.907037734985352,12.934152603149414,1.5479187965393066,442549
1996-09-26,12.96126937866211,13.286656379699707,12.96126937866211,13.20530891418457,1.580370306968689,684107
1996-09-27,13.20530891418457,13.286656379699707,13.151078224182129,13.286656379699707,1.590105414390564,728823
1996-09-30,13.23242473602295,13.23242473602295,13.01550006866455,13.096846580505371,1.5673896074295044,799816
1996-10-01,13.151078224182129,13.23242473602295,12.798575401306152,12.798575401306152,1.5316933393478394,629250
1996-10-02,12.798575401306152,13.123963356018066,12.798575401306152,13.069730758666992,1.5641443729400635,616342
1996-10-03,13.096846580505371,13.23242473602295,12.96126937866211,13.178194046020508,1.5771254301071167,802121
1996-10-04,13.20530891418457,13.20530891418457,13.069730758666992,13.069730758666992,1.5641443729400635,1152472
1996-10-07,13.069730758666992,13.096846580505371,12.934152603149414,13.01550006866455,1.5576549768447876,1103607
1996-10-08,13.01550006866455,13.04261589050293,12.934152603149414,12.934152603149414,1.5479187965393066,953325
1996-10-09,12.907037734985352,12.907037734985352,12.635881423950195,12.690113067626953,1.5187128782272339,1021090
1996-10-10,12.690113067626953,12.907037734985352,12.635881423950195,12.798575401306152,1.5316933393478394,402443
1996-10-11,12.852806091308594,13.069730758666992,12.825691223144531,13.01550006866455,1.5576549768447876,434712
1996-10-14,13.01550006866455,13.096846580505371,12.717227935791016,12.744343757629395,1.5252031087875366,1160770
1996-10-15,12.662997245788574,12.771458625793457,12.527419090270996,12.744343757629395,1.5252031087875366,817333
1996-10-16,12.744343757629395,12.771458625793457,12.662997245788574,12.744343757629395,1.5252031087875366,330068
1996-10-17,12.771458625793457,12.852806091308594,12.744343757629395,12.825691223144531,1.5349384546279907,723291
1996-10-18,12.825691223144531,12.825691223144531,12.744343757629395,12.798575401306152,1.5316933393478394,756483
1996-10-21,12.825691223144531,13.01550006866455,12.798575401306152,12.988384246826172,1.5544089078903198,598824
1996-10-22,12.988384246826172,13.151078224182129,12.96126937866211,12.988384246826172,1.5544089078903198,694710
1996-10-23,12.907037734985352,13.04261589050293,12.825691223144531,13.01550006866455,1.5576549768447876,640774
1996-10-24,13.01550006866455,13.069730758666992,12.988384246826172,12.988384246826172,1.5544089078903198,483577
1996-10-25,13.01550006866455,13.096846580505371,13.01550006866455,13.01550006866455,1.5576549768447876,397372
1996-10-28,13.01550006866455,13.096846580505371,13.01550006866455,13.01550006866455,1.5576549768447876,565172
1996-10-29,12.96126937866211,13.096846580505371,12.96126937866211,13.01550006866455,1.5576549768447876,616803
1996-10-30,13.01550006866455,13.096846580505371,13.01550006866455,13.096846580505371,1.5673896074295044,448081
1996-10-31,12.96126937866211,13.096846580505371,12.96126937866211,12.96126937866211,1.6000325679779053,1144635
1996-11-01,12.988384246826172,13.069730758666992,12.988384246826172,12.988384246826172,1.6033788919448853,310706
1996-11-04,12.988384246826172,13.23242473602295,12.988384246826172,13.23242473602295,1.63350510597229,1092083
1996-11-05,13.259540557861328,13.720505714416504,13.23242473602295,13.612044334411621,1.6803675889968872,1810303
1996-11-06,13.639159202575684,13.80185317993164,13.422233581542969,13.639159202575684,1.6837151050567627,1109600
1996-11-07,13.612044334411621,13.639159202575684,13.530696868896484,13.584927558898926,1.6770211458206177,597442
1996-11-08,13.584927558898926,13.964547157287598,13.557812690734863,13.937431335449219,1.720536231994629,979140
1996-11-11,13.964547157287598,14.317049980163574,13.937431335449219,14.154356002807617,1.7473154067993164,1142791
1996-11-12,14.208587646484375,14.208587646484375,13.991662979125977,13.991662979125977,1.7272316217422485,1351619
1996-11-13,13.964547157287598,14.100125312805176,13.964547157287598,14.100125312805176,1.7406210899353027,795206
1996-11-14,14.07300853729248,14.154356002807617,14.045893669128418,14.100125312805176,1.7406210899353027,517690
1996-11-15,14.208587646484375,14.723784446716309,14.208587646484375,14.479743957519531,1.7874830961227417,1120203
1996-11-18,14.479743957519531,14.61532211303711,14.42551326751709,14.452628135681152,1.7841365337371826,591910
1996-11-19,14.479743957519531,14.479743957519531,14.262819290161133,14.398397445678711,1.777441143989563,1085168
1996-11-20,14.371280670166016,14.42551326751709,14.181471824645996,14.289934158325195,1.7640516757965088,1365449
1996-11-21,14.289934158325195,14.344165802001953,14.235703468322754,14.317049980163574,1.7673990726470947,1251124
1996-11-22,14.398397445678711,14.723784446716309,14.398397445678711,14.66955280303955,1.8109146356582642,758788
1996-11-25,14.723784446716309,14.994940757751465,14.69666862487793,14.913594245910645,1.8410403728485107,1013714
1996-11-26,14.886478424072266,14.940709114074707,14.750900268554688,14.940709114074707,1.8443876504898071,1278783
1996-11-27,14.886478424072266,15.184749603271484,14.805130958557129,15.049172401428223,1.8577783107757568,712689
1996-11-29,15.022055625915527,15.049172401428223,14.967824935913086,14.994940757751465,1.8510831594467163,215743
1996-12-02,14.967824935913086,15.103403091430664,14.805130958557129,15.076288223266602,1.8611252307891846,856517
1996-12-03,15.049172401428223,15.184749603271484,14.859362602233887,14.913594245910645,1.8410403728485107,731128
1996-12-04,14.886478424072266,14.940709114074707,14.69666862487793,14.805130958557129,1.8276513814926147,377089
1996-12-05,14.778016090393066,15.076288223266602,14.778016090393066,14.967824935913086,1.847736120223999,551804
1996-12-06,14.913594245910645,14.913594245910645,14.69666862487793,14.750900268554688,1.820957064628601,638931
1996-12-09,14.805130958557129,15.049172401428223,14.750900268554688,15.022055625915527,1.8544294834136963,470670
1996-12-10,15.076288223266602,15.21186637878418,15.076288223266602,15.157633781433105,1.8711662292480469,465599
1996-12-11,15.076288223266602,15.076288223266602,14.750900268554688,14.913594245910645,1.8410403728485107,387231
1996-12-12,14.967824935913086,14.967824935913086,14.66955280303955,14.66955280303955,1.8109146356582642,764319
1996-12-13,14.61532211303711,14.723784446716309,14.42551326751709,14.561091423034668,1.7975248098373413,654143
1996-12-16,14.561091423034668,14.69666862487793,14.398397445678711,14.479743957519531,1.7874830961227417,431486
1996-12-17,14.479743957519531,14.642437934875488,14.479743957519531,14.533974647521973,1.7941782474517822,735277
1996-12-18,14.533974647521973,14.66955280303955,14.479743957519531,14.58820629119873,1.8008729219436646,654143
1996-12-19,14.58820629119873,14.886478424072266,14.506858825683594,14.805130958557129,1.8276513814926147,1043218
1996-12-20,14.967824935913086,15.103403091430664,14.832246780395508,15.022055625915527,1.8544294834136963,1082402
1996-12-23,14.967824935913086,15.076288223266602,14.940709114074707,14.994940757751465,1.8510831594467163,585456
1996-12-24,14.994940757751465,15.022055625915527,14.967824935913086,14.994940757751465,1.8510831594467163,274749
1996-12-26,15.049172401428223,15.103403091430664,14.967824935913086,15.103403091430664,1.864471435546875,538435
1996-12-27,15.130518913269043,15.184749603271484,15.103403091430664,15.130518913269043,1.867818832397461,339288
1996-12-30,15.184749603271484,15.266097068786621,14.994940757751465,15.022055625915527,1.8544294834136963,232338
1996-12-31,15.022055625915527,15.37455940246582,15.022055625915527,15.130518913269043,1.867818832397461,472975
1997-01-02,15.076288223266602,15.076288223266602,14.58820629119873,14.750900268554688,1.820957064628601,842688
1997-01-03,14.750900268554688,14.886478424072266,14.723784446716309,14.805130958557129,1.8276513814926147,764319
1997-01-06,14.859362602233887,15.238981246948242,14.859362602233887,14.994940757751465,1.8510831594467163,980062
1997-01-07,14.994940757751465,15.022055625915527,14.805130958557129,14.967824935913086,1.847736120223999,644001
1997-01-08,15.022055625915527,15.049172401428223,14.832246780395508,14.886478424072266,1.837693452835083,431486
1997-01-09,14.886478424072266,15.130518913269043,14.886478424072266,15.076288223266602,1.8611252307891846,364642
1997-01-10,14.994940757751465,15.37455940246582,14.886478424072266,15.184749603271484,1.8745142221450806,624179
1997-01-13,15.184749603271484,15.184749603271484,14.940709114074707,14.967824935913086,1.847736120223999,550882
1997-01-14,14.994940757751465,15.184749603271484,14.994940757751465,15.103403091430664,1.864471435546875,450847
1997-01-15,15.049172401428223,15.157633781433105,14.913594245910645,15.076288223266602,1.8611252307891846,670278
1997-01-16,15.022055625915527,15.049172401428223,14.805130958557129,14.940709114074707,1.8443876504898071,644001
1997-01-17,14.967824935913086,15.21186637878418,14.967824935913086,15.184749603271484,1.8745142221450806,1277400
1997-01-20,15.266097068786621,15.971102714538574,15.266097068786621,15.754178047180176,1.9448086023330688,2382390
1997-01-21,15.645715713500977,15.672830581665039,15.48302173614502,15.537253379821777,1.9180291891098022,1527717
1997-01-22,15.45590591430664,15.727063179016113,15.45590591430664,15.618599891662598,1.928071141242981,1087473
1997-01-23,15.564369201660156,15.998218536376953,15.564369201660156,15.591484069824219,1.924723744392395,790135
1997-01-24,15.645715713500977,15.672830581665039,15.293212890625,15.293212890625,1.8879032135009766,826553
1997-01-27,15.21186637878418,15.347443580627441,15.184749603271484,15.21186637878418,1.8778612613677979,1312896
1997-01-28,15.293212890625,15.320327758789062,14.940709114074707,14.994940757751465,1.8510831594467163,636165
1997-01-29,15.076288223266602,15.266097068786621,15.076288223266602,15.184749603271484,1.8745142221450806,652299
1997-01-30,15.103403091430664,15.320327758789062,15.103403091430664,15.320327758789062,1.9424185752868652,829319
1997-01-31,15.320327758789062,15.564369201660156,15.157633781433105,15.184749603271484,1.9252291917800903,885099
1997-02-03,15.157633781433105,15.157633781433105,14.967824935913086,15.157633781433105,1.9217907190322876,548577
1997-02-04,15.157633781433105,15.293212890625,15.157633781433105,15.266097068786621,1.9355427026748657,337444
1997-02-05,15.320327758789062,15.37455940246582,15.049172401428223,15.076288223266602,1.9114782810211182,498790
1997-02-06,15.076288223266602,15.320327758789062,14.940709114074707,15.266097068786621,1.9355427026748657,975913
1997-02-07,15.293212890625,15.428791046142578,15.266097068786621,15.4016752243042,1.9527323246002197,492797
1997-02-10,15.428791046142578,15.564369201660156,15.4016752243042,15.45590591430664,1.9596070051193237,711767
1997-02-11,15.45590591430664,15.754178047180176,15.428791046142578,15.727063179016113,1.9939870834350586,1164919
1997-02-12,15.672830581665039,15.971102714538574,15.672830581665039,15.971102714538574,2.0249276161193848,490031
1997-02-13,16.079565048217773,16.296491622924805,16.025333404541016,16.13379669189453,2.0455548763275146,673966
1997-02-14,16.18802833557129,16.18802833557129,15.862641334533691,15.916872024536133,2.018052816390991,421805
1997-02-18,15.971102714538574,16.05245018005371,15.889756202697754,15.998218536376953,2.0283660888671875,419039
1997-02-19,15.889756202697754,16.025333404541016,15.781293869018555,15.808408737182617,2.004301071166992,661519
1997-02-20,15.754178047180176,15.889756202697754,15.727063179016113,15.781293869018555,2.000863552093506,331451
1997-02-21,15.781293869018555,15.862641334533691,15.645715713500977,15.699947357177734,1.990548849105835,572087
1997-02-24,15.591484069824219,15.727063179016113,15.591484069824219,15.699947357177734,1.990548849105835,638931
1997-02-25,15.699947357177734,15.889756202697754,15.618599891662598,15.754178047180176,1.9974249601364136,579463
1997-02-26,15.727063179016113,15.998218536376953,15.591484069824219,15.971102714538574,2.0249276161193848,887403
1997-02-27,15.943987846374512,15.971102714538574,15.754178047180176,15.754178047180176,1.9974249601364136,490031
1997-02-28,15.699947357177734,15.754178047180176,15.564369201660156,15.564369201660156,1.9733591079711914,357727
1997-03-03,15.510137557983398,15.781293869018555,15.45590591430664,15.781293869018555,2.000863552093506,864815
1997-03-04,15.727063179016113,15.808408737182617,15.564369201660156,15.618599891662598,1.980234980583191,462833
1997-03-05,15.645715713500977,15.727063179016113,15.591484069824219,15.699947357177734,1.990548849105835,568399
1997-03-06,15.672830581665039,15.835524559020996,15.618599891662598,15.618599891662598,1.980234980583191,609427
1997-03-07,15.672830581665039,15.916872024536133,15.672830581665039,15.781293869018555,2.000863552093506,504322
1997-03-10,15.781293869018555,15.862641334533691,15.727063179016113,15.754178047180176,1.9974249601364136,342976
1997-03-11,15.781293869018555,15.808408737182617,15.699947357177734,15.781293869018555,2.000863552093506,358188
1997-03-12,15.754178047180176,15.971102714538574,15.754178047180176,15.862641334533691,2.011176824569702,822865
1997-03-13,15.808408737182617,15.808408737182617,15.672830581665039,15.672830581665039,1.9871115684509277,386309
1997-03-14,15.699947357177734,16.025333404541016,15.672830581665039,15.889756202697754,2.014613628387451,604356
1997-03-17,15.889756202697754,16.160913467407227,15.889756202697754,16.13379669189453,2.0455548763275146,520917
1997-03-18,16.10668182373047,16.21514320373535,15.862641334533691,15.889756202697754,2.014613628387451,408897
1997-03-19,15.835524559020996,15.943987846374512,15.835524559020996,15.889756202697754,2.014613628387451,476201
1997-03-20,15.889756202697754,15.943987846374512,15.808408737182617,15.889756202697754,2.014613628387451,415351
1997-03-21,16.05245018005371,16.05245018005371,15.862641334533691,15.889756202697754,2.014613628387451,900311
1997-03-24,15.943987846374512,16.13379669189453,15.889756202697754,15.998218536376953,2.0283660888671875,898928
1997-03-25,16.025333404541016,16.05245018005371,15.808408737182617,15.808408737182617,2.004301071166992,377550
1997-03-26,15.808408737182617,15.998218536376953,15.808408737182617,15.943987846374512,2.0214905738830566,663824
1997-03-27,15.943987846374512,16.05245018005371,15.45590591430664,15.48302173614502,1.9630451202392578,642618
1997-03-31,15.510137557983398,15.591484069824219,15.320327758789062,15.320327758789062,1.9424185752868652,806730
1997-04-01,15.320327758789062,15.320327758789062,15.022055625915527,15.103403091430664,1.9149160385131836,1001729
1997-04-02,15.076288223266602,15.157633781433105,14.967824935913086,15.022055625915527,1.904602289199829,537052
1997-04-03,14.940709114074707,15.049172401428223,14.832246780395508,14.940709114074707,1.894288182258606,466060
1997-04-04,14.859362602233887,15.103403091430664,14.642437934875488,15.103403091430664,1.9149160385131836,597442
1997-04-07,15.103403091430664,15.564369201660156,15.076288223266602,15.37455940246582,1.9492944478988647,928892
1997-04-08,15.320327758789062,15.48302173614502,15.320327758789062,15.45590591430664,1.9596070051193237,307480
1997-04-09,15.48302173614502,15.48302173614502,15.184749603271484,15.21186637878418,1.9286671876907349,751873
1997-04-10,15.157633781433105,15.347443580627441,15.130518913269043,15.293212890625,1.9389809370040894,652760
1997-04-11,15.293212890625,15.347443580627441,15.21186637878418,15.266097068786621,1.9355427026748657,577619
1997-04-14,15.184749603271484,15.21186637878418,14.886478424072266,15.049172401428223,1.908039927482605,832546
1997-04-15,15.022055625915527,15.184749603271484,15.022055625915527,15.184749603271484,1.9252291917800903,749107
1997-04-16,15.238981246948242,15.510137557983398,15.184749603271484,15.510137557983398,1.966483473777771,1138181
1997-04-17,15.510137557983398,15.672830581665039,15.48302173614502,15.537253379821777,1.9699220657348633,1158926
1997-04-18,15.564369201660156,15.672830581665039,15.45590591430664,15.537253379821777,1.9699220657348633,963006
1997-04-21,15.48302173614502,15.835524559020996,15.48302173614502,15.672830581665039,1.9871115684509277,658292
1997-04-22,15.672830581665039,15.808408737182617,15.591484069824219,15.781293869018555,2.000863552093506,751873
1997-04-23,15.862641334533691,16.323606491088867,15.862641334533691,16.26937484741211,2.06274676322937,1091622
1997-04-24,16.432069778442383,16.513416290283203,16.10668182373047,16.10668182373047,2.0421173572540283,1419385
1997-04-25,16.10668182373047,16.18802833557129,15.998218536376953,16.05245018005371,2.0352420806884766,741270
1997-04-28,16.025333404541016,16.10668182373047,15.971102714538574,16.025333404541016,2.031803846359253,364181
1997-04-29,16.079565048217773,16.404953002929688,16.079565048217773,16.377838134765625,2.0764973163604736,1019246
1997-04-30,16.35072135925293,16.404953002929688,16.21514320373535,16.242258071899414,2.059307336807251,1207330
1997-05-01,16.10668182373047,16.513416290283203,16.079565048217773,16.513416290283203,2.151984214782715,1857324
1997-05-02,16.540531158447266,16.676109313964844,16.513416290283203,16.676109313964844,2.173184871673584,802582
1997-05-05,16.703224182128906,16.893033981323242,16.64899444580078,16.893033981323242,2.201453447341919,1479774
1997-05-06,16.838802337646484,17.218421936035156,16.811687469482422,17.137075424194336,2.233257293701172,2138988
1997-05-07,17.1641902923584,17.1641902923584,16.974380493164062,17.001497268676758,2.2155895233154297,1203642
1997-05-08,16.947265625,17.02861213684082,16.86591911315918,16.893033981323242,2.201453447341919,1122969
1997-05-09,16.86591911315918,16.974380493164062,16.757455825805664,16.920150756835938,2.2049880027770996,1139103
1997-05-12,16.920150756835938,17.272653579711914,16.920150756835938,17.1641902923584,2.236790180206299,1299066
1997-05-13,17.19130516052246,17.19130516052246,17.055728912353516,17.1641902923584,2.236790180206299,1285698
1997-05-14,17.19130516052246,17.32688331604004,17.19130516052246,17.299768447875977,2.254457473754883,1715339
1997-05-15,17.24553871154785,17.32688331604004,17.137075424194336,17.299768447875977,2.254457473754883,1116054
1997-05-16,17.32688331604004,17.32688331604004,17.1641902923584,17.19130516052246,2.2403247356414795,779532
1997-05-19,17.1641902923584,17.218421936035156,17.10995864868164,17.10995864868164,2.2297239303588867,850985
1997-05-20,17.082843780517578,17.218421936035156,17.055728912353516,17.19130516052246,2.2403247356414795,1637893
1997-05-21,17.19130516052246,17.218421936035156,17.055728912353516,17.10995864868164,2.2297239303588867,836234
1997-05-22,17.1641902923584,17.218421936035156,17.02861213684082,17.137075424194336,2.233257293701172,953325
1997-05-23,17.10995864868164,17.38111686706543,17.10995864868164,17.32688331604004,2.257993459701538,559640
1997-05-27,17.299768447875977,17.489578247070312,17.24553871154785,17.408231735229492,2.2685933113098145,577619
1997-05-28,17.354000091552734,17.489578247070312,17.299768447875977,17.408231735229492,2.2685933113098145,364642
1997-05-29,17.354000091552734,17.354000091552734,17.218421936035156,17.32688331604004,2.257993459701538,679498
1997-05-30,17.272653579711914,17.38111686706543,17.218421936035156,17.299768447875977,2.254457473754883,636165
1997-06-02,17.299768447875977,17.299768447875977,17.1641902923584,17.24553871154785,2.24739146232605,536591
1997-06-03,17.19130516052246,17.54380989074707,17.137075424194336,17.46246337890625,2.2756612300872803,561023
1997-06-04,17.408231735229492,17.54380989074707,17.38111686706543,17.435346603393555,2.272127151489258,482655
1997-06-05,17.38111686706543,17.62515640258789,17.32688331604004,17.354000091552734,2.261526346206665,790596
1997-06-06,17.38111686706543,17.652271270751953,17.38111686706543,17.598041534423828,2.2933290004730225,609427
1997-06-09,17.62515640258789,17.814966201782227,17.62515640258789,17.814966201782227,2.3215980529785156,379855
1997-06-10,17.92342758178711,18.248815536499023,17.896312713623047,18.22170066833496,2.374603748321533,1016941
1997-06-11,18.248815536499023,18.547088623046875,18.167469024658203,18.465740203857422,2.406405210494995,1212401
1997-06-12,18.492855072021484,18.872474670410156,18.3843936920166,18.872474670410156,2.4594104290008545,1300910
1997-06-13,18.872474670410156,19.4283447265625,18.872474670410156,19.008052825927734,2.4770777225494385,1777112
1997-06-16,19.03516960144043,19.19786262512207,18.980937957763672,19.11651611328125,2.4912116527557373,667973
1997-06-17,19.062284469604492,19.224977493286133,18.845359802246094,19.11651611328125,2.4912116527557373,829319
1997-06-18,19.11651611328125,19.49613380432129,18.980937957763672,19.44190216064453,2.5336155891418457,844071
1997-06-19,19.41478729248047,19.41478729248047,19.170747756958008,19.306325912475586,2.51594877243042,1279244
1997-06-20,19.306325912475586,19.36055564880371,19.089399337768555,19.089399337768555,2.487678289413452,1050594
1997-06-23,19.03516960144043,19.143630981445312,18.736896514892578,18.736896514892578,2.441741943359375,1190273
1997-06-24,18.736896514892578,19.008052825927734,18.709781646728516,19.008052825927734,2.4770777225494385,810418
1997-06-25,19.089399337768555,19.41478729248047,18.980937957763672,18.980937957763672,2.4735450744628906,771695
1997-06-26,18.926706314086914,18.926706314086914,18.655550003051758,18.736896514892578,2.441741943359375,822865
1997-06-27,18.764013290405273,19.089399337768555,18.764013290405273,18.831802368164062,2.454108715057373,1137720
1997-06-30,18.81824493408203,18.980937957763672,18.601318359375,18.940263748168945,2.46824312210083,555492
1997-07-01,18.845359802246094,18.994495391845703,18.628433227539062,18.736896514892578,2.441741943359375,491875
1997-07-02,18.764013290405273,18.81824493408203,18.628433227539062,18.764013290405273,2.44527530670166,644923
1997-07-03,18.764013290405273,19.03516960144043,18.764013290405273,18.926706314086914,2.4664759635925293,587300
1997-07-07,18.980937957763672,19.10295867919922,18.736896514892578,18.81824493408203,2.4523420333862305,454996
1997-07-08,18.81824493408203,19.062284469604492,18.655550003051758,18.66910743713379,2.43290638923645,989282
1997-07-09,18.66910743713379,18.872474670410156,18.275930404663086,18.28948974609375,2.383436441421509,1054742
1997-07-10,18.28948974609375,18.43862533569336,17.76073455810547,17.896312713623047,2.332198143005371,1905267
1997-07-11,18.00477409362793,18.275930404663086,18.00477409362793,18.248815536499023,2.378135919570923,1029388
1997-07-14,18.248815536499023,18.69622230529785,18.248815536499023,18.628433227539062,2.4276068210601807,2032500
1997-07-15,18.682666778564453,19.143630981445312,18.641992568969727,19.143630981445312,2.494746208190918,2423418
1997-07-16,19.143630981445312,19.821521759033203,19.089399337768555,19.69950294494629,2.567185878753662,2899620
1997-07-17,19.740175247192383,19.753732681274414,19.41478729248047,19.469018936157227,2.5371499061584473,3562061
1997-07-18,19.469018936157227,19.469018936157227,19.143630981445312,19.143630981445312,2.494746208190918,1217010
1997-07-21,19.03516960144043,19.11651611328125,18.940263748168945,19.089399337768555,2.487678289413452,1946295
1997-07-22,19.089399337768555,19.57748031616211,19.03516960144043,19.536808013916016,2.5459840297698975,1188429
1997-07-23,19.604597091674805,19.658828735351562,19.41478729248047,19.49613380432129,2.540682554244995,987438
1997-07-24,19.523250579833984,19.740175247192383,19.387672424316406,19.6317138671875,2.5583510398864746,531520
1997-07-25,19.604597091674805,19.740175247192383,19.536808013916016,19.618154525756836,2.556584358215332,288118
1997-07-28,19.658828735351562,19.780847549438477,19.550365447998047,19.591039657592773,2.5530507564544678,741731
1997-07-29,19.591039657592773,19.591039657592773,19.41478729248047,19.469018936157227,2.5371499061584473,1102685
1997-07-30,19.49613380432129,19.713058471679688,19.49613380432129,19.604597091674805,2.5548179149627686,739426
1997-07-31,19.57748031616211,19.767290115356445,19.44190216064453,19.591039657592773,2.6116652488708496,750029
1997-08-01,19.57748031616211,19.69950294494629,19.008052825927734,19.008052825927734,2.5339486598968506,1318428
1997-08-04,19.021610260009766,19.469018936157227,18.994495391845703,19.4283447265625,2.589977979660034,820099
1997-08-05,19.306325912475586,19.319883346557617,19.03516960144043,19.19786262512207,2.5592517852783203,744958
1997-08-06,19.224977493286133,19.41478729248047,19.11651611328125,19.41478729248047,2.5881705284118652,1407860
1997-08-07,19.41478729248047,19.618154525756836,19.41478729248047,19.50969123840332,2.600820541381836,1632822
1997-08-08,19.469018936157227,19.469018936157227,18.980937957763672,18.980937957763672,2.5303351879119873,493258
1997-08-11,18.980937957763672,19.13007354736328,18.953821182250977,19.008052825927734,2.5339486598968506,685029
1997-08-12,19.089399337768555,19.18430519104004,18.845359802246094,18.858917236328125,2.5140676498413086,800738
1997-08-13,18.89959144592285,18.926706314086914,18.709781646728516,18.764013290405273,2.5014164447784424,722830
1997-08-14,18.709781646728516,19.157188415527344,18.709781646728516,19.04872703552246,2.539371967315674,1199032
1997-08-15,18.872474670410156,18.872474670410156,18.547088623046875,18.641992568969727,2.4851503372192383,930736
1997-08-18,18.58776092529297,18.628433227539062,18.30304718017578,18.628433227539062,2.4833428859710693,509854
1997-08-19,18.81824493408203,18.96738052368164,18.764013290405273,18.81824493408203,2.5086464881896973,522300
1997-08-20,18.81824493408203,19.306325912475586,18.804685592651367,19.292766571044922,2.5719027519226074,725596
1997-08-21,19.306325912475586,19.306325912475586,19.04872703552246,19.04872703552246,2.539371967315674,791057
1997-08-22,19.04872703552246,19.224977493286133,18.994495391845703,19.18430519104004,2.5574443340301514,541662
1997-08-25,19.19786262512207,19.469018936157227,19.19786262512207,19.33344078063965,2.5773258209228516,381699
1997-08-26,19.27920913696289,19.44190216064453,19.19786262512207,19.27920913696289,2.570096254348755,892935
1997-08-27,19.224977493286133,19.50969123840332,19.11651611328125,19.49613380432129,2.5990149974823,840844
1997-08-28,19.469018936157227,19.79440689086914,19.41478729248047,19.523250579833984,2.602630376815796,1471015
1997-08-29,19.523250579833984,19.685943603515625,19.44190216064453,19.536808013916016,2.6044368743896484,712689
1997-09-02,19.536808013916016,19.862194061279297,19.536808013916016,19.8486385345459,2.646007537841797,709462
1997-09-03,19.767290115356445,20.187583923339844,19.767290115356445,20.09267807006836,2.6785387992858887,1155699
1997-09-04,20.146909713745117,20.390949249267578,20.065563201904297,20.296045303344727,2.705648899078369,994353
1997-09-05,20.296045303344727,20.390949249267578,19.929983139038086,19.997772216796875,2.6658883094787598,1450271
1997-09-08,20.052005767822266,20.282487869262695,20.02488899230957,20.146909713745117,2.685767889022827,650455
1997-09-09,20.09267807006836,20.201141357421875,20.065563201904297,20.119794845581055,2.6821539402008057,421805
1997-09-10,20.119794845581055,20.16046714782715,19.902868270874023,20.02488899230957,2.6695029735565186,1364527
1997-09-11,20.01133155822754,20.052005767822266,19.780847549438477,19.929983139038086,2.6568496227264404,683646
1997-09-12,19.8486385345459,20.02488899230957,19.685943603515625,20.01133155822754,2.6676952838897705,907226
1997-09-15,19.95709991455078,20.133352279663086,19.916427612304688,19.916427612304688,2.655043363571167,373401
1997-09-16,19.997772216796875,20.377391815185547,19.997772216796875,20.377391815185547,2.7164947986602783,549038
1997-09-17,20.32316017150879,20.458738327026367,20.17402458190918,20.25537109375,2.700227737426758,529215
1997-09-18,20.282487869262695,20.445180892944336,20.268930435180664,20.309602737426758,2.7074575424194336,524144
1997-09-19,20.282487869262695,20.580759048461914,20.16046714782715,20.390949249267578,2.7183024883270264,1112366
1997-09-22,20.445180892944336,20.709558486938477,20.418066024780273,20.567201614379883,2.741797685623169,303331
1997-09-23,20.54008674621582,20.60787582397461,20.16046714782715,20.363834381103516,2.7146875858306885,592371
1997-09-24,20.228256225585938,20.716337203979492,20.02488899230957,20.065563201904297,2.674923896789551,826553
1997-09-25,20.01133155822754,20.25537109375,19.767290115356445,19.835079193115234,2.644198179244995,891091
1997-09-26,19.835079193115234,20.10623550415039,19.658828735351562,19.87575340270996,2.6496214866638184,874957
1997-09-29,19.87575340270996,20.17402458190918,19.87575340270996,20.079120635986328,2.676732301712036,927970
1997-09-30,20.0384464263916,20.228256225585938,19.902868270874023,20.0384464263916,2.6713109016418457,786447
1997-10-01,20.0384464263916,20.47229766845703,20.0384464263916,20.17402458190918,2.6893837451934814,1197188
1997-10-02,20.17402458190918,20.83835792541504,20.17402458190918,20.811241149902344,2.774329900741577,973147
1997-10-03,20.75701141357422,20.960378646850586,20.16046714782715,20.512969970703125,2.734567880630493,1325804
1997-10-06,20.70277976989746,21.23153305053711,20.70277976989746,21.23153305053711,2.8303589820861816,714533
1997-10-07,21.21797752380371,21.638269424438477,21.136629104614258,21.51624870300293,2.8683133125305176,573931
1997-10-08,21.462017059326172,21.6924991607666,21.312881469726562,21.462017059326172,2.8610849380493164,1411548
1997-10-09,21.407785415649414,22.42462158203125,21.35355567932129,22.34327507019043,2.978564977645874,1665553
1997-10-10,22.12635040283203,22.12635040283203,21.651826858520508,21.719615936279297,2.8954262733459473,3626138
1997-10-13,21.719615936279297,22.34327507019043,21.35355567932129,21.475574493408203,2.8628933429718018,2627636
1997-10-14,21.638269424438477,21.706058502197266,21.556922912597656,21.6924991607666,2.8918097019195557,2876109
1997-10-15,21.6924991607666,21.909425735473633,21.6924991607666,21.76028823852539,2.9008469581604004,1741155
1997-10-16,21.922983169555664,22.34327507019043,21.82807731628418,22.04500389099121,2.9388017654418945,1312435
1997-10-17,21.990772247314453,22.004329681396484,21.394227981567383,21.58403778076172,2.877349853515625,1363605
1997-10-20,21.58403778076172,21.59759521484375,21.44845962524414,21.489133834838867,2.8647007942199707,810879
1997-10-21,21.44845962524414,22.3297176361084,21.44845962524414,22.3297176361084,2.9767580032348633,1431831
1997-10-22,22.3297176361084,22.35683250427246,22.085676193237305,22.289043426513672,2.971334218978882,1756828
1997-10-23,22.289043426513672,22.289043426513672,21.733173370361328,21.800962448120117,2.9062671661376953,1172756
1997-10-24,21.909425735473633,21.922983169555664,21.638269424438477,21.66538429260254,2.888195037841797,1921401
1997-10-27,21.61115264892578,21.617931365966797,20.70277976989746,20.716337203979492,2.76167893409729,570243
1997-10-28,20.77056884765625,21.394227981567383,20.10623550415039,21.394227981567383,2.852047920227051,1848565
1997-10-29,21.407785415649414,21.841636657714844,20.960378646850586,21.2857666015625,2.83758807182312,1198571
1997-10-30,21.150188446044922,21.326438903808594,20.85191535949707,21.041725158691406,2.8642630577087402,1210096
1997-10-31,21.055282592773438,21.163745880126953,20.662105560302734,20.960378646850586,2.8531908988952637,1854097
1997-11-03,20.98749351501465,21.258649826049805,20.933263778686523,21.095956802368164,2.871645212173462,2141293
1997-11-04,21.095956802368164,21.258649826049805,20.960378646850586,21.23153305053711,2.8900997638702393,1451193
1997-11-05,21.245092391967773,21.272207260131836,21.136629104614258,21.23153305053711,2.8900997638702393,1104529
1997-11-06,21.123071670532227,21.394227981567383,21.123071670532227,21.258649826049805,2.8937923908233643,1244209
1997-11-07,21.095956802368164,21.177303314208984,20.892589569091797,21.123071670532227,2.875336170196533,1088395
1997-11-10,21.123071670532227,21.326438903808594,21.0823974609375,21.136629104614258,2.8771817684173584,1184280
1997-11-11,21.2857666015625,21.6924991607666,21.2857666015625,21.2993221282959,2.899326801300049,1085629
1997-11-12,21.109514236450195,21.190860748291016,20.418066024780273,20.60787582397461,2.8052072525024414,1045984
1997-11-13,20.62143325805664,20.91970443725586,20.60787582397461,20.70277976989746,2.8181254863739014,1322577
1997-11-14,20.729894638061523,20.743452072143555,20.485855102539062,20.55364418029785,2.7978246212005615,1534632
1997-11-17,20.60787582397461,20.824800491333008,20.499412536621094,20.60787582397461,2.8052072525024414,1956898
1997-11-18,20.60787582397461,20.60787582397461,20.25537109375,20.350276947021484,2.7701416015625,2037110
1997-11-19,20.350276947021484,20.445180892944336,20.146909713745117,20.24181365966797,2.755378007888794,1070877
1997-11-20,20.282487869262695,20.390949249267578,20.214698791503906,20.268930435180664,2.7590675354003906,1578887
1997-11-21,20.282487869262695,20.309602737426758,20.146909713745117,20.228256225585938,2.7535316944122314,1765126
1997-11-24,20.228256225585938,20.390949249267578,20.16046714782715,20.17402458190918,2.7461490631103516,1762360
1997-11-25,20.228256225585938,20.404508590698242,20.17402458190918,20.296045303344727,2.76275897026062,1464100
1997-11-26,20.268930435180664,20.363834381103516,20.25537109375,20.25537109375,2.75722336769104,1163075
1997-11-28,20.363834381103516,20.62143325805664,20.363834381103516,20.485855102539062,2.788597345352173,507549
1997-12-01,20.54008674621582,20.634990692138672,20.268930435180664,20.404508590698242,2.777524709701538,1162153
1997-12-02,20.458738327026367,20.662105560302734,20.377391815185547,20.580759048461914,2.80151629447937,1288925
1997-12-03,20.580759048461914,20.879030227661133,20.55364418029785,20.743452072143555,2.8236615657806396,1391725
1997-12-04,20.68922233581543,20.906147003173828,20.60787582397461,20.60787582397461,2.8052072525024414,762015
1997-12-05,20.580759048461914,20.811241149902344,20.526527404785156,20.6756649017334,2.8144338130950928,413968
1997-12-08,20.648548126220703,20.743452072143555,20.377391815185547,20.485855102539062,2.788597345352173,690561
1997-12-09,20.54008674621582,20.594316482543945,20.336719512939453,20.485855102539062,2.788597345352173,452230
1997-12-10,20.404508590698242,20.47229766845703,20.336719512939453,20.418066024780273,2.7793662548065186,1060735
1997-12-11,20.363834381103516,20.363834381103516,20.119794845581055,20.201141357421875,2.749840021133423,965311
1997-12-12,20.228256225585938,20.363834381103516,20.065563201904297,20.079120635986328,2.73323130607605,1562752
1997-12-15,20.09267807006836,20.282487869262695,20.065563201904297,20.282487869262695,2.760913610458374,1698283
1997-12-16,20.296045303344727,20.390949249267578,19.87575340270996,19.889310836791992,2.7073941230773926,1414314
1997-12-17,19.94354248046875,20.17402458190918,19.94354248046875,19.970657348632812,2.7184674739837646,499251
1997-12-18,19.997772216796875,19.997772216796875,19.672386169433594,19.807964324951172,2.696319580078125,989743
1997-12-19,19.6317138671875,19.672386169433594,19.319883346557617,19.536808013916016,2.6594114303588867,1440129
1997-12-22,19.523250579833984,19.523250579833984,19.252094268798828,19.252094268798828,2.6206538677215576,1948139
1997-12-23,19.252094268798828,19.319883346557617,18.831802368164062,18.89959144592285,2.5726702213287354,1798317
1997-12-24,18.872474670410156,18.980937957763672,18.872474670410156,18.89959144592285,2.5726702213287354,832546
1997-12-26,19.008052825927734,19.089399337768555,18.872474670410156,18.872474670410156,2.568979263305664,728823
1997-12-29,19.03516960144043,19.03516960144043,18.872474670410156,18.886032104492188,2.570824384689331,1471937
1997-12-30,18.872474670410156,18.872474670410156,18.547088623046875,18.831802368164062,2.563441276550293,2031117
1997-12-31,18.858917236328125,19.36055564880371,18.777570724487305,19.36055564880371,2.6354172229766846,657831
1998-01-02,19.306325912475586,19.319883346557617,18.913148880004883,18.96738052368164,2.5818986892700195,1398179
1998-01-05,19.238536834716797,19.292766571044922,19.089399337768555,19.27920913696289,2.624344825744629,2417886
1998-01-06,19.27920913696289,19.618154525756836,19.27920913696289,19.57748031616211,2.6649467945098877,1528178
1998-01-07,19.563922882080078,19.740175247192383,19.482576370239258,19.604597091674805,2.668637990951538,2025124
1998-01-08,19.821521759033203,19.94354248046875,19.618154525756836,19.780847549438477,2.6926283836364746,1331797
1998-01-09,19.740175247192383,19.753732681274414,18.628433227539062,18.66910743713379,2.541295289993286,3060505
1998-01-12,18.492855072021484,19.170747756958008,18.479297637939453,19.021610260009766,2.58927845954895,1920018
1998-01-13,19.008052825927734,19.387672424316406,18.89959144592285,19.319883346557617,2.6298813819885254,1931543
1998-01-14,19.36055564880371,19.6317138671875,19.319883346557617,19.591039657592773,2.666792392730713,1273251
1998-01-15,19.591039657592773,19.807964324951172,19.536808013916016,19.672386169433594,2.6778643131256104,861588
1998-01-16,19.740175247192383,20.201141357421875,19.740175247192383,20.052005767822266,2.729539632797241,1144635
1998-01-20,19.997772216796875,19.997772216796875,19.224977493286133,19.252094268798828,2.6206538677215576,1266797
1998-01-21,19.306325912475586,19.550365447998047,19.306325912475586,19.469018936157227,2.650181531906128,2220122
1998-01-22,19.44190216064453,19.57748031616211,19.306325912475586,19.401229858398438,2.64095401763916,1849487
1998-01-23,19.387672424316406,19.550365447998047,19.157188415527344,19.170747756958008,2.6095800399780273,2589374
1998-01-26,19.089399337768555,19.306325912475586,18.980937957763672,19.224977493286133,2.616962432861328,1400945
1998-01-27,19.224977493286133,19.238536834716797,19.11651611328125,19.11651611328125,2.6021995544433594,1661865
1998-01-28,19.11651611328125,19.306325912475586,19.03516960144043,19.04872703552246,2.592970609664917,1317045
1998-01-29,19.11651611328125,20.0384464263916,19.089399337768555,19.753732681274414,2.6889381408691406,1692290
1998-01-30,19.69950294494629,19.807964324951172,19.41478729248047,19.469018936157227,2.650181531906128,894779
1998-02-02,19.57748031616211,20.24181365966797,19.57748031616211,20.201141357421875,2.749840021133423,1218854
1998-02-03,20.146909713745117,20.418066024780273,20.146909713745117,20.418066024780273,2.7793662548065186,990665
1998-02-04,20.418066024780273,20.418066024780273,20.133352279663086,20.146909713745117,2.7424585819244385,644001
1998-02-05,20.16046714782715,20.526527404785156,20.16046714782715,20.24181365966797,2.816896915435791,1028005
1998-02-06,20.431623458862305,20.47229766845703,20.282487869262695,20.309602737426758,2.8263304233551025,1117898
1998-02-09,20.336719512939453,20.716337203979492,20.336719512939453,20.418066024780273,2.841423273086548,822404
1998-02-10,20.431623458862305,20.431623458862305,20.133352279663086,20.17402458190918,2.8074634075164795,1636510
1998-02-11,20.187583923339844,20.187583923339844,20.01133155822754,20.052005767822266,2.7904818058013916,1122047
1998-02-12,20.0384464263916,20.0384464263916,19.713058471679688,19.8486385345459,2.762181520462036,1431370
1998-02-13,19.862194061279297,19.889310836791992,19.713058471679688,19.753732681274414,2.7489752769470215,1566901
1998-02-17,19.95709991455078,20.6756649017334,19.95709991455078,20.052005767822266,2.7904818058013916,1943529
1998-02-18,19.8486385345459,20.17402458190918,19.753732681274414,20.02488899230957,2.7867093086242676,907687
1998-02-19,20.02488899230957,20.17402458190918,19.8486385345459,20.01133155822754,2.7848219871520996,1336868
1998-02-20,20.119794845581055,20.214698791503906,20.02488899230957,20.17402458190918,2.8074634075164795,2086896
1998-02-23,20.119794845581055,20.390949249267578,20.119794845581055,20.282487869262695,2.822557210922241,933963
1998-02-24,20.228256225585938,20.526527404785156,20.187583923339844,20.390949249267578,2.837651014328003,1243287
1998-02-25,20.404508590698242,20.892589569091797,20.390949249267578,20.68922233581543,2.879159450531006,1332719
1998-02-26,20.743452072143555,20.973936080932617,20.716337203979492,20.960378646850586,2.9168953895568848,710845
1998-02-27,20.946819305419922,21.095956802368164,20.77056884765625,20.83835792541504,2.899914503097534,859283
1998-03-02,20.811241149902344,20.811241149902344,20.512969970703125,20.75701141357422,2.888594150543213,514925
1998-03-03,20.648548126220703,20.8654727935791,20.526527404785156,20.75701141357422,2.888594150543213,518151
1998-03-04,20.85191535949707,21.136629104614258,20.797683715820312,20.973936080932617,2.918781280517578,980523
1998-03-05,20.879030227661133,20.892589569091797,20.6756649017334,20.743452072143555,2.886704683303833,651377
1998-03-06,20.68922233581543,21.150188446044922,20.62143325805664,20.743452072143555,2.886704683303833,1026622
1998-03-09,20.743452072143555,20.933263778686523,20.567201614379883,20.662105560302734,2.8753857612609863,695632
1998-03-10,20.662105560302734,21.163745880126953,20.634990692138672,20.933263778686523,2.9131197929382324,648611
1998-03-11,20.879030227661133,21.028167724609375,20.78412628173828,20.797683715820312,2.8942527770996094,468365
1998-03-12,20.743452072143555,21.028167724609375,20.68922233581543,20.8654727935791,2.9036865234375,1223925
1998-03-13,20.83835792541504,21.123071670532227,20.55364418029785,20.55364418029785,2.860292911529541,678115
1998-03-16,20.55364418029785,20.716337203979492,20.47229766845703,20.716337203979492,2.882932662963867,630633
1998-03-17,20.6756649017334,21.258649826049805,20.62143325805664,21.258649826049805,2.9584031105041504,883255
1998-03-18,21.163745880126953,21.339996337890625,20.892589569091797,21.326438903808594,2.967836380004883,849602
1998-03-19,21.43490219116211,21.462017059326172,21.123071670532227,21.272207260131836,2.9602882862091064,789674
1998-03-20,21.475574493408203,21.61115264892578,21.21797752380371,21.339996337890625,2.969721794128418,976835
1998-03-23,21.2857666015625,21.2857666015625,21.0688419342041,21.190860748291016,2.9489691257476807,1329031
1998-03-24,21.041725158691406,21.123071670532227,20.973936080932617,20.98749351501465,2.920667886734009,626023
1998-03-25,20.98749351501465,21.109514236450195,20.580759048461914,21.001052856445312,2.9225544929504395,1048289
1998-03-26,21.0688419342041,21.0688419342041,20.933263778686523,20.98749351501465,2.920667886734009,1085168
1998-03-27,21.001052856445312,21.001052856445312,20.60787582397461,20.83835792541504,2.899914503097534,746341
1998-03-30,20.78412628173828,20.824800491333008,20.512969970703125,20.580759048461914,2.864065408706665,1987323
1998-03-31,20.526527404785156,21.028167724609375,20.499412536621094,20.648548126220703,2.87349796295166,1146940
1998-04-01,20.6756649017334,20.68922233581543,20.268930435180664,20.282487869262695,2.822557210922241,1270946
1998-04-02,20.201141357421875,20.634990692138672,19.916427612304688,20.60787582397461,2.867839813232422,2634551
1998-04-03,20.60787582397461,20.60787582397461,20.25537109375,20.377391815185547,2.835763931274414,1567823
1998-04-06,20.377391815185547,20.390949249267578,20.09267807006836,20.201141357421875,2.811237335205078,2612424
1998-04-07,20.228256225585938,20.282487869262695,20.0384464263916,20.146909713745117,2.8036890029907227,1079175
1998-04-08,20.146909713745117,20.296045303344727,19.902868270874023,19.95709991455078,2.777275323867798,1392186
1998-04-09,19.916427612304688,20.187583923339844,19.916427612304688,20.146909713745117,2.8036890029907227,877723
1998-04-13,20.119794845581055,20.309602737426758,19.970657348632812,20.119794845581055,2.7999160289764404,1301371
1998-04-14,20.09267807006836,20.32316017150879,20.0384464263916,20.214698791503906,2.8131237030029297,1557681
1998-04-15,20.201141357421875,20.25537109375,19.87575340270996,19.929983139038086,2.7735016345977783,4621413
1998-04-16,19.8486385345459,20.065563201904297,19.821521759033203,19.821521759033203,2.7584078311920166,2521148
1998-04-17,19.95709991455078,19.997772216796875,19.33344078063965,19.69950294494629,2.7414276599884033,2324306
1998-04-20,19.591039657592773,19.6317138671875,19.143630981445312,19.143630981445312,2.6640713214874268,2148669
1998-04-21,19.089399337768555,19.089399337768555,18.764013290405273,19.03516960144043,2.648977279663086,3503976
1998-04-22,19.19786262512207,19.94354248046875,19.19786262512207,19.469018936157227,2.7093517780303955,3438055
1998-04-23,19.41478729248047,19.604597091674805,19.157188415527344,19.50969123840332,2.715012788772583,3896739
1998-04-24,19.536808013916016,19.929983139038086,19.4283447265625,19.740175247192383,2.7470879554748535,1978564
1998-04-27,19.6317138671875,19.713058471679688,19.33344078063965,19.4283447265625,2.703693151473999,3673620
1998-04-28,19.6452693939209,19.862194061279297,19.604597091674805,19.6452693939209,2.7338802814483643,1884522
1998-04-29,19.658828735351562,20.052005767822266,19.6452693939209,19.8486385345459,2.762181520462036,1508816
1998-04-30,19.87575340270996,20.17402458190918,19.87575340270996,20.0384464263916,2.8518145084381104,864815
1998-05-01,20.119794845581055,20.431623458862305,20.065563201904297,20.119794845581055,2.863391399383545,1473320
1998-05-04,20.119794845581055,20.214698791503906,19.79440689086914,19.970657348632812,2.842167377471924,2114095
1998-05-05,20.052005767822266,20.052005767822266,19.6452693939209,19.753732681274414,2.8112952709198,616342
1998-05-06,19.753732681274414,19.821521759033203,19.4283447265625,19.4283447265625,2.7649855613708496,632016
1998-05-07,19.4283447265625,19.79440689086914,19.374113082885742,19.57748031616211,2.7862119674682617,1920479
1998-05-08,19.57748031616211,19.997772216796875,19.57748031616211,19.835079193115234,2.822871446609497,1303676
1998-05-11,19.902868270874023,20.052005767822266,19.889310836791992,19.916427612304688,2.8344480991363525,560562
1998-05-12,19.902868270874023,19.902868270874023,19.6452693939209,19.72661781311035,2.8074357509613037,1103607
1998-05-13,19.6452693939209,19.6452693939209,19.252094268798828,19.41478729248047,2.763056993484497,1939841
1998-05-14,19.374113082885742,19.658828735351562,19.36055564880371,19.482576370239258,2.772705554962158,1016480
1998-05-15,19.49613380432129,19.49613380432129,19.34699821472168,19.36055564880371,2.7553391456604004,678115
1998-05-18,19.306325912475586,19.33344078063965,19.10295867919922,19.26565170288086,2.741832971572876,620030
1998-05-19,19.252094268798828,19.401229858398438,19.18430519104004,19.18430519104004,2.730255365371704,469287
1998-05-20,19.13007354736328,19.455461502075195,19.13007354736328,19.34699821472168,2.7534096240997314,893857
1998-05-21,19.401229858398438,19.49613380432129,19.292766571044922,19.4283447265625,2.7649855613708496,1620837
1998-05-22,19.4283447265625,19.563922882080078,19.306325912475586,19.563922882080078,2.7842824459075928,1220698
1998-05-26,19.563922882080078,19.8486385345459,19.563922882080078,19.658828735351562,2.79778790473938,1566440
1998-05-27,19.550365447998047,19.6317138671875,19.252094268798828,19.306325912475586,2.74762225151062,1815835
1998-05-28,19.33344078063965,19.6317138671875,19.252094268798828,19.455461502075195,2.768846035003662,1406477
1998-05-29,19.4283447265625,19.57748031616211,19.4283447265625,19.482576370239258,2.772705554962158,934424
1998-06-01,19.44190216064453,19.57748031616211,19.33344078063965,19.455461502075195,2.768846035003662,996197
1998-06-02,19.536808013916016,19.807964324951172,19.49613380432129,19.523250579833984,2.7784929275512695,1298145
1998-06-03,19.550365447998047,19.57748031616211,19.04872703552246,19.089399337768555,2.7167487144470215,1163997
1998-06-04,19.143630981445312,19.49613380432129,19.062284469604492,19.44190216064453,2.766916513442993,931658
1998-06-05,19.4283447265625,19.821521759033203,19.4283447265625,19.821521759033203,2.820941209793091,1263570
1998-06-08,19.821521759033203,20.01133155822754,19.604597091674805,19.604597091674805,2.7900702953338623,660136
1998-06-09,19.523250579833984,19.740175247192383,19.36055564880371,19.72661781311035,2.8074357509613037,1133111
1998-06-10,19.672386169433594,19.753732681274414,18.980937957763672,19.062284469604492,2.712890863418579,2400369
1998-06-11,19.089399337768555,19.143630981445312,18.560644149780273,18.655550003051758,2.6550040245056152,3860781
1998-06-12,18.655550003051758,18.655550003051758,18.059005737304688,18.425067901611328,2.6222023963928223,2414198
1998-06-15,18.3843936920166,18.3843936920166,17.828523635864258,17.84208106994629,2.539233922958374,886021
1998-06-16,18.00477409362793,18.397951126098633,17.869197845458984,18.397951126098633,2.6183438301086426,2171257
1998-06-17,18.37083625793457,18.709781646728516,18.30304718017578,18.50641441345215,2.6337788105010986,813645
1998-06-18,18.45218276977539,18.465740203857422,17.78784942626953,17.9912166595459,2.560457468032837,3958050
1998-06-19,17.9912166595459,18.086122512817383,17.652271270751953,17.652271270751953,2.512221097946167,1285237
1998-06-22,17.570924758911133,17.747177124023438,17.54380989074707,17.70650291442871,2.5199382305145264,747263
1998-06-23,17.76073455810547,17.977659225463867,17.720060348510742,17.84208106994629,2.539233922958374,915524
1998-06-24,17.32688331604004,17.340442657470703,17.09640121459961,17.09640121459961,2.433109998703003,1572894
1998-06-25,17.09640121459961,17.09640121459961,16.486299514770508,16.86591911315918,2.4003095626831055,4827936
1998-06-26,16.85236167907715,17.123516082763672,16.689666748046875,16.947265625,2.4118857383728027,1807537
1998-06-29,16.974380493164062,17.19130516052246,16.86591911315918,16.87947654724121,2.402238368988037,1158004
1998-06-30,16.93370819091797,17.069286346435547,16.85236167907715,16.86591911315918,2.4003095626831055,1466405
1998-07-01,16.893033981323242,17.150632858276367,16.87947654724121,17.10995864868164,2.435039758682251,1635127
1998-07-02,17.069286346435547,17.069286346435547,16.86591911315918,16.96082305908203,2.413815975189209,766624
1998-07-06,16.93370819091797,17.354000091552734,16.93370819091797,17.204864501953125,2.4485466480255127,522761
1998-07-07,17.069286346435547,17.137075424194336,16.920150756835938,16.920150756835938,2.4080276489257812,1820906
1998-07-08,16.93370819091797,17.069286346435547,16.703224182128906,16.703224182128906,2.377154588699341,3772733
1998-07-09,16.689666748046875,16.771013259887695,16.445627212524414,16.581205368041992,2.359788656234741,2137605
1998-07-10,16.56764793395996,16.56764793395996,16.310047149658203,16.3371639251709,2.3250579833984375,776305
1998-07-13,16.28293228149414,16.296491622924805,15.916872024536133,15.957545280456543,2.2710325717926025,1561369
1998-07-14,15.903313636779785,16.540531158447266,15.903313636779785,16.540531158447266,2.3540027141571045,1834275
1998-07-15,16.486299514770508,16.526973724365234,16.05245018005371,16.1202392578125,2.2941863536834717,1114210
1998-07-16,16.025333404541016,16.025333404541016,15.727063179016113,15.835524559020996,2.2536659240722656,2996427
1998-07-17,15.835524559020996,15.835524559020996,15.4016752243042,15.41523265838623,2.1938514709472656,3762130
1998-07-20,15.52369499206543,15.577926635742188,15.45590591430664,15.577926635742188,2.217005968093872,1725942
1998-07-21,15.4016752243042,15.48302173614502,15.320327758789062,15.361001968383789,2.1861324310302734,2144981
1998-07-22,15.306770324707031,15.442347526550293,15.171192169189453,15.21186637878418,2.1649086475372314,1630517
1998-07-23,15.184749603271484,15.266097068786621,14.805130958557129,14.805130958557129,2.1070237159729004,2853521
1998-07-24,14.859362602233887,14.913594245910645,14.561091423034668,14.61532211303711,2.0800111293792725,1416158
1998-07-27,14.561091423034668,14.561091423034668,14.317049980163574,14.411954879760742,2.051067590713501,3574046
1998-07-28,14.344165802001953,14.411954879760742,14.100125312805176,14.344165802001953,2.0414209365844727,4205140
1998-07-29,14.317049980163574,14.61532211303711,13.964547157287598,13.978104591369629,1.9893244504928589,1410626
1998-07-30,13.923872947692871,14.045893669128418,13.80185317993164,14.045893669128418,2.0639395713806152,3148093
1998-07-31,14.032336235046387,14.235703468322754,13.964547157287598,14.154356002807617,2.079876661300659,1602397
1998-08-03,14.154356002807617,14.235703468322754,14.045893669128418,14.113682746887207,2.0739006996154785,1797856
1998-08-04,14.113682746887207,14.154356002807617,13.856083869934082,13.883199691772461,2.0400335788726807,2176328
1998-08-05,13.856083869934082,14.07300853729248,13.842527389526367,14.045893669128418,2.0639395713806152,2437709
1998-08-06,14.018777847290039,14.276376724243164,14.005220413208008,14.235703468322754,2.0918314456939697,1678921
1998-08-07,14.235703468322754,14.533974647521973,14.235703468322754,14.411954879760742,2.1177303791046143,1609773
1998-08-10,14.520417213439941,14.561091423034668,14.357723236083984,14.42551326751709,2.1197211742401123,1419385
1998-08-11,14.317049980163574,14.317049980163574,14.018777847290039,14.276376724243164,2.097806930541992,1740694
1998-08-12,14.249260902404785,14.344165802001953,13.666275024414062,14.100125312805176,2.071908712387085,3233376
1998-08-13,14.100125312805176,14.154356002807617,13.991662979125977,14.005220413208008,2.057962656021118,1518958
1998-08-14,13.991662979125977,14.07300853729248,13.95098876953125,13.964547157287598,2.051985740661621,3023165
1998-08-17,14.018777847290039,14.127241134643555,13.95098876953125,13.964547157287598,2.051985740661621,2692636
1998-08-18,13.964547157287598,14.018777847290039,13.937431335449219,13.964547157287598,2.051985740661621,4161346
1998-08-19,13.964547157287598,14.208587646484375,13.80185317993164,13.815410614013672,2.030071496963501,1538781
1998-08-20,13.774738311767578,13.774738311767578,13.612044334411621,13.612044334411621,2.0001888275146484,1719488
1998-08-21,13.557812690734863,13.571370124816895,13.04261589050293,13.23242473602295,1.9444063901901245,2871960
1998-08-24,13.286656379699707,13.435791969299316,13.110404968261719,13.23242473602295,1.9444063901901245,960701
1998-08-25,13.23242473602295,13.571370124816895,13.20530891418457,13.245983123779297,1.946399211883545,1542930
1998-08-26,13.245983123779297,13.286656379699707,13.191752433776855,13.20530891418457,1.9404221773147583,2073528
1998-08-27,13.178194046020508,13.20530891418457,12.907037734985352,12.920595169067383,1.8985859155654907,2735047
1998-08-28,12.96126937866211,13.096846580505371,12.839247703552246,12.920595169067383,1.8985859155654907,1636971
1998-08-31,12.97482681274414,13.01550006866455,12.662997245788574,12.703669548034668,1.8667089939117432,1955515
1998-09-01,12.703669548034668,13.04261589050293,12.473188400268555,12.96126937866211,1.9045625925064087,2365795
1998-09-02,12.97482681274414,13.01550006866455,12.825691223144531,12.879921913146973,1.8926080465316772,1034459
1998-09-03,12.879921913146973,13.029058456420898,12.798575401306152,12.907037734985352,1.8965932130813599,2121010
1998-09-04,12.920595169067383,13.462907791137695,12.920595169067383,13.27309799194336,1.9503828287124634,2054166
1998-09-08,13.381561279296875,13.991662979125977,13.381561279296875,13.978104591369629,2.053978681564331,1171373
1998-09-09,13.896758079528809,13.896758079528809,12.798575401306152,13.056173324584961,1.9185072183609009,5532327
1998-09-10,13.056173324584961,13.178194046020508,12.934152603149414,13.001941680908203,1.910537838935852,1450732
1998-09-11,12.988384246826172,13.20530891418457,12.988384246826172,13.096846580505371,1.9244844913482666,1683070
1998-09-14,13.20530891418457,13.557812690734863,13.20530891418457,13.395118713378906,1.96831214427948,2196151
1998-09-15,13.395118713378906,13.666275024414062,13.340888023376465,13.530696868896484,1.988235592842102,885099
1998-09-16,13.584927558898926,14.317049980163574,13.584927558898926,14.100125312805176,2.071908712387085,2186470
1998-09-17,14.045893669128418,14.045893669128418,13.313772201538086,13.435791969299316,1.974290370941162,2190619
1998-09-18,13.435791969299316,13.598485946655273,13.38833999633789,13.422233581542969,1.9722973108291626,1575660
1998-09-21,13.422233581542969,13.666275024414062,13.368002891540527,13.517139434814453,1.9862438440322876,1134032
1998-09-22,13.517139434814453,13.774738311767578,13.422233581542969,13.706948280334473,2.014133930206299,2168491
1998-09-23,13.76117992401123,14.235703468322754,13.747621536254883,14.235703468322754,2.0918314456939697,876801
1998-09-24,14.235703468322754,14.533974647521973,13.896758079528809,14.045893669128418,2.0639395713806152,1236833
1998-09-25,14.018777847290039,14.018777847290039,13.734064102172852,13.95098876953125,2.0499942302703857,1095770
1998-09-28,13.991662979125977,14.208587646484375,13.991662979125977,14.167914390563965,2.0818698406219482,1026622
1998-09-29,14.167914390563965,14.249260902404785,14.086566925048828,14.181471824645996,2.083862066268921,666129
1998-09-30,14.100125312805176,14.100125312805176,13.476466178894043,13.598485946655273,1.9981958866119385,1065806
1998-10-01,13.598485946655273,13.666275024414062,13.069730758666992,13.20530891418457,1.9404221773147583,2067535
1998-10-02,13.20530891418457,13.462907791137695,13.20530891418457,13.259540557861328,1.9483908414840698,1513887
1998-10-05,13.259540557861328,13.584927558898926,13.110404968261719,13.530696868896484,1.988235592842102,846375
1998-10-06,13.584927558898926,13.720505714416504,13.286656379699707,13.368002891540527,1.9643285274505615,1536015
1998-10-07,13.368002891540527,14.42551326751709,13.368002891540527,14.289934158325195,2.0998005867004395,1471476
1998-10-08,14.181471824645996,14.181471824645996,13.530696868896484,13.883199691772461,2.0400335788726807,3195575
1998-10-09,13.883199691772461,14.167914390563965,13.883199691772461,14.045893669128418,2.0639395713806152,1221620
1998-10-12,14.07300853729248,14.452628135681152,14.07300853729248,14.357723236083984,2.1097609996795654,1540164
1998-10-13,14.249260902404785,15.157633781433105,14.208587646484375,14.506858825683594,2.1316750049591064,2224271
1998-10-14,14.506858825683594,14.805130958557129,14.42551326751709,14.479743957519531,2.127690553665161,1084707
1998-10-15,14.452628135681152,14.479743957519531,14.208587646484375,14.42551326751709,2.1197211742401123,1943990
1998-10-16,14.42551326751709,15.089844703674316,14.384839057922363,14.967824935913086,2.1994104385375977,2435865
1998-10-19,14.994940757751465,14.994940757751465,14.66955280303955,14.886478424072266,2.1874568462371826,1023856
1998-10-20,14.913594245910645,15.591484069824219,14.913594245910645,15.171192169189453,2.22929310798645,2019592
1998-10-21,15.171192169189453,15.171192169189453,14.750900268554688,14.872920036315918,2.1854655742645264,1231301
1998-10-22,14.818689346313477,14.818689346313477,14.289934158325195,14.62887954711914,2.1496047973632812,1232223
1998-10-23,14.62887954711914,14.940709114074707,14.384839057922363,14.42551326751709,2.1197211742401123,938112
1998-10-26,14.42551326751709,14.561091423034668,14.330608367919922,14.344165802001953,2.1077680587768555,508932
1998-10-27,14.398397445678711,14.750900268554688,14.398397445678711,14.533974647521973,2.1356592178344727,849141
1998-10-28,14.533974647521973,14.994940757751465,14.533974647521973,14.778016090393066,2.1715197563171387,841766
1998-10-29,14.778016090393066,14.967824935913086,14.750900268554688,14.954266548156738,2.197418451309204,765241
1998-10-30,14.967824935913086,14.967824935913086,14.533974647521973,14.683111190795898,2.1575746536254883,1040913
1998-11-02,14.73734188079834,15.238981246948242,14.73734188079834,15.157633781433105,2.227301597595215,2088740
1998-11-03,15.157633781433105,15.171192169189453,14.859362602233887,14.940709114074707,2.195427417755127,990204
1998-11-04,14.967824935913086,15.21186637878418,14.954266548156738,14.954266548156738,2.197418451309204,1848104
1998-11-05,14.845805168151855,15.076288223266602,14.574647903442383,15.049172401428223,2.2784011363983154,3224617
1998-11-06,15.049172401428223,15.184749603271484,14.994940757751465,15.157633781433105,2.2948222160339355,2601360
1998-11-09,15.157633781433105,15.171192169189453,14.66955280303955,14.66955280303955,2.220928430557251,1376052
1998-11-10,14.642437934875488,14.805130958557129,14.344165802001953,14.344165802001953,2.1716651916503906,1669702
1998-11-11,14.398397445678711,14.66955280303955,14.344165802001953,14.398397445678711,2.179875135421753,1180131
1998-11-12,14.506858825683594,15.089844703674316,14.479743957519531,14.872920036315918,2.2517178058624268,1464100
1998-11-13,14.832246780395508,15.225422859191895,14.832246780395508,15.103403091430664,2.2866125106811523,1072721
1998-11-16,15.157633781433105,15.184749603271484,14.994940757751465,15.062729835510254,2.28045392036438,976374
1998-11-17,15.089844703674316,15.116960525512695,14.886478424072266,14.927151679992676,2.259927988052368,894779
1998-11-18,14.927151679992676,14.927151679992676,14.642437934875488,14.791572570800781,2.2394020557403564,433790
1998-11-19,14.845805168151855,15.14407730102539,14.750900268554688,15.022055625915527,2.274296283721924,927970
1998-11-20,15.035614013671875,15.347443580627441,14.994940757751465,15.171192169189453,2.2968740463256836,927049
1998-11-23,15.157633781433105,15.4016752243042,15.035614013671875,15.157633781433105,2.2948222160339355,1595943
1998-11-24,15.14407730102539,15.238981246948242,14.994940757751465,15.130518913269043,2.2907180786132812,892013
1998-11-25,15.130518913269043,15.238981246948242,15.062729835510254,15.103403091430664,2.2866125106811523,728823
1998-11-27,15.076288223266602,15.157633781433105,15.035614013671875,15.076288223266602,2.2825064659118652,317160
1998-11-30,15.022055625915527,15.171192169189453,14.805130958557129,14.818689346313477,2.243507146835327,715455
1998-12-01,14.832246780395508,15.022055625915527,14.723784446716309,15.008498191833496,2.272243022918701,878184
1998-12-02,15.062729835510254,15.089844703674316,14.439069747924805,14.520417213439941,2.1983489990234375,1131267
1998-12-03,14.493302345275879,14.69666862487793,14.452628135681152,14.574647903442383,2.2065601348876953,658753
1998-12-04,14.58820629119873,14.859362602233887,14.58820629119873,14.73734188079834,2.231191396713257,613576
1998-12-07,14.764457702636719,14.845805168151855,14.62887954711914,14.65599536895752,2.21887469291687,1168146
1998-12-08,14.683111190795898,14.683111190795898,14.167914390563965,14.222145080566406,2.1531922817230225,1742538
1998-12-09,14.262819290161133,14.330608367919922,14.154356002807617,14.262819290161133,2.1593496799468994,1781722
1998-12-10,14.344165802001953,14.344165802001953,14.07300853729248,14.154356002807617,2.142928123474121,1663709
1998-12-11,14.167914390563965,14.42551326751709,14.100125312805176,14.384839057922363,2.177823066711426,1414314
1998-12-14,14.54753303527832,14.61532211303711,14.479743957519531,14.520417213439941,2.1983489990234375,2626714
1998-12-15,14.466185569763184,14.805130958557129,14.452628135681152,14.710227012634277,2.227085828781128,1259882
1998-12-16,14.710227012634277,14.723784446716309,14.493302345275879,14.58820629119873,2.2086126804351807,1327648
1998-12-17,14.61532211303711,15.103403091430664,14.61532211303711,14.994940757751465,2.2701916694641113,1571050
1998-12-18,15.008498191833496,15.076288223266602,14.723784446716309,14.818689346313477,2.243507146835327,2928662
1998-12-21,14.818689346313477,15.035614013671875,14.818689346313477,14.994940757751465,2.2701916694641113,1429526
1998-12-22,14.994940757751465,15.035614013671875,14.805130958557129,14.913594245910645,2.257875680923462,894318
1998-12-23,14.940709114074707,15.116960525512695,14.805130958557129,15.049172401428223,2.2784011363983154,1487150
1998-12-24,15.076288223266602,15.116960525512695,14.981383323669434,15.076288223266602,2.2825064659118652,194537
1998-12-28,15.130518913269043,15.14407730102539,14.750900268554688,14.750900268554688,2.2332444190979004,831624
1998-12-29,14.750900268554688,15.198307991027832,14.750900268554688,15.184749603271484,2.2989277839660645,883716
1998-12-30,15.198307991027832,15.347443580627441,14.994940757751465,15.306770324707031,2.3174009323120117,2192002
1998-12-31,15.252538681030273,15.37455940246582,15.130518913269043,15.33388614654541,2.321506977081299,789674
1999-01-04,15.252538681030273,15.645715713500977,15.252538681030273,15.496580123901367,2.346137285232544,2185548
1999-01-05,15.550810813903809,15.645715713500977,15.266097068786621,15.388116836547852,2.3297154903411865,858361
1999-01-06,15.45590591430664,15.93043041229248,15.4016752243042,15.754178047180176,2.3851382732391357,1606546
1999-01-07,15.672830581665039,15.699947357177734,15.442347526550293,15.537253379821777,2.3522963523864746,733433
1999-01-08,15.591484069824219,15.781293869018555,15.48302173614502,15.510137557983398,2.34818959236145,1490838
1999-01-11,15.591484069824219,15.794852256774902,15.4016752243042,15.605042457580566,2.3625597953796387,1319811
1999-01-12,15.605042457580566,15.605042457580566,15.130518913269043,15.157633781433105,2.2948222160339355,705774
1999-01-13,15.049172401428223,15.076288223266602,14.764457702636719,15.022055625915527,2.274296283721924,988821
1999-01-14,14.994940757751465,15.022055625915527,14.859362602233887,14.981383323669434,2.2681381702423096,785064
1999-01-15,15.103403091430664,15.52369499206543,15.022055625915527,15.52369499206543,2.3502421379089355,820560
1999-01-19,15.469464302062988,15.564369201660156,15.062729835510254,15.41523265838623,2.33382248878479,1059352
1999-01-20,15.672830581665039,15.808408737182617,15.469464302062988,15.632158279418945,2.366663932800293,1234528
1999-01-21,15.727063179016113,16.05245018005371,15.41523265838623,15.469464302062988,2.3420326709747314,1862856
1999-01-22,15.469464302062988,15.781293869018555,15.4016752243042,15.4016752243042,2.3317699432373047,2065230
1999-01-25,15.4016752243042,15.659273147583008,15.130518913269043,15.130518913269043,2.2907180786132812,1792786
1999-01-26,15.184749603271484,15.808408737182617,15.171192169189453,15.564369201660156,2.356400966644287,2044024
1999-01-27,15.618599891662598,15.754178047180176,15.293212890625,15.41523265838623,2.33382248878479,1196266
1999-01-28,15.4016752243042,15.4016752243042,15.049172401428223,15.116960525512695,2.288663625717163,1799239
1999-01-29,15.171192169189453,15.238981246948242,14.981383323669434,15.103403091430664,2.2866125106811523,1436441
1999-02-01,15.103403091430664,15.238981246948242,14.398397445678711,14.493302345275879,2.194244384765625,2369944
1999-02-02,14.330608367919922,14.42551326751709,13.449350357055664,13.991662979125977,2.118298292160034,4600668
1999-02-03,13.991662979125977,14.181471824645996,13.788294792175293,13.842527389526367,2.0957186222076416,2381007
1999-02-04,13.720505714416504,14.289934158325195,13.706948280334473,14.100125312805176,2.204800844192505,2748415
1999-02-05,14.208587646484375,14.69666862487793,14.167914390563965,14.493302345275879,2.2662813663482666,2654835
1999-02-08,14.493302345275879,14.62887954711914,14.398397445678711,14.533974647521973,2.2726404666900635,577619
1999-02-09,14.533974647521973,14.73734188079834,14.479743957519531,14.574647903442383,2.279001474380493,981906
1999-02-10,14.561091423034668,14.69666862487793,14.439069747924805,14.69666862487793,2.2980806827545166,1596404
1999-02-11,14.642437934875488,14.805130958557129,14.642437934875488,14.791572570800781,2.3129215240478516,1331797
1999-02-12,14.791572570800781,14.994940757751465,14.317049980163574,14.398397445678711,2.25144100189209,1458569
1999-02-16,14.42551326751709,14.927151679992676,14.07300853729248,14.249260902404785,2.228120803833008,1429987
1999-02-17,14.222145080566406,14.398397445678711,14.018777847290039,14.14079761505127,2.211160182952881,1382966
1999-02-18,14.181471824645996,14.317049980163574,14.059452056884766,14.086566925048828,2.202680826187134,1004034
1999-02-19,14.14079761505127,14.61532211303711,14.14079761505127,14.61532211303711,2.285360813140869,1388498
1999-02-22,14.61532211303711,15.035614013671875,14.601763725280762,14.791572570800781,2.3129215240478516,1190734
1999-02-23,14.805130958557129,15.130518913269043,14.764457702636719,14.940709114074707,2.3362412452697754,1221159
1999-02-24,14.859362602233887,15.103403091430664,14.479743957519531,14.520417213439941,2.2705204486846924,969920
1999-02-25,14.520417213439941,14.900035858154297,14.452628135681152,14.872920036315918,2.3256404399871826,1356229
1999-02-26,14.967824935913086,15.238981246948242,14.940709114074707,15.049172401428223,2.3532001972198486,1848565
1999-03-01,15.035614013671875,15.035614013671875,14.642437934875488,14.818689346313477,2.317159652709961,1087012
1999-03-02,14.872920036315918,14.900035858154297,14.561091423034668,14.805130958557129,2.3150405883789062,1119742
1999-03-03,14.750900268554688,14.940709114074707,14.58820629119873,14.940709114074707,2.3362412452697754,1277861
1999-03-04,14.859362602233887,14.940709114074707,14.62887954711914,14.778016090393066,2.310800552368164,934424
1999-03-05,14.805130958557129,15.171192169189453,14.805130958557129,15.157633781433105,2.3701608180999756,651838
1999-03-08,15.103403091430664,15.171192169189453,15.035614013671875,15.171192169189453,2.3722803592681885,976374
1999-03-09,15.171192169189453,15.171192169189453,14.818689346313477,14.900035858154297,2.3298799991607666,1389420
1999-03-10,14.967824935913086,14.994940757751465,14.778016090393066,14.845805168151855,2.3213999271392822,1049211
1999-03-11,14.872920036315918,14.954266548156738,14.744120597839355,14.872920036315918,2.3256404399871826,1982252
1999-03-12,14.927151679992676,15.116960525512695,14.886478424072266,15.049172401428223,2.3532001972198486,1767892
1999-03-15,14.967824935913086,15.062729835510254,14.913594245910645,15.035614013671875,2.3510801792144775,917829
1999-03-16,14.900035858154297,14.900035858154297,14.479743957519531,14.574647903442383,2.279001474380493,979601
1999-03-17,14.764457702636719,14.886478424072266,14.642437934875488,14.764457702636719,2.308680772781372,2129307
1999-03-18,14.778016090393066,14.859362602233887,14.69666862487793,14.791572570800781,2.3129215240478516,1257578
1999-03-19,14.778016090393066,14.818689346313477,14.642437934875488,14.710227012634277,2.300200939178467,832546
1999-03-22,14.62887954711914,14.65599536895752,14.357723236083984,14.65599536895752,2.291720151901245,425493
1999-03-23,14.710227012634277,14.73734188079834,14.533974647521973,14.62887954711914,2.287479877471924,923361
1999-03-24,14.58820629119873,14.73734188079834,14.574647903442383,14.65599536895752,2.291720151901245,577158
1999-03-25,14.574647903442383,14.73734188079834,14.533974647521973,14.683111190795898,2.2959601879119873,632938
1999-03-26,14.62887954711914,14.954266548156738,14.601763725280762,14.954266548156738,2.3383610248565674,1246514
1999-03-29,15.008498191833496,15.564369201660156,14.967824935913086,15.469464302062988,2.4189212322235107,1680304
1999-03-30,15.279655456542969,15.4016752243042,15.076288223266602,15.21186637878418,2.37864089012146,1093004
1999-03-31,15.184749603271484,15.862641334533691,15.184749603271484,15.510137557983398,2.4252798557281494,2280973
1999-04-01,15.564369201660156,15.889756202697754,15.550810813903809,15.835524559020996,2.4761602878570557,1295840
1999-04-05,15.998218536376953,16.364280700683594,15.862641334533691,16.26937484741211,2.544001579284668,3345396
1999-04-06,16.242258071899414,16.3371639251709,16.025333404541016,16.147354125976562,2.5249199867248535,896623
1999-04-07,16.093122482299805,16.228702545166016,16.066007614135742,16.20158576965332,2.533400774002075,1194422
1999-04-08,16.174470901489258,16.64899444580078,16.160913467407227,16.581205368041992,2.592759847640991,987438
1999-04-09,16.554088592529297,16.86591911315918,16.513416290283203,16.79813003540039,2.6266794204711914,659214
1999-04-12,16.689666748046875,17.62515640258789,16.64899444580078,17.137075424194336,2.6796810626983643,2857209
1999-04-13,17.082843780517578,17.082843780517578,16.838802337646484,17.02861213684082,2.662719488143921,2070301
1999-04-14,17.001497268676758,17.747177124023438,16.947265625,17.47602081298828,2.732679843902588,3757059
1999-04-15,17.354000091552734,18.682666778564453,17.19130516052246,18.51997184753418,2.895920991897583,4579924
1999-04-16,18.465740203857422,19.6317138671875,18.181026458740234,19.170747756958008,2.997680902481079,3107987
1999-04-19,19.143630981445312,19.87575340270996,19.13007354736328,19.604597091674805,3.0655195713043213,4435173
1999-04-20,19.482576370239258,19.482576370239258,18.872474670410156,19.19786262512207,3.001920700073242,2120549
1999-04-21,19.075841903686523,19.252094268798828,18.777570724487305,19.075841903686523,2.982840061187744,1499136
1999-04-22,19.021610260009766,19.075841903686523,18.50641441345215,18.845359802246094,2.9467997550964355,1617610
1999-04-23,18.845359802246094,19.021610260009766,18.777570724487305,18.858917236328125,2.9489219188690186,1748992
1999-04-26,18.66910743713379,18.845359802246094,18.601318359375,18.723339080810547,2.9277215003967285,935807
1999-04-27,18.858917236328125,19.4283447265625,18.81824493408203,19.13007354736328,2.991321325302124,1457647
1999-04-28,19.157188415527344,19.591039657592773,19.04872703552246,19.49613380432129,3.048560857772827,3608620
1999-04-29,19.50969123840332,19.87575340270996,19.44190216064453,19.767290115356445,3.0909602642059326,1994699
1999-04-30,19.713058471679688,19.916427612304688,19.618154525756836,19.889310836791992,3.1100406646728516,1998387
1999-05-03,19.740175247192383,20.01133155822754,19.550365447998047,20.01133155822754,3.129120349884033,1888210
1999-05-04,19.87575340270996,19.984216690063477,19.49613380432129,19.604597091674805,3.0655195713043213,1183358
1999-05-05,19.658828735351562,20.052005767822266,19.6317138671875,20.01133155822754,3.129120349884033,1316584
1999-05-06,19.57748031616211,19.821521759033203,19.36055564880371,19.658828735351562,3.1431119441986084,1073182
1999-05-07,19.658828735351562,20.01133155822754,19.6317138671875,19.835079193115234,3.171288251876831,940417
1999-05-10,19.753732681274414,19.95709991455078,19.50969123840332,19.6452693939209,3.140941858291626,1317506
1999-05-11,19.6452693939209,19.753732681274414,19.536808013916016,19.618154525756836,3.136606454849243,682724
1999-05-12,19.50969123840332,19.50969123840332,18.89959144592285,19.319883346557617,3.0889177322387695,2181399
1999-05-13,19.27920913696289,19.34699821472168,18.886032104492188,18.886032104492188,3.0195531845092773,1060735
1999-05-14,18.886032104492188,19.306325912475586,18.709781646728516,19.062284469604492,3.0477325916290283,1101302
1999-05-17,19.062284469604492,19.11651611328125,18.723339080810547,18.96738052368164,3.0325586795806885,2069379
1999-05-18,18.980937957763672,19.143630981445312,18.736896514892578,19.04872703552246,3.045565366744995,1044601
1999-05-19,19.075841903686523,19.11651611328125,18.51997184753418,18.709781646728516,2.9913744926452637,921517
1999-05-20,18.791128158569336,19.57748031616211,18.764013290405273,19.4283447265625,3.1062607765197754,1548922
1999-05-21,19.089399337768555,19.33344078063965,18.275930404663086,18.43862533569336,2.9480221271514893,1935231
1999-05-24,18.51997184753418,18.872474670410156,18.316604614257812,18.43862533569336,2.9480221271514893,2141293
1999-05-25,18.574203491210938,19.36055564880371,18.479297637939453,18.492855072021484,2.9566919803619385,1598709
1999-05-26,18.547088623046875,18.872474670410156,18.492855072021484,18.628433227539062,2.9783685207366943,886942
1999-05-27,18.574203491210938,18.574203491210938,18.30304718017578,18.560644149780273,2.9675302505493164,912758
1999-05-28,18.50641441345215,19.089399337768555,18.50641441345215,18.913148880004883,3.023888349533081,921517
1999-06-01,19.075841903686523,19.075841903686523,18.492855072021484,18.750455856323242,2.9978749752044678,969920
1999-06-02,18.736896514892578,18.858917236328125,18.45218276977539,18.81824493408203,3.0087151527404785,1152472
1999-06-03,18.872474670410156,19.604597091674805,18.872474670410156,19.292766571044922,3.084583282470703,919673
1999-06-04,19.238536834716797,19.401229858398438,19.11651611328125,19.33344078063965,3.091085433959961,637548
1999-06-07,19.27920913696289,19.41478729248047,19.19786262512207,19.374113082885742,3.097588539123535,896162
1999-06-08,19.26565170288086,19.306325912475586,19.008052825927734,19.04872703552246,3.045565366744995,366025
1999-06-09,18.940263748168945,19.157188415527344,18.940263748168945,18.994495391845703,3.0368940830230713,402904
1999-06-10,18.886032104492188,18.89959144592285,18.628433227539062,18.709781646728516,2.9913744926452637,699781
1999-06-11,18.655550003051758,18.777570724487305,18.43862533569336,18.574203491210938,2.9696967601776123,1265875
1999-06-14,18.51997184753418,18.682666778564453,18.51997184753418,18.655550003051758,2.9827027320861816,672122
1999-06-15,18.641992568969727,18.926706314086914,18.601318359375,18.655550003051758,2.9827027320861816,3100150
1999-06-16,18.655550003051758,18.994495391845703,18.655550003051758,18.845359802246094,3.0130484104156494,998041
1999-06-17,18.845359802246094,19.49613380432129,18.764013290405273,19.306325912475586,3.0867507457733154,1238677
1999-06-18,19.550365447998047,20.201141357421875,19.469018936157227,19.87575340270996,3.177793025970459,2805117
1999-06-21,19.862194061279297,19.94354248046875,19.36055564880371,19.862194061279297,3.1756246089935303,1321655
1999-06-22,19.807964324951172,20.01133155822754,19.740175247192383,19.889310836791992,3.179960250854492,1407860
1999-06-23,19.6452693939209,19.95709991455078,19.604597091674805,19.835079193115234,3.171288251876831,892013
1999-06-24,19.780847549438477,20.02488899230957,19.713058471679688,19.807964324951172,3.1669538021087646,1768814
1999-06-25,19.862194061279297,20.16046714782715,19.780847549438477,19.997772216796875,3.197300672531128,3346318
1999-06-28,20.01133155822754,20.32316017150879,19.984216690063477,20.119794845581055,3.2168116569519043,1202259
1999-06-29,20.09267807006836,20.54008674621582,20.09267807006836,20.363834381103516,3.255829095840454,2287427
1999-06-30,20.309602737426758,20.458738327026367,19.95709991455078,19.95709991455078,3.190798044204712,1526795
1999-07-01,20.01133155822754,20.24181365966797,19.95709991455078,20.187583923339844,3.227648973464966,3143022
1999-07-02,20.187583923339844,20.594316482543945,20.146909713745117,20.55364418029785,3.286177396774292,1672006
1999-07-06,20.499412536621094,21.001052856445312,20.445180892944336,20.594316482543945,3.292677640914917,2747493
1999-07-07,20.594316482543945,20.797683715820312,20.512969970703125,20.60787582397461,3.2948477268218994,1234067
1999-07-08,20.55364418029785,20.729894638061523,20.404508590698242,20.526527404785156,3.2818400859832764,1911721
1999-07-09,20.580759048461914,20.906147003173828,20.567201614379883,20.824800491333008,3.3295302391052246,1357612
1999-07-12,20.78412628173828,21.028167724609375,20.662105560302734,20.879030227661133,3.3381996154785156,1645730
1999-07-13,20.811241149902344,20.85191535949707,20.6756649017334,20.824800491333008,3.3295302391052246,705774
1999-07-14,20.879030227661133,21.36711311340332,20.879030227661133,21.041725158691406,3.364211082458496,1957359
1999-07-15,21.028167724609375,21.43490219116211,20.824800491333008,21.001052856445312,3.357708215713501,2035266
1999-07-16,21.109514236450195,21.312881469726562,20.85191535949707,21.245092391967773,3.396726369857788,1329031
1999-07-19,21.258649826049805,21.475574493408203,21.258649826049805,21.43490219116211,3.4270730018615723,1286159
1999-07-20,21.66538429260254,21.67894172668457,20.6756649017334,20.729894638061523,3.3143553733825684,1281088
1999-07-21,21.258649826049805,21.909425735473633,21.190860748291016,21.800962448120117,3.4855992794036865,1840267
1999-07-22,21.800962448120117,22.34327507019043,21.177303314208984,21.204418182373047,3.390223979949951,1863317
1999-07-23,20.77056884765625,21.58403778076172,20.77056884765625,21.556922912597656,3.4465842247009277,1632361
1999-07-26,21.5026912689209,22.234813690185547,21.394227981567383,21.82807731628418,3.489936351776123,2369022
1999-07-27,21.882308959960938,22.451738357543945,21.882308959960938,22.234813690185547,3.554964542388916,1719027
1999-07-28,22.19413948059082,22.19413948059082,21.963655471801758,22.072118759155273,3.528953790664673,2321540
1999-07-29,22.058561325073242,22.058561325073242,21.6924991607666,21.76028823852539,3.479097366333008,1102224
1999-07-30,21.76028823852539,21.773847579956055,21.394227981567383,21.462017059326172,3.4314088821411133,1294457
1999-08-02,21.462017059326172,21.651826858520508,21.35355567932129,21.421344757080078,3.4249041080474854,618186
1999-08-03,21.44845962524414,21.909425735473633,21.44845962524414,21.74673080444336,3.4769294261932373,1720871
1999-08-04,21.66538429260254,21.773847579956055,21.52980613708496,21.543363571166992,3.4444148540496826,1472398
1999-08-05,21.489133834838867,21.489133834838867,21.055282592773438,21.204418182373047,3.460909366607666,1530022
1999-08-06,21.204418182373047,21.204418182373047,20.580759048461914,21.095956802368164,3.4432060718536377,3077561
1999-08-09,21.095956802368164,21.095956802368164,20.879030227661133,21.041725158691406,3.434354066848755,1137259
1999-08-10,21.001052856445312,21.028167724609375,20.879030227661133,20.946819305419922,3.4188644886016846,1668319
1999-08-11,20.892589569091797,21.36711311340332,20.85191535949707,21.36711311340332,3.4874625205993652,2240867
1999-08-12,21.258649826049805,21.35355567932129,20.60787582397461,20.960378646850586,3.4210779666900635,1303215
1999-08-13,21.01460838317871,21.312881469726562,21.001052856445312,21.245092391967773,3.4675467014312744,993892
1999-08-16,21.109514236450195,21.21797752380371,20.946819305419922,21.150188446044922,3.452057361602783,1100380
1999-08-17,21.150188446044922,21.2857666015625,20.78412628173828,21.150188446044922,3.452057361602783,900772
1999-08-18,21.095956802368164,21.245092391967773,21.01460838317871,21.245092391967773,3.4675467014312744,930736
1999-08-19,21.190860748291016,21.190860748291016,20.960378646850586,21.109514236450195,3.445418119430542,849602
1999-08-20,21.001052856445312,21.0823974609375,20.960378646850586,21.0823974609375,3.4409937858581543,673044
1999-08-23,21.028167724609375,21.651826858520508,21.028167724609375,21.44845962524414,3.500739097595215,825631
1999-08-24,21.394227981567383,21.800962448120117,21.394227981567383,21.6924991607666,3.540572166442871,2655757
1999-08-25,21.6924991607666,21.6924991607666,21.52980613708496,21.67894172668457,3.538357734680176,779993
1999-08-26,21.67894172668457,21.67894172668457,21.0688419342041,21.272207260131836,3.4719736576080322,672583
1999-08-27,21.258649826049805,21.475574493408203,21.01460838317871,21.095956802368164,3.4432060718536377,607583
1999-08-30,20.879030227661133,21.109514236450195,20.879030227661133,21.055282592773438,3.4365689754486084,606661
1999-08-31,21.055282592773438,21.258649826049805,20.98749351501465,21.258649826049805,3.469759941101074,1026161
1999-09-01,21.258649826049805,21.339996337890625,21.028167724609375,21.0823974609375,3.4409937858581543,724674
1999-09-02,20.933263778686523,20.933263778686523,20.485855102539062,20.60787582397461,3.3635458946228027,1122969
1999-09-03,20.662105560302734,20.85191535949707,20.526527404785156,20.797683715820312,3.394521951675415,1450271
1999-09-07,20.743452072143555,21.001052856445312,20.743452072143555,21.001052856445312,3.4277169704437256,881411
1999-09-08,20.960378646850586,21.2993221282959,20.946819305419922,21.23153305053711,3.465334177017212,1424455
1999-09-09,21.150188446044922,21.150188446044922,20.743452072143555,20.91970443725586,3.414438486099243,1471015
1999-09-10,20.892589569091797,20.906147003173828,20.716337203979492,20.811241149902344,3.3967344760894775,764319
1999-09-13,20.75701141357422,20.75701141357422,20.377391815185547,20.47229766845703,3.3414156436920166,1021551
1999-09-14,20.201141357421875,20.201141357421875,19.6317138671875,20.065563201904297,3.27502703666687,2518843
1999-09-15,20.065563201904297,20.17402458190918,19.984216690063477,20.09267807006836,3.2794547080993652,1943990
1999-09-16,20.09267807006836,20.60787582397461,20.09267807006836,20.24181365966797,3.3037941455841064,1270485
1999-09-17,20.214698791503906,20.662105560302734,20.214698791503906,20.60787582397461,3.3635458946228027,1231762
1999-09-20,20.60787582397461,20.60787582397461,20.363834381103516,20.60787582397461,3.3635458946228027,836695
1999-09-21,20.55364418029785,20.567201614379883,20.119794845581055,20.309602737426758,3.314859628677368,1167224
1999-09-22,20.25537109375,20.363834381103516,19.8486385345459,20.052005767822266,3.2728145122528076,1014636
1999-09-23,19.997772216796875,20.01133155822754,19.19786262512207,19.2114200592041,3.1356189250946045,2328455
1999-09-24,19.157188415527344,19.157188415527344,18.58776092529297,18.723339080810547,3.0559558868408203,1758211
1999-09-27,18.777570724487305,19.41478729248047,18.777570724487305,19.157188415527344,3.1267683506011963,957013
1999-09-28,19.157188415527344,19.36055564880371,18.628433227539062,18.777570724487305,3.064807415008545,1472859
1999-09-29,18.777570724487305,18.872474670410156,18.51997184753418,18.81824493408203,3.071446657180786,1752679
1999-09-30,18.81824493408203,19.075841903686523,18.723339080810547,18.723339080810547,3.0559558868408203,1452576
1999-10-01,18.69622230529785,19.062284469604492,18.601318359375,18.682666778564453,3.049316644668579,826092
1999-10-04,18.628433227539062,19.089399337768555,18.628433227539062,18.81824493408203,3.071446657180786,701625
1999-10-05,18.831802368164062,19.075841903686523,18.45218276977539,18.980937957763672,3.098001718521118,1377896
1999-10-06,18.96738052368164,19.33344078063965,18.926706314086914,19.27920913696289,3.1466829776763916,1638815
1999-10-07,19.224977493286133,19.224977493286133,18.953821182250977,19.008052825927734,3.102426290512085,707157
1999-10-08,18.994495391845703,19.157188415527344,18.980937957763672,19.089399337768555,3.115703821182251,695632
1999-10-11,19.089399337768555,19.224977493286133,19.075841903686523,19.143630981445312,3.1245553493499756,1238216
1999-10-12,19.157188415527344,19.157188415527344,18.764013290405273,18.791128158569336,3.0670201778411865,1060274
1999-10-13,18.89959144592285,18.980937957763672,18.35727882385254,18.574203491210938,3.031613349914551,1445200
1999-10-14,18.601318359375,18.764013290405273,18.208141326904297,18.614877700805664,3.038252592086792,1270946
1999-10-15,18.750455856323242,18.750455856323242,17.977659225463867,18.00477409362793,2.9386746883392334,531520
1999-10-18,17.896312713623047,17.9912166595459,17.638713836669922,17.909870147705078,2.923184633255005,928431
1999-10-19,14.750900268554688,15.361001968383789,14.642437934875488,15.184749603271484,2.478400468826294,20266452
1999-10-20,15.21186637878418,16.093122482299805,15.21186637878418,15.862641334533691,2.5890424251556396,8215743
1999-10-21,15.835524559020996,16.26937484741211,15.632158279418945,16.160913467407227,2.637725591659546,3782874
1999-10-22,16.242258071899414,16.7303409576416,16.03889274597168,16.459184646606445,2.6864075660705566,1792325
1999-10-25,16.35072135925293,16.486299514770508,15.889756202697754,16.066007614135742,2.6222352981567383,2521609
1999-10-26,16.10668182373047,16.594762802124023,15.998218536376953,16.093122482299805,2.6266610622406006,1788637
1999-10-27,16.066007614135742,16.296491622924805,16.025333404541016,16.296491622924805,2.6598551273345947,854673
1999-10-28,16.296491622924805,16.432069778442383,16.093122482299805,16.10668182373047,2.628875732421875,1473781
1999-10-29,16.10668182373047,16.811687469482422,16.05245018005371,16.323606491088867,2.664280652999878,1902962
1999-11-01,16.242258071899414,16.296491622924805,15.699947357177734,15.943987846374512,2.6023199558258057,1135415
1999-11-02,16.025333404541016,16.676109313964844,16.011777877807617,16.05245018005371,2.620023012161255,1594560
1999-11-03,16.066007614135742,16.13379669189453,15.591484069824219,15.876197814941406,2.5912561416625977,2750720
1999-11-04,15.713504791259766,15.713504791259766,15.442347526550293,15.564369201660156,2.612772226333618,2058776
1999-11-05,15.537253379821777,15.632158279418945,15.21186637878418,15.388116836547852,2.583183526992798,1758211
1999-11-08,15.388116836547852,15.52369499206543,15.157633781433105,15.52369499206543,2.605942964553833,1826899
1999-11-09,15.537253379821777,15.645715713500977,15.184749603271484,15.48302173614502,2.5991153717041016,887403
1999-11-10,15.537253379821777,16.025333404541016,15.469464302062988,15.835524559020996,2.658290386199951,1051976
1999-11-11,15.862641334533691,16.486299514770508,15.849082946777344,16.160913467407227,2.7129135131835938,2570935
1999-11-12,16.21514320373535,16.554088592529297,16.10668182373047,16.3371639251709,2.742499351501465,1931543
1999-11-15,16.3371639251709,16.86591911315918,16.28293228149414,16.621877670288086,2.7902939319610596,1361761
1999-11-16,16.64899444580078,17.53025245666504,16.64899444580078,17.53025245666504,2.9427828788757324,1895125
1999-11-17,17.47602081298828,17.47602081298828,17.069286346435547,17.204864501953125,2.888159990310669,2286505
1999-11-18,17.231979370117188,17.46246337890625,17.10995864868164,17.340442657470703,2.910918951034546,1915409
1999-11-19,17.408231735229492,17.435346603393555,17.204864501953125,17.340442657470703,2.910918951034546,764319
1999-11-22,17.32688331604004,17.32688331604004,16.811687469482422,16.947265625,2.8449161052703857,1044601
1999-11-23,16.920150756835938,16.920150756835938,16.64899444580078,16.79813003540039,2.8198812007904053,1326265
1999-11-24,16.79813003540039,16.947265625,16.581205368041992,16.825244903564453,2.8244338035583496,1081480
1999-11-26,16.838802337646484,16.920150756835938,16.513416290283203,16.554088592529297,2.7789154052734375,545811
1999-11-29,16.608320236206055,16.608320236206055,16.364280700683594,16.472742080688477,2.765258550643921,952864
1999-11-30,16.526973724365234,16.86591911315918,16.445627212524414,16.79813003540039,2.8198812007904053,1559525
1999-12-01,16.703224182128906,16.71678352355957,16.41851043701172,16.621877670288086,2.7902939319610596,998963
1999-12-02,16.621877670288086,16.703224182128906,16.41851043701172,16.591373443603516,2.7851736545562744,945949
1999-12-03,16.513416290283203,17.001497268676758,16.513416290283203,16.811687469482422,2.822157382965088,1145557
1999-12-06,16.703224182128906,16.7303409576416,16.486299514770508,16.554088592529297,2.7789154052734375,454074
1999-12-07,16.540531158447266,16.621877670288086,16.05245018005371,16.1202392578125,2.7060861587524414,935346
1999-12-08,16.1202392578125,16.364280700683594,16.1202392578125,16.296491622924805,2.7356722354888916,1654028
1999-12-09,16.21514320373535,16.242258071899414,15.781293869018555,15.849082946777344,2.6605660915374756,791518
1999-12-10,15.903313636779785,16.10668182373047,15.862641334533691,15.916872024536133,2.671945810317993,666590
1999-12-13,15.971102714538574,15.984661102294922,15.808408737182617,15.89653491973877,2.668532133102417,639391
1999-12-14,15.821967124938965,15.821967124938965,15.591484069824219,15.645715713500977,2.626427173614502,1438285
1999-12-15,15.591484069824219,15.876197814941406,15.469464302062988,15.727063179016113,2.640083074569702,1183819
1999-12-16,15.632158279418945,16.05245018005371,15.537253379821777,15.835524559020996,2.658290386199951,846375
1999-12-17,15.821967124938965,15.821967124938965,15.347443580627441,15.347443580627441,2.576357126235962,1723637
1999-12-20,15.4016752243042,15.821967124938965,15.4016752243042,15.48302173614502,2.5991153717041016,1359917
1999-12-21,15.442347526550293,15.45590591430664,15.225422859191895,15.347443580627441,2.576357126235962,1167685
1999-12-22,15.347443580627441,15.428791046142578,15.049172401428223,15.198307991027832,2.5513203144073486,1805693
1999-12-23,15.252538681030273,15.52369499206543,15.184749603271484,15.293212890625,2.5672523975372314,1995621
1999-12-27,15.347443580627441,15.862641334533691,15.293212890625,15.632158279418945,2.6241517066955566,1312896
1999-12-28,15.632158279418945,15.727063179016113,15.41523265838623,15.550810813903809,2.610495090484619,913219
1999-12-29,15.605042457580566,15.618599891662598,15.347443580627441,15.428791046142578,2.5900120735168457,1759133
1999-12-30,15.37455940246582,15.537253379821777,15.225422859191895,15.48302173614502,2.5991153717041016,1690446
1999-12-31,15.428791046142578,15.794852256774902,15.4016752243042,15.754178047180176,2.6446356773376465,993431
2000-01-03,15.699947357177734,15.943987846374512,15.469464302062988,15.48302173614502,2.5991153717041016,1937536
2000-01-04,15.428791046142578,15.496580123901367,14.778016090393066,14.954266548156738,2.51035475730896,1450732
2000-01-05,14.954266548156738,15.238981246948242,14.69666862487793,15.076288223266602,2.5308382511138916,1298145
2000-01-06,15.022055625915527,15.4016752243042,14.642437934875488,15.388116836547852,2.583183526992798,2221044
2000-01-07,15.4016752243042,15.984661102294922,15.37455940246582,15.862641334533691,2.662842035293579,1418002
2000-01-10,15.835524559020996,15.943987846374512,15.442347526550293,15.45590591430664,2.594564199447632,2075833
2000-01-11,15.510137557983398,15.808408737182617,15.469464302062988,15.48302173614502,2.5991153717041016,1530944
2000-01-12,15.48302173614502,15.808408737182617,15.361001968383789,15.442347526550293,2.5922892093658447,2347355
2000-01-13,15.510137557983398,15.618599891662598,15.41523265838623,15.469464302062988,2.596839666366577,1679382
2000-01-14,15.41523265838623,15.713504791259766,15.41523265838623,15.469464302062988,2.596839666366577,1564135
2000-01-18,15.41523265838623,15.916872024536133,15.41523265838623,15.821967124938965,2.6560146808624268,2088740
2000-01-19,15.686388969421387,15.767736434936523,15.605042457580566,15.672830581665039,2.630979537963867,4262764
2000-01-20,15.659273147583008,15.713504791259766,15.293212890625,15.469464302062988,2.596839666366577,2594906
2000-01-21,14.967824935913086,15.008498191833496,14.493302345275879,14.54753303527832,2.442077159881592,3798087
2000-01-24,14.994940757751465,15.916872024536133,14.981383323669434,15.781293869018555,2.6491878032684326,5206408
2000-01-25,15.903313636779785,15.903313636779785,15.103403091430664,15.252538681030273,2.560425043106079,4719143
2000-01-26,15.279655456542969,15.388116836547852,15.049172401428223,15.198307991027832,2.5513203144073486,5008183
2000-01-27,15.184749603271484,15.767736434936523,15.184749603271484,15.496580123901367,2.601391553878784,1914026
2000-01-28,15.48302173614502,15.632158279418945,15.184749603271484,15.198307991027832,2.5513203144073486,1774807
2000-01-31,15.33388614654541,15.699947357177734,15.33388614654541,15.496580123901367,2.601391553878784,1352541
2000-02-01,15.550810813903809,15.632158279418945,15.37455940246582,15.469464302062988,2.596839666366577,1816757
2000-02-02,15.41523265838623,15.550810813903809,15.252538681030273,15.252538681030273,2.560425043106079,783220
2000-02-03,15.198307991027832,15.198307991027832,14.62887954711914,14.940709114074707,2.58258056640625,1547539
2000-02-04,14.967824935913086,15.14407730102539,14.466185569763184,14.65599536895752,2.533365488052368,1947217
2000-02-07,14.710227012634277,14.710227012634277,14.42551326751709,14.520417213439941,2.50993013381958,1884061
2000-02-08,14.533974647521973,14.723784446716309,14.330608367919922,14.54753303527832,2.5146186351776123,2367178
2000-02-09,14.533974647521973,14.533974647521973,14.100125312805176,14.262819290161133,2.465402364730835,1678921
2000-02-10,14.235703468322754,14.262819290161133,13.774738311767578,14.07300853729248,2.432593822479248,2040798
2000-02-11,14.059452056884766,14.059452056884766,13.327329635620117,13.476466178894043,2.3294780254364014,2455687
2000-02-14,13.422233581542969,13.991662979125977,13.04261589050293,13.86964225769043,2.3974411487579346,3359687
2000-02-15,13.86964225769043,14.398397445678711,13.747621536254883,14.14079761505127,2.444310426712036,3350006
2000-02-16,14.154356002807617,14.222145080566406,13.883199691772461,14.100125312805176,2.4372804164886475,1689524
2000-02-17,14.113682746887207,14.14079761505127,13.937431335449219,13.978104591369629,2.4161887168884277,1058430
2000-02-18,13.923872947692871,13.937431335449219,13.544255256652832,13.652716636657715,2.359943389892578,1319350
2000-02-22,13.639159202575684,13.815410614013672,13.449350357055664,13.76117992401123,2.3786909580230713,1334563
2000-02-23,13.964547157287598,14.54753303527832,13.747621536254883,14.222145080566406,2.458373546600342,1970727
2000-02-24,14.167914390563965,17.24553871154785,13.67983341217041,16.920150756835938,2.924736499786377,8587761
2000-02-25,16.703224182128906,16.703224182128906,15.618599891662598,15.794852256774902,2.7302231788635254,5264031
2000-02-28,15.808408737182617,16.3371639251709,15.510137557983398,16.3371639251709,2.823964834213257,1979025
2000-02-29,16.28293228149414,16.404953002929688,16.05245018005371,16.255817413330078,2.809903860092163,2791748
2000-03-01,16.20158576965332,16.20158576965332,15.564369201660156,15.835524559020996,2.737253427505493,1760055
2000-03-02,15.862641334533691,16.445627212524414,15.862641334533691,16.1202392578125,2.786468744277954,3040221
2000-03-03,16.310047149658203,16.404953002929688,16.18802833557129,16.255817413330078,2.809903860092163,1685375
2000-03-06,16.228702545166016,17.46246337890625,16.228702545166016,17.299768447875977,2.9903554916381836,3285467
2000-03-07,17.299768447875977,17.299768447875977,15.835524559020996,16.255817413330078,2.809903860092163,2355653
2000-03-08,16.255817413330078,16.526973724365234,15.510137557983398,15.835524559020996,2.737253427505493,1973493
2000-03-09,15.971102714538574,16.621877670288086,15.808408737182617,16.255817413330078,2.809903860092163,1773424
2000-03-10,16.35072135925293,16.838802337646484,16.35072135925293,16.513416290283203,2.8544304370880127,1642964
2000-03-13,16.459184646606445,16.459184646606445,15.93043041229248,16.255817413330078,2.809903860092163,1240060
2000-03-14,16.242258071899414,16.255817413330078,15.699947357177734,16.011777877807617,2.7677197456359863,1449810
2000-03-15,16.011777877807617,16.78457260131836,15.862641334533691,16.594762802124023,2.868492603302002,1592255
2000-03-16,16.811687469482422,17.62515640258789,16.689666748046875,17.54380989074707,3.0325396060943604,3204794
2000-03-17,17.570924758911133,17.665830612182617,16.78457260131836,16.96082305908203,2.9317679405212402,1943068
2000-03-20,16.987939834594727,17.02861213684082,16.526973724365234,16.676109313964844,2.882554292678833,1344704
2000-03-21,16.7303409576416,17.02861213684082,16.7303409576416,17.01505470275879,2.941141128540039,2030656
2000-03-22,16.96082305908203,16.987939834594727,16.703224182128906,16.86591911315918,2.9153623580932617,1612078
2000-03-23,16.85236167907715,16.93370819091797,16.56764793395996,16.7303409576416,2.8919262886047363,1180592
2000-03-24,16.811687469482422,17.394672393798828,16.540531158447266,16.635435104370117,2.875520944595337,1693212
2000-03-27,16.581205368041992,17.01505470275879,16.20158576965332,16.56764793395996,2.863804817199707,1251124
2000-03-28,16.594762802124023,16.621877670288086,16.03889274597168,16.21514320373535,2.802873373031616,1163997
2000-03-29,16.404953002929688,16.676109313964844,16.228702545166016,16.41851043701172,2.8380253314971924,1357612
2000-03-30,16.41851043701172,16.689666748046875,15.835524559020996,16.608320236206055,2.8708338737487793,1990089
2000-03-31,16.581205368041992,17.069286346435547,16.391395568847656,16.920150756835938,2.924736499786377,1539242
2000-04-03,16.86591911315918,16.947265625,16.21514320373535,16.86591911315918,2.9153623580932617,1689985
2000-04-04,16.838802337646484,17.02861213684082,16.079565048217773,16.581205368041992,2.8661482334136963,1496831
2000-04-05,16.554088592529297,16.7303409576416,16.26937484741211,16.3371639251709,2.823964834213257,1587185
2000-04-06,16.391395568847656,17.137075424194336,16.391395568847656,16.594762802124023,2.868492603302002,1895125
2000-04-07,16.64899444580078,17.01505470275879,16.64899444580078,16.662551879882812,2.880208969116211,1174600
2000-04-10,16.662551879882812,17.01505470275879,16.404953002929688,16.513416290283203,2.8544304370880127,902616
2000-04-11,16.486299514770508,17.24553871154785,16.432069778442383,16.920150756835938,2.924736499786377,1400945
2000-04-12,16.93370819091797,17.24553871154785,16.71678352355957,16.757455825805664,2.8966150283813477,1110061
2000-04-13,16.811687469482422,17.44890594482422,16.771013259887695,17.1641902923584,2.966921091079712,1521724
2000-04-14,17.10995864868164,17.10995864868164,15.876197814941406,16.18802833557129,2.7981858253479004,2634090
2000-04-17,16.13379669189453,17.299768447875977,16.10668182373047,16.703224182128906,2.887239694595337,2806039
2000-04-18,16.703224182128906,17.31332778930664,16.703224182128906,17.137075424194336,2.962232828140259,2381007
2000-04-19,17.19130516052246,17.408231735229492,17.150632858276367,17.24553871154785,2.9809811115264893,1228535
2000-04-20,17.137075424194336,17.733619689941406,17.123516082763672,17.272653579711914,2.985668182373047,1649418
2000-04-24,17.19130516052246,17.598041534423828,17.137075424194336,17.354000091552734,2.9997286796569824,1283393
2000-04-25,17.354000091552734,18.35727882385254,17.354000091552734,18.22170066833496,3.14971661567688,1747609
2000-04-26,18.262372970581055,18.777570724487305,18.00477409362793,18.37083625793457,3.1754953861236572,2338596
2000-04-27,17.720060348510742,18.262372970581055,17.67938804626465,18.140352249145508,3.135655641555786,2004379
2000-04-28,18.3843936920166,18.465740203857422,17.92342758178711,18.22170066833496,3.14971661567688,963467
2000-05-01,18.086122512817383,18.3843936920166,17.909870147705078,18.316604614257812,3.166121244430542,1344243
2000-05-02,18.262372970581055,18.35727882385254,17.92342758178711,18.059005737304688,3.1215949058532715,1126657
2000-05-03,17.84208106994629,17.964101791381836,17.354000091552734,17.62515640258789,3.046600341796875,952403
2000-05-04,17.354000091552734,18.099679946899414,17.204864501953125,17.38111686706543,3.081341028213501,1432753
2000-05-05,17.435346603393555,18.00477409362793,17.435346603393555,17.78784942626953,3.1534461975097656,848680
2000-05-08,17.76073455810547,17.9912166595459,17.638713836669922,17.733619689941406,3.1438329219818115,841766
2000-05-09,17.62515640258789,17.69294548034668,17.137075424194336,17.354000091552734,3.076533079147339,1170451
2000-05-10,17.408231735229492,17.67938804626465,17.137075424194336,17.218421936035156,3.0524983406066895,1794168
2000-05-11,17.272653579711914,17.69294548034668,17.19130516052246,17.47602081298828,3.09816575050354,1020168
2000-05-12,17.204864501953125,17.652271270751953,17.204864501953125,17.367557525634766,3.0789365768432617,700242
2000-05-15,17.421789169311523,17.665830612182617,17.354000091552734,17.516693115234375,3.1053755283355713,1125735
2000-05-16,17.570924758911133,17.869197845458984,17.46246337890625,17.78784942626953,3.1534461975097656,766163
2000-05-17,17.733619689941406,18.00477409362793,17.584482192993164,17.950544357299805,3.1822896003723145,714072
2000-05-18,17.9912166595459,18.248815536499023,17.85563850402832,17.92342758178711,3.1774826049804688,793362
2000-05-19,17.869197845458984,17.896312713623047,17.272653579711914,17.408231735229492,3.0861470699310303,1222542
2000-05-22,17.46246337890625,17.733619689941406,16.703224182128906,17.137075424194336,3.038076162338257,1840267
2000-05-23,17.218421936035156,17.31332778930664,16.811687469482422,16.85236167907715,2.9876036643981934,1553532
2000-05-24,16.906591415405273,17.204864501953125,16.581205368041992,16.743898391723633,2.968374490737915,1786332
2000-05-25,16.689666748046875,16.689666748046875,16.1202392578125,16.242258071899414,2.8794424533843994,1608390
2000-05-26,16.228702545166016,16.377838134765625,15.971102714538574,16.025333404541016,2.8409855365753174,833468
2000-05-30,16.05245018005371,16.56764793395996,15.727063179016113,15.984661102294922,2.833775520324707,2528524
2000-05-31,16.093122482299805,16.404953002929688,15.686388969421387,15.740619659423828,2.7905101776123047,1837962
2000-06-01,15.740619659423828,16.03889274597168,15.564369201660156,15.808408737182617,2.8025307655334473,2977066
2000-06-02,16.05245018005371,16.594762802124023,15.862641334533691,15.93043041229248,2.8241617679595947,1164458
2000-06-05,15.93043041229248,16.526973724365234,15.889756202697754,16.35072135925293,2.898671865463257,1256195
2000-06-06,16.35072135925293,16.526973724365234,16.011777877807617,16.20158576965332,2.87223219871521,1273712
2000-06-07,16.147354125976562,16.147354125976562,15.821967124938965,15.903313636779785,2.819354772567749,694249
2000-06-08,15.849082946777344,16.21514320373535,15.808408737182617,15.862641334533691,2.8121442794799805,526910
2000-06-09,15.916872024536133,16.3371639251709,15.889756202697754,16.147354125976562,2.8626179695129395,771234
2000-06-12,16.20158576965332,16.3371639251709,16.025333404541016,16.1202392578125,2.8578126430511475,1223464
2000-06-13,16.554088592529297,16.554088592529297,15.93043041229248,16.20158576965332,2.87223219871521,1495448
2000-06-14,16.255817413330078,16.486299514770508,15.808408737182617,15.876197814941406,2.814546823501587,908609
2000-06-15,15.876197814941406,16.21514320373535,15.591484069824219,15.93043041229248,2.8241617679595947,1057508
2000-06-16,15.984661102294922,16.066007614135742,15.659273147583008,15.794852256774902,2.800126314163208,1067650
2000-06-19,15.754178047180176,15.754178047180176,15.035614013671875,15.171192169189453,2.689563035964966,1597326
2000-06-20,15.116960525512695,15.171192169189453,14.61532211303711,14.750900268554688,2.615053415298462,3681918
2000-06-21,14.764457702636719,14.791572570800781,14.61532211303711,14.66955280303955,2.600632429122925,2298951
2000-06-22,14.832246780395508,15.21186637878418,14.65599536895752,14.818689346313477,2.627070903778076,2905152
2000-06-23,14.818689346313477,15.171192169189453,14.818689346313477,15.076288223266602,2.6727397441864014,1304598
2000-06-26,15.21186637878418,15.469464302062988,15.022055625915527,15.103403091430664,2.6775460243225098,1845338
2000-06-27,14.872920036315918,15.103403091430664,14.764457702636719,15.035614013671875,2.6655280590057373,2002996
2000-06-28,15.035614013671875,15.225422859191895,14.954266548156738,14.994940757751465,2.6583166122436523,640774
2000-06-29,14.967824935913086,15.035614013671875,14.66955280303955,14.805130958557129,2.6246676445007324,1473320
2000-06-30,14.750900268554688,14.805130958557129,14.371280670166016,14.533974647521973,2.576596736907959,2994122
2000-07-03,14.479743957519531,15.171192169189453,14.479743957519531,15.14407730102539,2.684755802154541,525988
2000-07-05,15.089844703674316,15.089844703674316,14.506858825683594,14.683111190795898,2.603036880493164,1723637
2000-07-06,14.710227012634277,14.954266548156738,14.506858825683594,14.533974647521973,2.576596736907959,1329953
2000-07-07,14.58820629119873,15.225422859191895,14.506858825683594,15.184749603271484,2.691967248916626,3557912
2000-07-10,15.238981246948242,15.821967124938965,14.900035858154297,15.076288223266602,2.6727397441864014,1727325
2000-07-11,15.049172401428223,15.266097068786621,14.900035858154297,15.076288223266602,2.6727397441864014,2535900
2000-07-12,15.022055625915527,15.116960525512695,14.642437934875488,14.845805168151855,2.6318788528442383,3313127
2000-07-13,14.900035858154297,15.076288223266602,14.845805168151855,14.994940757751465,2.6583166122436523,1648035
2000-07-14,14.981383323669434,15.320327758789062,14.940709114074707,15.14407730102539,2.684755802154541,1554454
2000-07-17,15.293212890625,16.011777877807617,15.293212890625,15.340664863586426,2.7196078300476074,4079290
2000-07-18,15.33388614654541,15.605042457580566,15.103403091430664,15.605042457580566,2.7664780616760254,3472629
2000-07-19,15.550810813903809,15.835524559020996,15.361001968383789,15.727063179016113,2.7881078720092773,1420768
2000-07-20,15.672830581665039,15.686388969421387,14.954266548156738,15.130518913269043,2.6823532581329346,2012216
2000-07-21,14.859362602233887,14.981383323669434,14.58820629119873,14.750900268554688,2.615053415298462,1318889
2000-07-24,14.750900268554688,15.076288223266602,14.683111190795898,14.764457702636719,2.617457151412964,800277
2000-07-25,14.818689346313477,15.049172401428223,14.69666862487793,14.832246780395508,2.6294734477996826,702086
2000-07-26,14.69666862487793,14.832246780395508,14.520417213439941,14.66955280303955,2.600632429122925,2024202
2000-07-27,14.723784446716309,15.130518913269043,14.42551326751709,14.601763725280762,2.5886149406433105,1033537
2000-07-28,14.54753303527832,14.778016090393066,14.249260902404785,14.58820629119873,2.5862104892730713,2172179
2000-07-31,14.561091423034668,15.062729835510254,14.533974647521973,14.710227012634277,2.6078431606292725,1883600
2000-08-01,14.872920036315918,15.21186637878418,14.832246780395508,15.130518913269043,2.6823532581329346,1341477
2000-08-02,15.184749603271484,15.306770324707031,15.130518913269043,15.184749603271484,2.691967248916626,3397949
2000-08-03,15.022055625915527,15.14407730102539,14.954266548156738,15.049172401428223,2.7475459575653076,6251469
2000-08-04,15.049172401428223,15.21186637878418,14.710227012634277,14.778016090393066,2.6980397701263428,2154662
2000-08-07,14.778016090393066,15.41523265838623,14.642437934875488,15.4016752243042,2.8119022846221924,1340095
2000-08-08,15.45590591430664,15.45590591430664,15.103403091430664,15.361001968383789,2.804476261138916,1754062
2000-08-09,15.33388614654541,15.510137557983398,15.306770324707031,15.4016752243042,2.8119022846221924,1493604
2000-08-10,15.45590591430664,15.496580123901367,15.21186637878418,15.469464302062988,2.8242790699005127,692866
2000-08-11,15.52369499206543,15.821967124938965,15.41523265838623,15.740619659423828,2.8737833499908447,1034459
2000-08-14,15.781293869018555,15.808408737182617,15.618599891662598,15.740619659423828,2.8737833499908447,440705
2000-08-15,15.659273147583008,15.781293869018555,15.469464302062988,15.510137557983398,2.831705093383789,1603319
2000-08-16,15.564369201660156,15.591484069824219,14.967824935913086,15.062729835510254,2.750021457672119,4486343
2000-08-17,15.184749603271484,15.33388614654541,15.062729835510254,15.33388614654541,2.7995259761810303,2402674
2000-08-18,15.388116836547852,15.48302173614502,15.008498191833496,15.184749603271484,2.7722980976104736,2180938
2000-08-21,15.238981246948242,15.252538681030273,14.967824935913086,14.981383323669434,2.7351691722869873,726518
2000-08-22,14.981383323669434,14.981383323669434,14.61532211303711,14.818689346313477,2.7054665088653564,2316008
2000-08-23,14.764457702636719,15.184749603271484,14.723784446716309,14.886478424072266,2.7178425788879395,1307364
2000-08-24,14.886478424072266,14.886478424072266,14.61532211303711,14.750900268554688,2.693089485168457,1588106
2000-08-25,14.533974647521973,14.533974647521973,14.154356002807617,14.452628135681152,2.6386353969573975,3124582
2000-08-28,14.398397445678711,14.723784446716309,14.235703468322754,14.642437934875488,2.6732871532440186,1464100
2000-08-29,14.642437934875488,14.642437934875488,14.439069747924805,14.533974647521973,2.6534852981567383,2094733
2000-08-30,14.506858825683594,14.533974647521973,14.195030212402344,14.330608367919922,2.6163573265075684,1897430
2000-08-31,14.276376724243164,14.601763725280762,14.100125312805176,14.398397445678711,2.628732442855835,1812608
2000-09-01,14.344165802001953,14.493302345275879,14.222145080566406,14.42551326751709,2.633683443069458,1351158
2000-09-05,14.533974647521973,14.601763725280762,14.344165802001953,14.500080108642578,2.6472978591918945,1629595
2000-09-06,14.479743957519531,14.791572570800781,14.452628135681152,14.683111190795898,2.680713176727295,1624064
2000-09-07,14.62887954711914,14.62887954711914,14.357723236083984,14.398397445678711,2.628732442855835,1354846
2000-09-08,14.262819290161133,14.303491592407227,13.815410614013672,13.923872947692871,2.5420989990234375,1779417
2000-09-11,14.018777847290039,14.181471824645996,13.937431335449219,14.100125312805176,2.5742766857147217,1339173
2000-09-12,14.07300853729248,14.127241134643555,13.978104591369629,14.07300853729248,2.569326162338257,1326265
2000-09-13,13.991662979125977,14.086566925048828,13.896758079528809,13.964547157287598,2.5495245456695557,868503
2000-09-14,13.910316467285156,14.032336235046387,13.82896900177002,13.883199691772461,2.534672975540161,1477930
2000-09-15,13.883199691772461,13.937431335449219,13.639159202575684,13.666275024414062,2.495068311691284,1901118
2000-09-18,13.340888023376465,13.666275024414062,13.096846580505371,13.435791969299316,2.452988862991333,3882909
2000-09-19,13.435791969299316,13.639159202575684,13.381561279296875,13.625601768493652,2.487642765045166,2404979
2000-09-20,13.517139434814453,13.544255256652832,13.354445457458496,13.449350357055664,2.4554636478424072,1439668
2000-09-21,13.422233581542969,13.557812690734863,13.381561279296875,13.517139434814453,2.4678397178649902,1184741
2000-09-22,13.517139434814453,13.625601768493652,13.23242473602295,13.490022659301758,2.4628899097442627,1725942
2000-09-25,13.462907791137695,13.557812690734863,13.313772201538086,13.374781608581543,2.4418506622314453,714072
2000-09-26,13.435791969299316,13.476466178894043,13.178194046020508,13.20530891418457,2.4109089374542236,742653
2000-09-27,13.151078224182129,13.286656379699707,12.798575401306152,12.839247703552246,2.344076156616211,1158465
2000-09-28,12.89348030090332,13.449350357055664,12.785017013549805,13.327329635620117,2.4331867694854736,1062118
2000-09-29,13.340888023376465,13.490022659301758,13.01550006866455,13.368002891540527,2.440612554550171,960701
2000-10-02,13.313772201538086,13.706948280334473,13.313772201538086,13.517139434814453,2.4678397178649902,1086090
2000-10-03,13.517139434814453,13.923872947692871,13.313772201538086,13.625601768493652,2.487642765045166,1603319
2000-10-04,13.625601768493652,14.249260902404785,13.612044334411621,13.720505714416504,2.5049686431884766,1134954
2000-10-05,13.666275024414062,13.883199691772461,13.652716636657715,13.652716636657715,2.4925925731658936,1132189
2000-10-06,13.666275024414062,13.734064102172852,13.259540557861328,13.300213813781738,2.4282352924346924,1011870
2000-10-09,13.354445457458496,13.476466178894043,13.259540557861328,13.381561279296875,2.4430880546569824,931197
2000-10-10,13.435791969299316,13.435791969299316,13.01550006866455,13.16463565826416,2.4034833908081055,523683
2000-10-11,13.04261589050293,13.300213813781738,12.879921913146973,12.947710990905762,2.3638787269592285,727901
2000-10-12,13.069730758666992,13.08328914642334,12.676554679870605,12.798575401306152,2.3366522789001465,1056586
2000-10-13,12.473188400268555,13.04261589050293,12.473188400268555,12.866363525390625,2.349027633666992,1413853
2000-10-16,13.04261589050293,13.503581047058105,12.879921913146973,13.151078224182129,2.401008367538452,1209635
2000-10-17,13.110404968261719,13.327329635620117,12.608765602111816,12.812132835388184,2.3391261100769043,1048289
2000-10-18,12.798575401306152,13.056173324584961,12.717227935791016,12.812132835388184,2.3391261100769043,1028466
2000-10-19,12.798575401306152,13.286656379699707,12.798575401306152,13.20530891418457,2.4109089374542236,807191
2000-10-20,13.069730758666992,13.313772201538086,12.988384246826172,13.20530891418457,2.4109089374542236,880489
2000-10-23,13.259540557861328,13.652716636657715,13.218867301940918,13.530696868896484,2.4703149795532227,986516
2000-10-24,13.517139434814453,13.734064102172852,13.368002891540527,13.598485946655273,2.4826924800872803,921056
2000-10-25,13.557812690734863,13.747621536254883,13.544255256652832,13.598485946655273,2.4826924800872803,934424
2000-10-26,13.652716636657715,13.883199691772461,13.557812690734863,13.788294792175293,2.517345666885376,1007722
2000-10-27,13.747621536254883,14.086566925048828,13.584927558898926,14.07300853729248,2.569326162338257,903538
2000-10-30,14.086566925048828,14.69666862487793,14.045893669128418,14.533974647521973,2.6534852981567383,1262187
2000-10-31,14.66955280303955,14.886478424072266,14.601763725280762,14.764457702636719,2.6955649852752686,1148784
2000-11-01,14.58820629119873,15.049172401428223,14.58820629119873,14.886478424072266,2.7178425788879395,1113288
2000-11-02,14.832246780395508,15.238981246948242,14.832246780395508,15.157633781433105,2.8516340255737305,1689985
2000-11-03,15.049172401428223,15.320327758789062,14.994940757751465,15.157633781433105,2.8516340255737305,1607929
2000-11-06,15.171192169189453,15.537253379821777,15.157633781433105,15.21186637878418,2.861837148666382,720526
2000-11-07,15.184749603271484,15.184749603271484,15.008498191833496,15.157633781433105,2.8516340255737305,672583
2000-11-08,15.049172401428223,15.33388614654541,15.035614013671875,15.076288223266602,2.8363304138183594,660597
2000-11-09,15.103403091430664,15.320327758789062,15.062729835510254,15.171192169189453,2.854184627532959,916907
2000-11-10,15.116960525512695,15.14407730102539,14.710227012634277,14.710227012634277,2.7674617767333984,936729
2000-11-13,14.642437934875488,15.049172401428223,14.642437934875488,14.886478424072266,2.8006205558776855,1412470
2000-11-14,14.845805168151855,15.442347526550293,14.845805168151855,15.37455940246582,2.892443895339966,2101648
2000-11-15,15.293212890625,15.754178047180176,15.184749603271484,15.577926635742188,2.9307053089141846,1173217
2000-11-16,15.577926635742188,15.577926635742188,15.157633781433105,15.33388614654541,2.8847920894622803,562867
2000-11-17,15.4016752243042,15.672830581665039,15.4016752243042,15.496580123901367,2.915400743484497,565172
2000-11-20,15.550810813903809,15.659273147583008,15.361001968383789,15.361001968383789,2.8898932933807373,740809
2000-11-21,15.306770324707031,15.591484069824219,15.306770324707031,15.510137557983398,2.91795015335083,1235911
2000-11-22,15.537253379821777,15.537253379821777,15.33388614654541,15.33388614654541,2.8847920894622803,884177
2000-11-24,15.388116836547852,15.577926635742188,15.388116836547852,15.4016752243042,2.897545576095581,472053
2000-11-27,15.4016752243042,15.48302173614502,15.361001968383789,15.37455940246582,2.892443895339966,1715800
2000-11-28,15.388116836547852,15.45590591430664,15.320327758789062,15.4016752243042,2.897545576095581,1676155
2000-11-29,15.347443580627441,15.510137557983398,15.306770324707031,15.496580123901367,2.915400743484497,1029388
2000-11-30,15.442347526550293,15.442347526550293,14.859362602233887,15.21186637878418,2.861837148666382,1680765
2000-12-01,15.130518913269043,15.130518913269043,14.710227012634277,14.818689346313477,2.7878670692443848,2661288
2000-12-04,14.832246780395508,15.21186637878418,14.235703468322754,15.198307991027832,2.8592841625213623,3908263
2000-12-05,15.198307991027832,16.21514320373535,15.198307991027832,15.835524559020996,2.9791672229766846,3188199
2000-12-06,15.835524559020996,15.835524559020996,15.41523265838623,15.52369499206543,2.920499324798584,1408321
2000-12-07,15.52369499206543,15.672830581665039,15.293212890625,15.41523265838623,2.9000959396362305,1011409
2000-12-08,15.469464302062988,15.537253379821777,15.171192169189453,15.41523265838623,2.9000959396362305,1003112
2000-12-11,15.41523265838623,15.41523265838623,15.171192169189453,15.198307991027832,2.8592841625213623,1336868
2000-12-12,15.21186637878418,15.727063179016113,15.21186637878418,15.48302173614502,2.912849187850952,911375
2000-12-13,15.537253379821777,15.537253379821777,15.116960525512695,15.130518913269043,2.846531629562378,770312
2000-12-14,15.089844703674316,15.130518913269043,14.832246780395508,14.900035858154297,2.8031699657440186,1045984
2000-12-15,14.872920036315918,14.954266548156738,14.710227012634277,14.723784446716309,2.770012617111206,1689985
2000-12-18,14.750900268554688,14.967824935913086,14.642437934875488,14.764457702636719,2.7776646614074707,1141408
2000-12-19,14.533974647521973,14.764457702636719,14.533974647521973,14.62887954711914,2.7521581649780273,1417541
2000-12-20,14.533974647521973,14.54753303527832,14.181471824645996,14.317049980163574,2.693493127822876,1536937
2000-12-21,14.289934158325195,14.642437934875488,14.289934158325195,14.520417213439941,2.731752634048462,1151089
2000-12-22,14.54753303527832,15.347443580627441,14.54753303527832,15.347443580627441,2.887343168258667,2150974
2000-12-26,15.388116836547852,16.242258071899414,15.33388614654541,16.079565048217773,3.025078296661377,2585686
2000-12-27,16.05245018005371,16.26937484741211,15.943987846374512,16.255817413330078,3.0582361221313477,1135415
2000-12-28,16.310047149658203,16.377838134765625,16.05245018005371,16.21514320373535,3.0505852699279785,960240
2000-12-29,16.21514320373535,16.554088592529297,16.079565048217773,16.310047149658203,3.068439245223999,1354846
2001-01-02,16.3125,17.859375,16.3125,16.828125,3.7706949710845947,2121200
2001-01-03,16.578125,17.984375,16.390625,17.5,3.921241521835327,3412800
2001-01-04,17.5,17.6875,17.390625,17.4375,3.9072391986846924,1886000
2001-01-05,17.40625,17.984375,17.078125,17.5,3.921241521835327,2784000
2001-01-08,17.375,17.421875,16.90625,16.96875,3.8022046089172363,2054400
2001-01-09,16.96875,17.6875,16.96875,17.140625,3.8407180309295654,1803600
2001-01-10,17.171875,17.5,16.84375,17.421875,3.9037363529205322,1972000
2001-01-11,17.25,17.5,16.859375,17.1875,3.85122013092041,1319200
2001-01-12,17.125,17.125,16.625,16.6875,3.7391855716705322,1436800
2001-01-16,17.0,17.0,16.359375,16.71875,3.746185302734375,1553600
2001-01-17,16.71875,17.0,16.5625,16.78125,3.76019287109375,1250400
2001-01-18,16.96875,17.171875,16.65625,16.65625,3.732182741165161,1042400
2001-01-19,16.390625,16.59375,16.0625,16.125,3.6131467819213867,1191600
2001-01-22,15.9375,16.875,15.9375,16.703125,3.7426865100860596,1686800
2001-01-23,16.203125,16.546875,16.03125,16.5,3.697169780731201,1460000
2001-01-24,16.46875,16.5,16.125,16.359375,3.6656620502471924,2172000
2001-01-25,16.59375,16.65625,16.421875,16.515625,3.700671672821045,4389200
2001-01-26,16.515625,16.6875,16.453125,16.53125,3.704174280166626,1461600
2001-01-29,16.467500686645508,16.875,16.462499618530273,16.727500915527344,3.748148202896118,1407200
2001-01-30,16.727500915527344,17.225000381469727,16.635000228881836,17.177499771118164,3.8489789962768555,1252400
2001-01-31,17.177499771118164,17.725000381469727,17.177499771118164,17.200000762939453,3.8540232181549072,2202400
2001-02-01,17.299999237060547,17.3125,16.887500762939453,17.282499313354492,3.9741711616516113,1647200
2001-02-02,17.424999237060547,17.457500457763672,17.1875,17.217500686645508,3.9592254161834717,989200
2001-02-05,17.162500381469727,17.524999618530273,17.012500762939453,17.225000381469727,3.9609503746032715,1135600
2001-02-06,17.4375,17.725000381469727,17.385000228881836,17.482500076293945,4.0201616287231445,819200
2001-02-07,17.375,17.462499618530273,17.149999618530273,17.325000762939453,3.9839465618133545,746400
2001-02-08,17.325000762939453,17.5674991607666,17.299999237060547,17.565000534057617,4.039134979248047,679600
2001-02-09,17.5,17.5,17.337499618530273,17.4375,4.009814739227295,1356400
2001-02-12,17.299999237060547,17.75,17.297500610351562,17.487499237060547,4.021313190460205,1301200
2001-02-13,17.487499237060547,17.6875,17.487499237060547,17.575000762939453,4.041434288024902,1310000
2001-02-14,17.637500762939453,17.799999237060547,17.524999618530273,17.5625,4.038558006286621,1298400
2001-02-15,17.512500762939453,17.75,17.512500762939453,17.690000534057617,4.067878246307373,3131600
2001-02-16,17.475000381469727,17.662500381469727,17.475000381469727,17.594999313354492,4.046032428741455,1077600
2001-02-20,17.59749984741211,18.104999542236328,17.59749984741211,18.0575008392334,4.152386665344238,1502800
2001-02-21,18.0575008392334,18.295000076293945,18.045000076293945,18.165000915527344,4.177107810974121,1294400
2001-02-22,18.125,18.274999618530273,18.100000381469727,18.172500610351562,4.178830623626709,2690000
2001-02-23,18.174999237060547,18.252500534057617,17.8075008392334,17.950000762939453,4.127663612365723,1629200
2001-02-26,17.987499237060547,18.674999237060547,17.850000381469727,18.135000228881836,4.170206069946289,2129200
2001-02-27,18.100000381469727,18.537500381469727,17.924999237060547,17.954999923706055,4.128817558288574,839200
2001-02-28,17.954999923706055,18.100000381469727,17.5625,17.787500381469727,4.090299129486084,1571600
2001-03-01,17.5,17.670000076293945,17.399999618530273,17.549999237060547,4.035684108734131,2239600
2001-03-02,17.549999237060547,18.375,17.362499237060547,18.0,4.139163494110107,2248400
2001-03-05,18.0625,18.459999084472656,18.024999618530273,18.387500762939453,4.228272438049316,877600
2001-03-06,18.5,18.700000762939453,18.125,18.135000228881836,4.170206069946289,2102800
2001-03-07,18.125,18.337499618530273,18.092500686645508,18.3075008392334,4.209876537322998,1078800
2001-03-08,18.3700008392334,18.74250030517578,18.350000381469727,18.6924991607666,4.298407554626465,744400
2001-03-09,18.6299991607666,18.6825008392334,18.25,18.299999237060547,4.208148002624512,916400
2001-03-12,18.3125,18.487499237060547,18.262500762939453,18.287500381469727,4.2052764892578125,1134400
2001-03-13,18.290000915527344,18.667499542236328,18.087499618530273,18.55500030517578,4.266788005828857,2323600
2001-03-14,18.375,18.375,17.387500762939453,17.575000762939453,4.041434288024902,1608800
2001-03-15,17.637500762939453,17.987499237060547,17.475000381469727,17.684999465942383,4.0667290687561035,1774800
2001-03-16,17.5,17.587499618530273,16.887500762939453,16.967500686645508,3.9017372131347656,2940800
2001-03-19,17.200000762939453,17.827499389648438,17.127500534057617,17.774999618530273,4.087425708770752,1548000
2001-03-20,17.712499618530273,17.7549991607666,17.149999618530273,17.174999237060547,3.949450969696045,1898400
2001-03-21,17.112499237060547,17.125,16.542499542236328,16.575000762939453,3.811480760574341,2117200
2001-03-22,16.450000762939453,16.627500534057617,16.200000762939453,16.614999771118164,3.8206787109375,1277600
2001-03-23,16.75,16.825000762939453,16.34749984741211,16.587499618530273,3.8143556118011475,1020000
2001-03-26,16.649999618530273,17.272499084472656,16.600000381469727,17.217500686645508,3.9592254161834717,1171200
2001-03-27,17.217500686645508,17.524999618530273,17.087499618530273,17.5049991607666,4.025337219238281,1301200
2001-03-28,17.5049991607666,17.50749969482422,17.100000381469727,17.302499771118164,3.9787707328796387,1248000
2001-03-29,17.177499771118164,17.225000381469727,16.875,17.0,3.909212112426758,1070000
2001-03-30,17.049999237060547,17.25749969482422,16.725000381469727,17.125,3.937957525253296,976400
2001-04-02,17.149999618530273,17.162500381469727,16.674999237060547,16.920000076293945,3.8908143043518066,1556000
2001-04-03,16.920000076293945,16.920000076293945,16.540000915527344,16.584999084472656,3.8137805461883545,949600
2001-04-04,16.584999084472656,17.125,16.584999084472656,16.93000030517578,3.8931145668029785,1951200
2001-04-05,16.912500381469727,17.422500610351562,16.887500762939453,17.354999542236328,3.990844249725342,1355200
2001-04-06,17.200000762939453,17.225000381469727,16.774999618530273,17.032499313354492,3.9166834354400635,1014000
2001-04-09,17.125,17.56999969482422,17.125,17.552499771118164,4.036259651184082,1348800
2001-04-10,17.552499771118164,17.802499771118164,17.454999923706055,17.770000457763672,4.086276531219482,1700400
2001-04-11,17.77750015258789,17.899999618530273,17.350000381469727,17.362499237060547,3.9925689697265625,1367600
2001-04-12,17.364999771118164,17.587499618530273,17.364999771118164,17.524999618530273,4.029934883117676,1419600
2001-04-16,17.475000381469727,18.149999618530273,17.412500381469727,18.145000457763672,4.1725077629089355,2189200
2001-04-17,17.899999618530273,18.149999618530273,17.762500762939453,18.149999618530273,4.1736555099487305,821200
2001-04-18,18.087499618530273,19.037500381469727,18.087499618530273,18.674999237060547,4.294381618499756,1890000
2001-04-19,18.674999237060547,18.725000381469727,18.5,18.712499618530273,4.303004264831543,994000
2001-04-20,18.537500381469727,18.725000381469727,18.362499237060547,18.362499237060547,4.222522258758545,1000800
2001-04-23,18.125,18.397499084472656,18.122499465942383,18.354999542236328,4.220798015594482,927600
2001-04-24,18.112499237060547,18.4950008392334,18.112499237060547,18.177499771118164,4.179980278015137,621200
2001-04-25,18.012500762939453,18.424999237060547,17.827499389648438,18.38249969482422,4.227119445800781,1038800
2001-04-26,18.3799991607666,18.3799991607666,18.149999618530273,18.212499618530273,4.188027381896973,1173200
2001-04-27,18.024999618530273,18.389999389648438,18.024999618530273,18.24250030517578,4.1949286460876465,721200
2001-04-30,18.217500686645508,18.5,18.174999237060547,18.40250015258789,4.231719970703125,1097200
2001-05-01,18.40250015258789,18.40250015258789,18.125,18.1924991607666,4.183429718017578,507600
2001-05-02,18.174999237060547,18.362499237060547,18.045000076293945,18.225000381469727,4.19090461730957,875200
2001-05-03,18.100000381469727,18.297500610351562,17.762500762939453,18.274999618530273,4.306367874145508,1011200
2001-05-04,18.174999237060547,18.6875,18.13249969482422,18.627500534057617,4.389432430267334,1100800
2001-05-07,18.627500534057617,18.75,18.5625,18.649999618530273,4.394734859466553,900000
2001-05-08,18.6875,18.712499618530273,18.297500610351562,18.3125,4.3152055740356445,771200
2001-05-09,18.350000381469727,18.422500610351562,17.924999237060547,18.05500030517578,4.254526615142822,1203600
2001-05-10,18.100000381469727,18.450000762939453,18.100000381469727,18.364999771118164,4.327575206756592,854400
2001-05-11,18.302499771118164,18.454999923706055,18.147499084472656,18.157499313354492,4.278679370880127,467600
2001-05-14,18.157499313354492,18.200000762939453,18.012500762939453,18.1200008392334,4.2698445320129395,577200
2001-05-15,18.1200008392334,18.350000381469727,18.11750030517578,18.209999084472656,4.291051387786865,476400
2001-05-16,18.162500381469727,18.887500762939453,18.162500381469727,18.84000015258789,4.439504623413086,1316400
2001-05-17,18.899999618530273,19.524999618530273,18.899999618530273,19.5,4.595030784606934,2122800
2001-05-18,19.5,19.6875,19.125,19.139999389648438,4.510199069976807,2053600
2001-05-21,19.149999618530273,19.774999618530273,18.9424991607666,19.762500762939453,4.656886100769043,1179200
2001-05-22,20.0,20.357500076293945,19.802499771118164,19.987499237060547,4.709904193878174,2063200
2001-05-23,20.0,20.0625,19.5,19.5,4.595030784606934,1074800
2001-05-24,19.524999618530273,19.572500228881836,19.127500534057617,19.4375,4.58030366897583,853200
2001-05-25,19.424999237060547,19.537500381469727,19.287500381469727,19.352500915527344,4.56027364730835,647200
2001-05-29,19.375,19.5,19.174999237060547,19.217500686645508,4.52846097946167,808400
2001-05-30,19.267499923706055,19.350000381469727,19.200000762939453,19.3125,4.550849914550781,1099200
2001-05-31,19.3125,19.625,19.3125,19.549999237060547,4.606810569763184,1628400
2001-06-01,19.549999237060547,19.712499618530273,19.362499237060547,19.6825008392334,4.638036727905273,978800
2001-06-04,19.774999618530273,19.924999237060547,19.627500534057617,19.860000610351562,4.679863929748535,570400
2001-06-05,19.860000610351562,20.112499237060547,19.764999389648438,20.047500610351562,4.724044322967529,1282800
2001-06-06,20.237499237060547,20.237499237060547,19.93000030517578,19.9325008392334,4.696945667266846,1056800
2001-06-07,20.049999237060547,20.0625,19.822500228881836,19.950000762939453,4.701072692871094,1002800
2001-06-08,19.950000762939453,19.950000762939453,19.125,19.450000762939453,4.583248615264893,1712800
2001-06-11,19.287500381469727,19.44499969482422,19.174999237060547,19.4325008392334,4.57912540435791,1134400
2001-06-12,19.4325008392334,19.4325008392334,19.020000457763672,19.162500381469727,4.515502452850342,985200
2001-06-13,18.9375,19.21500015258789,18.850000381469727,18.950000762939453,4.465426445007324,1056000
2001-06-14,18.924999237060547,18.924999237060547,18.375,18.4375,4.344659328460693,1810400
2001-06-15,18.087499618530273,18.280000686645508,18.075000762939453,18.25,4.300477027893066,1911200
2001-06-18,18.25,18.489999771118164,18.25,18.295000076293945,4.311080455780029,1430400
2001-06-19,18.325000762939453,18.325000762939453,17.962499618530273,17.962499618530273,4.232728004455566,820000
2001-06-20,17.975000381469727,18.0,17.684999465942383,17.792499542236328,4.192671298980713,1466000
2001-06-21,17.799999237060547,17.924999237060547,17.700000762939453,17.899999618530273,4.218001842498779,2344400
2001-06-22,17.975000381469727,18.125,17.875,17.889999389648438,4.215646743774414,1019200
2001-06-25,17.952499389648438,18.024999618530273,17.712499618530273,17.732500076293945,4.178530216217041,500000
2001-06-26,17.0,18.104999542236328,16.575000762939453,17.864999771118164,4.20975399017334,4669200
2001-06-27,17.832500457763672,17.832500457763672,17.477500915527344,17.6200008392334,4.152022838592529,1582800
2001-06-28,17.645000457763672,17.649999618530273,17.412500381469727,17.450000762939453,4.111963748931885,1254800
2001-06-29,17.5,17.6875,17.450000762939453,17.524999618530273,4.129635334014893,1968400
2001-07-02,17.549999237060547,18.1875,17.549999237060547,18.107500076293945,4.266897201538086,1634800
2001-07-03,18.200000762939453,18.272499084472656,18.049999237060547,18.2450008392334,4.299297332763672,656400
2001-07-05,18.137500762939453,18.375,18.049999237060547,18.100000381469727,4.265131950378418,721200
2001-07-06,18.100000381469727,18.137500762939453,17.6875,17.780000686645508,4.189725875854492,819200
2001-07-09,17.75,18.200000762939453,17.575000762939453,17.802499771118164,4.1950273513793945,1460000
2001-07-10,17.799999237060547,17.799999237060547,17.450000762939453,17.475000381469727,4.117854595184326,1286000
2001-07-11,17.475000381469727,17.625,17.2450008392334,17.577499389648438,4.1420063972473145,1315200
2001-07-12,17.514999389648438,17.9950008392334,17.5,17.94499969482422,4.228606700897217,1389600
2001-07-13,17.895000457763672,18.200000762939453,17.787500381469727,18.0674991607666,4.257473468780518,978400
2001-07-16,18.0674991607666,18.25,17.912500381469727,17.962499618530273,4.232728004455566,1293200
2001-07-17,17.987499237060547,18.149999618530273,17.915000915527344,18.11750030517578,4.269254684448242,807200
2001-07-18,18.0,18.3125,18.0,18.287500381469727,4.30931282043457,926800
2001-07-19,18.287500381469727,18.387500762939453,18.212499618530273,18.252500534057617,4.301065921783447,1079200
2001-07-20,18.252500534057617,18.337499618530273,18.112499237060547,18.25,4.300477027893066,902000
2001-07-23,18.25,18.25,17.924999237060547,18.0,4.2415666580200195,560400
2001-07-24,18.002500534057617,18.037500381469727,17.587499618530273,17.774999618530273,4.1885480880737305,1046000
2001-07-25,17.787500381469727,17.899999618530273,17.707500457763672,17.864999771118164,4.20975399017334,1216800
2001-07-26,17.875,18.209999084472656,17.702499389648438,18.142499923706055,4.275148391723633,751200
2001-07-27,18.162500381469727,18.2450008392334,18.0575008392334,18.184999465942383,4.285161972045898,431200
2001-07-30,18.1875,18.274999618530273,18.024999618530273,18.145000457763672,4.2757344245910645,465200
2001-07-31,18.1875,18.459999084472656,18.1875,18.360000610351562,4.326397895812988,1083600
2001-08-01,18.5,18.575000762939453,18.139999389648438,18.25749969482422,4.302246570587158,672800
2001-08-02,18.225000381469727,18.497499465942383,18.157499313354492,18.497499465942383,4.4664387702941895,1415600
2001-08-03,18.600000381469727,18.747499465942383,18.375,18.747499465942383,4.526806354522705,1173600
2001-08-06,18.924999237060547,18.924999237060547,18.924999237060547,18.924999237060547,4.569663047790527,2132000
2001-08-07,18.924999237060547,18.924999237060547,18.702499389648438,18.795000076293945,4.538274765014648,1350400
2001-08-08,18.770000457763672,18.774999618530273,18.487499237060547,18.514999389648438,4.470664978027344,821200
2001-08-09,18.514999389648438,18.549999237060547,18.375,18.475000381469727,4.4610066413879395,1073600
2001-08-10,18.487499237060547,19.125,18.487499237060547,19.11750030517578,4.61614465713501,1467200
2001-08-13,19.11750030517578,19.225000381469727,18.774999618530273,18.875,4.557589530944824,1929200
2001-08-14,18.924999237060547,18.940000534057617,18.712499618530273,18.8125,4.5424981117248535,374400
2001-08-15,18.75,18.950000762939453,18.712499618530273,18.717500686645508,4.519560813903809,792800
2001-08-16,18.712499618530273,18.862499237060547,18.625,18.84749984741211,4.550950527191162,550400
2001-08-17,18.737499237060547,18.739999771118164,18.25,18.334999084472656,4.427202224731445,1115600
2001-08-20,18.334999084472656,18.462499618530273,18.274999618530273,18.450000762939453,4.454969882965088,1082400
2001-08-21,18.450000762939453,18.575000762939453,18.325000762939453,18.329999923706055,4.425994396209717,1150800
2001-08-22,18.462499618530273,18.575000762939453,18.375,18.559999465942383,4.481529235839844,786000
2001-08-23,18.575000762939453,18.712499618530273,18.135000228881836,18.135000228881836,4.378907203674316,941600
2001-08-24,18.25,18.697500228881836,18.225000381469727,18.645000457763672,4.502056121826172,1000000
2001-08-27,18.700000762939453,18.700000762939453,18.447500228881836,18.450000762939453,4.454969882965088,441600
2001-08-28,18.4375,18.5,18.287500381469727,18.287500381469727,4.415732383728027,454000
2001-08-29,18.172500610351562,18.174999237060547,17.787500381469727,17.9325008392334,4.330012798309326,1232000
2001-08-30,17.887500762939453,18.045000076293945,17.787500381469727,18.0,4.346312046051025,987200
2001-08-31,17.975000381469727,18.225000381469727,17.877500534057617,17.982500076293945,4.3420867919921875,1091200
2001-09-04,17.920000076293945,18.299999237060547,17.84000015258789,18.235000610351562,4.4030537605285645,1274000
2001-09-05,18.235000610351562,18.325000762939453,17.887500762939453,17.934999465942383,4.330616474151611,877200
2001-09-06,17.875,18.137500762939453,17.850000381469727,18.084999084472656,4.366835117340088,735600
2001-09-07,18.075000762939453,18.075000762939453,17.350000381469727,17.399999618530273,4.201433181762695,1026800
2001-09-10,17.375,17.737499237060547,17.350000381469727,17.487499237060547,4.222562789916992,1036800
2001-09-17,16.625,16.625,15.907500267028809,15.987500190734863,3.860369920730591,1041600
2001-09-18,15.925000190734863,16.225000381469727,15.75,15.760000228881836,3.805436372756958,1011200
2001-09-19,15.75,15.75,15.137499809265137,15.477499961853027,3.737224578857422,1686000
2001-09-20,15.3125,15.3149995803833,14.029999732971191,14.367500305175781,3.4692022800445557,2722800
2001-09-21,14.0,14.399999618530273,13.779999732971191,14.395000457763672,3.475842237472534,2176800
2001-09-24,14.414999961853027,15.074999809265137,14.399999618530273,15.032500267028809,3.629774808883667,1258000
2001-09-25,15.162500381469727,15.475000381469727,14.927499771118164,15.102499961853027,3.6466760635375977,1545200
2001-09-26,15.100000381469727,15.100000381469727,14.59000015258789,14.649999618530273,3.53741455078125,1057200
2001-09-27,14.75,14.84000015258789,14.5,14.829999923706055,3.5808770656585693,1127600
2001-09-28,14.0,14.912500381469727,13.9375,14.802499771118164,3.574237585067749,4217600
2001-10-01,14.802499771118164,14.859999656677246,14.585000038146973,14.842499732971191,3.583895683288574,1397600
2001-10-02,14.842499732971191,15.332500457763672,14.725000381469727,15.307499885559082,3.696176290512085,1504800
2001-10-03,15.287500381469727,15.8125,15.125,15.772500038146973,3.8084559440612793,1706800
2001-10-04,15.75,16.25,15.7475004196167,16.024999618530273,3.8694236278533936,1544000
2001-10-05,15.875,16.5,15.875,16.422500610351562,3.965404987335205,2064000
2001-10-08,16.337499618530273,16.649999618530273,16.262500762939453,16.440000534057617,3.969632148742676,1761200
2001-10-09,16.537500381469727,16.537500381469727,16.082500457763672,16.299999237060547,3.9358270168304443,896400
2001-10-10,16.25,17.022499084472656,16.174999237060547,17.0,4.1048502922058105,1374800
2001-10-11,17.125,17.532499313354492,17.037500381469727,17.532499313354492,4.23342752456665,1402800
2001-10-12,17.4375,17.462499618530273,16.815000534057617,17.127500534057617,4.135636329650879,1180000
2001-10-15,17.0,17.212499618530273,16.5625,17.149999618530273,4.1410698890686035,1168800
2001-10-16,17.100000381469727,17.362499237060547,16.9375,17.21500015258789,4.156765460968018,996000
2001-10-17,17.049999237060547,17.167499542236328,16.502500534057617,16.502500534057617,3.9847233295440674,1453600
2001-10-18,16.502500534057617,16.647499084472656,16.325000762939453,16.387500762939453,3.95695424079895,1816000
2001-10-19,16.475000381469727,16.549999237060547,16.237499237060547,16.4325008392334,3.967820167541504,1470800
2001-10-22,16.375,16.540000915527344,16.299999237060547,16.502500534057617,3.9847233295440674,1265200
2001-10-23,16.5625,16.727500915527344,16.469999313354492,16.47249984741211,3.9774796962738037,788000
2001-10-24,16.287500381469727,16.447500228881836,16.212499618530273,16.362499237060547,3.950917959213257,1077600
2001-10-25,16.299999237060547,16.412500381469727,16.024999618530273,16.354999542236328,3.9491071701049805,1210800
2001-10-26,16.299999237060547,16.922500610351562,16.237499237060547,16.862499237060547,4.0716471672058105,1134000
2001-10-29,16.864999771118164,16.864999771118164,16.1200008392334,16.297500610351562,3.9352223873138428,1376000
2001-10-30,16.360000610351562,16.360000610351562,15.774999618530273,16.0674991607666,3.8796873092651367,1131200
2001-10-31,16.362499237060547,16.662500381469727,16.287500381469727,16.360000610351562,3.950314998626709,1261600
2001-11-01,16.25,16.459999084472656,15.949999809265137,16.40999984741211,4.071899890899658,1358400
2001-11-02,16.25,16.75,16.1875,16.725000381469727,4.150063991546631,1769600
2001-11-05,16.75,17.135000228881836,16.717500686645508,17.100000381469727,4.243113994598389,2626800
2001-11-06,17.075000762939453,17.3125,16.697500228881836,17.28499984741211,4.289018630981445,1263600
2001-11-07,17.337499618530273,17.337499618530273,17.075000762939453,17.25,4.280334949493408,1234400
2001-11-08,17.274999618530273,17.462499618530273,16.809999465942383,16.850000381469727,4.181081295013428,1076400
2001-11-09,16.987499237060547,17.125,16.837499618530273,17.040000915527344,4.228224754333496,1372400
2001-11-12,16.887500762939453,17.024999618530273,16.725000381469727,16.772499084472656,4.161849498748779,1092400
2001-11-13,16.875,17.25,16.852500915527344,17.162500381469727,4.258623123168945,1386800
2001-11-14,17.25,17.3700008392334,17.212499618530273,17.3125,4.295841217041016,1574000
2001-11-15,17.362499237060547,17.397499084472656,17.260000228881836,17.34749984741211,4.304527759552002,1300000
2001-11-16,17.309999465942383,17.424999237060547,17.262500762939453,17.412500381469727,4.320655345916748,1963200
2001-11-19,17.3125,17.477500915527344,17.25,17.389999389648438,4.315074443817139,1738400
2001-11-20,17.375,17.52750015258789,17.337499618530273,17.407499313354492,4.319415092468262,1326000
2001-11-21,17.25,17.377500534057617,17.0625,17.19499969482422,4.266685962677002,913600
2001-11-23,17.19499969482422,17.552499771118164,17.19499969482422,17.477500915527344,4.336784839630127,463200
2001-11-26,17.53499984741211,17.774999618530273,17.4375,17.709999084472656,4.394474983215332,832400
2001-11-27,17.649999618530273,17.719999313354492,17.295000076293945,17.649999618530273,4.379588603973389,1948800
2001-11-28,17.424999237060547,17.524999618530273,17.387500762939453,17.399999618530273,4.317553997039795,762800
2001-11-29,17.40250015258789,17.5,17.25,17.5,4.342367649078369,1040400
2001-11-30,17.5,17.575000762939453,17.327499389648438,17.40250015258789,4.318173885345459,1151600
2001-12-03,17.372499465942383,17.375,16.975000381469727,17.3174991607666,4.297082901000977,1399200
2001-12-04,17.212499618530273,17.512500762939453,17.147499084472656,17.462499618530273,4.333062648773193,1305200
2001-12-05,17.5,18.112499237060547,17.462499618530273,18.082500457763672,4.486908435821533,2364400
2001-12-06,18.020000457763672,18.622499465942383,17.987499237060547,18.587499618530273,4.612215518951416,2486000
2001-12-07,18.59000015258789,18.59000015258789,18.34749984741211,18.420000076293945,4.570653438568115,1982000
2001-12-10,18.299999237060547,18.424999237060547,18.1875,18.25,4.528469085693359,1140000
2001-12-11,18.237499237060547,18.405000686645508,18.190000534057617,18.27750015258789,4.535292625427246,812000
2001-12-12,18.25,18.362499237060547,18.075000762939453,18.292499542236328,4.539017677307129,691200
2001-12-13,18.2450008392334,18.2450008392334,17.875,17.88249969482422,4.437280654907227,834000
2001-12-14,17.862499237060547,17.927499771118164,17.649999618530273,17.84749984741211,4.428595066070557,746800
2001-12-17,17.987499237060547,18.25,17.899999618530273,18.172500610351562,4.509237766265869,592400
2001-12-18,18.209999084472656,18.5625,18.207500457763672,18.510000228881836,4.592984676361084,805600
2001-12-19,18.512500762939453,18.5625,18.3174991607666,18.52750015258789,4.597330093383789,1603600
2001-12-20,18.625,18.65250015258789,18.309999465942383,18.362499237060547,4.556384563446045,745600
2001-12-21,18.424999237060547,18.452499389648438,18.25,18.422500610351562,4.571270942687988,888800
2001-12-24,18.412500381469727,18.52750015258789,18.405000686645508,18.462499618530273,4.581201076507568,396400
2001-12-26,18.600000381469727,19.0,18.572500228881836,18.787500381469727,4.661843299865723,753600
2001-12-27,18.780000686645508,18.975000381469727,18.700000762939453,18.78499984741211,4.661221981048584,507600
2001-12-28,18.787500381469727,18.889999389648438,18.6924991607666,18.747499465942383,4.65191650390625,808400
2001-12-31,18.772499084472656,18.8125,18.602500915527344,18.602500915527344,4.615936756134033,683600
2002-01-02,18.524999618530273,18.625,18.325000762939453,18.622499465942383,4.620901584625244,825200
2002-01-03,18.674999237060547,18.737499237060547,18.63249969482422,18.684999465942383,4.636406898498535,1916000
2002-01-04,18.737499237060547,18.844999313354492,18.600000381469727,18.802499771118164,4.665566444396973,2348800
2002-01-07,18.864999771118164,18.924999237060547,18.575000762939453,18.614999771118164,4.6190385818481445,1947600
2002-01-08,18.674999237060547,18.674999237060547,18.247499465942383,18.350000381469727,4.55328369140625,1206800
2002-01-09,18.350000381469727,18.512500762939453,18.262500762939453,18.264999389648438,4.532193183898926,850800
2002-01-10,18.1875,18.200000762939453,17.75,17.752500534057617,4.405022621154785,2378800
2002-01-11,17.700000762939453,17.899999618530273,17.649999618530273,17.707500457763672,4.393855094909668,2690000
2002-01-14,17.662500381469727,17.732500076293945,17.322500228881836,17.322500228881836,4.298324108123779,1778400
2002-01-15,17.385000228881836,17.637500762939453,17.27750015258789,17.34749984741211,4.304527759552002,1459200
2002-01-16,17.325000762939453,17.387500762939453,16.899999618530273,16.922500610351562,4.199071884155273,2093200
2002-01-17,17.049999237060547,17.299999237060547,16.950000762939453,17.25,4.280334949493408,1921600
2002-01-18,17.149999618530273,17.225000381469727,16.875,17.012500762939453,4.221402168273926,2353200
2002-01-22,17.125,17.4375,17.125,17.337499618530273,4.302048683166504,1482400
2002-01-23,17.399999618530273,17.537500381469727,17.087499618530273,17.424999237060547,4.323758125305176,1538800
2002-01-24,17.4375,17.625,17.387500762939453,17.489999771118164,4.339885711669922,1914000
2002-01-25,17.549999237060547,18.112499237060547,17.424999237060547,17.854999542236328,4.430456161499023,1579600
2002-01-28,17.950000762939453,18.174999237060547,17.837499618530273,18.167499542236328,4.507998943328857,1288800
2002-01-29,18.287500381469727,18.287500381469727,17.907499313354492,17.987499237060547,4.463334560394287,1570000
2002-01-30,17.987499237060547,18.174999237060547,17.827499389648438,18.167499542236328,4.507998943328857,1678400
2002-01-31,18.1875,18.40250015258789,18.075000762939453,18.395000457763672,4.677742004394531,1373600
2002-02-01,18.332500457763672,18.362499237060547,18.202499389648438,18.25749969482422,4.642776012420654,1143200
2002-02-04,18.25749969482422,18.315000534057617,17.975000381469727,18.042499542236328,4.588102340698242,1153600
2002-02-05,17.979999542236328,18.237499237060547,17.90250015258789,17.940000534057617,4.5620341300964355,1194000
2002-02-06,17.950000762939453,18.237499237060547,17.9375,18.174999237060547,4.621795177459717,1761200
2002-02-07,18.200000762939453,18.217500686645508,17.899999618530273,17.917499542236328,4.5563130378723145,1586000
2002-02-08,17.924999237060547,18.024999618530273,17.762500762939453,17.899999618530273,4.5518646240234375,1541200
2002-02-11,17.899999618530273,18.389999389648438,17.899999618530273,18.3700008392334,4.671380996704102,1942800
2002-02-12,18.329999923706055,18.450000762939453,18.184999465942383,18.295000076293945,4.652309894561768,1213200
2002-02-13,18.299999237060547,18.850000381469727,18.299999237060547,18.752500534057617,4.768651008605957,1829600
2002-02-14,18.700000762939453,18.885000228881836,18.594999313354492,18.74250030517578,4.766106605529785,1523200
2002-02-15,18.6875,19.125,18.662500381469727,18.975000381469727,4.825230598449707,2529600
2002-02-19,18.850000381469727,18.862499237060547,18.637500762939453,18.770000457763672,4.773100852966309,1139200
2002-02-20,19.125,19.729999542236328,19.024999618530273,19.612499237060547,4.987343788146973,3726800
2002-02-21,19.450000762939453,20.020000457763672,19.450000762939453,19.764999389648438,5.026123046875,3047200
2002-02-22,19.674999237060547,20.072500228881836,19.642499923706055,19.852500915527344,5.048374176025391,2148800
2002-02-25,19.799999237060547,20.399999618530273,19.799999237060547,20.274999618530273,5.155813694000244,2646000
2002-02-26,20.149999618530273,20.524999618530273,20.077499389648438,20.450000762939453,5.200314521789551,3077600
2002-02-27,20.450000762939453,20.600000381469727,20.149999618530273,20.247499465942383,5.148818492889404,2916800
2002-02-28,20.25,20.362499237060547,20.075000762939453,20.184999465942383,5.132925987243652,2306400
2002-03-01,20.125,20.584999084472656,20.125,20.584999084472656,5.23464298248291,2545600
2002-03-04,20.549999237060547,21.375,20.549999237060547,21.332500457763672,5.42473030090332,2966800
2002-03-05,21.212499618530273,21.272499084472656,20.827499389648438,20.9375,5.324283599853516,3139600
2002-03-06,20.837499618530273,21.100000381469727,20.782499313354492,21.059999465942383,5.355433464050293,2896000
2002-03-07,21.075000762939453,21.1299991607666,20.875,21.06999969482422,5.357975482940674,1258000
2002-03-08,21.100000381469727,21.127500534057617,20.77750015258789,20.86750030517578,5.306482791900635,1303200
2002-03-11,21.125,21.1875,21.010000228881836,21.11750030517578,5.370053768157959,2402800
2002-03-12,20.75,21.0,20.6875,20.832500457763672,5.297581195831299,2492400
2002-03-13,20.895000457763672,20.9375,20.662500381469727,20.780000686645508,5.284230709075928,1986800
2002-03-14,20.787500381469727,21.0,20.760000228881836,20.979999542236328,5.335091590881348,1212400
2002-03-15,20.979999542236328,20.979999542236328,20.72249984741211,20.799999237060547,5.289316654205322,1326400
2002-03-18,20.825000762939453,20.892499923706055,20.584999084472656,20.875,5.3083882331848145,861200
2002-03-19,20.875,21.024999618530273,20.827499389648438,20.897499084472656,5.314110279083252,1748400
2002-03-20,20.837499618530273,20.850000381469727,20.657499313354492,20.697500228881836,5.2632527351379395,914400
2002-03-21,20.69499969482422,20.69499969482422,20.167499542236328,20.25,5.149455547332764,1264000
2002-03-22,20.1875,20.190000534057617,19.887500762939453,20.030000686645508,5.093509674072266,1641200
2002-03-25,20.0625,20.0625,19.799999237060547,19.857500076293945,5.049643516540527,1484800
2002-03-26,19.799999237060547,20.219999313354492,19.799999237060547,20.125,5.117668151855469,1159600
2002-03-27,20.125,20.512500762939453,20.087499618530273,20.325000762939453,5.168528079986572,762000
2002-03-28,20.350000381469727,20.454999923706055,20.200000762939453,20.2450008392334,5.148183345794678,1638000
2002-04-01,20.125,20.229999542236328,19.852500915527344,20.18000030517578,5.131654262542725,1046000
2002-04-02,20.05500030517578,20.162500381469727,19.987499237060547,20.02750015258789,5.092875957489014,900800
2002-04-03,20.02750015258789,20.02750015258789,19.510000228881836,19.602500915527344,4.984799385070801,2435600
2002-04-04,19.625,19.987499237060547,19.602500915527344,19.987499237060547,5.082703113555908,1093600
2002-04-05,20.225000381469727,20.559999465942383,20.149999618530273,20.422500610351562,5.193321704864502,2288000
2002-04-08,20.299999237060547,20.537500381469727,20.25,20.5,5.213028907775879,1198800
2002-04-09,20.5,20.787500381469727,20.5,20.760000228881836,5.279145240783691,1913600
2002-04-10,20.8125,21.424999237060547,20.767499923706055,21.420000076293945,5.446979999542236,2490000
2002-04-11,21.25,21.487499237060547,20.962499618530273,21.0625,5.356069564819336,1742800
2002-04-12,21.087499618530273,21.274999618530273,20.950000762939453,21.25749969482422,5.405657768249512,1115600
2002-04-15,21.600000381469727,21.674999237060547,20.962499618530273,21.127500534057617,5.372598648071289,3304000
2002-04-16,21.1875,22.170000076293945,21.1875,21.962499618530273,5.584932804107666,3299600
2002-04-17,22.017499923706055,22.127500534057617,21.399999618530273,21.475000381469727,5.460967063903809,2162400
2002-04-18,21.537500381469727,21.600000381469727,21.075000762939453,21.202499389648438,5.391670227050781,1422400
2002-04-19,21.200000762939453,21.412500381469727,21.197500228881836,21.227500915527344,5.398028373718262,1534000
2002-04-22,21.299999237060547,21.325000762939453,20.875,20.962499618530273,5.330639839172363,1237200
2002-04-23,20.899999618530273,21.327499389648438,20.8799991607666,21.145000457763672,5.377048969268799,2176000
2002-04-24,21.174999237060547,21.487499237060547,21.172500610351562,21.177499771118164,5.385312557220459,1225600
2002-04-25,21.125,21.125,20.75,21.125,5.371962547302246,1846400
2002-04-26,21.25,21.399999618530273,21.190000534057617,21.1924991607666,5.389126777648926,1201200
2002-04-29,21.137500762939453,21.21500015258789,20.75,20.75,5.2766008377075195,1992400
2002-04-30,20.850000381469727,21.387500762939453,20.707500457763672,21.15250015258789,5.378953456878662,1805200
2002-05-01,21.25,21.5,20.725000381469727,21.280000686645508,5.411378860473633,1990000
2002-05-02,21.274999618530273,21.6875,21.274999618530273,21.545000076293945,5.594440937042236,1849200
2002-05-03,21.545000076293945,21.649999618530273,21.399999618530273,21.5575008392334,5.597687721252441,1569200
2002-05-06,21.549999237060547,21.59000015258789,21.09749984741211,21.145000457763672,5.490574836730957,1250400
2002-05-07,21.387500762939453,21.5,21.282499313354492,21.354999542236328,5.54510498046875,1872400
2002-05-08,21.524999618530273,21.747499465942383,21.512500762939453,21.612499237060547,5.611966133117676,1314800
2002-05-09,21.549999237060547,21.549999237060547,21.262500762939453,21.362499237060547,5.547052383422852,1874400
2002-05-10,21.399999618530273,21.524999618530273,21.262500762939453,21.290000915527344,5.528225898742676,1152800
2002-05-13,21.325000762939453,21.462499618530273,21.212499618530273,21.322500228881836,5.536667823791504,998400
2002-05-14,21.424999237060547,21.63249969482422,21.337499618530273,21.6299991607666,5.616512775421143,1514000
2002-05-15,21.462499618530273,21.887500762939453,21.462499618530273,21.8125,5.663900852203369,2022800
2002-05-16,21.8125,21.895000457763672,21.549999237060547,21.552499771118164,5.596386909484863,763200
2002-05-17,21.552499771118164,21.725000381469727,21.482500076293945,21.587499618530273,5.605477333068848,871200
2002-05-20,21.587499618530273,21.587499618530273,21.149999618530273,21.302499771118164,5.531471252441406,964400
2002-05-21,21.4375,21.537500381469727,20.97249984741211,21.012500762939453,5.456169128417969,979200
2002-05-22,21.075000762939453,21.4424991607666,20.952499389648438,21.399999618530273,5.556789398193359,1622000
2002-05-23,21.399999618530273,21.524999618530273,21.162500381469727,21.302499771118164,5.531471252441406,1228400
2002-05-24,21.225000381469727,21.497499465942383,21.170000076293945,21.170000076293945,5.497066974639893,859600
2002-05-28,21.1875,21.264999389648438,20.8799991607666,21.065000534057617,5.469802379608154,772400
2002-05-29,21.065000534057617,21.065000534057617,20.475000381469727,20.5,5.323092460632324,1405200
2002-05-30,20.25,20.337499618530273,19.649999618530273,19.8799991607666,5.162098407745361,3392000
2002-05-31,20.049999237060547,20.524999618530273,20.00749969482422,20.204999923706055,5.246492862701416,2502800
2002-06-03,20.212499618530273,20.274999618530273,19.857500076293945,19.860000610351562,5.1569085121154785,1180400
2002-06-04,19.825000762939453,19.837499618530273,19.104999542236328,19.407499313354492,5.03941011428833,1726400
2002-06-05,19.5625,19.975000381469727,19.462499618530273,19.712499618530273,5.118609428405762,2390800
2002-06-06,19.700000762939453,19.709999084472656,19.34749984741211,19.399999618530273,5.037463188171387,1413600
2002-06-07,19.274999618530273,19.59000015258789,19.190000534057617,19.514999389648438,5.067323684692383,1987600
2002-06-10,19.452499389648438,19.649999618530273,19.38249969482422,19.512500762939453,5.06667423248291,1140800
2002-06-11,19.524999618530273,19.684999465942383,19.049999237060547,19.059999465942383,4.949178218841553,1292000
2002-06-12,18.985000610351562,19.072500228881836,18.774999618530273,18.86750030517578,4.89919376373291,1972400
2002-06-13,18.99250030517578,18.99250030517578,18.572500228881836,18.577499389648438,4.823892116546631,1496400
2002-06-14,18.575000762939453,18.575000762939453,18.127500534057617,18.5,4.80376672744751,2253600
2002-06-17,18.637500762939453,19.037500381469727,18.637500762939453,19.020000457763672,4.938790798187256,964000
2002-06-18,18.957500457763672,19.087499618530273,18.850000381469727,18.922500610351562,4.91347599029541,1713600
2002-06-19,18.899999618530273,19.112499237060547,18.837499618530273,18.862499237060547,4.897894859313965,1560400
2002-06-20,18.75,18.825000762939453,18.452499389648438,18.452499389648438,4.791431903839111,2208800
2002-06-21,18.087499618530273,18.375,18.037500381469727,18.065000534057617,4.6908135414123535,2323600
2002-06-24,18.190000534057617,18.25,17.825000762939453,18.075000762939453,4.693410873413086,2156000
2002-06-25,18.162500381469727,18.325000762939453,17.767499923706055,17.80500030517578,4.623301029205322,1303600
2002-06-26,17.75,17.850000381469727,17.485000610351562,17.78499984741211,4.618107795715332,1388400
2002-06-27,18.024999618530273,18.239999771118164,17.850000381469727,18.075000762939453,4.693410873413086,1631200
2002-06-28,18.087499618530273,18.514999389648438,18.087499618530273,18.1875,4.722622394561768,1605200
2002-07-01,18.25,18.450000762939453,17.860000610351562,17.8700008392334,4.640178680419922,1258000
2002-07-02,18.049999237060547,18.049999237060547,17.53499984741211,17.737499237060547,4.605773448944092,1520400
2002-07-03,17.674999237060547,17.80500030517578,17.212499618530273,17.407499313354492,4.520084857940674,1942800
2002-07-05,17.497499465942383,18.219999313354492,17.497499465942383,18.219999313354492,4.73106050491333,647600
2002-07-08,18.1875,18.3700008392334,17.9375,18.072500228881836,4.692761421203613,1776400
2002-07-09,18.135000228881836,18.450000762939453,18.112499237060547,18.1875,4.722622394561768,3238000
2002-07-10,18.274999618530273,18.274999618530273,17.487499237060547,17.542499542236328,4.555138111114502,1746000
2002-07-11,17.399999618530273,17.604999542236328,16.962499618530273,17.237499237060547,4.475942611694336,2953200
2002-07-12,17.4375,18.00749969482422,17.377500534057617,17.7450008392334,4.607722759246826,3137600
2002-07-15,17.875,17.899999618530273,16.5625,17.125,4.446730613708496,4688400
2002-07-16,16.875,17.0625,16.3125,16.72249984741211,4.342216491699219,3910400
2002-07-17,16.969999313354492,17.197500228881836,16.235000610351562,16.332500457763672,4.240947723388672,3718400
2002-07-18,16.450000762939453,16.737499237060547,16.200000762939453,16.2549991607666,4.220822334289551,2131600
2002-07-19,16.2549991607666,16.2549991607666,15.702500343322754,15.720000267028809,4.081902027130127,1456400
2002-07-22,15.782500267028809,16.075000762939453,15.375,15.6274995803833,4.0578837394714355,2874800
2002-07-23,15.6274995803833,16.012500762939453,15.517499923706055,15.53499984741211,4.033864974975586,1964400
2002-07-24,15.324999809265137,16.704999923706055,15.149999618530273,16.594999313354492,4.309107780456543,2835200
2002-07-25,16.594999313354492,16.799999237060547,16.0625,16.61750030517578,4.314950942993164,2035200
2002-07-26,16.5625,16.912500381469727,16.502500534057617,16.737499237060547,4.346110820770264,2276400
2002-07-29,17.0,17.782499313354492,17.0,17.770000457763672,4.614213466644287,1821200
2002-07-30,17.549999237060547,17.587499618530273,17.15250015258789,17.364999771118164,4.5090484619140625,1858000
2002-07-31,17.415000915527344,17.637500762939453,17.174999237060547,17.454999923706055,4.532417297363281,1876400
2002-08-01,17.3125,17.575000762939453,17.137500762939453,17.174999237060547,4.575037956237793,1755200
2002-08-02,17.174999237060547,17.225000381469727,16.49250030517578,16.587499618530273,4.41854190826416,1847200
2002-08-05,16.462499618530273,16.674999237060547,16.232500076293945,16.25,4.328638553619385,1408000
2002-08-06,16.375,17.225000381469727,16.375,16.93000030517578,4.509775638580322,1930400
2002-08-07,17.032499313354492,17.162500381469727,16.512500762939453,16.985000610351562,4.52442741394043,1958000
2002-08-08,17.149999618530273,17.46500015258789,16.875,17.424999237060547,4.6416335105896,1321200
2002-08-09,17.362499237060547,17.450000762939453,17.049999237060547,17.337499618530273,4.61832857131958,1494800
2002-08-12,17.25,17.424999237060547,17.06999969482422,17.350000381469727,4.62165641784668,701600
2002-08-13,17.262500762939453,17.28499984741211,16.985000610351562,17.012500762939453,4.531753063201904,1114400
2002-08-14,16.950000762939453,17.299999237060547,16.469999313354492,17.264999389648438,4.59901237487793,1990000
2002-08-15,17.362499237060547,17.6924991607666,17.145000457763672,17.649999618530273,4.701569557189941,2345600
2002-08-16,17.549999237060547,17.674999237060547,17.377500534057617,17.489999771118164,4.65894889831543,1623200
2002-08-19,17.487499237060547,18.25,17.475000381469727,18.207500457763672,4.8500776290893555,1757200
2002-08-20,18.075000762939453,18.25,17.825000762939453,18.082500457763672,4.81677770614624,1314400
2002-08-21,18.112499237060547,18.487499237060547,18.002500534057617,18.295000076293945,4.873383045196533,1204800
2002-08-22,18.174999237060547,18.5625,18.075000762939453,18.469999313354492,4.9199981689453125,1353600
2002-08-23,18.462499618530273,18.462499618530273,18.042499542236328,18.125,4.828098297119141,641600
2002-08-26,18.1299991607666,18.309999465942383,17.885000228881836,18.267499923706055,4.8660569190979,1006000
2002-08-27,18.375,18.602500915527344,18.09749984741211,18.104999542236328,4.822768688201904,1397600
2002-08-28,18.05500030517578,18.149999618530273,17.875,17.947500228881836,4.780816078186035,974000
2002-08-29,17.860000610351562,17.862499237060547,17.524999618530273,17.612499237060547,4.691579818725586,1912400
2002-08-30,17.549999237060547,17.88249969482422,17.412500381469727,17.684999465942383,4.710892677307129,1942400
2002-09-03,17.587499618530273,17.59000015258789,16.877500534057617,17.125,4.561721324920654,2318400
2002-09-04,17.107500076293945,17.25749969482422,16.905000686645508,17.172500610351562,4.574371814727783,1845200
2002-09-05,17.024999618530273,17.072500228881836,16.772499084472656,16.887500762939453,4.49845552444458,2045200
2002-09-06,17.137500762939453,17.190000534057617,16.96500015258789,17.094999313354492,4.553728103637695,1346800
2002-09-09,17.0,17.325000762939453,16.825000762939453,17.297500610351562,4.607669830322266,1028400
2002-09-10,17.412500381469727,17.5,17.260000228881836,17.372499465942383,4.627649784088135,964000
2002-09-11,17.524999618530273,17.594999313354492,17.424999237060547,17.462499618530273,4.651622772216797,808800
2002-09-12,17.375,17.375,17.0,17.072500228881836,4.547736644744873,858800
2002-09-13,16.947500228881836,16.975000381469727,16.625,16.864999771118164,4.492462158203125,1517600
2002-09-16,16.762500762939453,16.8174991607666,16.450000762939453,16.565000534057617,4.4125471115112305,1928000
2002-09-17,16.75,16.799999237060547,16.125,16.21500015258789,4.319317817687988,2473600
2002-09-18,15.975000381469727,16.0625,15.585000038146973,15.845000267028809,4.220757007598877,3797600
2002-09-19,15.75,16.1825008392334,15.725000381469727,15.904999732971191,4.2367377281188965,2897600
2002-09-20,16.024999618530273,16.13249969482422,15.949999809265137,16.087499618530273,4.28535270690918,2810400
2002-09-23,16.024999618530273,16.032499313354492,15.767499923706055,15.9399995803833,4.246062755584717,1530000
2002-09-24,15.75,15.78499984741211,15.350000381469727,15.407500267028809,4.104217052459717,2121600
2002-09-25,15.625,15.970000267028809,15.487500190734863,15.842499732971191,4.220091819763184,1569200
2002-09-26,16.075000762939453,16.802499771118164,15.97249984741211,16.725000381469727,4.455170154571533,2574400
2002-09-27,16.5625,16.690000534057617,15.975000381469727,16.05500030517578,4.276695728302002,1444800
2002-09-30,15.912500381469727,16.149999618530273,15.449999809265137,15.9350004196167,4.2447309494018555,1394000
2002-10-01,15.912500381469727,16.5,15.612500190734863,16.457500457763672,4.383913993835449,2370800
2002-10-02,16.332500457763672,16.350000381469727,15.842499732971191,15.850000381469727,4.222088813781738,2289600
2002-10-03,15.975000381469727,16.197500228881836,15.75,15.890000343322754,4.232744216918945,1948400
2002-10-04,16.100000381469727,16.112499237060547,15.362500190734863,15.630000114440918,4.163486003875732,1577600
2002-10-07,15.625,15.8725004196167,15.337499618530273,15.430000305175781,4.110210418701172,1811200
2002-10-08,15.537500381469727,15.625,14.864999771118164,15.442500114440918,4.113539695739746,2501200
2002-10-09,15.199999809265137,15.337499618530273,14.824999809265137,14.84000015258789,3.953047037124634,1671600
2002-10-10,15.074999809265137,15.829999923706055,14.774999618530273,15.765000343322754,4.199445724487305,3658800
2002-10-11,16.125,16.522499084472656,16.012500762939453,16.327499389648438,4.349284648895264,2547200
2002-10-14,16.299999237060547,16.737499237060547,15.899999618530273,16.082500457763672,4.284020900726318,4542000
2002-10-15,16.387500762939453,16.947500228881836,16.3174991607666,16.834999084472656,4.484471797943115,3980400
2002-10-16,16.834999084472656,16.887500762939453,16.360000610351562,16.385000228881836,4.364599704742432,2994800
2002-10-17,16.825000762939453,17.174999237060547,16.799999237060547,17.147499084472656,4.567712783813477,1772000
2002-10-18,17.149999618530273,17.225000381469727,16.8799991607666,17.18000030517578,4.576369762420654,1164400
2002-10-21,17.172500610351562,18.247499465942383,17.0674991607666,18.204999923706055,4.84940767288208,1963200
2002-10-22,18.0,18.012500762939453,17.59749984741211,17.642499923706055,4.69957160949707,2511200
2002-10-23,17.5,17.69499969482422,17.174999237060547,17.5,4.661612033843994,2844800
2002-10-24,17.6875,17.6875,17.200000762939453,17.225000381469727,4.588357925415039,2039200
2002-10-25,17.125,17.399999618530273,16.924999237060547,17.225000381469727,4.588357925415039,1903200
2002-10-28,17.350000381469727,17.477500915527344,17.017499923706055,17.0625,4.545072078704834,1495600
2002-10-29,17.0625,17.162500381469727,16.790000915527344,17.05500030517578,4.543075084686279,2159200
2002-10-30,17.112499237060547,17.375,17.020000457763672,17.247499465942383,4.594350814819336,1373200
2002-10-31,17.200000762939453,17.200000762939453,16.872499465942383,17.09749984741211,4.673624038696289,1606400
2002-11-01,16.924999237060547,17.4375,16.825000762939453,17.389999389648438,4.753579616546631,1373600
2002-11-04,17.75,18.022499084472656,17.489999771118164,17.532499313354492,4.792529582977295,1618400
2002-11-05,17.532499313354492,17.712499618530273,17.5,17.6825008392334,4.833536148071289,895600
2002-11-06,17.762500762939453,18.112499237060547,17.594999313354492,18.087499618530273,4.94424295425415,1891600
2002-11-07,18.012500762939453,18.012500762939453,17.625,17.670000076293945,4.830117225646973,1211600
2002-11-08,17.670000076293945,18.075000762939453,17.600000381469727,17.6924991607666,4.836267471313477,1176800
2002-11-11,17.6924991607666,17.709999084472656,17.100000381469727,17.15250015258789,4.688657760620117,996000
2002-11-12,17.21500015258789,17.75,17.21500015258789,17.577499389648438,4.804830551147461,1712800
2002-11-13,17.577499389648438,17.850000381469727,17.272499084472656,17.752500534057617,4.852670192718506,1914000
2002-11-14,17.912500381469727,18.174999237060547,17.885000228881836,18.174999237060547,4.968160629272461,1690000
2002-11-15,18.075000762939453,18.295000076293945,18.002500534057617,18.295000076293945,5.000962257385254,1223600
2002-11-18,18.5,18.5,18.145000457763672,18.190000534057617,4.972259521484375,1399600
2002-11-19,18.1924991607666,18.3700008392334,18.002500534057617,18.184999465942383,4.970895290374756,1138800
2002-11-20,18.075000762939453,18.475000381469727,17.957500457763672,18.44499969482422,5.04196310043335,1536000
2002-11-21,18.46500015258789,19.137500762939453,18.4375,19.137500762939453,5.231259822845459,2156800
2002-11-22,19.075000762939453,19.225000381469727,18.827499389648438,18.854999542236328,5.1540398597717285,1915200
2002-11-25,18.887500762939453,19.1875,18.6875,18.93000030517578,5.1745405197143555,2022000
2002-11-26,18.7549991607666,18.850000381469727,18.3174991607666,18.34749984741211,5.015313148498535,2036800
2002-11-27,18.487499237060547,18.850000381469727,18.399999618530273,18.842500686645508,5.150622367858887,2139600
2002-11-29,18.917499542236328,19.09749984741211,18.912500381469727,18.967500686645508,5.1847920417785645,498800
2002-12-02,19.212499618530273,19.462499618530273,18.799999237060547,19.1875,5.244929790496826,2159200
2002-12-03,18.975000381469727,18.977500915527344,18.50749969482422,18.552499771118164,5.071351051330566,1538400
2002-12-04,18.427499771118164,18.8125,18.299999237060547,18.712499618530273,5.115085601806641,1800800
2002-12-05,18.762500762939453,18.764999389648438,18.40250015258789,18.552499771118164,5.071351051330566,1149600
2002-12-06,18.552499771118164,18.614999771118164,18.315000534057617,18.524999618530273,5.063832759857178,1293200
2002-12-09,18.475000381469727,18.497499465942383,18.235000610351562,18.239999771118164,4.985927581787109,1238400
2002-12-10,18.337499618530273,18.61750030517578,18.100000381469727,18.61750030517578,5.089118957519531,1332000
2002-12-11,18.700000762939453,18.799999237060547,18.417499542236328,18.6825008392334,5.106882572174072,2149200
2002-12-12,18.774999618530273,18.912500381469727,18.547500610351562,18.662500381469727,5.101419925689697,1780800
2002-12-13,18.662500381469727,18.662500381469727,18.260000228881836,18.475000381469727,5.050164699554443,1720000
2002-12-16,18.477500915527344,19.020000457763672,18.475000381469727,18.962499618530273,5.183424949645996,2311200
2002-12-17,18.899999618530273,19.149999618530273,18.852500915527344,18.962499618530273,5.183424949645996,1228400
2002-12-18,18.774999618530273,19.125,18.774999618530273,19.059999465942383,5.210077285766602,2470800
2002-12-19,19.0625,19.352500915527344,19.037500381469727,19.0625,5.210760116577148,2265200
2002-12-20,19.287500381469727,19.774999618530273,19.22249984741211,19.762500762939453,5.402104377746582,2578000
2002-12-23,19.700000762939453,19.700000762939453,19.552499771118164,19.61750030517578,5.362469673156738,1874000
2002-12-24,19.61750030517578,19.75,19.50749969482422,19.677499771118164,5.378869533538818,684400
2002-12-26,19.625,20.075000762939453,19.625,19.767499923706055,5.403471946716309,956000
2002-12-27,19.725000381469727,19.727500915527344,19.399999618530273,19.40250015258789,5.303699493408203,1002000
2002-12-30,19.459999084472656,19.649999618530273,19.292499542236328,19.532499313354492,5.339233875274658,1028000
2002-12-31,19.357500076293945,19.639999389648438,19.1875,19.52750015258789,5.337865352630615,1604400
2003-01-02,19.700000762939453,20.079999923706055,19.600000381469727,20.0,5.4670257568359375,2256800
2003-01-03,20.0,20.25,19.852500915527344,19.924999237060547,5.446526050567627,3032800
2003-01-06,19.825000762939453,19.9950008392334,19.760000228881836,19.934999465942383,5.4492573738098145,2912800
2003-01-07,19.8125,19.875,19.657499313354492,19.735000610351562,5.394588947296143,1543600
2003-01-08,19.737499237060547,19.737499237060547,19.387500762939453,19.405000686645508,5.30438232421875,2083600
2003-01-09,19.4375,19.612499237060547,19.4375,19.520000457763672,5.335816383361816,2948400
2003-01-10,19.3125,19.52750015258789,19.25,19.412500381469727,5.306431293487549,1862000
2003-01-13,19.5,19.625,19.25,19.362499237060547,5.292763710021973,1547200
2003-01-14,19.299999237060547,19.397499084472656,19.079999923706055,19.209999084472656,5.251076698303223,2324800
2003-01-15,19.207500457763672,19.212499618530273,18.862499237060547,18.875,5.159505367279053,1650000
2003-01-16,18.837499618530273,19.075000762939453,18.774999618530273,18.825000762939453,5.145837306976318,1578400
2003-01-17,18.662500381469727,18.787500381469727,18.53499984741211,18.587499618530273,5.080916881561279,1692400
2003-01-21,18.762500762939453,18.9375,18.334999084472656,18.375,5.022829055786133,2100800
2003-01-22,18.375,18.375,17.899999618530273,17.9424991607666,4.904603958129883,3276800
2003-01-23,17.9950008392334,18.202499389648438,17.850000381469727,18.18000030517578,4.969527721405029,3522000
2003-01-24,17.950000762939453,17.99250030517578,17.549999237060547,17.71500015258789,4.842418193817139,3536000
2003-01-27,17.65250015258789,17.700000762939453,17.44499969482422,17.4950008392334,4.782280921936035,2453200
2003-01-28,17.542499542236328,17.75,17.469999313354492,17.719999313354492,4.843783378601074,2320800
2003-01-29,17.674999237060547,18.0,17.375,17.862499237060547,4.882736682891846,2211600
2003-01-30,17.875,17.88249969482422,17.415000915527344,17.482500076293945,4.8995513916015625,1852000
2003-01-31,17.479999542236328,17.96500015258789,17.3174991607666,17.770000457763672,4.980125904083252,2166400
2003-02-03,17.795000076293945,18.0625,17.795000076293945,17.975000381469727,5.037578582763672,2008000
2003-02-04,17.954999923706055,17.957500457763672,17.602500915527344,17.747499465942383,4.973820686340332,1688400
2003-02-05,17.747499465942383,18.014999389648438,17.587499618530273,17.697500228881836,4.959806442260742,1884800
2003-02-06,17.649999618530273,17.762500762939453,17.337499618530273,17.489999771118164,4.90165376663208,1736400
2003-02-07,17.53499984741211,17.717500686645508,17.197500228881836,17.225000381469727,4.82738733291626,2147200
2003-02-10,17.237499237060547,17.420000076293945,16.985000610351562,17.412500381469727,4.879934787750244,2679200
2003-02-11,17.475000381469727,17.575000762939453,17.272499084472656,17.30500030517578,4.849806308746338,1771200
2003-02-12,17.3075008392334,17.385000228881836,17.102500915527344,17.102500915527344,4.793057441711426,1729200
2003-02-13,17.11750030517578,17.147499084472656,16.864999771118164,17.110000610351562,4.795157432556152,1890800
2003-02-14,17.197500228881836,17.5,17.0625,17.5,4.9044575691223145,2541600
2003-02-18,17.532499313354492,17.887500762939453,17.532499313354492,17.780000686645508,4.982928276062012,2296000
2003-02-19,17.75,17.827499389648438,17.467500686645508,17.672500610351562,4.95280122756958,1410400
2003-02-20,17.719999313354492,17.7450008392334,17.489999771118164,17.52750015258789,4.912163257598877,1722800
2003-02-21,17.625,17.815000534057617,17.354999542236328,17.732500076293945,4.969614505767822,1266000
2003-02-24,17.732500076293945,17.735000610351562,17.350000381469727,17.387500762939453,4.872928142547607,1500400
2003-02-25,17.3125,17.552499771118164,17.09000015258789,17.512500762939453,4.907958984375,2158800
2003-02-26,17.514999389648438,17.549999237060547,17.357500076293945,17.38249969482422,4.871526718139648,1219600
2003-02-27,17.482500076293945,17.774999618530273,17.434999465942383,17.75749969482422,4.976624011993408,2052400
2003-02-28,17.81999969482422,17.922500610351562,17.645000457763672,17.737499237060547,4.971017360687256,2468400
2003-03-03,17.822500228881836,17.934999465942383,17.68000030517578,17.697500228881836,4.959806442260742,1587200
2003-03-04,17.575000762939453,17.577499389648438,17.09749984741211,17.11750030517578,4.797258377075195,2649200
2003-03-05,17.11750030517578,17.24250030517578,16.950000762939453,17.137500762939453,4.802865505218506,1984400
2003-03-06,17.09749984741211,17.270000457763672,16.97249984741211,17.227500915527344,4.828087329864502,2070800
2003-03-07,17.125,17.59749984741211,17.037500381469727,17.457500457763672,4.892546653747559,2028800
2003-03-10,17.350000381469727,17.405000686645508,17.0625,17.110000610351562,4.795157432556152,1364800
2003-03-11,17.135000228881836,17.184999465942383,16.827499389648438,16.837499618530273,4.718786716461182,2264800
2003-03-12,16.8125,17.017499923706055,16.5049991607666,16.72249984741211,4.686558723449707,3458800
2003-03-13,16.875,17.552499771118164,16.862499237060547,17.552499771118164,4.9191694259643555,2523600
2003-03-14,17.552499771118164,17.622499465942383,17.202499389648438,17.325000762939453,4.85541296005249,3246400
2003-03-17,17.327499389648438,18.157499313354492,17.024999618530273,18.157499313354492,5.0887250900268555,3043200
2003-03-18,18.1825008392334,18.309999465942383,18.0,18.174999237060547,5.093629360198975,2292400
2003-03-19,17.975000381469727,18.079999923706055,17.8125,18.0625,5.062100410461426,1918400
2003-03-20,18.065000534057617,18.21500015258789,17.575000762939453,18.1200008392334,5.078216075897217,1998000
2003-03-21,18.299999237060547,18.674999237060547,18.142499923706055,18.674999237060547,5.233755588531494,2313600
2003-03-24,18.5,18.5,17.837499618530273,18.042499542236328,5.056495189666748,2781600
2003-03-25,18.045000076293945,18.299999237060547,17.96500015258789,18.237499237060547,5.111144542694092,2056400
2003-03-26,18.239999771118164,18.239999771118164,17.829999923706055,17.975000381469727,5.037578582763672,2286000
2003-03-27,17.887500762939453,18.017499923706055,17.575000762939453,17.957500457763672,5.0326738357543945,1332400
2003-03-28,17.850000381469727,17.850000381469727,17.489999771118164,17.739999771118164,4.971718788146973,2367600
2003-03-31,17.450000762939453,17.622499465942383,17.25,17.487499237060547,4.900954723358154,1553200
2003-04-01,17.489999771118164,17.815000534057617,17.350000381469727,17.815000534057617,4.992736339569092,2529600
2003-04-02,18.25,18.875,18.197500228881836,18.627500534057617,5.22044563293457,2705200
2003-04-03,18.672500610351562,18.672500610351562,18.422500610351562,18.489999771118164,5.181907653808594,2551600
2003-04-04,18.53499984741211,18.684999465942383,18.3700008392334,18.459999084472656,5.173503398895264,2120400
2003-04-07,18.747499465942383,18.93000030517578,18.5,18.5049991607666,5.186112880706787,1852800
2003-04-08,18.537500381469727,18.5625,18.25,18.375,5.149681091308594,1587200
2003-04-09,18.375,18.552499771118164,18.174999237060547,18.207500457763672,5.102740287780762,1740800
2003-04-10,18.207500457763672,18.267499923706055,18.022499084472656,18.217500686645508,5.1055402755737305,1569600
2003-04-11,18.412500381469727,18.530000686645508,17.97249984741211,18.075000762939453,5.065605163574219,2224000
2003-04-14,18.487499237060547,19.024999618530273,18.162500381469727,19.024999618530273,5.331843852996826,5174400
2003-04-15,19.024999618530273,19.602500915527344,18.7549991607666,19.587499618530273,5.489489555358887,4713600
2003-04-16,19.635000228881836,19.825000762939453,19.610000610351562,19.655000686645508,5.508406162261963,4427200
2003-04-17,19.627500534057617,19.99250030517578,19.627500534057617,19.962499618530273,5.59458589553833,3141200
2003-04-21,19.927499771118164,19.997499465942383,19.782499313354492,19.862499237060547,5.566557884216309,2533600
2003-04-22,19.80500030517578,20.30500030517578,19.75,20.302499771118164,5.689871788024902,4974000
2003-04-23,20.3125,20.700000762939453,20.274999618530273,20.6299991607666,5.781652450561523,4390400
2003-04-24,20.475000381469727,20.6200008392334,20.3125,20.354999542236328,5.704582691192627,2590800
2003-04-25,20.354999542236328,20.354999542236328,19.887500762939453,19.907499313354492,5.579170227050781,2447600
2003-04-28,19.969999313354492,20.377500534057617,19.969999313354492,20.352500915527344,5.703884124755859,1424000
2003-04-29,20.360000610351562,20.5,20.22249984741211,20.424999237060547,5.72420072555542,2539600
2003-04-30,20.412500381469727,20.655000686645508,20.299999237060547,20.517499923706055,5.750125408172607,2288000
2003-05-01,20.299999237060547,20.350000381469727,19.962499618530273,20.292499542236328,5.811702251434326,2441600
2003-05-02,20.292499542236328,20.485000610351562,20.084999084472656,20.407499313354492,5.844635486602783,2550400
2003-05-05,20.357500076293945,20.5,20.247499465942383,20.43000030517578,5.851078987121582,1594400
2003-05-06,20.43000030517578,20.875,20.420000076293945,20.8075008392334,5.9591965675354,1904800
2003-05-07,20.8075008392334,20.8075008392334,20.43000030517578,20.5,5.871127605438232,2336400
2003-05-08,20.399999618530273,20.399999618530273,20.1200008392334,20.170000076293945,5.776617050170898,2334400
2003-05-09,20.212499618530273,20.337499618530273,20.094999313354492,20.25,5.799530506134033,2596000
2003-05-12,20.25,20.665000915527344,20.177499771118164,20.657499313354492,5.916234493255615,1743600
2003-05-13,20.63249969482422,20.63249969482422,20.212499618530273,20.282499313354492,5.808835029602051,2187600
2003-05-14,20.292499542236328,20.3125,19.985000610351562,20.06999969482422,5.747975826263428,1525200
2003-05-15,20.149999618530273,20.25749969482422,20.024999618530273,20.235000610351562,5.795232772827148,1612800
2003-05-16,20.235000610351562,20.235000610351562,19.725000381469727,20.077499389648438,5.750125885009766,2184000
2003-05-19,20.0,20.0,19.627500534057617,19.657499313354492,5.629838943481445,1386400
2003-05-20,19.625,19.712499618530273,19.357500076293945,19.540000915527344,5.596188545227051,1776400
2003-05-21,19.487499237060547,19.487499237060547,19.114999771118164,19.302499771118164,5.528168201446533,3947200
2003-05-22,19.27750015258789,19.747499465942383,19.237499237060547,19.657499313354492,5.629838943481445,2014000
2003-05-23,19.625,19.674999237060547,19.489999771118164,19.674999237060547,5.634851932525635,1873600
2003-05-27,19.674999237060547,20.030000686645508,19.475000381469727,20.002500534057617,5.728646755218506,2126000
2003-05-28,20.0,20.149999618530273,19.842500686645508,19.950000762939453,5.7136101722717285,2172800
2003-05-29,19.950000762939453,20.325000762939453,19.924999237060547,20.06999969482422,5.747975826263428,2836400
2003-05-30,20.225000381469727,21.0,20.184999465942383,20.982500076293945,6.009315013885498,3542400
2003-06-02,20.987499237060547,21.092500686645508,20.797500610351562,20.797500610351562,5.956331729888916,2552000
2003-06-03,20.1875,20.34749984741211,20.137500762939453,20.270000457763672,5.8052568435668945,7619600
2003-06-04,19.94499969482422,20.71500015258789,19.94499969482422,20.635000228881836,5.909792900085449,3718000
2003-06-05,20.537500381469727,20.875,20.4325008392334,20.81999969482422,5.962774276733398,2678000
2003-06-06,21.049999237060547,21.280000686645508,20.717500686645508,20.815000534057617,5.9613447189331055,4467600
2003-06-09,20.725000381469727,20.725000381469727,20.337499618530273,20.450000762939453,5.856805324554443,2063600
2003-06-10,20.5,20.575000762939453,20.24250030517578,20.552499771118164,5.886164665222168,1563200
2003-06-11,20.552499771118164,20.922500610351562,20.4375,20.922500610351562,5.992133617401123,1766400
2003-06-12,21.0,21.125,20.837499618530273,21.082500457763672,6.037952899932861,1869600
2003-06-13,21.082500457763672,21.082500457763672,20.387500762939453,20.4950008392334,5.869697093963623,2696800
2003-06-16,20.524999618530273,20.997499465942383,20.524999618530273,20.985000610351562,6.0100297927856445,1749600
2003-06-17,20.950000762939453,21.297500610351562,20.77750015258789,21.287500381469727,6.096665859222412,2312000
2003-06-18,21.225000381469727,21.227500915527344,20.592500686645508,20.655000686645508,5.915520191192627,3469200
2003-06-19,20.75,20.774999618530273,20.287500381469727,20.3125,5.8174285888671875,2242400
2003-06-20,20.450000762939453,20.5049991607666,20.290000915527344,20.412500381469727,5.846068382263184,2357600
2003-06-23,20.412500381469727,20.412500381469727,19.97249984741211,20.084999084472656,5.752274513244629,1611600
2003-06-24,20.0,20.2450008392334,20.0,20.079999923706055,5.750844478607178,1432800
2003-06-25,20.0,20.0,19.309999465942383,19.362499237060547,5.545351505279541,5534000
2003-06-26,19.600000381469727,19.86750030517578,19.5,19.854999542236328,5.686405181884766,3646800
2003-06-27,19.792499542236328,19.924999237060547,19.5674991607666,19.625,5.620532512664795,2593200
2003-06-30,19.649999618530273,19.799999237060547,19.575000762939453,19.65250015258789,5.628407955169678,2189600
2003-07-01,19.627500534057617,19.787500381469727,19.372499465942383,19.787500381469727,5.6670708656311035,2158800
2003-07-02,19.787500381469727,20.127500534057617,19.774999618530273,20.040000915527344,5.739385604858398,1257200
2003-07-03,19.875,20.084999084472656,19.8125,19.9950008392334,5.72649621963501,1613200
2003-07-07,20.112499237060547,20.309999465942383,20.030000686645508,20.087499618530273,5.752989768981934,1664400
2003-07-08,20.125,20.5,20.0625,20.454999923706055,5.858240604400635,1623600
2003-07-09,20.454999923706055,20.68000030517578,20.31999969482422,20.450000762939453,5.856805324554443,1876400
2003-07-10,20.450000762939453,20.450000762939453,19.899999618530273,20.167499542236328,5.775900363922119,1100800
2003-07-11,20.229999542236328,20.475000381469727,20.167499542236328,20.452499389648438,5.857522487640381,1373600
2003-07-14,20.600000381469727,20.899999618530273,20.59749984741211,20.752500534057617,5.943443775177002,2355200
2003-07-15,20.600000381469727,20.602500915527344,19.642499923706055,19.950000762939453,5.7136101722717285,7304000
2003-07-16,20.0,20.040000915527344,19.84749984741211,19.975000381469727,5.720768451690674,4256800
2003-07-17,20.149999618530273,20.575000762939453,20.149999618530273,20.5674991607666,5.890460968017578,4169200
2003-07-18,20.774999618530273,20.84000015258789,20.5,20.81999969482422,5.962774276733398,1974000
2003-07-21,20.799999237060547,20.802499771118164,20.387500762939453,20.467500686645508,5.861820697784424,1590400
2003-07-22,20.5,20.727500915527344,20.487499237060547,20.700000762939453,5.928408145904541,2467200
2003-07-23,20.700000762939453,21.625,20.625,21.475000381469727,6.150366306304932,5333200
2003-07-24,21.5,21.622499465942383,21.075000762939453,21.1825008392334,6.066596508026123,2822400
2003-07-25,21.237499237060547,21.522499084472656,21.149999618530273,21.282499313354492,6.095233917236328,3970000
2003-07-28,21.282499313354492,21.282499313354492,20.899999618530273,20.899999618530273,5.985686779022217,2832400
2003-07-29,20.9375,21.030000686645508,20.6875,20.887500762939453,5.9821038246154785,2482800
2003-07-30,20.9375,21.38249969482422,20.875,21.024999618530273,6.021486759185791,2794000
2003-07-31,21.012500762939453,21.329999923706055,20.899999618530273,21.042499542236328,6.16729736328125,3817600
2003-08-01,21.0625,21.0625,20.637500762939453,20.854999542236328,6.112342357635498,2044800
2003-08-04,20.8799991607666,20.950000762939453,20.532499313354492,20.885000228881836,6.1211347579956055,2273600
2003-08-05,20.912500381469727,20.957500457763672,20.43000030517578,20.440000534057617,5.990713596343994,1771600
2003-08-06,20.412500381469727,20.662500381469727,20.262500762939453,20.514999389648438,6.012693881988525,2236400
2003-08-07,20.552499771118164,20.737499237060547,20.459999084472656,20.712499618530273,6.0705766677856445,1681200
2003-08-08,20.712499618530273,20.940000534057617,20.712499618530273,20.899999618530273,6.125532627105713,1834000
2003-08-11,20.962499618530273,21.170000076293945,20.752500534057617,21.15250015258789,6.19953727722168,2556400
2003-08-12,21.25,21.454999923706055,21.209999084472656,21.454999923706055,6.288195610046387,2883600
2003-08-13,21.5,21.780000686645508,21.49250030517578,21.762500762939453,6.378319263458252,2649200
2003-08-14,21.762500762939453,22.375,21.667499542236328,22.375,6.557836532592773,3196800
2003-08-15,22.375,22.40999984741211,22.1875,22.3125,6.539519786834717,1307600
2003-08-18,22.325000762939453,22.510000228881836,22.297500610351562,22.482500076293945,6.58934211730957,2302400
2003-08-19,22.450000762939453,22.5,22.200000762939453,22.434999465942383,6.575422286987305,2076000
2003-08-20,22.434999465942383,22.459999084472656,22.280000686645508,22.362499237060547,6.554173946380615,1664400
2003-08-21,22.537500381469727,22.854999542236328,22.412500381469727,22.770000457763672,6.673604488372803,2894800
2003-08-22,22.770000457763672,22.9375,22.487499237060547,22.502500534057617,6.595205783843994,1736000
2003-08-25,22.502500534057617,22.502500534057617,22.299999237060547,22.4375,6.576152324676514,1504400
2003-08-26,22.375,22.424999237060547,21.969999313354492,22.270000457763672,6.527062892913818,1838400
2003-08-27,22.272499084472656,22.399999618530273,22.157499313354492,22.377500534057617,6.5585713386535645,982800
2003-08-28,22.362499237060547,22.587499618530273,22.09000015258789,22.549999237060547,6.609126567840576,1497200
2003-08-29,22.982500076293945,23.549999237060547,22.825000762939453,23.40999984741211,6.86118221282959,4863200
2003-09-02,23.40999984741211,23.52750015258789,23.13249969482422,23.395000457763672,6.856786251068115,2864000
2003-09-03,23.457500457763672,23.5625,23.362499237060547,23.415000915527344,6.862651824951172,2468400
2003-09-04,23.415000915527344,23.542499542236328,23.375,23.5049991607666,6.88902473449707,2832000
2003-09-05,23.475000381469727,23.475000381469727,23.2549991607666,23.3799991607666,6.852390289306641,2834400
2003-09-08,23.399999618530273,23.55500030517578,23.237499237060547,23.477500915527344,6.880967140197754,2146400
2003-09-09,23.477500915527344,23.482500076293945,23.22249984741211,23.262500762939453,6.817954063415527,1945600
2003-09-10,23.237499237060547,23.24250030517578,22.657499313354492,22.677499771118164,6.646496295928955,2668800
2003-09-11,22.712499618530273,22.84749984741211,22.712499618530273,22.735000610351562,6.663350582122803,3190800
2003-09-12,22.674999237060547,22.850000381469727,22.524999618530273,22.837499618530273,6.693387508392334,2361600
2003-09-15,22.887500762939453,23.022499084472656,22.84000015258789,22.9424991607666,6.72416353225708,1110400
2003-09-16,22.99250030517578,23.387500762939453,22.979999542236328,23.364999771118164,6.847995281219482,2302800
2003-09-17,23.332500457763672,23.542499542236328,23.262500762939453,23.389999389648438,6.85532283782959,1965200
2003-09-18,23.450000762939453,23.857500076293945,23.399999618530273,23.832500457763672,6.985013484954834,2483600
2003-09-19,23.75,23.799999237060547,23.6875,23.752500534057617,6.961565017700195,1775600
2003-09-22,23.7549991607666,23.7549991607666,23.40250015258789,23.4950008392334,6.886096000671387,2081600
2003-09-23,23.537500381469727,23.5625,23.212499618530273,23.332500457763672,6.8384690284729,1741200
2003-09-24,23.337499618530273,23.337499618530273,22.6825008392334,22.8174991607666,6.687525272369385,3551600
2003-09-25,22.875,23.13249969482422,22.649999618530273,22.84000015258789,6.694118976593018,3456000
2003-09-26,22.862499237060547,22.875,22.252500534057617,22.36750030517578,6.555641174316406,3008800
2003-09-29,22.387500762939453,22.549999237060547,22.165000915527344,22.422500610351562,6.5717573165893555,2865200
2003-09-30,22.420000076293945,22.420000076293945,21.88249969482422,22.155000686645508,6.493358612060547,2149200
2003-10-01,22.3125,22.899999618530273,22.287500381469727,22.852500915527344,6.697786331176758,2683600
2003-10-02,22.852500915527344,23.25,22.767499923706055,23.170000076293945,6.790842533111572,1836800
2003-10-03,23.6875,23.832500457763672,23.450000762939453,23.5,6.887560844421387,2140000
2003-10-06,23.5,23.864999771118164,23.450000762939453,23.829999923706055,6.984280109405518,1458800
2003-10-07,23.75,24.0,23.637500762939453,23.967500686645508,7.024578094482422,1956800
2003-10-08,23.967500686645508,23.987499237060547,23.575000762939453,23.725000381469727,6.953507900238037,2284800
2003-10-09,24.075000762939453,24.112499237060547,23.75,23.8700008392334,6.996002197265625,2103200
2003-10-10,23.8700008392334,23.962499618530273,23.729999542236328,23.875,6.997471332550049,1306800
2003-10-13,23.9375,24.0,23.875,23.934999465942383,7.015054702758789,1270800
2003-10-14,23.934999465942383,24.725000381469727,23.850000381469727,24.725000381469727,7.246595859527588,4590000
2003-10-15,24.850000381469727,25.200000762939453,24.825000762939453,24.897499084472656,7.2971510887146,5724000
2003-10-16,24.787500381469727,24.86750030517578,24.540000915527344,24.575000762939453,7.202630996704102,5774400
2003-10-17,24.612499237060547,24.700000762939453,24.350000381469727,24.375,7.1440110206604,2119200
2003-10-20,24.612499237060547,24.612499237060547,24.287500381469727,24.372499465942383,7.143280029296875,3203600
2003-10-21,24.375,24.582500457763672,24.262500762939453,24.440000534057617,7.163059711456299,1884800
2003-10-22,24.440000534057617,24.440000534057617,24.0,24.02750015258789,7.042162895202637,2621600
2003-10-23,24.0,24.075000762939453,23.885000228881836,24.024999618530273,7.041433334350586,2497200
2003-10-24,24.087499618530273,24.497499465942383,24.079999923706055,24.489999771118164,7.17771577835083,2308800
2003-10-27,24.462499618530273,24.6924991607666,24.462499618530273,24.542499542236328,7.1931047439575195,1218400
2003-10-28,24.542499542236328,24.68000030517578,24.462499618530273,24.662500381469727,7.228279113769531,1995200
2003-10-29,24.649999618530273,24.864999771118164,24.6200008392334,24.837499618530273,7.279566287994385,1399200
2003-10-30,24.81999969482422,25.024999618530273,24.72249984741211,24.9950008392334,7.470092296600342,1744400
2003-10-31,24.9950008392334,25.1299991607666,24.850000381469727,25.059999465942383,7.489513874053955,1583600
2003-11-03,25.100000381469727,25.337499618530273,25.092500686645508,25.212499618530273,7.535093307495117,2051600
2003-11-04,25.212499618530273,25.225000381469727,25.094999313354492,25.149999618530273,7.516417503356934,2337200
2003-11-05,25.112499237060547,25.427499771118164,25.087499618530273,25.40999984741211,7.594117641448975,1567600
2003-11-06,25.450000762939453,25.575000762939453,25.1875,25.575000762939453,7.643429756164551,1791200
2003-11-07,25.575000762939453,25.575000762939453,25.375,25.412500381469727,7.594865322113037,1347200
2003-11-10,25.450000762939453,25.450000762939453,24.975000381469727,25.052499771118164,7.487277030944824,1855600
2003-11-11,25.052499771118164,25.052499771118164,24.832500457763672,25.0049991607666,7.473077297210693,1500400
2003-11-12,25.012500762939453,25.299999237060547,25.0,25.2549991607666,7.547794818878174,1641600
2003-11-13,25.287500381469727,25.424999237060547,25.09000015258789,25.350000381469727,7.576189041137695,1099600
2003-11-14,25.350000381469727,25.5,25.282499313354492,25.360000610351562,7.579178333282471,1679200
2003-11-17,25.360000610351562,25.360000610351562,24.700000762939453,25.302499771118164,7.561990261077881,2384400
2003-11-18,25.375,25.4375,25.092500686645508,25.162500381469727,7.520148754119873,3452800
2003-11-19,25.212499618530273,25.614999771118164,24.954999923706055,25.520000457763672,7.626996040344238,2496000
2003-11-20,25.350000381469727,25.700000762939453,25.25,25.475000381469727,7.613547325134277,3181200
2003-11-21,25.50749969482422,25.84000015258789,25.47249984741211,25.770000457763672,7.701714515686035,3558800
2003-11-24,25.875,26.232500076293945,25.857500076293945,26.212499618530273,7.833954334259033,1972800
2003-11-25,25.5,25.872499465942383,25.5,25.737499237060547,7.691999912261963,4070000
2003-11-26,25.737499237060547,25.837499618530273,25.549999237060547,25.774999618530273,7.703204154968262,2472400
2003-11-28,25.772499084472656,25.850000381469727,25.72249984741211,25.747499465942383,7.694982051849365,621600
2003-12-01,25.809999465942383,26.4950008392334,25.799999237060547,26.477500915527344,7.913154125213623,2160800
2003-12-02,26.477500915527344,26.600000381469727,26.127500534057617,26.34000015258789,7.872063159942627,3860400
2003-12-03,26.375,26.5,26.3125,26.3125,7.863842487335205,2612400
2003-12-04,26.350000381469727,26.725000381469727,26.34000015258789,26.665000915527344,7.969192028045654,2942000
2003-12-05,26.600000381469727,26.84749984741211,26.530000686645508,26.6299991607666,7.9587321281433105,2968400
2003-12-08,26.63249969482422,26.68000030517578,26.3075008392334,26.53499984741211,7.930337905883789,1934000
2003-12-09,26.53499984741211,26.625,26.4424991607666,26.524999618530273,7.927347660064697,1854800
2003-12-10,26.512500762939453,26.524999618530273,26.147499084472656,26.272499084472656,7.851891040802002,1783600
2003-12-11,26.475000381469727,27.037500381469727,26.4424991607666,26.969999313354492,8.060343742370605,2503600
2003-12-12,26.850000381469727,27.042499542236328,26.56999969482422,26.844999313354492,8.02298641204834,1373200
2003-12-15,27.1875,27.350000381469727,26.649999618530273,26.69499969482422,7.978157043457031,2342400
2003-12-16,26.475000381469727,26.575000762939453,26.170000076293945,26.459999084472656,7.907923698425293,2801600
2003-12-17,26.387500762939453,26.4424991607666,26.225000381469727,26.2450008392334,7.843670845031738,2782400
2003-12-18,26.25,26.787500381469727,26.25,26.787500381469727,8.005800247192383,2151200
2003-12-19,27.0,27.049999237060547,26.69499969482422,26.825000762939453,8.017010688781738,2984400
2003-12-22,26.725000381469727,26.9325008392334,26.662500381469727,26.774999618530273,8.002068519592285,1550400
2003-12-23,26.774999618530273,26.99250030517578,26.690000534057617,26.96500015258789,8.058849334716797,1710000
2003-12-24,26.967500686645508,26.967500686645508,26.850000381469727,26.924999237060547,8.046895980834961,491600
2003-12-26,26.950000762939453,27.0,26.907499313354492,26.9375,8.050630569458008,137200
2003-12-29,26.987499237060547,27.165000915527344,26.877500534057617,27.162500381469727,8.117877960205078,991600
2003-12-30,27.200000762939453,27.200000762939453,26.832500457763672,26.920000076293945,8.045402526855469,1152800
2003-12-31,26.9375,27.037500381469727,26.774999618530273,26.9950008392334,8.067817687988281,940000
2004-01-02,26.950000762939453,27.127500534057617,26.510000228881836,26.6200008392334,7.955743789672852,1688800
2004-01-05,26.677499771118164,27.032499313354492,26.63249969482422,27.024999618530273,8.0767822265625,1675600
2004-01-06,27.125,27.645000457763672,27.125,27.55500030517578,8.235180854797363,2757600
2004-01-07,28.6875,28.6875,28.024999618530273,28.149999618530273,8.413004875183105,5470800
2004-01-08,28.25,28.497499465942383,28.149999618530273,28.475000381469727,8.510137557983398,2713200
2004-01-09,28.375,28.672500610351562,28.3125,28.4375,8.498929023742676,2249200
2004-01-12,28.25,28.5625,28.184999465942383,28.329999923706055,8.466798782348633,947200
2004-01-13,28.387500762939453,28.674999237060547,28.295000076293945,28.532499313354492,8.527314186096191,1362000
2004-01-14,28.49250030517578,29.002500534057617,28.412500381469727,28.975000381469727,8.659565925598145,2426800
2004-01-15,28.975000381469727,29.475000381469727,28.825000762939453,29.2549991607666,8.743247032165527,1981200
2004-01-16,29.287500381469727,29.31999969482422,29.09749984741211,29.149999618530273,8.711865425109863,2054800
2004-01-20,29.25,29.25,28.684999465942383,28.735000610351562,8.587841033935547,1988800
2004-01-21,29.450000762939453,30.447500228881836,29.125,30.352500915527344,9.071250915527344,5420400
2004-01-22,30.137500762939453,30.592500686645508,30.137500762939453,30.412500381469727,9.089183807373047,2996800
2004-01-23,30.424999237060547,30.44499969482422,30.137500762939453,30.3125,9.059297561645508,2149200
2004-01-26,30.5625,31.0625,30.53499984741211,31.042499542236328,9.277463912963867,2443200
2004-01-27,31.042499542236328,31.042499542236328,30.427499771118164,30.427499771118164,9.093667030334473,2585200
2004-01-28,30.625,30.657499313354492,29.344999313354492,29.34749984741211,8.770891189575195,3438400
2004-01-29,29.5625,29.5625,29.022499084472656,29.274999618530273,8.749225616455078,3885200
2004-01-30,29.024999618530273,29.25749969482422,28.915000915527344,29.037500381469727,8.678247451782227,3264800
2004-02-02,29.4375,29.592500686645508,29.037500381469727,29.364999771118164,8.776121139526367,2630400
2004-02-03,28.5,29.260000228881836,28.287500381469727,28.774999618530273,8.599793434143066,6131200
2004-02-04,28.77750015258789,29.0625,28.719999313354492,29.024999618530273,8.674509048461914,4015600
2004-02-05,29.100000381469727,29.36750030517578,29.0,29.329999923706055,8.847970008850098,2842400
2004-02-06,29.200000762939453,29.6875,28.802499771118164,29.594999313354492,8.927911758422852,2900000
2004-02-09,29.75,29.872499465942383,29.6875,29.799999237060547,8.989752769470215,2961600
2004-02-10,29.762500762939453,30.09000015258789,29.362499237060547,29.635000228881836,8.93997859954834,2546000
2004-02-11,29.662500381469727,30.315000534057617,29.487499237060547,29.950000762939453,9.035003662109375,3210800
2004-02-12,29.9375,29.979999542236328,29.7450008392334,29.752500534057617,8.975424766540527,1736800
2004-02-13,29.815000534057617,30.147499084472656,29.712499618530273,29.770000457763672,8.980707168579102,2316800
2004-02-17,30.25,30.362499237060547,30.139999389648438,30.202499389648438,9.111174583435059,1969600
2004-02-18,30.4375,30.96500015258789,30.264999389648438,30.325000762939453,9.148131370544434,3600800
2004-02-19,30.450000762939453,30.577499389648438,29.977500915527344,30.0,9.050090789794922,2612000
2004-02-20,30.0625,30.424999237060547,29.959999084472656,30.15250015258789,9.09609317779541,2704800
2004-02-23,30.09000015258789,30.287500381469727,29.537500381469727,29.537500381469727,8.910564422607422,2354800
2004-02-24,29.53499984741211,29.770000457763672,29.299999237060547,29.5049991607666,8.900765419006348,1372400
2004-02-25,29.600000381469727,29.96500015258789,29.405000686645508,29.850000381469727,9.004839897155762,2107000
2004-02-26,29.850000381469727,29.975000381469727,29.364999771118164,29.895000457763672,9.018415451049805,1556400
2004-02-27,29.899999618530273,29.899999618530273,29.260000228881836,29.270000457763672,8.82986831665039,5096400
2004-03-01,29.309999465942383,30.155000686645508,29.309999465942383,29.94499969482422,9.033496856689453,1944200
2004-03-02,29.850000381469727,30.09000015258789,29.809999465942383,29.825000762939453,8.997298240661621,2008400
2004-03-03,29.764999389648438,30.299999237060547,29.649999618530273,30.25,9.125505447387695,1774800
2004-03-04,30.200000762939453,30.25,29.920000076293945,30.024999618530273,9.05762767791748,1318600
2004-03-05,30.024999618530273,30.75,29.954999923706055,30.280000686645508,9.134552955627441,1239000
2004-03-08,29.899999618530273,30.274999618530273,29.889999389648438,29.895000457763672,9.018415451049805,1858400
2004-03-09,29.799999237060547,29.80500030517578,29.165000915527344,29.174999237060547,8.801213264465332,3203400
2004-03-10,29.299999237060547,29.350000381469727,27.899999618530273,28.0,8.446749687194824,3527400
2004-03-11,28.0,28.0,27.40999984741211,27.40999984741211,8.26876449584961,4844600
2004-03-12,27.510000228881836,28.184999465942383,27.475000381469727,28.024999618530273,8.454292297363281,2673000
2004-03-15,28.059999465942383,28.809999465942383,27.299999237060547,27.375,8.258212089538574,1585600
2004-03-16,27.549999237060547,27.854999542236328,27.375,27.729999542236328,8.365296363830566,1364200
2004-03-17,28.625,28.875,28.0,28.575000762939453,8.620211601257324,2100200
2004-03-18,28.549999237060547,28.704999923706055,28.1299991607666,28.625,8.635293960571289,2289600
2004-03-19,28.725000381469727,28.725000381469727,28.05500030517578,28.125,8.484457969665527,1201000
2004-03-22,27.75,27.84000015258789,26.875,27.030000686645508,8.154128074645996,3293800
2004-03-23,27.100000381469727,27.299999237060547,26.71500015258789,26.71500015258789,8.059102058410645,2026400
2004-03-24,26.924999237060547,26.950000762939453,26.510000228881836,26.6200008392334,8.030447006225586,2254800
2004-03-25,26.6200008392334,27.375,26.3700008392334,27.25,8.220499038696289,4228600
2004-03-26,27.225000381469727,27.364999771118164,26.975000381469727,27.135000228881836,8.185807228088379,1732800
2004-03-29,27.625,28.170000076293945,27.549999237060547,27.899999618530273,8.416584014892578,2408800
2004-03-30,27.674999237060547,28.260000228881836,27.649999618530273,28.200000762939453,8.507085800170898,1315400
2004-03-31,28.200000762939453,28.334999084472656,27.8700008392334,28.094999313354492,8.475407600402832,1824800
2004-04-01,28.149999618530273,28.5,28.135000228881836,28.325000762939453,8.544791221618652,1266000
2004-04-02,28.924999237060547,28.975000381469727,28.5,28.850000381469727,8.703166961669922,1762200
2004-04-05,28.850000381469727,29.280000686645508,28.78499984741211,29.235000610351562,8.819310188293457,1104600
2004-04-06,29.25,29.674999237060547,29.149999618530273,29.28499984741211,8.834392547607422,2134400
2004-04-07,29.049999237060547,29.09000015258789,28.424999237060547,28.424999237060547,8.574960708618164,1951200
2004-04-08,28.825000762939453,28.950000762939453,28.434999465942383,28.600000381469727,8.6277494430542,1881200
2004-04-12,28.665000915527344,29.030000686645508,28.665000915527344,28.864999771118164,8.707695007324219,1301600
2004-04-13,29.0,29.0,28.3799991607666,28.584999084472656,8.623226165771484,1799000
2004-04-14,28.975000381469727,29.739999771118164,28.875,29.270000457763672,8.82986831665039,4095000
2004-04-15,29.950000762939453,30.125,29.440000534057617,29.670000076293945,8.950538635253906,2772800
2004-04-16,30.0,30.2549991607666,29.690000534057617,30.010000228881836,9.053107261657715,1812000
2004-04-19,29.885000228881836,30.059999465942383,29.6299991607666,29.96500015258789,9.039531707763672,1797800
2004-04-20,30.0,30.459999084472656,29.774999618530273,29.780000686645508,8.983723640441895,2632800
2004-04-21,29.875,30.139999389648438,29.6299991607666,30.079999923706055,9.074223518371582,1558400
2004-04-22,29.829999923706055,30.799999237060547,29.829999923706055,30.524999618530273,9.208464622497559,2259400
2004-04-23,30.530000686645508,30.6200008392334,30.020000457763672,30.475000381469727,9.193382263183594,1295000
2004-04-26,30.375,30.719999313354492,30.030000686645508,30.05500030517578,9.066679954528809,1342000
2004-04-27,30.450000762939453,30.875,30.149999618530273,30.31999969482422,9.146622657775879,1530600
2004-04-28,30.975000381469727,30.975000381469727,29.799999237060547,29.905000686645508,9.021430015563965,2404400
2004-04-29,30.0,30.0,29.114999771118164,29.325000762939453,8.846464157104492,2238600
2004-04-30,29.549999237060547,29.93000030517578,29.375,29.690000534057617,8.956571578979492,2293600
2004-05-03,30.344999313354492,30.520000457763672,29.975000381469727,30.25,9.125505447387695,2311200
2004-05-04,30.625,30.9950008392334,30.350000381469727,30.579999923706055,9.225058555603027,2753600
2004-05-05,30.53499984741211,30.53499984741211,30.049999237060547,30.19499969482422,9.10891342163086,2469800
2004-05-06,30.059999465942383,30.375,29.485000610351562,29.704999923706055,9.041947364807129,2014400
2004-05-07,29.299999237060547,29.69499969482422,28.90999984741211,28.950000762939453,8.8121337890625,2269400
2004-05-10,28.350000381469727,28.364999771118164,27.114999771118164,27.594999313354492,8.399680137634277,3425600
2004-05-11,27.825000762939453,28.684999465942383,27.7549991607666,28.575000762939453,8.697986602783203,2679600
2004-05-12,28.475000381469727,28.7450008392334,28.229999542236328,28.735000610351562,8.746688842773438,3450800
2004-05-13,28.450000762939453,28.864999771118164,28.364999771118164,28.799999237060547,8.766471862792969,1648000
2004-05-14,28.799999237060547,29.0,28.514999389648438,28.889999389648438,8.793867111206055,1563000
2004-05-17,28.895000457763672,28.934999465942383,28.155000686645508,28.200000762939453,8.583840370178223,3869600
2004-05-18,28.5,28.5049991607666,28.204999923706055,28.325000762939453,8.62188720703125,2645600
2004-05-19,28.5,29.014999389648438,28.155000686645508,28.19499969482422,8.582316398620605,2210600
2004-05-20,28.110000610351562,28.110000610351562,27.540000915527344,27.799999237060547,8.462082862854004,1733400
2004-05-21,28.0,28.229999542236328,27.829999923706055,28.065000534057617,8.54275131225586,1578000
2004-05-24,28.299999237060547,28.600000381469727,28.219999313354492,28.440000534057617,8.656888961791992,1196800
2004-05-25,28.25,29.0,28.125,28.90999984741211,8.799955368041992,1579000
2004-05-26,28.915000915527344,29.15999984741211,28.895000457763672,28.969999313354492,8.818217277526855,1737200
2004-05-27,29.049999237060547,29.489999771118164,28.989999771118164,29.065000534057617,8.847135543823242,1554000
2004-05-28,29.190000534057617,29.235000610351562,28.969999313354492,29.174999237060547,8.880621910095215,1352800
2004-06-01,29.174999237060547,29.424999237060547,29.125,29.354999542236328,8.935412406921387,1304400
2004-06-02,29.5,29.93000030517578,29.43000030517578,29.764999389648438,9.060213088989258,1826800
2004-06-03,29.71500015258789,30.0,29.479999542236328,29.639999389648438,9.022164344787598,1503600
2004-06-04,29.850000381469727,29.9950008392334,29.584999084472656,29.764999389648438,9.060213088989258,1232000
2004-06-07,29.959999084472656,30.469999313354492,29.959999084472656,30.40999984741211,9.256542205810547,1064400
2004-06-08,30.125,30.59000015258789,30.110000610351562,30.565000534057617,9.303723335266113,1407600
2004-06-09,30.5,30.614999771118164,29.985000610351562,29.985000610351562,9.127178192138672,1195200
2004-06-10,30.049999237060547,30.424999237060547,30.049999237060547,30.329999923706055,9.232194900512695,810200
2004-06-14,30.329999923706055,30.329999923706055,30.024999618530273,30.280000686645508,9.21696949005127,1259600
2004-06-15,30.600000381469727,30.81999969482422,30.600000381469727,30.704999923706055,9.346338272094727,1541000
2004-06-16,30.704999923706055,30.790000915527344,30.4950008392334,30.690000534057617,9.34177303314209,1057400
2004-06-17,30.049999237060547,30.690000534057617,30.049999237060547,30.475000381469727,9.27632999420166,1448600
2004-06-18,30.475000381469727,31.030000686645508,30.440000534057617,30.875,9.398085594177246,2068000
2004-06-21,30.799999237060547,30.9950008392334,30.764999389648438,30.770000457763672,9.366121292114258,1141600
2004-06-22,30.524999618530273,31.18000030517578,30.5,31.15999984741211,9.484832763671875,1551600
2004-06-23,31.15999984741211,31.975000381469727,31.15999984741211,31.889999389648438,9.70704460144043,2003800
2004-06-24,31.885000228881836,31.885000228881836,31.18000030517578,31.424999237060547,9.565503120422363,2641800
2004-06-25,31.424999237060547,31.59000015258789,31.280000686645508,31.405000686645508,9.559412002563477,1759600
2004-06-28,31.75,31.979999542236328,31.309999465942383,31.434999465942383,9.568544387817383,1475800
2004-06-29,31.440000534057617,31.875,31.360000610351562,31.725000381469727,9.656821250915527,1442200
2004-06-30,31.709999084472656,32.41999816894531,31.565000534057617,32.369998931884766,9.8531494140625,1783400
2004-07-01,32.25,32.345001220703125,31.489999771118164,31.84000015258789,9.69182300567627,1880000
2004-07-02,31.649999618530273,31.649999618530273,31.024999618530273,31.1299991607666,9.47570514678955,1917000
2004-07-06,30.875,30.96500015258789,30.700000762939453,30.770000457763672,9.366121292114258,1569800
2004-07-07,30.799999237060547,31.225000381469727,30.790000915527344,30.96500015258789,9.425481796264648,1600600
2004-07-08,30.774999618530273,30.795000076293945,30.520000457763672,30.56999969482422,9.30525016784668,1375400
2004-07-09,30.700000762939453,31.139999389648438,30.700000762939453,31.059999465942383,9.454398155212402,850600
2004-07-12,30.975000381469727,31.25,30.780000686645508,31.114999771118164,9.47114086151123,842600
2004-07-13,31.200000762939453,31.315000534057617,30.84000015258789,30.875,9.398085594177246,1341200
2004-07-14,30.8799991607666,31.610000610351562,30.6200008392334,31.30500030517578,9.528973579406738,1707400
2004-07-15,31.25,31.90999984741211,31.200000762939453,31.21500015258789,9.501578330993652,2308000
2004-07-16,31.975000381469727,31.9950008392334,31.100000381469727,31.200000762939453,9.497014999389648,2181200
2004-07-19,31.225000381469727,31.614999771118164,30.854999542236328,31.18000030517578,9.490925788879395,2219600
2004-07-20,31.084999084472656,31.489999771118164,30.985000610351562,31.399999618530273,9.557891845703125,1949600
2004-07-21,31.700000762939453,32.08000183105469,31.31999969482422,31.43000030517578,9.567024230957031,2334800
2004-07-22,31.40999984741211,31.415000915527344,30.815000534057617,31.315000534057617,9.53201675415039,2838200
2004-07-23,31.399999618530273,31.674999237060547,30.975000381469727,31.104999542236328,9.468094825744629,2581600
2004-07-26,31.104999542236328,31.600000381469727,31.024999618530273,31.165000915527344,9.486358642578125,1719600
2004-07-27,31.40999984741211,31.94499969482422,31.18000030517578,31.905000686645508,9.711607933044434,1907600
2004-07-28,31.700000762939453,32.11000061035156,31.579999923706055,31.975000381469727,9.732916831970215,1872800
2004-07-29,32.0,32.630001068115234,32.0,32.4900016784668,9.889679908752441,2940200
2004-07-30,32.494998931884766,32.494998931884766,32.099998474121094,32.31999969482422,9.837930679321289,1358600
2004-08-02,32.31999969482422,32.75,32.0,32.70500183105469,9.955123901367188,1765000
2004-08-03,32.709999084472656,32.939998626708984,32.314998626708984,32.5,9.892719268798828,2288200
2004-08-04,32.25,32.599998474121094,32.040000915527344,32.540000915527344,9.904895782470703,1780000
2004-08-05,32.474998474121094,32.55500030517578,31.860000610351562,31.975000381469727,9.814352035522461,2916200
2004-08-06,31.5,31.774999618530273,30.264999389648438,30.485000610351562,9.357014656066895,3720200
2004-08-09,30.485000610351562,30.770000457763672,30.405000686645508,30.625,9.399985313415527,1539800
2004-08-10,30.674999237060547,31.729999542236328,30.674999237060547,31.559999465942383,9.686972618103027,2861200
2004-08-11,31.350000381469727,31.350000381469727,30.6299991607666,30.915000915527344,9.488999366760254,2438400
2004-08-12,30.75,30.7549991607666,30.059999465942383,30.145000457763672,9.252654075622559,2277800
2004-08-13,30.149999618530273,30.274999618530273,29.614999771118164,29.829999923706055,9.155967712402344,2041000
2004-08-16,29.850000381469727,30.825000762939453,29.799999237060547,30.7450008392334,9.43681812286377,1586400
2004-08-17,30.81999969482422,31.174999237060547,30.81999969482422,30.860000610351562,9.472114562988281,1645000
2004-08-18,30.860000610351562,30.975000381469727,30.709999084472656,30.84000015258789,9.46597671508789,1456000
2004-08-19,30.844999313354492,30.844999313354492,30.040000915527344,30.2450008392334,9.283345222473145,2452800
2004-08-20,30.2450008392334,30.639999389648438,30.1200008392334,30.520000457763672,9.367754936218262,1300400
2004-08-23,30.5,30.78499984741211,30.290000915527344,30.325000762939453,9.307903289794922,970000
2004-08-24,30.125,30.350000381469727,29.725000381469727,29.950000762939453,9.192805290222168,3657600
2004-08-25,30.0,30.18000030517578,29.600000381469727,30.104999542236328,9.240374565124512,1587200
2004-08-26,29.975000381469727,30.2450008392334,29.850000381469727,30.174999237060547,9.261863708496094,1183600
2004-08-27,30.174999237060547,30.46500015258789,30.079999923706055,30.28499984741211,9.295624732971191,1422600
2004-08-30,30.290000915527344,30.395000457763672,30.21500015258789,30.2549991607666,9.286416053771973,1118200
2004-08-31,30.2549991607666,30.344999313354492,29.924999237060547,30.174999237060547,9.261863708496094,1354800
2004-09-01,30.225000381469727,30.530000686645508,30.139999389648438,30.350000381469727,9.31557559967041,864200
2004-09-02,30.354999542236328,31.084999084472656,30.270000457763672,31.049999237060547,9.530431747436523,1591000
2004-09-03,30.950000762939453,31.520000457763672,30.950000762939453,31.375,9.6301851272583,2051600
2004-09-07,31.5,32.150001525878906,31.5,31.975000381469727,9.814352035522461,1914800
2004-09-08,31.725000381469727,32.06999969482422,31.65999984741211,31.65999984741211,9.717665672302246,1090600
2004-09-09,31.665000915527344,31.950000762939453,31.375,31.53499984741211,9.679295539855957,1508600
2004-09-10,31.5,31.825000762939453,31.329999923706055,31.80500030517578,9.762171745300293,1247400
2004-09-13,31.799999237060547,31.895000457763672,31.09000015258789,31.299999237060547,9.607168197631836,4264600
2004-09-14,31.149999618530273,31.350000381469727,30.625,30.795000076293945,9.452166557312012,2344000
2004-09-15,30.700000762939453,30.719999313354492,30.155000686645508,30.530000686645508,9.370829582214355,1782800
2004-09-16,30.5049991607666,30.850000381469727,30.450000762939453,30.78499984741211,9.449091911315918,1161000
2004-09-17,30.96500015258789,31.5,30.96500015258789,31.34000015258789,9.619444847106934,1765200
2004-09-20,31.299999237060547,31.485000610351562,31.075000762939453,31.260000228881836,9.594890594482422,1163600
2004-09-21,31.334999084472656,31.524999618530273,31.049999237060547,31.360000610351562,9.625582695007324,1097800
2004-09-22,31.25,31.25,30.545000076293945,30.559999465942383,9.380034446716309,1736000
2004-09-23,30.434999465942383,30.5,29.899999618530273,30.079999923706055,9.232702255249023,1819400
2004-09-24,30.075000762939453,30.5,30.0,30.5,9.361618995666504,2883000
2004-09-27,30.375,30.399999618530273,30.079999923706055,30.155000686645508,9.255722999572754,1731800
2004-09-28,30.0,30.584999084472656,29.889999389648438,30.520000457763672,9.367754936218262,1098600
2004-09-29,30.420000076293945,31.235000610351562,30.360000610351562,31.104999542236328,9.547314643859863,1680000
2004-09-30,31.104999542236328,31.725000381469727,30.979999542236328,31.704999923706055,9.731475830078125,2132200
2004-10-01,31.600000381469727,32.290000915527344,31.5,32.20500183105469,9.884944915771484,2783600
2004-10-04,32.5,32.70500183105469,32.46500015258789,32.654998779296875,10.023070335388184,2352000
2004-10-05,32.654998779296875,32.72999954223633,32.57500076293945,32.57500076293945,9.998512268066406,2328600
2004-10-06,32.525001525878906,33.084999084472656,32.400001525878906,33.084999084472656,10.155056953430176,1464800
2004-10-07,33.0,33.38999938964844,32.540000915527344,32.540000915527344,9.987771034240723,1690400
2004-10-08,32.439998626708984,32.720001220703125,32.25,32.40999984741211,9.947869300842285,1110600
2004-10-11,32.40999984741211,32.86000061035156,32.40999984741211,32.849998474121094,10.082921981811523,1244000
2004-10-12,32.724998474121094,32.810001373291016,32.435001373291016,32.720001220703125,10.043023109436035,989600
2004-10-13,32.81999969482422,33.060001373291016,32.119998931884766,32.375,9.937127113342285,2388600
2004-10-14,30.9950008392334,30.9950008392334,29.7450008392334,30.895000457763672,9.482856750488281,7365400
2004-10-15,30.895000457763672,31.594999313354492,30.895000457763672,31.350000381469727,9.622515678405762,3581400
2004-10-18,31.354999542236328,31.475000381469727,30.979999542236328,31.06999969482422,9.53657341003418,1750800
2004-10-19,31.385000228881836,31.639999389648438,30.90999984741211,30.989999771118164,9.512017250061035,2095200
2004-10-20,30.989999771118164,31.290000915527344,30.735000610351562,30.989999771118164,9.512017250061035,1804600
2004-10-21,30.989999771118164,30.9950008392334,30.149999618530273,30.600000381469727,9.392311096191406,4244200
2004-10-22,30.625,30.934999465942383,30.53499984741211,30.725000381469727,9.430681228637695,3343200
2004-10-25,30.719999313354492,31.219999313354492,30.40999984741211,30.8799991607666,9.478256225585938,1829800
2004-10-26,30.899999618530273,31.53499984741211,30.625,31.5,9.668554306030273,2203200
2004-10-27,31.424999237060547,32.224998474121094,31.299999237060547,32.14500045776367,9.866533279418945,1839400
2004-10-28,31.799999237060547,32.02000045776367,31.5,31.795000076293945,9.759100914001465,2580400
2004-10-29,31.844999313354492,32.005001068115234,31.7549991607666,31.975000381469727,9.814352035522461,1913000
2004-11-01,31.950000762939453,32.005001068115234,31.709999084472656,31.96500015258789,9.81128215789795,2307600
2004-11-02,32.04999923706055,32.474998474121094,31.81999969482422,32.0,9.82202434539795,2467200
2004-11-03,32.44499969482422,32.46500015258789,31.9950008392334,32.125,9.860392570495605,1504800
2004-11-04,32.0,32.904998779296875,32.0,32.849998474121094,10.168383598327637,2193600
2004-11-05,33.125,33.5,32.939998626708984,33.060001373291016,10.233386039733887,1975200
2004-11-08,33.150001525878906,33.25,33.07500076293945,33.125,10.253508567810059,1246200
2004-11-09,33.07500076293945,33.22999954223633,32.75,32.90999984741211,10.186956405639648,1618600
2004-11-10,33.04999923706055,33.42499923706055,32.86000061035156,33.314998626708984,10.3123197555542,1585400
2004-11-11,33.42499923706055,33.85499954223633,33.400001525878906,33.84000015258789,10.474830627441406,1484200
2004-11-12,33.75,34.0,33.47999954223633,34.0,10.5243558883667,1331600
2004-11-15,33.875,33.904998779296875,33.42499923706055,33.5,10.369585037231445,1442600
2004-11-16,33.5,33.525001525878906,33.18000030517578,33.25,10.292204856872559,919400
2004-11-17,33.349998474121094,33.95500183105469,33.334999084472656,33.650001525878906,10.416015625,2315200
2004-11-18,33.560001373291016,34.185001373291016,33.560001373291016,33.97999954223633,10.518165588378906,1699400
2004-11-19,34.20000076293945,34.20000076293945,33.630001068115234,33.665000915527344,10.420660018920898,1665000
2004-11-22,33.75,34.095001220703125,33.45000076293945,33.900001525878906,10.493402481079102,1234600
2004-11-23,33.95000076293945,33.95500183105469,33.435001373291016,33.52000045776367,10.375775337219238,1437400
2004-11-24,33.57500076293945,33.80500030517578,33.470001220703125,33.724998474121094,10.439233779907227,1754200
2004-11-26,33.79999923706055,33.915000915527344,33.720001220703125,33.80500030517578,10.463995933532715,369000
2004-11-29,33.900001525878906,33.90999984741211,33.224998474121094,33.505001068115234,10.371133804321289,1112400
2004-11-30,33.5,33.834999084472656,33.46500015258789,33.70000076293945,10.431495666503906,1595400
2004-12-01,33.95000076293945,34.314998626708984,33.90999984741211,34.310001373291016,10.620311737060547,1481200
2004-12-02,34.310001373291016,34.935001373291016,34.29999923706055,34.525001525878906,10.686867713928223,1747800
2004-12-03,34.525001525878906,34.70500183105469,34.20000076293945,34.279998779296875,10.611021995544434,1302800
2004-12-06,34.13999938964844,34.14500045776367,33.915000915527344,34.084999084472656,10.550663948059082,1536400
2004-12-07,34.084999084472656,34.42499923706055,33.900001525878906,34.0,10.5243558883667,1226000
2004-12-08,34.0,34.125,33.900001525878906,34.040000915527344,10.536735534667969,1453800
2004-12-09,33.849998474121094,34.20000076293945,33.63999938964844,34.13999938964844,10.567689895629883,1301400
2004-12-10,34.09000015258789,34.27000045776367,34.02000045776367,34.02000045776367,10.530547142028809,815600
2004-12-13,34.14500045776367,34.275001525878906,33.900001525878906,34.25,10.601744651794434,804200
2004-12-14,34.29999923706055,34.40999984741211,34.130001068115234,34.154998779296875,10.572335243225098,1426600
2004-12-15,34.20000076293945,35.01499938964844,34.150001525878906,35.0,10.833892822265625,1627200
2004-12-16,34.875,35.05500030517578,34.630001068115234,34.814998626708984,10.776627540588379,1943000
2004-12-17,34.724998474121094,34.94499969482422,34.54999923706055,34.834999084472656,10.782822608947754,1489400
2004-12-20,35.029998779296875,35.25,34.875,34.959999084472656,10.821514129638672,1005600
2004-12-21,35.0,35.290000915527344,34.75,35.224998474121094,10.903542518615723,1176600
2004-12-22,35.29999923706055,35.78499984741211,35.29999923706055,35.654998779296875,11.036639213562012,1170200
2004-12-23,35.775001525878906,35.869998931884766,35.63999938964844,35.654998779296875,11.036639213562012,770200
2004-12-27,35.689998626708984,35.845001220703125,35.334999084472656,35.4900016784668,10.985570907592773,765600
2004-12-28,35.5,36.17499923706055,35.5,36.17499923706055,11.197603225708008,973200
2004-12-29,36.16999816894531,36.27000045776367,35.814998626708984,36.07500076293945,11.166650772094727,1026000
2004-12-30,36.25,36.275001525878906,35.92499923706055,36.13999938964844,11.186774253845215,578400
2004-12-31,36.19499969482422,36.31999969482422,36.1150016784668,36.18000030517578,11.1991548538208,530600
2005-01-03,36.29999923706055,36.345001220703125,35.470001220703125,35.564998626708984,11.008781433105469,1117000
2005-01-04,35.400001525878906,35.560001373291016,34.400001525878906,34.60499954223633,10.711627006530762,2685200
2005-01-05,34.599998474121094,34.650001525878906,34.040000915527344,34.099998474121094,10.555307388305664,2448600
2005-01-06,34.20000076293945,34.314998626708984,33.96500015258789,34.20000076293945,10.586263656616211,2554800
2005-01-07,34.125,34.224998474121094,33.54999923706055,33.8849983215332,10.48875617980957,2307400
2005-01-10,33.95000076293945,34.375,33.95000076293945,34.1150016784668,10.559952735900879,1520400
2005-01-11,34.119998931884766,34.349998474121094,33.91999816894531,34.209999084472656,10.58935832977295,1395600
2005-01-12,34.244998931884766,34.70000076293945,34.17499923706055,34.65999984741211,10.728653907775879,1768200
2005-01-13,34.665000915527344,34.79999923706055,34.349998474121094,34.375,10.64043140411377,1718400
2005-01-14,34.5,34.849998474121094,34.314998626708984,34.650001525878906,10.725558280944824,1083000
2005-01-18,34.525001525878906,34.599998474121094,34.099998474121094,34.54499816894531,10.6930513381958,2614200
2005-01-19,34.724998474121094,34.75,34.29999923706055,34.32500076293945,10.624957084655762,1008600
2005-01-20,34.04999923706055,34.099998474121094,33.31999969482422,33.439998626708984,10.35101318359375,2585600
2005-01-21,33.474998474121094,33.494998931884766,32.48500061035156,32.70000076293945,10.121956825256348,5552800
2005-01-24,32.900001525878906,33.125,32.20000076293945,32.400001525878906,10.029095649719238,5474600
2005-01-25,32.75,33.275001525878906,32.75,33.07500076293945,10.238030433654785,5021800
2005-01-26,33.54999923706055,33.69499969482422,33.39500045776367,33.57500076293945,10.392799377441406,3299600
2005-01-27,33.17499923706055,33.665000915527344,33.130001068115234,33.63999938964844,10.412917137145996,3149800
2005-01-28,33.75,33.775001525878906,33.415000915527344,33.5,10.369585037231445,3108800
2005-01-31,33.599998474121094,34.0,33.57500076293945,33.994998931884766,10.522807121276855,1835600
2005-02-01,34.099998474121094,34.099998474121094,33.75,33.900001525878906,10.493402481079102,3406800
2005-02-02,33.89500045776367,34.025001525878906,33.595001220703125,33.95000076293945,10.50887680053711,2645600
2005-02-03,33.92499923706055,34.0,33.72999954223633,33.900001525878906,10.59010124206543,2491600
2005-02-04,34.0,34.44499969482422,33.95000076293945,34.29999923706055,10.715057373046875,1675400
2005-02-07,34.349998474121094,34.68000030517578,34.244998931884766,34.525001525878906,10.785346031188965,2093600
2005-02-08,34.5,34.8650016784668,34.5,34.61000061035156,10.811897277832031,1518000
2005-02-09,34.57500076293945,34.57500076293945,34.29999923706055,34.36000061035156,10.733798027038574,2033000
2005-02-10,34.400001525878906,34.720001220703125,34.34000015258789,34.67499923706055,10.832206726074219,1176400
2005-02-11,34.75,35.2400016784668,34.525001525878906,35.0099983215332,10.936857223510742,1681800
2005-02-14,35.125,35.369998931884766,34.875,34.935001373291016,10.913427352905273,1524400
2005-02-15,34.92499923706055,35.084999084472656,34.79999923706055,34.939998626708984,10.914986610412598,953200
2005-02-16,35.0,35.03499984741211,34.6349983215332,34.7599983215332,10.858760833740234,1079400
2005-02-17,34.724998474121094,34.82500076293945,34.28499984741211,34.32500076293945,10.722871780395508,2264200
2005-02-18,34.349998474121094,34.54999923706055,34.21500015258789,34.310001373291016,10.718184471130371,2381000
2005-02-22,34.310001373291016,34.39500045776367,33.81999969482422,33.82500076293945,10.566672325134277,2301200
2005-02-23,34.0,34.290000915527344,33.70000076293945,34.18000030517578,10.677568435668945,1358600
2005-02-24,34.18000030517578,34.59000015258789,34.0,34.54499816894531,10.791587829589844,1084600
2005-02-25,34.349998474121094,35.119998931884766,34.349998474121094,35.02000045776367,10.939981460571289,2117000
2005-02-28,34.79999923706055,35.125,34.724998474121094,34.875,10.89468002319336,2016200
2005-03-01,34.875,35.560001373291016,34.845001220703125,35.51499938964844,11.09461498260498,1967000
2005-03-02,35.125,35.52000045776367,34.900001525878906,35.04499816894531,10.947786331176758,3695400
2005-03-03,35.099998474121094,35.349998474121094,34.970001220703125,35.17499923706055,10.988401412963867,1701600
2005-03-04,35.400001525878906,35.474998474121094,34.875,35.04999923706055,10.949344635009766,2949200
2005-03-07,35.01499938964844,35.36000061035156,34.875,35.17499923706055,10.988401412963867,1446800
2005-03-08,35.23500061035156,35.474998474121094,34.89500045776367,34.91999816894531,10.908740997314453,812600
2005-03-09,34.91999816894531,35.0,34.564998626708984,34.650001525878906,10.824396133422852,897200
2005-03-10,34.775001525878906,34.89500045776367,34.349998474121094,34.80500030517578,10.87281322479248,966800
2005-03-11,34.79999923706055,34.974998474121094,34.63999938964844,34.75,10.855632781982422,871600
2005-03-14,34.82500076293945,35.06999969482422,34.619998931884766,34.92499923706055,10.910300254821777,1171200
2005-03-15,34.92499923706055,35.150001525878906,34.7599983215332,34.7599983215332,10.858760833740234,1332400
2005-03-16,34.599998474121094,34.60499954223633,34.04999923706055,34.29499816894531,10.713493347167969,1787000
2005-03-17,34.5,34.5,34.15999984741211,34.17499923706055,10.676007270812988,1240000
2005-03-18,34.099998474121094,34.150001525878906,33.630001068115234,34.0,10.621339797973633,2833600
2005-03-21,33.92499923706055,34.25,33.81999969482422,33.939998626708984,10.602598190307617,1489000
2005-03-22,34.04999923706055,34.244998931884766,33.51499938964844,33.564998626708984,10.48544692993164,1279400
2005-03-23,33.564998626708984,33.689998626708984,33.415000915527344,33.595001220703125,10.494820594787598,1954600
2005-03-24,33.625,33.81999969482422,33.36000061035156,33.400001525878906,10.433902740478516,1759000
2005-03-28,33.400001525878906,33.404998779296875,32.11000061035156,32.814998626708984,10.251153945922852,5388400
2005-03-29,32.79999923706055,32.8849983215332,32.084999084472656,32.084999084472656,10.023103713989258,2974600
2005-03-30,32.20000076293945,32.599998474121094,32.20000076293945,32.5,10.152750968933105,1819000
2005-03-31,32.67499923706055,32.810001373291016,32.53499984741211,32.70000076293945,10.215227127075195,2263200
2005-04-01,32.900001525878906,33.005001068115234,32.33000183105469,32.52000045776367,10.158994674682617,2138000
2005-04-04,32.5,32.584999084472656,32.150001525878906,32.334999084472656,10.10120677947998,1701000
2005-04-05,32.224998474121094,32.474998474121094,32.185001373291016,32.2599983215332,10.077775955200195,1455400
2005-04-06,32.5,32.540000915527344,32.25,32.369998931884766,10.112137794494629,2173600
2005-04-07,32.36000061035156,32.529998779296875,32.25,32.45000076293945,10.13713264465332,2158800
2005-04-08,32.54999923706055,32.54999923706055,31.950000762939453,32.040000915527344,10.009051322937012,1558400
2005-04-11,32.025001525878906,32.099998474121094,31.610000610351562,31.614999771118164,9.876282691955566,2373600
2005-04-12,31.614999771118164,31.81999969482422,31.145000457763672,31.780000686645508,9.927826881408691,4078800
2005-04-13,31.700000762939453,31.8799991607666,31.385000228881836,31.530000686645508,9.849732398986816,2363200
2005-04-14,30.75,31.295000076293945,28.81999969482422,29.200000762939453,9.121857643127441,9338800
2005-04-15,29.200000762939453,29.200000762939453,28.4950008392334,28.774999618530273,8.989089965820312,5409600
2005-04-18,28.774999618530273,29.274999618530273,28.770000457763672,29.2549991607666,9.13904094696045,4944400
2005-04-19,29.2549991607666,29.649999618530273,29.25,29.549999237060547,9.23119068145752,4363000
2005-04-20,29.75,29.93000030517578,29.469999313354492,29.545000076293945,9.229629516601562,4235800
2005-04-21,29.899999618530273,30.450000762939453,29.75,30.329999923706055,9.474860191345215,2793600
2005-04-22,30.200000762939453,30.545000076293945,29.889999389648438,30.155000686645508,9.420190811157227,3095200
2005-04-25,30.225000381469727,30.334999084472656,29.985000610351562,30.149999618530273,9.418630599975586,1887800
2005-04-26,30.149999618530273,30.149999618530273,29.594999313354492,29.665000915527344,9.267121315002441,2213800
2005-04-27,29.5,29.530000686645508,29.045000076293945,29.475000381469727,9.207765579223633,2204600
2005-04-28,29.325000762939453,29.604999542236328,29.280000686645508,29.315000534057617,9.157779693603516,2366200
2005-04-29,29.450000762939453,29.479999542236328,29.030000686645508,29.325000762939453,9.160903930664062,2079200
2005-05-02,29.375,29.625,29.3700008392334,29.475000381469727,9.207765579223633,1987000
2005-05-03,29.475000381469727,29.6299991607666,29.3799991607666,29.479999542236328,9.209324836730957,3182800
2005-05-04,28.75,30.010000228881836,28.75,29.90999984741211,9.343657493591309,2289600
2005-05-05,29.399999618530273,29.6299991607666,29.260000228881836,29.46500015258789,9.301040649414062,3551200
2005-05-06,29.575000762939453,29.924999237060547,29.549999237060547,29.719999313354492,9.381535530090332,1553200
2005-05-09,30.0,30.104999542236328,29.809999465942383,30.020000457763672,9.476236343383789,1756600
2005-05-10,29.950000762939453,29.954999923706055,29.385000228881836,29.475000381469727,9.304200172424316,1408600
2005-05-11,29.475000381469727,29.709999084472656,29.19499969482422,29.625,9.35154914855957,1392200
2005-05-12,29.600000381469727,30.219999313354492,29.024999618530273,29.100000381469727,9.185821533203125,1623400
2005-05-13,29.024999618530273,29.1299991607666,28.639999389648438,28.850000381469727,9.106908798217773,2283800
2005-05-16,28.875,29.204999923706055,28.75,29.135000228881836,9.196870803833008,1640000
2005-05-17,29.024999618530273,29.450000762939453,28.834999084472656,29.399999618530273,9.280522346496582,998800
2005-05-18,29.475000381469727,30.225000381469727,29.475000381469727,30.125,9.509377479553223,2236000
2005-05-19,30.125,30.299999237060547,29.78499984741211,29.899999618530273,9.438353538513184,2108800
2005-05-20,29.975000381469727,29.979999542236328,29.475000381469727,29.68000030517578,9.36890697479248,2820200
2005-05-23,30.5,30.825000762939453,30.329999923706055,30.559999465942383,9.646693229675293,3258800
2005-05-24,30.524999618530273,30.524999618530273,30.100000381469727,30.344999313354492,9.578824996948242,1314000
2005-05-25,30.325000762939453,30.325000762939453,29.8700008392334,30.030000686645508,9.47939395904541,1091200
2005-05-26,30.200000762939453,30.59000015258789,30.200000762939453,30.434999465942383,9.607233047485352,2049200
2005-05-27,30.389999389648438,30.479999542236328,30.274999618530273,30.325000762939453,9.572514533996582,957400
2005-05-31,30.225000381469727,30.25,29.825000762939453,29.924999237060547,9.446247100830078,2766400
2005-06-01,29.969999313354492,30.344999313354492,29.774999618530273,30.045000076293945,9.484125137329102,1560000
2005-06-02,30.100000381469727,30.299999237060547,29.969999313354492,30.264999389648438,9.553569793701172,4307600
2005-06-03,30.174999237060547,30.389999389648438,29.71500015258789,29.7450008392334,9.389427185058594,2092400
2005-06-06,29.850000381469727,29.915000915527344,29.645000457763672,29.729999542236328,9.384692192077637,1428600
2005-06-07,29.875,30.309999465942383,29.735000610351562,30.010000228881836,9.473078727722168,1674600
2005-06-08,30.149999618530273,30.5,30.020000457763672,30.03499984741211,9.48096752166748,1707400
2005-06-09,30.100000381469727,30.1299991607666,29.530000686645508,29.739999771118164,9.387846946716309,1810800
2005-06-10,29.7450008392334,30.024999618530273,29.575000762939453,29.84000015258789,9.419413566589355,1500400
2005-06-13,29.815000534057617,30.274999618530273,29.735000610351562,30.020000457763672,9.476236343383789,1238800
2005-06-14,30.0,30.315000534057617,29.924999237060547,30.229999542236328,9.542525291442871,1349200
2005-06-15,30.270000457763672,30.299999237060547,29.790000915527344,30.299999237060547,9.564621925354004,1576800
2005-06-16,30.28499984741211,30.790000915527344,30.200000762939453,30.709999084472656,9.694038391113281,2263800
2005-06-17,30.975000381469727,31.045000076293945,30.670000076293945,30.670000076293945,9.681415557861328,2706600
2005-06-20,30.674999237060547,30.8799991607666,30.450000762939453,30.475000381469727,9.61986255645752,1329800
2005-06-21,30.489999771118164,30.954999923706055,30.489999771118164,30.739999771118164,9.703511238098145,1416800
2005-06-22,30.559999465942383,30.790000915527344,30.434999465942383,30.524999618530273,9.635644912719727,1507000
2005-06-23,30.625,30.625,29.774999618530273,29.799999237060547,9.406785011291504,2077800
2005-06-24,29.700000762939453,29.71500015258789,29.174999237060547,29.360000610351562,9.26789379119873,2677200
2005-06-27,29.125,29.5,29.125,29.489999771118164,9.308931350708008,1397800
2005-06-28,29.725000381469727,30.25,29.6299991607666,30.209999084472656,9.536211013793945,1492600
2005-06-29,30.274999618530273,30.280000686645508,30.024999618530273,30.18000030517578,9.526742935180664,993200
2005-06-30,30.15999984741211,30.315000534057617,29.80500030517578,29.950000762939453,9.454136848449707,2518400
2005-07-01,29.924999237060547,30.165000915527344,29.875,30.065000534057617,9.490437507629395,2208400
2005-07-05,30.06999969482422,30.334999084472656,29.774999618530273,30.325000762939453,9.572514533996582,1911200
2005-07-06,30.280000686645508,30.635000228881836,30.065000534057617,30.065000534057617,9.490437507629395,2023800
2005-07-07,29.649999618530273,30.325000762939453,29.229999542236328,30.295000076293945,9.563040733337402,1558600
2005-07-08,30.290000915527344,31.0049991607666,30.280000686645508,30.915000915527344,9.758753776550293,1615800
2005-07-11,31.100000381469727,31.21500015258789,30.854999542236328,31.079999923706055,9.810835838317871,1707000
2005-07-12,31.084999084472656,31.1200008392334,30.649999618530273,30.885000228881836,9.749282836914062,1057600
2005-07-13,30.825000762939453,31.084999084472656,30.825000762939453,31.075000762939453,9.809260368347168,1002200
2005-07-14,31.125,31.325000762939453,30.975000381469727,31.110000610351562,9.820307731628418,1458400
2005-07-15,31.110000610351562,31.239999771118164,30.985000610351562,31.020000457763672,9.791895866394043,1548400
2005-07-18,32.5,33.54999923706055,31.774999618530273,32.875,10.37745475769043,6267200
2005-07-19,32.875,32.9900016784668,32.5099983215332,32.85499954223633,10.37114143371582,2547600
2005-07-20,32.72999954223633,33.41999816894531,32.57500076293945,33.2400016784668,10.49267578125,2331000
2005-07-21,33.20000076293945,33.375,32.91999816894531,33.150001525878906,10.464262962341309,1723000
2005-07-22,33.25,33.54499816894531,33.005001068115234,33.15999984741211,10.467419624328613,1625800
2005-07-25,33.5,33.65999984741211,33.099998474121094,33.15999984741211,10.467419624328613,1425000
2005-07-26,33.150001525878906,33.17499923706055,32.915000915527344,33.005001068115234,10.418488502502441,1027800
2005-07-27,33.005001068115234,33.130001068115234,32.71500015258789,32.95500183105469,10.402708053588867,992600
2005-07-28,33.0,33.189998626708984,32.849998474121094,32.95500183105469,10.402708053588867,1450600
2005-07-29,32.92499923706055,32.95500183105469,32.65999984741211,32.66999816894531,10.312743186950684,1441200
2005-08-01,32.67499923706055,33.07500076293945,32.67499923706055,33.05500030517578,10.434277534484863,1385600
2005-08-02,33.13999938964844,33.255001068115234,33.025001525878906,33.22999954223633,10.489514350891113,1249800
2005-08-03,33.20000076293945,33.595001220703125,33.099998474121094,33.529998779296875,10.584213256835938,2119800
2005-08-04,33.349998474121094,33.68000030517578,33.16999816894531,33.209999084472656,10.58102798461914,1730800
2005-08-05,33.150001525878906,33.150001525878906,32.64500045776367,32.71500015258789,10.423318862915039,1056000
2005-08-08,32.75,33.08000183105469,32.75,32.94499969482422,10.49659538269043,745200
2005-08-09,32.9900016784668,33.28499984741211,32.91999816894531,33.25,10.59377384185791,959600
2005-08-10,33.400001525878906,33.92499923706055,33.28499984741211,33.375,10.633602142333984,1652400
2005-08-11,33.32500076293945,33.775001525878906,33.23500061035156,33.775001525878906,10.761041641235352,1323800
2005-08-12,33.54999923706055,33.65999984741211,33.04499816894531,33.18000030517578,10.571468353271484,905600
2005-08-15,33.150001525878906,33.470001220703125,32.974998474121094,33.345001220703125,10.624042510986328,666400
2005-08-16,33.224998474121094,33.22999954223633,32.435001373291016,32.459999084472656,10.342071533203125,1571000
2005-08-17,32.45500183105469,32.790000915527344,32.25,32.66999816894531,10.408978462219238,867400
2005-08-18,32.42499923706055,32.42499923706055,32.01499938964844,32.25,10.275166511535645,1313600
2005-08-19,32.57500076293945,32.64500045776367,32.275001525878906,32.54499816894531,10.369150161743164,819200
2005-08-22,32.650001525878906,32.880001068115234,32.20000076293945,32.435001373291016,10.33410358428955,648400
2005-08-23,32.560001373291016,32.595001220703125,32.27000045776367,32.380001068115234,10.316582679748535,744800
2005-08-24,32.3849983215332,32.76499938964844,32.05500030517578,32.10499954223633,10.228963851928711,830400
2005-08-25,32.119998931884766,32.45000076293945,32.005001068115234,32.150001525878906,10.243303298950195,1206400
2005-08-26,32.29999923706055,32.29999923706055,31.809999465942383,32.165000915527344,10.248083114624023,852800
2005-08-29,32.040000915527344,32.220001220703125,31.864999771118164,32.09000015258789,10.2241849899292,1097200
2005-08-30,32.025001525878906,32.04999923706055,31.415000915527344,31.625,10.076033592224121,1317200
2005-08-31,31.5,31.959999084472656,31.299999237060547,31.959999084472656,10.182764053344727,1651000
2005-09-01,31.924999237060547,32.185001373291016,31.815000534057617,32.02000045776367,10.201884269714355,1310000
2005-09-02,32.04999923706055,32.165000915527344,31.8700008392334,31.915000915527344,10.168429374694824,945800
2005-09-06,32.0,32.3849983215332,32.0,32.375,10.314986228942871,894000
2005-09-07,32.375,32.7599983215332,32.25,32.744998931884766,10.43287467956543,1384000
2005-09-08,32.0,32.5099983215332,31.975000381469727,32.18000030517578,10.252859115600586,1486400
2005-09-09,32.185001373291016,32.56999969482422,32.064998626708984,32.4900016784668,10.351630210876465,1178600
2005-09-12,32.494998931884766,33.185001373291016,32.375,33.005001068115234,10.515713691711426,1544200
2005-09-13,33.0099983215332,33.01499938964844,32.69499969482422,32.75,10.434468269348145,1471000
2005-09-14,32.71500015258789,32.78499984741211,32.29999923706055,32.43000030517578,10.332513809204102,1316000
2005-09-15,32.435001373291016,32.5,32.099998474121094,32.19499969482422,10.25763988494873,1363200
2005-09-16,32.42499923706055,32.47999954223633,31.915000915527344,32.029998779296875,10.20506763458252,1965600
2005-09-19,32.064998626708984,32.11000061035156,31.65999984741211,31.764999389648438,10.120634078979492,1029000
2005-09-20,31.84000015258789,32.029998779296875,31.2450008392334,31.2549991607666,9.958145141601562,1004600
2005-09-21,31.149999618530273,31.485000610351562,30.7549991607666,31.31999969482422,9.978856086730957,1448800
2005-09-22,31.43000030517578,31.809999465942383,31.200000762939453,31.510000228881836,10.039393424987793,1233600
2005-09-23,31.510000228881836,31.510000228881836,31.1299991607666,31.190000534057617,9.937438011169434,1502200
2005-09-26,31.575000762939453,31.575000762939453,31.094999313354492,31.299999237060547,9.97248363494873,1678000
2005-09-27,31.25,31.325000762939453,30.764999389648438,30.854999542236328,9.830700874328613,1321200
2005-09-28,30.924999237060547,31.040000915527344,30.600000381469727,30.790000915527344,9.809991836547852,1420400
2005-09-29,30.729999542236328,30.954999923706055,30.549999237060547,30.899999618530273,9.845040321350098,1147000
2005-09-30,30.850000381469727,31.84000015258789,30.850000381469727,31.774999618530273,10.123818397521973,1666600
2005-10-03,31.75,32.125,31.489999771118164,31.5049991607666,10.037797927856445,1615600
2005-10-04,31.700000762939453,31.864999771118164,31.100000381469727,31.100000381469727,9.908761024475098,1322200
2005-10-05,31.100000381469727,31.104999542236328,30.5049991607666,30.5049991607666,9.71918773651123,1105600
2005-10-06,30.649999618530273,30.94499969482422,30.260000228881836,30.514999389648438,9.722375869750977,1637200
2005-10-07,30.639999389648438,30.989999771118164,30.334999084472656,30.799999237060547,9.813176155090332,2198600
2005-10-10,30.71500015258789,30.71500015258789,30.09000015258789,30.200000762939453,9.622013092041016,1389200
2005-10-11,30.200000762939453,30.299999237060547,29.809999465942383,29.8799991607666,9.52005386352539,1373200
2005-10-12,29.975000381469727,30.104999542236328,29.469999313354492,29.700000762939453,9.462708473205566,1715000
2005-10-13,29.600000381469727,29.799999237060547,29.5,29.649999618530273,9.446776390075684,1199800
2005-10-14,29.674999237060547,29.93000030517578,29.174999237060547,29.924999237060547,9.534396171569824,1236600
2005-10-17,29.875,30.190000534057617,29.549999237060547,29.959999084472656,9.545549392700195,2185600
2005-10-18,30.084999084472656,30.2450008392334,29.479999542236328,29.625,9.438814163208008,1764000
2005-10-19,29.600000381469727,30.145000457763672,29.309999465942383,30.125,9.598115921020508,1748600
2005-10-20,30.125,30.19499969482422,29.21500015258789,29.454999923706055,9.384648323059082,2279200
2005-10-21,29.454999923706055,29.454999923706055,28.59000015258789,28.825000762939453,9.18392562866211,2315600
2005-10-24,28.850000381469727,29.44499969482422,28.850000381469727,29.364999771118164,9.355973243713379,2605000
2005-10-25,29.350000381469727,29.485000610351562,29.03499984741211,29.174999237060547,9.295437812805176,1488800
2005-10-26,29.100000381469727,29.299999237060547,28.920000076293945,28.954999923706055,9.22534465789795,1664400
2005-10-27,28.954999923706055,28.954999923706055,28.325000762939453,28.34000015258789,9.029401779174805,1066400
2005-10-28,28.450000762939453,29.0,28.424999237060547,28.90999984741211,9.211009979248047,1463600
2005-10-31,28.985000610351562,29.575000762939453,28.915000915527344,29.415000915527344,9.371904373168945,1402400
2005-11-01,29.415000915527344,29.639999389648438,29.239999771118164,29.520000457763672,9.40535831451416,1398800
2005-11-02,29.549999237060547,30.420000076293945,29.524999618530273,30.225000381469727,9.62998104095459,1712400
2005-11-03,30.44499969482422,30.44499969482422,29.709999084472656,29.920000076293945,9.631587982177734,2308800
2005-11-04,29.975000381469727,30.264999389648438,29.559999465942383,29.700000762939453,9.560769081115723,1242000
2005-11-07,29.899999618530273,30.059999465942383,29.729999542236328,30.05500030517578,9.675047874450684,1123600
2005-11-08,29.950000762939453,30.06999969482422,29.75,30.049999237060547,9.673434257507324,1008000
2005-11-09,30.125,30.399999618530273,30.0,30.360000610351562,9.773226737976074,1512000
2005-11-10,30.28499984741211,30.489999771118164,29.90999984741211,30.489999771118164,9.815075874328613,1574400
2005-11-11,30.5,31.239999771118164,30.3799991607666,31.184999465942383,10.038806915283203,2143600
2005-11-14,31.184999465942383,31.184999465942383,30.774999618530273,30.854999542236328,9.932575225830078,1227600
2005-11-15,30.905000686645508,31.15999984741211,30.875,30.969999313354492,9.969595909118652,1017000
2005-11-16,30.989999771118164,31.2450008392334,30.864999771118164,30.96500015258789,9.967988014221191,1316800
2005-11-17,30.950000762939453,31.684999465942383,30.895000457763672,31.684999465942383,10.199761390686035,1367800
2005-11-18,31.975000381469727,31.975000381469727,31.579999923706055,31.719999313354492,10.211030006408691,1412400
2005-11-21,31.71500015258789,31.75,31.3799991607666,31.700000762939453,10.20458984375,1072400
2005-11-22,31.649999618530273,31.780000686645508,31.100000381469727,31.780000686645508,10.230342864990234,1513000
2005-11-23,31.780000686645508,32.09000015258789,31.524999618530273,32.029998779296875,10.310819625854492,676400
2005-11-25,32.099998474121094,32.099998474121094,31.7549991607666,31.860000610351562,10.256097793579102,236000
2005-11-28,31.799999237060547,31.899999618530273,31.614999771118164,31.614999771118164,10.177226066589355,820600
2005-11-29,31.700000762939453,32.125,31.700000762939453,31.90999984741211,10.27219009399414,786400
2005-11-30,32.0,32.14500045776367,31.844999313354492,31.860000610351562,10.256097793579102,1090000
2005-12-01,32.04999923706055,32.564998626708984,32.025001525878906,32.4900016784668,10.458901405334473,1416600
2005-12-02,32.45000076293945,32.45000076293945,32.060001373291016,32.064998626708984,10.3220853805542,1032000
2005-12-05,32.064998626708984,32.28499984741211,31.899999618530273,32.25,10.38163948059082,1050800
2005-12-06,32.25,32.54999923706055,32.0,32.31999969482422,10.404173851013184,1019200
2005-12-07,32.20000076293945,32.345001220703125,31.799999237060547,31.905000686645508,10.27058219909668,1267000
2005-12-08,31.924999237060547,32.255001068115234,31.78499984741211,32.13999938964844,10.346229553222656,1242400
2005-12-09,32.29999923706055,32.650001525878906,32.0,32.505001068115234,10.463727951049805,1094800
2005-12-12,32.560001373291016,33.0,32.560001373291016,32.845001220703125,10.573184967041016,1489200
2005-12-13,32.78499984741211,33.1349983215332,32.6349983215332,33.029998779296875,10.632732391357422,1415800
2005-12-14,33.03499984741211,33.58000183105469,33.03499984741211,33.3650016784668,10.74057388305664,1615200
2005-12-15,33.25,33.529998779296875,33.20000076293945,33.5,10.78403091430664,1813600
2005-12-16,33.72999954223633,33.82500076293945,33.564998626708984,33.630001068115234,10.825881004333496,2067400
2005-12-19,33.849998474121094,33.900001525878906,33.375,33.44499969482422,10.766327857971191,1516000
2005-12-20,33.42499923706055,33.83000183105469,33.375,33.70000076293945,10.84841537475586,1399400
2005-12-21,33.95000076293945,33.95000076293945,33.56999969482422,33.70000076293945,10.84841537475586,1501600
2005-12-22,33.75,33.869998931884766,33.54499816894531,33.724998474121094,10.856459617614746,810800
2005-12-23,33.80500030517578,33.994998931884766,33.76499938964844,33.90999984741211,10.916017532348633,516000
2005-12-27,33.90999984741211,33.97999954223633,33.39500045776367,33.39500045776367,10.75023078918457,844600
2005-12-28,33.599998474121094,33.790000915527344,33.45500183105469,33.625,10.824267387390137,859000
2005-12-29,33.73500061035156,33.935001373291016,33.65999984741211,33.755001068115234,10.866122245788574,587000
2005-12-30,33.70000076293945,33.70000076293945,33.40999984741211,33.54499816894531,10.798516273498535,664400
2006-01-03,33.650001525878906,33.78499984741211,33.0099983215332,33.6150016784668,10.821051597595215,2500800
2006-01-04,33.57500076293945,33.650001525878906,33.42499923706055,33.470001220703125,10.774372100830078,2574200
2006-01-05,33.44499969482422,33.6349983215332,33.20000076293945,33.28499984741211,10.714821815490723,1503600
2006-01-06,33.45000076293945,33.95000076293945,33.45000076293945,33.779998779296875,10.874164581298828,3012000
2006-01-09,33.92499923706055,34.125,33.81999969482422,33.96500015258789,10.93371868133545,2056600
2006-01-10,33.92499923706055,33.95500183105469,33.54999923706055,33.625,10.824267387390137,1976200
2006-01-11,33.625,33.89500045776367,33.41999816894531,33.775001525878906,10.872552871704102,1559400
2006-01-12,33.29999923706055,33.52000045776367,32.8650016784668,32.880001068115234,10.584444046020508,1800600
2006-01-13,32.849998474121094,32.86000061035156,32.40999984741211,32.525001525878906,10.470165252685547,1891000
2006-01-17,32.400001525878906,32.45000076293945,32.14500045776367,32.2400016784668,10.378425598144531,1267200
2006-01-18,32.0,32.775001525878906,31.924999237060547,32.61000061035156,10.497529983520508,1718200
2006-01-19,32.66999816894531,33.255001068115234,32.59000015258789,33.04999923706055,10.639174461364746,2093600
2006-01-20,33.29999923706055,33.29999923706055,32.404998779296875,32.439998626708984,10.442803382873535,1647600
2006-01-23,31.75,33.08000183105469,31.184999465942383,32.89500045776367,10.589271545410156,4422000
2006-01-24,33.130001068115234,33.439998626708984,32.94499969482422,33.1150016784668,10.660094261169434,1679000
2006-01-25,33.25,33.25,32.584999084472656,32.77000045776367,10.549034118652344,1933400
2006-01-26,33.185001373291016,33.185001373291016,32.56999969482422,32.7599983215332,10.54581356048584,1751600
2006-01-27,32.755001068115234,33.47999954223633,32.56999969482422,33.42499923706055,10.75988483428955,1458800
2006-01-30,33.380001068115234,33.525001525878906,33.20000076293945,33.209999084472656,10.690675735473633,955000
2006-01-31,33.21500015258789,33.31999969482422,32.849998474121094,33.099998474121094,10.655265808105469,1349600
2006-02-01,33.125,33.35499954223633,32.97999954223633,33.23500061035156,10.698726654052734,1562800
2006-02-02,33.060001373291016,33.35499954223633,32.880001068115234,33.15999984741211,10.788191795349121,2576200
2006-02-03,33.165000915527344,33.54499816894531,32.974998474121094,33.275001525878906,10.825606346130371,1502400
2006-02-06,33.400001525878906,33.4900016784668,33.154998779296875,33.31999969482422,10.84024429321289,1175000
2006-02-07,33.31999969482422,33.54499816894531,33.150001525878906,33.244998931884766,10.81584358215332,1382600
2006-02-08,33.3650016784668,33.5,33.17499923706055,33.35499954223633,10.851631164550781,1150000
2006-02-09,33.35499954223633,33.665000915527344,33.130001068115234,33.185001373291016,10.796327590942383,1251400
2006-02-10,33.224998474121094,33.5,32.97999954223633,33.45000076293945,10.882538795471191,1033000
2006-02-13,33.45500183105469,33.45500183105469,33.064998626708984,33.32500076293945,10.84187126159668,686200
2006-02-14,33.45000076293945,34.595001220703125,33.29999923706055,34.54999923706055,11.2404146194458,2266000
2006-02-15,34.400001525878906,34.525001525878906,34.09000015258789,34.28499984741211,11.154197692871094,2097200
2006-02-16,34.224998474121094,34.53499984741211,34.17499923706055,34.5099983215332,11.227397918701172,1121000
2006-02-17,34.625,34.775001525878906,34.404998779296875,34.67499923706055,11.281082153320312,1237000
2006-02-21,34.66999816894531,34.67499923706055,33.94499969482422,34.150001525878906,11.110276222229004,1586400
2006-02-22,34.5,35.005001068115234,34.40999984741211,34.93000030517578,11.36404037475586,1418600
2006-02-23,34.97999954223633,35.43000030517578,34.724998474121094,35.17499923706055,11.443747520446777,2029600
2006-02-24,35.150001525878906,35.529998779296875,35.02000045776367,35.39500045776367,11.51531982421875,1701200
2006-02-27,35.17499923706055,35.494998931884766,35.17499923706055,35.23500061035156,11.463264465332031,1815000
2006-02-28,34.779998779296875,35.17499923706055,34.779998779296875,34.834999084472656,11.333130836486816,1848400
2006-03-01,34.959999084472656,35.5,34.900001525878906,35.5,11.549483299255371,1277400
2006-03-02,35.375,35.380001068115234,35.005001068115234,35.224998474121094,11.460014343261719,1166200
2006-03-03,35.125,35.5,34.970001220703125,35.15999984741211,11.438867568969727,1026400
2006-03-06,35.07500076293945,35.15999984741211,34.630001068115234,34.67499923706055,11.281082153320312,1151200
2006-03-07,34.650001525878906,34.93000030517578,34.439998626708984,34.70500183105469,11.290837287902832,1084800
2006-03-08,34.599998474121094,34.70000076293945,33.880001068115234,34.525001525878906,11.232281684875488,1494200
2006-03-09,34.5,34.5099983215332,34.11000061035156,34.125,11.102142333984375,966800
2006-03-10,34.01499938964844,34.755001068115234,34.01499938964844,34.650001525878906,11.272945404052734,1292800
2006-03-13,34.599998474121094,34.64500045776367,34.22999954223633,34.375,11.18347454071045,900200
2006-03-14,34.375,35.54999923706055,34.314998626708984,35.334999084472656,11.495798110961914,1992600
2006-03-15,35.45000076293945,35.95000076293945,35.29999923706055,35.880001068115234,11.673110008239746,2231600
2006-03-16,35.8849983215332,36.13999938964844,35.73500061035156,35.875,11.671483039855957,1170600
2006-03-17,36.150001525878906,36.20000076293945,35.959999084472656,35.96500015258789,11.700766563415527,1814800
2006-03-20,35.875,35.994998931884766,35.70500183105469,35.845001220703125,11.661721229553223,811400
2006-03-21,35.6349983215332,35.91999816894531,35.35499954223633,35.505001068115234,11.551107406616211,1323000
2006-03-22,34.79499816894531,35.939998626708984,34.79499816894531,35.915000915527344,11.68449878692627,1001000
2006-03-23,35.82500076293945,35.82500076293945,35.21500015258789,35.560001373291016,11.569002151489258,1406200
2006-03-24,35.474998474121094,35.724998474121094,35.2400016784668,35.470001220703125,11.53972339630127,1553400
2006-03-27,35.2599983215332,35.7599983215332,35.17499923706055,35.630001068115234,11.591773986816406,1216800
2006-03-28,35.630001068115234,36.025001525878906,35.494998931884766,35.60499954223633,11.583639144897461,1016200
2006-03-29,35.494998931884766,36.0,35.349998474121094,35.93000030517578,11.689375877380371,1389000
2006-03-30,35.8849983215332,36.64500045776367,35.82500076293945,36.64500045776367,11.9219970703125,2658800
2006-03-31,36.5,36.814998626708984,36.29999923706055,36.48500061035156,11.869938850402832,2027000
2006-04-03,36.95000076293945,37.3650016784668,36.779998779296875,36.8849983215332,12.000072479248047,2829400
2006-04-04,36.775001525878906,37.15999984741211,36.45000076293945,37.099998474121094,12.07002067565918,1842200
2006-04-05,37.099998474121094,37.30500030517578,36.720001220703125,37.19499969482422,12.100934028625488,1601200
2006-04-06,36.939998626708984,37.154998779296875,36.005001068115234,36.470001220703125,11.86506175994873,2609000
2006-04-07,36.834999084472656,37.17499923706055,36.775001525878906,36.80500030517578,11.974048614501953,1639200
2006-04-10,36.974998474121094,37.31999969482422,36.82500076293945,37.23500061035156,12.113944053649902,1103200
2006-04-11,37.400001525878906,37.48500061035156,36.71500015258789,36.95000076293945,12.021222114562988,1595400
2006-04-12,37.125,37.375,36.96500015258789,37.09000015258789,12.066767692565918,1484400
2006-04-13,37.125,37.5,36.92499923706055,37.310001373291016,12.138346672058105,1194800
2006-04-17,37.900001525878906,38.54999923706055,37.01499938964844,37.994998931884766,12.361199378967285,4307200
2006-04-18,38.45000076293945,39.625,38.35499954223633,38.904998779296875,12.657255172729492,3205000
2006-04-19,38.79999923706055,39.03499984741211,38.68000030517578,38.810001373291016,12.626348495483398,1957200
2006-04-20,38.82500076293945,39.11000061035156,38.5099983215332,38.849998474121094,12.639360427856445,1578000
2006-04-21,38.95000076293945,38.95000076293945,38.45000076293945,38.57500076293945,12.549896240234375,1456400
2006-04-24,38.57500076293945,38.584999084472656,38.150001525878906,38.33000183105469,12.470189094543457,1394000
2006-04-25,38.400001525878906,38.51499938964844,38.095001220703125,38.275001525878906,12.452288627624512,2294600
2006-04-26,38.474998474121094,38.755001068115234,38.32500076293945,38.584999084472656,12.553146362304688,1988000
2006-04-27,38.584999084472656,38.709999084472656,38.08000183105469,38.30500030517578,12.462050437927246,2199600
2006-04-28,38.36000061035156,38.6150016784668,38.130001068115234,38.32500076293945,12.468561172485352,1914800
2006-05-01,38.439998626708984,38.76499938964844,38.375,38.47999954223633,12.51898193359375,1954400
2006-05-02,38.599998474121094,38.7400016784668,38.29499816894531,38.67499923706055,12.582425117492676,1182200
2006-05-03,38.69499969482422,39.099998474121094,38.68000030517578,38.70500183105469,12.592190742492676,1235000
2006-05-04,38.744998931884766,39.084999084472656,38.685001373291016,38.915000915527344,12.776034355163574,1319400
2006-05-05,39.150001525878906,39.279998779296875,38.935001373291016,39.04999923706055,12.820356369018555,2311000
2006-05-08,38.775001525878906,39.099998474121094,38.7599983215332,38.91999816894531,12.777674674987793,1441000
2006-05-09,38.79999923706055,39.165000915527344,38.775001525878906,38.95000076293945,12.787525177001953,1191600
2006-05-10,38.95000076293945,39.349998474121094,38.880001068115234,39.09000015258789,12.83349609375,1237200
2006-05-11,39.150001525878906,39.9900016784668,39.09000015258789,39.44499969482422,12.950040817260742,2391600
2006-05-12,39.44499969482422,39.45000076293945,38.26499938964844,38.310001373291016,12.577412605285645,1609200
2006-05-15,38.314998626708984,38.470001220703125,38.025001525878906,38.43000030517578,12.61680793762207,1398800
2006-05-16,38.75,39.26499938964844,38.625,39.02000045776367,12.810511589050293,1917200
2006-05-17,38.92499923706055,38.93000030517578,37.959999084472656,38.13999938964844,12.521600723266602,2694800
2006-05-18,38.15999984741211,38.55500030517578,37.709999084472656,37.81999969482422,12.416544914245605,3449400
2006-05-19,38.125,38.560001373291016,37.63999938964844,37.875,12.434601783752441,2981800
2006-05-22,37.875,37.875,36.5,37.025001525878906,12.15554141998291,2963800
2006-05-23,37.82500076293945,37.82500076293945,36.95000076293945,36.959999084472656,12.134196281433105,2298400
2006-05-24,36.88999938964844,37.0099983215332,36.02000045776367,36.505001068115234,11.984822273254395,3516200
2006-05-25,36.82500076293945,37.125,36.625,37.05500030517578,12.165392875671387,1568400
2006-05-26,37.349998474121094,37.689998626708984,37.14500045776367,37.42499923706055,12.286866188049316,1536600
2006-05-30,37.224998474121094,37.22999954223633,36.45500183105469,36.53499984741211,11.994670867919922,1797000
2006-05-31,36.67499923706055,37.064998626708984,36.459999084472656,36.77000045776367,12.071823120117188,1816400
2006-06-01,36.915000915527344,37.29499816894531,36.66999816894531,37.2400016784668,12.226128578186035,2408000
2006-06-02,37.32500076293945,37.540000915527344,36.810001373291016,37.275001525878906,12.237615585327148,1522200
2006-06-05,37.150001525878906,37.209999084472656,36.19499969482422,36.3849983215332,11.945425033569336,1562200
2006-06-06,36.5,36.61000061035156,35.68000030517578,35.95000076293945,11.8026123046875,2206200
2006-06-07,36.029998779296875,36.150001525878906,35.529998779296875,35.56999969482422,11.6778564453125,2903600
2006-06-08,35.56999969482422,35.68000030517578,34.53499984741211,35.2599983215332,11.576082229614258,3332200
2006-06-09,35.28499984741211,35.70500183105469,35.28499984741211,35.400001525878906,11.622045516967773,2158400
2006-06-12,35.404998779296875,36.40999984741211,34.875,34.900001525878906,11.457892417907715,1519600
2006-06-13,34.560001373291016,35.36000061035156,34.540000915527344,34.92499923706055,11.466096878051758,2406000
2006-06-14,35.0,35.439998626708984,34.880001068115234,35.375,11.613831520080566,1808800
2006-06-15,35.54999923706055,36.349998474121094,35.400001525878906,36.25,11.901104927062988,1544000
2006-06-16,35.974998474121094,36.334999084472656,35.86000061035156,36.220001220703125,11.891253471374512,1620400
2006-06-19,36.349998474121094,36.540000915527344,35.790000915527344,35.92499923706055,11.79439926147461,1130200
2006-06-20,35.849998474121094,36.415000915527344,35.685001373291016,36.224998474121094,11.892897605895996,1549000
2006-06-21,36.29499816894531,37.14500045776367,36.22999954223633,37.025001525878906,12.15554141998291,1642800
2006-06-22,36.900001525878906,36.904998779296875,36.21500015258789,36.44499969482422,11.965124130249023,1417000
2006-06-23,36.31999969482422,36.810001373291016,36.0,36.345001220703125,11.932292938232422,1319400
2006-06-26,36.310001373291016,36.6150016784668,36.29499816894531,36.494998931884766,11.981538772583008,838400
2006-06-27,36.375,36.86000061035156,36.375,36.584999084472656,12.011089324951172,2145800
2006-06-28,36.58000183105469,36.834999084472656,36.314998626708984,36.60499954223633,12.017650604248047,1331800
2006-06-29,36.60499954223633,37.650001525878906,36.60499954223633,37.59000015258789,12.341034889221191,1803000
2006-06-30,37.900001525878906,37.900001525878906,37.31999969482422,37.70000076293945,12.37714958190918,1551800
2006-07-03,37.775001525878906,37.79999923706055,37.33000183105469,37.43000030517578,12.288506507873535,860400
2006-07-05,37.15999984741211,37.244998931884766,36.70000076293945,37.20000076293945,12.212996482849121,1548800
2006-07-06,37.32500076293945,37.6150016784668,36.82500076293945,36.95000076293945,12.130921363830566,1318800
2006-07-07,36.94499969482422,37.02000045776367,36.15999984741211,36.224998474121094,11.892897605895996,1825600
2006-07-10,36.3650016784668,36.54999923706055,36.13999938964844,36.5099983215332,11.986467361450195,1445800
2006-07-11,36.3650016784668,36.38999938964844,35.724998474121094,36.16999816894531,11.874837875366211,1687600
2006-07-12,36.20000076293945,36.310001373291016,35.4900016784668,35.51499938964844,11.659795761108398,1868800
2006-07-13,35.275001525878906,35.314998626708984,34.505001068115234,34.60499954223633,11.361037254333496,3391800
2006-07-14,34.77000045776367,34.790000915527344,33.73500061035156,34.025001525878906,11.170622825622559,3069000
2006-07-17,33.625,33.869998931884766,31.75,32.529998779296875,10.679800987243652,6256400
2006-07-18,32.564998626708984,33.2599983215332,32.540000915527344,33.165000915527344,10.88828182220459,3966800
2006-07-19,33.27000045776367,33.67499923706055,33.26499938964844,33.3849983215332,10.9605073928833,2853800
2006-07-20,33.474998474121094,33.654998779296875,32.525001525878906,32.525001525878906,10.67816162109375,2430400
2006-07-21,32.529998779296875,32.529998779296875,31.895000457763672,31.96500015258789,10.494312286376953,2939200
2006-07-24,32.07500076293945,32.599998474121094,32.07500076293945,32.44499969482422,10.651894569396973,1986600
2006-07-25,32.525001525878906,32.775001525878906,32.279998779296875,32.540000915527344,10.683085441589355,2032000
2006-07-26,32.54499816894531,32.72999954223633,32.20000076293945,32.310001373291016,10.607577323913574,2643000
2006-07-27,32.400001525878906,32.63999938964844,31.75,31.84000015258789,10.453269958496094,1977200
2006-07-28,32.025001525878906,32.470001220703125,32.0,32.45500183105469,10.655179023742676,2381000
2006-07-31,32.400001525878906,32.400001525878906,32.0099983215332,32.04999923706055,10.52221393585205,1549000
2006-08-01,32.04999923706055,32.15999984741211,31.524999618530273,31.80500030517578,10.441781997680664,1898800
2006-08-02,31.885000228881836,32.334999084472656,31.854999542236328,32.185001373291016,10.566536903381348,1702800
2006-08-03,32.029998779296875,32.755001068115234,31.899999618530273,32.60499954223633,10.835724830627441,2536000
2006-08-04,33.0,33.21500015258789,32.2400016784668,32.470001220703125,10.790865898132324,1740000
2006-08-07,32.275001525878906,32.439998626708984,32.13999938964844,32.310001373291016,10.737690925598145,1314400
2006-08-08,32.4900016784668,32.59000015258789,31.924999237060547,32.14500045776367,10.682854652404785,1988600
2006-08-09,32.375,32.560001373291016,31.739999771118164,31.790000915527344,10.564876556396484,2122200
2006-08-10,31.739999771118164,32.29499816894531,31.549999237060547,32.150001525878906,10.684516906738281,2095600
2006-08-11,32.07500076293945,32.33000183105469,32.005001068115234,32.25,10.717750549316406,1797800
2006-08-14,31.899999618530273,32.439998626708984,31.405000686645508,31.5,10.468496322631836,2881200
2006-08-15,31.774999618530273,32.59000015258789,31.670000076293945,32.59000015258789,10.830743789672852,1783000
2006-08-16,32.61000061035156,33.20500183105469,32.415000915527344,33.11000061035156,11.003556251525879,1923000
2006-08-17,33.11000061035156,33.95000076293945,33.029998779296875,33.90999984741211,11.269424438476562,3156600
2006-08-18,34.04499816894531,34.21500015258789,33.540000915527344,33.650001525878906,11.183013916015625,2054400
2006-08-21,33.54999923706055,33.55500030517578,33.060001373291016,33.220001220703125,11.040115356445312,1050000
2006-08-22,33.2599983215332,33.404998779296875,33.064998626708984,33.150001525878906,11.016854286193848,1601200
2006-08-23,33.25,33.35499954223633,32.61000061035156,32.7599983215332,10.887236595153809,1002000
2006-08-24,33.0,33.029998779296875,32.5,32.86000061035156,10.920473098754883,1507800
2006-08-25,32.86000061035156,32.88999938964844,32.51499938964844,32.65999984741211,10.85400676727295,1413400
2006-08-28,32.65999984741211,33.165000915527344,32.6150016784668,32.95500183105469,10.952046394348145,1258400
2006-08-29,33.0,33.119998931884766,32.619998931884766,32.845001220703125,10.91549015045166,2064400
2006-08-30,32.904998779296875,33.25,32.57500076293945,33.09000015258789,10.996912002563477,1519000
2006-08-31,33.23500061035156,33.345001220703125,33.040000915527344,33.25,11.05008316040039,806800
2006-09-01,33.45000076293945,34.0,33.43000030517578,33.915000915527344,11.271086692810059,1933800
2006-09-05,33.76499938964844,34.2599983215332,33.67499923706055,34.119998931884766,11.339213371276855,1618600
2006-09-06,34.025001525878906,34.16999816894531,33.42499923706055,33.44499969482422,11.114891052246094,1712600
2006-09-07,33.44499969482422,33.44499969482422,32.83000183105469,32.95000076293945,10.950385093688965,1839000
2006-09-08,33.0,33.44499969482422,32.9900016784668,33.22999954223633,11.043435096740723,1894600
2006-09-11,33.20000076293945,33.42499923706055,32.595001220703125,33.29999923706055,11.066697120666504,3495600
2006-09-12,33.29999923706055,33.82500076293945,33.29999923706055,33.779998779296875,11.22622013092041,1686400
2006-09-13,33.7599983215332,34.73500061035156,33.54999923706055,34.68000030517578,11.525317192077637,2298000
2006-09-14,34.685001373291016,34.81999969482422,34.26499938964844,34.439998626708984,11.445563316345215,1534400
2006-09-15,34.70500183105469,35.375,34.4900016784668,34.525001525878906,11.4738130569458,3377000
2006-09-18,34.29999923706055,34.685001373291016,34.1349983215332,34.505001068115234,11.467164039611816,1445800
2006-09-19,34.48500061035156,34.4900016784668,34.11000061035156,34.334999084472656,11.410665512084961,771600
2006-09-20,34.400001525878906,34.8650016784668,34.39500045776367,34.81999969482422,11.571846008300781,1498000
2006-09-21,34.79499816894531,34.9900016784668,33.89500045776367,33.994998931884766,11.297672271728516,1538600
2006-09-22,33.974998474121094,33.97999954223633,33.279998779296875,33.70500183105469,11.20129680633545,2764800
2006-09-25,33.92499923706055,34.099998474121094,33.40999984741211,33.93000030517578,11.276070594787598,2318000
2006-09-26,34.0,34.70000076293945,33.73500061035156,34.66999816894531,11.52199649810791,2271000
2006-09-27,34.54999923706055,34.869998931884766,34.45000076293945,34.61000061035156,11.502057075500488,1526600
2006-09-28,34.61000061035156,35.224998474121094,34.61000061035156,35.13999938964844,11.678192138671875,2506000
2006-09-29,35.04999923706055,35.07500076293945,34.26499938964844,34.42499923706055,11.440574645996094,2374800
2006-10-02,34.400001525878906,35.279998779296875,34.14500045776367,34.8650016784668,11.586799621582031,2132200
2006-10-03,34.75,35.150001525878906,34.56999969482422,34.76499938964844,11.553568840026855,2705600
2006-10-04,34.70000076293945,35.005001068115234,34.60499954223633,34.849998474121094,11.581816673278809,2223000
2006-10-05,34.849998474121094,35.375,34.7400016784668,35.25,11.714752197265625,2287000
2006-10-06,35.0,35.369998931884766,34.77000045776367,35.23500061035156,11.709762573242188,2086200
2006-10-09,35.125,35.42499923706055,34.755001068115234,35.189998626708984,11.694807052612305,2145800
2006-10-10,35.25,35.94499969482422,35.18000030517578,35.59000015258789,11.827741622924805,2000600
2006-10-11,35.595001220703125,35.88999938964844,35.32500076293945,35.875,11.922456741333008,1646600
2006-10-12,35.92499923706055,36.18000030517578,35.80500030517578,35.849998474121094,11.914149284362793,2031200
2006-10-13,35.70000076293945,35.70000076293945,35.1349983215332,35.150001525878906,11.681512832641602,3395200
2006-10-16,35.5,37.8650016784668,35.2599983215332,37.775001525878906,12.553890228271484,7295800
2006-10-17,37.334999084472656,37.42499923706055,36.01499938964844,37.21500015258789,12.367782592773438,4642200
2006-10-18,37.70000076293945,37.755001068115234,36.720001220703125,36.8849983215332,12.258116722106934,2373400
2006-10-19,36.8849983215332,36.8849983215332,36.47999954223633,36.72999954223633,12.2066011428833,1232400
2006-10-20,36.73500061035156,36.73500061035156,35.724998474121094,36.20500183105469,12.032129287719727,2678600
2006-10-23,36.005001068115234,36.90999984741211,35.875,36.560001373291016,12.150110244750977,1604600
2006-10-24,36.32500076293945,36.915000915527344,36.32500076293945,36.84000015258789,12.243160247802734,1529400
2006-10-25,37.0,37.08000183105469,36.41999816894531,36.94499969482422,12.278055191040039,1634800
2006-10-26,37.0,37.125,36.56999969482422,36.97999954223633,12.289685249328613,1836200
2006-10-27,36.724998474121094,36.810001373291016,36.41999816894531,36.494998931884766,12.128503799438477,1696600
2006-10-30,36.400001525878906,36.630001068115234,36.09000015258789,36.21500015258789,12.035451889038086,1633200
2006-10-31,36.220001220703125,36.380001068115234,35.95500183105469,36.21500015258789,12.035451889038086,2081600
2006-11-01,36.45000076293945,36.474998474121094,35.619998931884766,35.71500015258789,11.869287490844727,1594400
2006-11-02,35.400001525878906,35.93000030517578,35.33000183105469,35.875,12.054084777832031,1880800
2006-11-03,36.32500076293945,36.45000076293945,35.525001525878906,35.720001220703125,12.002007484436035,2221600
2006-11-06,35.75,36.63999938964844,35.720001220703125,36.58000183105469,12.290968894958496,2319400
2006-11-07,36.48500061035156,36.689998626708984,36.26499938964844,36.584999084472656,12.292646408081055,1573800
2006-11-08,36.29999923706055,36.95000076293945,36.2599983215332,36.814998626708984,12.369929313659668,1803200
2006-11-09,36.75,37.1150016784668,36.665000915527344,36.79499816894531,12.363208770751953,2056000
2006-11-10,36.88999938964844,37.400001525878906,36.88999938964844,37.400001525878906,12.566488265991211,1257000
2006-11-13,37.400001525878906,37.494998931884766,37.16999816894531,37.435001373291016,12.578248977661133,1571200
2006-11-14,37.525001525878906,37.75,37.2599983215332,37.63999938964844,12.64713191986084,2112400
2006-11-15,37.63999938964844,38.07500076293945,37.54999923706055,37.900001525878906,12.734493255615234,1570400
2006-11-16,37.95000076293945,38.025001525878906,37.60499954223633,37.76499938964844,12.689132690429688,1554400
2006-11-17,37.6150016784668,37.845001220703125,37.47999954223633,37.79999923706055,12.700891494750977,1924200
2006-11-20,37.79999923706055,38.34000015258789,37.560001373291016,38.20500183105469,12.836970329284668,2793600
2006-11-21,38.150001525878906,38.3650016784668,38.099998474121094,38.17499923706055,12.826895713806152,1682000
2006-11-22,38.16999816894531,38.39500045776367,38.084999084472656,38.29999923706055,12.868892669677734,1309000
2006-11-24,38.04999923706055,38.5,37.96500015258789,38.2599983215332,12.855447769165039,598800
2006-11-27,38.189998626708984,38.560001373291016,37.77000045776367,37.82500076293945,12.709295272827148,1754200
2006-11-28,37.70000076293945,37.7599983215332,37.46500015258789,37.61000061035156,12.637049674987793,1429000
2006-11-29,37.900001525878906,38.23500061035156,37.68000030517578,37.974998474121094,12.75969409942627,1493200
2006-11-30,38.07500076293945,38.67499923706055,38.064998626708984,38.540000915527344,12.949535369873047,1369200
2006-12-01,38.595001220703125,38.88999938964844,38.125,38.41999816894531,12.909211158752441,2626400
2006-12-04,38.41999816894531,39.04499816894531,38.32500076293945,39.02000045776367,13.110810279846191,1671200
2006-12-05,38.849998474121094,39.23500061035156,38.814998626708984,38.875,13.062094688415527,2320400
2006-12-06,38.67499923706055,39.244998931884766,38.67499923706055,39.05500030517578,13.122573852539062,1460000
2006-12-07,38.994998931884766,39.29999923706055,38.90999984741211,39.09000015258789,13.134330749511719,1082200
2006-12-08,39.005001068115234,39.41999816894531,38.95000076293945,39.189998626708984,13.167935371398926,1163000
2006-12-11,38.75,38.79499816894531,38.30500030517578,38.5099983215332,12.939451217651367,3507200
2006-12-12,38.685001373291016,38.685001373291016,38.04999923706055,38.494998931884766,12.934408187866211,2707600
2006-12-13,38.79999923706055,38.810001373291016,38.47999954223633,38.5099983215332,12.939451217651367,1254000
2006-12-14,38.36000061035156,39.025001525878906,38.34000015258789,38.94499969482422,13.085611343383789,1533400
2006-12-15,39.029998779296875,39.029998779296875,37.2599983215332,37.400001525878906,12.566488265991211,4878600
2006-12-18,37.46500015258789,37.82500076293945,37.32500076293945,37.5,12.600090980529785,2653000
2006-12-19,37.5,37.79499816894531,37.20000076293945,37.79499816894531,12.699211120605469,1900600
2006-12-20,37.845001220703125,38.21500015258789,37.73500061035156,38.08000183105469,12.794974327087402,1276400
2006-12-21,38.150001525878906,38.22999954223633,37.66999816894531,37.66999816894531,12.657205581665039,1231400
2006-12-22,38.0,38.0,37.15999984741211,37.22999954223633,12.509370803833008,1280200
2006-12-26,37.29999923706055,37.48500061035156,37.189998626708984,37.33000183105469,12.542973518371582,633200
2006-12-27,37.45000076293945,37.810001373291016,37.45000076293945,37.71500015258789,12.672331809997559,909800
2006-12-28,37.45000076293945,37.96500015258789,37.45000076293945,37.900001525878906,12.734493255615234,851600
2006-12-29,37.845001220703125,37.849998474121094,37.525001525878906,37.56999969482422,12.623613357543945,814400
2007-01-03,37.44499969482422,37.959999084472656,37.44499969482422,37.595001220703125,12.632012367248535,2639600
2007-01-04,37.59000015258789,37.81999969482422,37.2599983215332,37.630001068115234,12.64377212524414,1442000
2007-01-05,37.375,37.584999084472656,37.13999938964844,37.310001373291016,12.536248207092285,1275800
2007-01-08,37.25,37.459999084472656,36.94499969482422,37.290000915527344,12.529533386230469,2029000
2007-01-09,36.95000076293945,37.2599983215332,36.70000076293945,37.11000061035156,12.469050407409668,2994800
2007-01-10,37.08000183105469,37.19499969482422,36.61000061035156,37.125,12.47408676147461,3783800
2007-01-11,36.09000015258789,37.314998626708984,35.95500183105469,37.13999938964844,12.4791259765625,5331800
2007-01-12,37.150001525878906,37.2599983215332,36.92499923706055,37.2599983215332,12.519448280334473,2751800
2007-01-16,37.40999984741211,37.58000183105469,37.20500183105469,37.57500076293945,12.625290870666504,1623000
2007-01-17,37.75,38.84000015258789,37.650001525878906,38.415000915527344,12.90753173828125,3582000
2007-01-18,38.130001068115234,38.540000915527344,38.04499816894531,38.16999816894531,12.82520866394043,2118400
2007-01-19,38.45000076293945,39.1150016784668,38.375,38.82500076293945,13.045295715332031,2878600
2007-01-22,38.60499954223633,38.60499954223633,36.09000015258789,36.900001525878906,12.398492813110352,8213200
2007-01-23,37.07500076293945,38.060001373291016,36.95000076293945,38.03499984741211,12.779850006103516,3895200
2007-01-24,37.900001525878906,38.099998474121094,37.630001068115234,37.95500183105469,12.752972602844238,1983200
2007-01-25,37.790000915527344,37.939998626708984,37.47999954223633,37.494998931884766,12.598407745361328,2491600
2007-01-26,37.470001220703125,37.904998779296875,37.404998779296875,37.82500076293945,12.709295272827148,2434400
2007-01-29,37.83000183105469,38.28499984741211,37.595001220703125,38.125,12.810091972351074,3970000
2007-01-30,38.28499984741211,38.5,37.95500183105469,38.47999954223633,12.92937183380127,3078400
2007-01-31,38.47999954223633,39.290000915527344,38.349998474121094,39.17499923706055,13.16289234161377,2392200
2007-02-01,39.02000045776367,39.275001525878906,38.814998626708984,39.17499923706055,13.308978080749512,2402600
2007-02-02,38.95500183105469,39.5,38.845001220703125,39.310001373291016,13.354838371276855,1883400
2007-02-05,39.25,39.55500030517578,39.125,39.40999984741211,13.388816833496094,1653400
2007-02-06,39.334999084472656,39.334999084472656,38.94499969482422,39.05500030517578,13.268209457397461,1875000
2007-02-07,39.05500030517578,39.29499816894531,38.834999084472656,39.27000045776367,13.3412446975708,1369600
2007-02-08,39.17499923706055,39.18000030517578,38.689998626708984,38.90999984741211,13.218952178955078,1920800
2007-02-09,39.0099983215332,39.119998931884766,38.595001220703125,38.71500015258789,13.152702331542969,1649600
2007-02-12,38.71500015258789,38.775001525878906,38.38999938964844,38.61000061035156,13.117030143737793,1133600
2007-02-13,38.775001525878906,39.130001068115234,38.65999984741211,39.01499938964844,13.254626274108887,1120200
2007-02-14,39.20000076293945,39.68000030517578,39.0099983215332,39.6150016784668,13.458464622497559,2458800
2007-02-15,39.67499923706055,40.1150016784668,39.54999923706055,39.95500183105469,13.573967933654785,2247000
2007-02-16,39.95500183105469,39.974998474121094,39.6150016784668,39.7400016784668,13.500924110412598,1608800
2007-02-20,39.744998931884766,39.95000076293945,39.439998626708984,39.82500076293945,13.529805183410645,1867600
2007-02-21,39.6349983215332,40.439998626708984,39.6349983215332,40.38999938964844,13.721755027770996,2220200
2007-02-22,40.525001525878906,41.73500061035156,40.40999984741211,41.67499923706055,14.158308029174805,5482800
2007-02-23,42.20000076293945,42.44499969482422,41.7400016784668,42.02000045776367,14.275507926940918,3669800
2007-02-26,41.90999984741211,42.18000030517578,41.584999084472656,41.70500183105469,14.168498039245605,2444800
2007-02-27,41.1349983215332,41.25,39.560001373291016,40.005001068115234,13.590954780578613,3618600
2007-02-28,40.189998626708984,40.73500061035156,39.94499969482422,40.5,13.759121894836426,2839400
2007-03-01,39.625,40.70500183105469,39.25,40.505001068115234,13.760820388793945,3108000
2007-03-02,40.189998626708984,40.57500076293945,39.814998626708984,39.8650016784668,13.543394088745117,1829400
2007-03-05,39.849998474121094,40.439998626708984,39.45000076293945,39.689998626708984,13.483942031860352,2705400
2007-03-06,40.03499984741211,40.595001220703125,39.86000061035156,40.44499969482422,13.740434646606445,1915200
2007-03-07,40.5,40.82500076293945,40.36000061035156,40.435001373291016,13.737044334411621,1980800
2007-03-08,40.560001373291016,40.91999816894531,40.560001373291016,40.78499984741211,13.855947494506836,1840400
2007-03-09,41.01499938964844,41.685001373291016,40.9900016784668,41.51499938964844,14.10395336151123,2917400
2007-03-12,41.16999816894531,41.5,40.98500061035156,41.28499984741211,14.025813102722168,1800200
2007-03-13,41.28499984741211,41.33000183105469,40.53499984741211,40.619998931884766,13.799890518188477,2261400
2007-03-14,40.810001373291016,41.43000030517578,40.48500061035156,41.29499816894531,14.02920913696289,2523800
2007-03-15,41.20000076293945,41.400001525878906,40.869998931884766,41.07500076293945,13.954468727111816,1305200
2007-03-16,41.3849983215332,41.65999984741211,40.97999954223633,41.2599983215332,14.017315864562988,1787400
2007-03-19,41.5,42.07500076293945,41.45000076293945,41.95500183105469,14.253432273864746,2086000
2007-03-20,41.95500183105469,42.10499954223633,41.744998931884766,41.79499816894531,14.199070930480957,1835000
2007-03-21,41.845001220703125,42.255001068115234,41.54999923706055,42.17499923706055,14.32817268371582,2740000
2007-03-22,43.58000183105469,43.58000183105469,42.209999084472656,42.4900016784668,14.435189247131348,1755400
2007-03-23,42.415000915527344,42.77000045776367,42.3849983215332,42.76499938964844,14.52861499786377,1954000
2007-03-26,42.76499938964844,42.834999084472656,41.939998626708984,42.54499816894531,14.453872680664062,1931600
2007-03-27,42.54999923706055,42.54999923706055,42.0,42.02000045776367,14.275507926940918,1263400
2007-03-28,42.01499938964844,42.125,41.665000915527344,41.92499923706055,14.243237495422363,1706600
2007-03-29,42.25,42.3849983215332,41.34000015258789,41.46500015258789,14.086958885192871,2746000
2007-03-30,41.560001373291016,41.935001373291016,41.29499816894531,41.779998779296875,14.193977355957031,1871200
2007-04-02,41.904998779296875,42.095001220703125,41.72999954223633,41.92499923706055,14.243237495422363,1717000
2007-04-03,42.02000045776367,42.61000061035156,42.02000045776367,42.375,14.396121978759766,1647400
2007-04-04,42.380001068115234,42.5,42.279998779296875,42.43000030517578,14.414802551269531,1468400
2007-04-05,43.36000061035156,43.36000061035156,42.349998474121094,42.720001220703125,14.513328552246094,1080800
2007-04-09,42.744998931884766,42.79999923706055,42.5099983215332,42.755001068115234,14.525215148925781,1511600
2007-04-10,42.75,42.880001068115234,42.45000076293945,42.46500015258789,14.426695823669434,1264800
2007-04-11,42.31999969482422,42.54499816894531,42.029998779296875,42.04999923706055,14.285704612731934,1900000
2007-04-12,42.25,42.525001525878906,41.60499954223633,42.42499923706055,14.413104057312012,1950000
2007-04-13,42.654998779296875,42.85499954223633,42.380001068115234,42.58000183105469,14.465766906738281,2101800
2007-04-16,44.08000183105469,44.45000076293945,43.505001068115234,43.75,14.86325454711914,3938600
2007-04-17,43.45500183105469,43.5,43.11000061035156,43.400001525878906,14.744346618652344,2855400
2007-04-18,43.78499984741211,43.849998474121094,43.040000915527344,43.25,14.693382263183594,2324200
2007-04-19,43.04999923706055,43.22999954223633,42.81999969482422,43.099998474121094,14.642426490783691,2236200
2007-04-20,43.599998474121094,43.70000076293945,43.334999084472656,43.53499984741211,14.790207862854004,2572800
2007-04-23,43.61000061035156,44.220001220703125,43.53499984741211,43.92499923706055,14.922706604003906,2284600
2007-04-24,44.150001525878906,44.415000915527344,43.91999816894531,44.040000915527344,14.961771011352539,2388800
2007-04-25,44.15999984741211,44.224998474121094,43.880001068115234,44.20000076293945,15.01612663269043,2228600
2007-04-26,44.20000076293945,44.46500015258789,44.150001525878906,44.314998626708984,15.055194854736328,1742000
2007-04-27,44.29499816894531,45.625,44.185001373291016,45.29999923706055,15.389830589294434,4331200
2007-04-30,45.290000915527344,45.39500045776367,44.60499954223633,44.60499954223633,15.153718948364258,2654000
2007-05-01,44.60499954223633,45.119998931884766,44.33000183105469,44.82500076293945,15.228455543518066,2347200
2007-05-02,44.79499816894531,45.73500061035156,44.720001220703125,45.525001525878906,15.466275215148926,2822000
2007-05-03,45.709999084472656,46.46500015258789,45.20500183105469,45.3650016784668,15.558874130249023,2481400
2007-05-04,45.435001373291016,45.53499984741211,45.095001220703125,45.29999923706055,15.53658390045166,1154400
2007-05-07,45.400001525878906,45.54999923706055,44.97999954223633,45.275001525878906,15.528005599975586,1700200
2007-05-08,45.22999954223633,45.54499816894531,45.05500030517578,45.47999954223633,15.59831714630127,1705600
2007-05-09,45.48500061035156,45.7599983215332,45.345001220703125,45.59000015258789,15.636048316955566,2315600
2007-05-10,45.525001525878906,45.529998779296875,45.04999923706055,45.185001373291016,15.497139930725098,2055800
2007-05-11,45.23500061035156,45.53499984741211,45.20000076293945,45.494998931884766,15.603461265563965,1578600
2007-05-14,45.45500183105469,45.849998474121094,45.349998474121094,45.83000183105469,15.718355178833008,2321200
2007-05-15,45.79499816894531,46.810001373291016,45.755001068115234,45.849998474121094,15.72521686553955,2758400
2007-05-16,45.974998474121094,46.04999923706055,45.290000915527344,45.95000076293945,15.75951099395752,2004400
2007-05-17,45.67499923706055,45.93000030517578,45.51499938964844,45.79999923706055,15.708066940307617,1681400
2007-05-18,46.04999923706055,46.29999923706055,45.94499969482422,46.20000076293945,15.845258712768555,1682600
2007-05-21,46.07500076293945,46.31999969482422,45.875,46.154998779296875,15.829828262329102,2307000
2007-05-22,46.23500061035156,46.23500061035156,45.73500061035156,45.7400016784668,15.687492370605469,1573400
2007-05-23,45.54499816894531,45.8849983215332,45.4900016784668,45.51499938964844,15.61031723022461,1952600
2007-05-24,46.25,46.75,45.68000030517578,45.724998474121094,15.68234634399414,2402400
2007-05-25,45.86000061035156,46.60499954223633,45.86000061035156,46.244998931884766,15.860689163208008,1407000
2007-05-29,46.25,46.65999984741211,46.244998931884766,46.52000045776367,15.955004692077637,1660000
2007-05-30,46.404998779296875,46.775001525878906,46.255001068115234,46.775001525878906,16.042463302612305,1687400
2007-05-31,46.85499954223633,47.20500183105469,46.79499816894531,46.869998931884766,16.07504653930664,2114000
2007-06-01,47.0,47.1349983215332,46.5,46.755001068115234,16.03560447692871,2064600
2007-06-04,46.6349983215332,46.80500030517578,46.470001220703125,46.599998474121094,15.982455253601074,1476000
2007-06-05,46.5,46.560001373291016,46.17499923706055,46.39500045776367,15.912138938903809,1815000
2007-06-06,46.400001525878906,46.400001525878906,45.20000076293945,45.2599983215332,15.522865295410156,2271200
2007-06-07,45.099998474121094,45.279998779296875,44.084999084472656,44.084999084472656,15.119869232177734,2197800
2007-06-08,44.005001068115234,44.6349983215332,43.834999084472656,44.564998626708984,15.284494400024414,3131200
2007-06-11,44.564998626708984,45.0,44.5,44.6150016784668,15.301655769348145,1950200
2007-06-12,44.5,45.94499969482422,44.45000076293945,45.54999923706055,15.62232780456543,4324400
2007-06-13,45.66999816894531,46.4900016784668,45.255001068115234,46.43000030517578,15.924144744873047,3058600
2007-06-14,46.400001525878906,47.599998474121094,46.38999938964844,46.85499954223633,16.069904327392578,2864000
2007-06-15,47.40999984741211,47.5,46.95500183105469,47.060001373291016,16.140214920043945,1966800
2007-06-18,47.04999923706055,47.119998931884766,46.755001068115234,46.900001525878906,16.08533477783203,1464400
2007-06-19,46.650001525878906,47.16999816894531,46.625,47.07500076293945,16.14535140991211,1259800
2007-06-20,47.05500030517578,47.79499816894531,47.040000915527344,47.040000915527344,16.13335418701172,1993600
2007-06-21,46.834999084472656,47.185001373291016,46.529998779296875,47.01499938964844,16.124778747558594,1790600
2007-06-22,47.02000045776367,47.224998474121094,46.19499969482422,46.474998474121094,15.939574241638184,2706600
2007-06-25,46.70000076293945,46.935001373291016,45.915000915527344,46.1150016784668,15.816105842590332,1615600
2007-06-26,46.45500183105469,46.5,45.85499954223633,45.85499954223633,15.726927757263184,1382400
2007-06-27,45.400001525878906,45.880001068115234,45.20500183105469,45.81999969482422,15.714920043945312,1633800
2007-06-28,45.72999954223633,46.494998931884766,45.564998626708984,46.290000915527344,15.876129150390625,1158200
2007-06-29,46.314998626708984,46.970001220703125,46.05500030517578,46.5,15.94814395904541,2024600
2007-07-02,46.60499954223633,47.404998779296875,46.45000076293945,47.32500076293945,16.231098175048828,1956400
2007-07-03,47.26499938964844,47.44499969482422,47.025001525878906,47.20000076293945,16.188228607177734,800400
2007-07-05,47.20000076293945,47.29999923706055,46.904998779296875,47.150001525878906,16.171077728271484,987600
2007-07-06,47.345001220703125,47.38999938964844,46.834999084472656,47.22999954223633,16.198514938354492,780600
2007-07-09,47.474998474121094,48.5099983215332,47.29999923706055,48.459999084472656,16.620370864868164,2398400
2007-07-10,48.28499984741211,48.28499984741211,47.34000015258789,47.34000015258789,16.23624610900879,2068000
2007-07-11,47.34000015258789,47.935001373291016,47.189998626708984,47.630001068115234,16.335710525512695,1247200
2007-07-12,47.91999816894531,49.19499969482422,47.630001068115234,49.19499969482422,16.87245750427246,2048000
2007-07-13,49.20500183105469,49.375,48.83000183105469,49.04999923706055,16.82272720336914,2961600
2007-07-16,51.119998931884766,52.02000045776367,50.435001373291016,50.435001373291016,17.297739028930664,8226600
2007-07-17,50.8849983215332,51.369998931884766,50.79999923706055,51.0,17.491514205932617,4436800
2007-07-18,50.95000076293945,51.5,50.875,51.1150016784668,17.530963897705078,3445400
2007-07-19,51.584999084472656,52.060001373291016,50.91999816894531,51.060001373291016,17.512096405029297,2025600
2007-07-20,50.650001525878906,50.75,49.91999816894531,50.279998779296875,17.244579315185547,2843000
2007-07-23,50.900001525878906,51.59000015258789,50.55500030517578,51.275001525878906,17.58582878112793,3036800
2007-07-24,50.75,50.84000015258789,50.30500030517578,50.42499923706055,17.294309616088867,3290400
2007-07-25,50.650001525878906,50.849998474121094,49.185001373291016,49.654998779296875,17.03022003173828,2941000
2007-07-26,49.38999938964844,49.875,47.8650016784668,48.724998474121094,16.711252212524414,4547200
2007-07-27,48.650001525878906,48.79499816894531,47.334999084472656,47.334999084472656,16.234525680541992,3049600
2007-07-30,47.630001068115234,49.17499923706055,47.630001068115234,49.064998626708984,16.82786750793457,2811400
2007-07-31,49.47999954223633,49.85499954223633,48.494998931884766,48.59000015258789,16.66495704650879,3375400
2007-08-01,48.595001220703125,49.46500015258789,48.39500045776367,49.380001068115234,16.935909271240234,5012800
2007-08-02,49.43000030517578,49.94499969482422,49.165000915527344,49.79499816894531,17.228261947631836,4201600
2007-08-03,49.83000183105469,49.970001220703125,48.369998931884766,48.369998931884766,16.7352352142334,2804400
2007-08-06,47.78499984741211,48.689998626708984,47.78499984741211,48.689998626708984,16.845947265625,3162800
2007-08-07,48.21500015258789,48.64500045776367,47.255001068115234,47.595001220703125,16.467092514038086,3713000
2007-08-08,47.625,47.7400016784668,46.01499938964844,46.83000183105469,16.20241928100586,3038800
2007-08-09,46.41999816894531,46.95500183105469,43.23500061035156,43.23500061035156,14.958603858947754,4870800
2007-08-10,43.20000076293945,47.04999923706055,43.20000076293945,46.724998474121094,16.166091918945312,5491200
2007-08-13,47.099998474121094,47.80500030517578,46.45500183105469,46.5,16.088241577148438,2817200
2007-08-14,46.915000915527344,47.19499969482422,44.744998931884766,44.845001220703125,15.515641212463379,3901800
2007-08-15,44.88999938964844,45.67499923706055,43.845001220703125,43.875,15.180030822753906,2394800
2007-08-16,43.31999969482422,43.415000915527344,41.125,42.560001373291016,14.725069999694824,4909000
2007-08-17,44.6349983215332,45.15999984741211,41.33000183105469,45.06999969482422,15.593483924865723,4627800
2007-08-20,45.28499984741211,45.7400016784668,44.90999984741211,45.28499984741211,15.667872428894043,2198800
2007-08-21,45.45000076293945,45.48500061035156,44.79499816894531,45.27000045776367,15.662689208984375,1805400
2007-08-22,45.77000045776367,46.78499984741211,45.56999969482422,46.68000030517578,16.15052604675293,1457200
2007-08-23,46.68000030517578,47.29499816894531,45.650001525878906,45.83000183105469,15.856433868408203,1314800
2007-08-24,45.720001220703125,47.375,45.720001220703125,47.29999923706055,16.36503791809082,1754200
2007-08-27,47.29999923706055,47.29999923706055,46.65999984741211,46.92499923706055,16.23529052734375,1519600
2007-08-28,46.70000076293945,46.814998626708984,45.15999984741211,45.165000915527344,15.62635326385498,3167800
2007-08-29,45.334999084472656,46.88999938964844,45.32500076293945,46.8650016784668,16.214529037475586,1748200
2007-08-30,46.5,47.10499954223633,46.26499938964844,46.39500045776367,16.051918029785156,1602600
2007-08-31,47.0,47.45000076293945,46.529998779296875,47.11000061035156,16.29929542541504,2371000
2007-09-04,47.25,47.58000183105469,46.755001068115234,47.31999969482422,16.371950149536133,1885400
2007-09-05,46.994998931884766,47.209999084472656,46.1150016784668,46.310001373291016,16.022510528564453,2692800
2007-09-06,46.540000915527344,47.415000915527344,46.005001068115234,47.310001373291016,16.368492126464844,1997400
2007-09-07,46.525001525878906,46.60499954223633,45.400001525878906,45.689998626708984,15.807994842529297,1484200
2007-09-10,45.849998474121094,45.94499969482422,44.369998931884766,44.834999084472656,15.512182235717773,1778600
2007-09-11,45.099998474121094,45.54999923706055,44.0,45.42499923706055,15.71631145477295,3156600
2007-09-12,45.22999954223633,46.244998931884766,45.125,46.0,15.915250778198242,2841400
2007-09-13,46.20000076293945,46.334999084472656,45.38999938964844,45.875,15.872002601623535,1877600
2007-09-14,45.52000045776367,46.36000061035156,45.46500015258789,46.26499938964844,16.006933212280273,1822400
2007-09-17,46.16999816894531,46.334999084472656,45.650001525878906,45.779998779296875,15.839139938354492,1342000
2007-09-18,46.29999923706055,48.58000183105469,46.17499923706055,48.474998474121094,16.771562576293945,3338000
2007-09-19,48.70000076293945,50.33000183105469,48.70000076293945,50.060001373291016,17.31995391845703,4391800
2007-09-20,49.83000183105469,50.375,48.974998474121094,49.189998626708984,17.018936157226562,2558400
2007-09-21,49.25,49.880001068115234,49.040000915527344,49.40999984741211,17.095050811767578,2499400
2007-09-24,49.244998931884766,49.3650016784668,48.415000915527344,48.67499923706055,16.840761184692383,1736000
2007-09-25,48.439998626708984,48.70500183105469,47.45500183105469,48.13999938964844,16.655658721923828,2523400
2007-09-26,48.43000030517578,48.71500015258789,47.92499923706055,48.29999923706055,16.711013793945312,1692800
2007-09-27,47.95000076293945,49.275001525878906,47.95000076293945,49.185001373291016,17.0172119140625,2389400
2007-09-28,49.345001220703125,49.939998626708984,49.099998474121094,49.52000045776367,17.133113861083984,2816200
2007-10-01,49.375,50.595001220703125,49.290000915527344,50.34000015258789,17.416820526123047,1802000
2007-10-02,50.29999923706055,50.67499923706055,50.13999938964844,50.630001068115234,17.517154693603516,2030800
2007-10-03,50.45000076293945,50.90999984741211,50.0,50.30500030517578,17.404712677001953,2239600
2007-10-04,50.494998931884766,50.650001525878906,49.38999938964844,49.86000061035156,17.250749588012695,1606200
2007-10-05,50.125,50.689998626708984,49.89500045776367,50.43000030517578,17.447965621948242,1709200
2007-10-08,50.459999084472656,50.73500061035156,49.939998626708984,50.439998626708984,17.4514217376709,1342800
2007-10-09,50.584999084472656,50.875,49.939998626708984,50.380001068115234,17.43065643310547,1516400
2007-10-10,50.02000045776367,50.39500045776367,49.08000183105469,49.5,17.126203536987305,1768000
2007-10-11,49.724998474121094,50.095001220703125,48.525001525878906,48.65999984741211,16.835567474365234,2232000
2007-10-12,48.57500076293945,48.619998931884766,47.654998779296875,48.20000076293945,16.676414489746094,2281000
2007-10-15,46.0,47.63999938964844,45.75,46.52000045776367,16.09515953063965,5599800
2007-10-16,47.165000915527344,48.07500076293945,46.625,47.869998931884766,16.562240600585938,3514000
2007-10-17,49.125,49.22999954223633,47.16999816894531,47.834999084472656,16.550134658813477,2367600
2007-10-18,47.439998626708984,48.119998931884766,47.40999984741211,47.779998779296875,16.531103134155273,1738400
2007-10-19,47.6349983215332,47.64500045776367,45.97999954223633,46.209999084472656,15.987911224365234,3068000
2007-10-22,45.525001525878906,46.369998931884766,45.5099983215332,46.04999923706055,15.932549476623535,2133400
2007-10-23,46.125,46.20000076293945,45.5099983215332,46.064998626708984,15.937736511230469,2286800
2007-10-24,45.85499954223633,47.2400016784668,45.345001220703125,46.845001220703125,16.207609176635742,3903800
2007-10-25,46.75,46.81999969482422,45.3650016784668,45.834999084472656,15.85816764831543,2418800
2007-10-26,46.334999084472656,46.45000076293945,45.904998779296875,46.244998931884766,16.000022888183594,1340200
2007-10-29,46.494998931884766,46.71500015258789,46.185001373291016,46.625,16.13149642944336,1042200
2007-10-30,46.6150016784668,46.665000915527344,45.650001525878906,45.69499969482422,15.80972671508789,1575200
2007-10-31,45.875,46.64500045776367,45.79499816894531,46.290000915527344,16.015596389770508,2360400
2007-11-01,45.82500076293945,45.93000030517578,45.04999923706055,45.06999969482422,15.739690780639648,1562400
2007-11-02,45.224998474121094,45.45000076293945,44.474998474121094,45.415000915527344,15.860182762145996,2176600
2007-11-05,44.95000076293945,45.275001525878906,44.529998779296875,45.025001525878906,15.72398567199707,1710000
2007-11-06,45.29999923706055,46.04999923706055,45.209999084472656,46.04999923706055,16.081941604614258,2960000
2007-11-07,45.474998474121094,45.790000915527344,43.935001373291016,43.95500183105469,15.350303649902344,2489800
2007-11-08,44.5,46.095001220703125,44.5,45.71500015258789,15.96495246887207,3671800
2007-11-09,45.025001525878906,45.025001525878906,44.064998626708984,44.25,15.453332901000977,2371400
2007-11-12,44.09000015258789,44.54499816894531,42.845001220703125,42.875,14.973135948181152,2003600
2007-11-13,43.150001525878906,44.55500030517578,43.150001525878906,44.55500030517578,15.559844017028809,2326200
2007-11-14,44.915000915527344,45.65999984741211,44.6349983215332,45.150001525878906,15.7676362991333,3443400
2007-11-15,45.060001373291016,45.095001220703125,43.84000015258789,44.22999954223633,15.446345329284668,3215600
2007-11-16,44.720001220703125,44.7400016784668,43.26499938964844,43.689998626708984,15.257762908935547,3092000
2007-11-19,44.25,44.38999938964844,42.54499816894531,42.64500045776367,14.892816543579102,4702400
2007-11-20,42.79999923706055,44.34000015258789,42.314998626708984,43.86000061035156,15.317130088806152,5030600
2007-11-21,43.42499923706055,44.19499969482422,43.084999084472656,43.439998626708984,15.170450210571289,3650800
2007-11-23,43.8849983215332,44.08000183105469,43.42499923706055,43.97999954223633,15.35904598236084,839600
2007-11-26,44.06999969482422,44.51499938964844,43.119998931884766,43.119998931884766,15.058703422546387,2223400
2007-11-27,43.255001068115234,43.869998931884766,42.85499954223633,43.78499984741211,15.290936470031738,2455200
2007-11-28,44.20500183105469,45.18000030517578,43.875,44.974998474121094,15.706520080566406,2667400
2007-11-29,44.91999816894531,45.150001525878906,44.17499923706055,44.29999923706055,15.470789909362793,2473400
2007-11-30,44.75,44.970001220703125,44.36000061035156,44.654998779296875,15.594767570495605,3479200
2007-12-03,45.04999923706055,45.04999923706055,43.78499984741211,44.099998474121094,15.400941848754883,2625800
2007-12-04,43.974998474121094,44.994998931884766,43.88999938964844,44.630001068115234,15.586039543151855,3429600
2007-12-05,45.1349983215332,46.029998779296875,45.05500030517578,45.869998931884766,16.019081115722656,2379600
2007-12-06,45.85499954223633,47.775001525878906,45.63999938964844,47.709999084472656,16.661657333374023,2485600
2007-12-07,47.31999969482422,47.81999969482422,46.689998626708984,47.31999969482422,16.52545928955078,1763600
2007-12-10,47.099998474121094,48.02000045776367,47.099998474121094,47.875,16.719284057617188,1415800
2007-12-11,47.8849983215332,48.125,46.1150016784668,46.21500015258789,16.13956642150879,2002400
2007-12-12,47.345001220703125,47.56999969482422,45.83000183105469,46.25,16.151784896850586,2084400
2007-12-13,45.93000030517578,46.47999954223633,45.255001068115234,45.79999923706055,15.994634628295898,2357800
2007-12-14,45.15999984741211,45.77000045776367,44.810001373291016,44.810001373291016,15.648900032043457,2018400
2007-12-17,44.525001525878906,44.525001525878906,43.7599983215332,44.27000045776367,15.46031665802002,3272200
2007-12-18,44.685001373291016,44.744998931884766,43.72999954223633,44.55500030517578,15.559844017028809,2396600
2007-12-19,44.650001525878906,45.07500076293945,44.334999084472656,44.709999084472656,15.613973617553711,1282800
2007-12-20,45.125,47.75,45.125,47.439998626708984,16.567367553710938,3943200
2007-12-21,47.904998779296875,49.70500183105469,47.63999938964844,49.70500183105469,17.358367919921875,4326800
2007-12-24,49.63999938964844,49.709999084472656,48.529998779296875,48.96500015258789,17.09993553161621,1615200
2007-12-26,48.8849983215332,49.83000183105469,48.58000183105469,49.584999084472656,17.31645965576172,1770800
2007-12-27,49.224998474121094,49.404998779296875,48.67499923706055,48.915000915527344,17.082477569580078,1510200
2007-12-28,49.275001525878906,49.66999816894531,48.185001373291016,48.86000061035156,17.06327247619629,2284400
2007-12-31,48.79499816894531,49.064998626708984,48.375,48.474998474121094,16.92881965637207,1498400
2008-01-02,48.349998474121094,48.869998931884766,46.70500183105469,46.83000183105469,16.354337692260742,3855800
2008-01-03,46.88999938964844,48.25,46.88999938964844,48.09000015258789,16.79436683654785,3417400
2008-01-04,47.779998779296875,47.779998779296875,45.95500183105469,46.060001373291016,16.08542823791504,2871000
2008-01-07,46.43000030517578,46.91999816894531,45.4900016784668,46.61000061035156,16.277498245239258,4446200
2008-01-08,46.65999984741211,46.95000076293945,43.849998474121094,44.05500030517578,15.385228157043457,3810000
2008-01-09,44.0,44.439998626708984,42.959999084472656,44.345001220703125,15.486507415771484,4644800
2008-01-10,43.75,44.790000915527344,42.625,44.09000015258789,15.397454261779785,5459000
2008-01-11,43.689998626708984,44.31999969482422,42.73500061035156,43.02000045776367,15.023787498474121,3848400
2008-01-14,43.45500183105469,44.755001068115234,43.45500183105469,44.525001525878906,15.549368858337402,2400400
2008-01-15,43.82500076293945,43.974998474121094,42.92499923706055,43.1349983215332,15.06394100189209,2505600
2008-01-16,42.79999923706055,43.0,41.125,42.185001373291016,14.73217487335205,4031800
2008-01-17,42.435001373291016,42.58000183105469,40.01499938964844,40.255001068115234,14.058165550231934,4145000
2008-01-18,40.415000915527344,41.375,39.529998779296875,40.540000915527344,14.157698631286621,3871800
2008-01-22,37.95000076293945,41.279998779296875,33.1349983215332,40.595001220703125,14.176909446716309,5814000
2008-01-23,39.28499984741211,41.150001525878906,38.04999923706055,40.994998931884766,14.316595077514648,6850600
2008-01-24,41.23500061035156,41.44499969482422,40.01499938964844,40.64500045776367,14.19436264038086,5314400
2008-01-25,41.11000061035156,42.46500015258789,40.650001525878906,41.36000061035156,14.444060325622559,5699200
2008-01-28,41.505001068115234,41.505001068115234,40.619998931884766,41.189998626708984,14.384696006774902,3430200
2008-01-29,41.529998779296875,41.560001373291016,40.654998779296875,41.22999954223633,14.398661613464355,2076600
2008-01-30,41.1349983215332,41.79999923706055,40.375,40.80500030517578,14.250240325927734,3552200
2008-01-31,40.025001525878906,41.709999084472656,39.41999816894531,41.29499816894531,14.600264549255371,4833200
2008-02-01,41.474998474121094,43.10499954223633,41.025001525878906,43.0099983215332,15.206624031066895,3446000
2008-02-04,43.334999084472656,43.459999084472656,41.875,42.38999938964844,14.987411499023438,3153600
2008-02-05,41.57500076293945,41.63999938964844,40.75,40.91999816894531,14.467686653137207,2806000
2008-02-06,41.0099983215332,41.42499923706055,39.90999984741211,40.20500183105469,14.214879035949707,4544000
2008-02-07,39.95000076293945,40.67499923706055,39.7400016784668,40.185001373291016,14.207813262939453,3114200
2008-02-08,40.095001220703125,40.625,39.755001068115234,40.2400016784668,14.227252960205078,2732400
2008-02-11,40.189998626708984,40.3650016784668,39.345001220703125,40.16999816894531,14.20251178741455,3092000
2008-02-12,40.560001373291016,41.119998931884766,40.25,40.619998931884766,14.36160945892334,3036800
2008-02-13,40.849998474121094,41.29499816894531,40.73500061035156,41.244998931884766,14.582582473754883,2989800
2008-02-14,41.17499923706055,41.27000045776367,40.064998626708984,40.334999084472656,14.260848045349121,2996400
2008-02-15,40.1349983215332,40.16999816894531,39.0,39.61000061035156,14.004521369934082,3774800
2008-02-19,39.98500061035156,40.404998779296875,39.224998474121094,39.45500183105469,13.949716567993164,3291600
2008-02-20,38.994998931884766,39.595001220703125,38.220001220703125,39.415000915527344,13.935574531555176,4147400
2008-02-21,39.564998626708984,40.35499954223633,39.52000045776367,39.84000015258789,14.08583927154541,5200600
2008-02-22,40.0,40.35499954223633,39.224998474121094,40.275001525878906,14.239633560180664,4421000
2008-02-25,40.42499923706055,41.665000915527344,40.345001220703125,41.55500030517578,14.692188262939453,3714600
2008-02-26,41.2599983215332,42.099998474121094,41.025001525878906,41.959999084472656,14.835379600524902,3070200
2008-02-27,41.625,42.1349983215332,41.23500061035156,41.84000015258789,14.792956352233887,3702600
2008-02-28,41.494998931884766,42.18000030517578,41.17499923706055,41.78499984741211,14.773509979248047,4419200
2008-02-29,41.435001373291016,41.435001373291016,40.279998779296875,40.314998626708984,14.253778457641602,3604600
2008-03-03,40.404998779296875,41.130001068115234,40.404998779296875,41.05500030517578,14.515409469604492,4117400
2008-03-04,41.599998474121094,41.95000076293945,40.29499816894531,41.029998779296875,14.506576538085938,4651600
2008-03-05,40.959999084472656,41.275001525878906,40.209999084472656,40.834999084472656,14.43762493133545,3549200
2008-03-06,40.65999984741211,40.75,40.130001068115234,40.439998626708984,14.297971725463867,4166000
2008-03-07,40.040000915527344,40.255001068115234,39.005001068115234,39.35499954223633,13.914362907409668,3456600
2008-03-10,39.32500076293945,39.459999084472656,38.58000183105469,38.775001525878906,13.709290504455566,3107800
2008-03-11,39.724998474121094,40.2400016784668,39.04999923706055,40.2400016784668,14.227252960205078,3434000
2008-03-12,40.334999084472656,41.54999923706055,40.30500030517578,40.8849983215332,14.455312728881836,3995600
2008-03-13,40.17499923706055,41.48500061035156,39.400001525878906,41.349998474121094,14.61971378326416,4198200
2008-03-14,41.55500030517578,41.68000030517578,39.790000915527344,40.92499923706055,14.469450950622559,3879200
2008-03-17,39.875,40.470001220703125,39.25,39.970001220703125,14.131795883178711,3871000
2008-03-18,40.654998779296875,42.02000045776367,40.345001220703125,41.9900016784668,14.845988273620605,4951800
2008-03-19,42.11000061035156,42.529998779296875,39.95500183105469,40.0,14.142406463623047,4666000
2008-03-20,40.04999923706055,40.3650016784668,39.33000183105469,40.25,14.230793952941895,4039400
2008-03-24,40.5,41.31999969482422,40.26499938964844,41.040000915527344,14.510107040405273,2177400
2008-03-25,41.040000915527344,41.915000915527344,40.720001220703125,41.599998474121094,14.708101272583008,2015000
2008-03-26,41.224998474121094,41.314998626708984,40.61000061035156,41.099998474121094,14.531322479248047,2603200
2008-03-27,41.11000061035156,41.23500061035156,40.119998931884766,40.20000076293945,14.21311092376709,2564800
2008-03-28,40.45000076293945,40.724998474121094,39.529998779296875,39.67499923706055,14.027498245239258,2567200
2008-03-31,39.75,40.21500015258789,39.1349983215332,39.834999084472656,14.084067344665527,3065400
2008-04-01,39.60499954223633,41.099998474121094,39.209999084472656,40.915000915527344,14.465916633605957,3395800
2008-04-02,41.125,41.21500015258789,40.3650016784668,40.654998779296875,14.373985290527344,2683800
2008-04-03,40.4900016784668,40.4900016784668,39.625,40.095001220703125,14.175992965698242,2759600
2008-04-04,40.224998474121094,41.83000183105469,40.0,41.165000915527344,14.554298400878906,5741000
2008-04-07,41.279998779296875,41.459999084472656,40.665000915527344,40.814998626708984,14.430556297302246,2707400
2008-04-08,40.61000061035156,40.834999084472656,40.334999084472656,40.595001220703125,14.35278034210205,2813200
2008-04-09,40.779998779296875,41.13999938964844,39.630001068115234,39.8849983215332,14.1017484664917,2803600
2008-04-10,39.8849983215332,40.15999984741211,39.72999954223633,39.9900016784668,14.138869285583496,3362000
2008-04-11,39.75,39.75,38.709999084472656,39.470001220703125,13.955020904541016,5277400
2008-04-14,41.20000076293945,41.400001525878906,39.525001525878906,40.01499938964844,14.147709846496582,9316000
2008-04-15,40.32500076293945,41.02000045776367,40.01499938964844,40.79499816894531,14.423489570617676,5180800
2008-04-16,40.85499954223633,42.95000076293945,40.85499954223633,42.86000061035156,15.153587341308594,6117200
2008-04-17,42.814998626708984,42.814998626708984,42.095001220703125,42.400001525878906,14.990952491760254,3261800
2008-04-18,42.900001525878906,45.79999923706055,42.900001525878906,45.314998626708984,16.02157211303711,6626400
2008-04-21,43.875,44.189998626708984,42.90999984741211,43.970001220703125,15.546042442321777,8046800
2008-04-22,43.70000076293945,43.79999923706055,42.48500061035156,42.54499816894531,15.042213439941406,8284200
2008-04-23,41.959999084472656,42.27000045776367,41.7599983215332,42.19499969482422,14.91846752166748,27268200
2008-04-24,42.31999969482422,43.415000915527344,42.04999923706055,43.02000045776367,15.210164070129395,7274000
2008-04-25,43.310001373291016,43.5,42.54999923706055,43.244998931884766,15.289709091186523,4181000
2008-04-28,43.349998474121094,43.845001220703125,43.25,43.814998626708984,15.491236686706543,3811200
2008-04-29,44.39500045776367,44.48500061035156,43.89500045776367,44.06999969482422,15.581392288208008,5617400
2008-04-30,44.439998626708984,44.66999816894531,43.81999969482422,43.91999816894531,15.528356552124023,6256800
2008-05-01,43.849998474121094,44.400001525878906,43.36000061035156,44.33000183105469,15.85380744934082,5235000
2008-05-02,44.7400016784668,45.275001525878906,43.94499969482422,44.345001220703125,15.85916805267334,4018400
2008-05-05,44.5,44.56999969482422,43.875,43.9900016784668,15.732207298278809,3989800
2008-05-06,43.900001525878906,44.400001525878906,43.43000030517578,44.03499984741211,15.748306274414062,4388400
2008-05-07,44.005001068115234,44.48500061035156,42.63999938964844,42.900001525878906,15.342387199401855,5474200
2008-05-08,43.2400016784668,43.665000915527344,42.900001525878906,43.34000015258789,15.499751091003418,4290600
2008-05-09,43.005001068115234,43.20500183105469,42.5,42.83000183105469,15.317358016967773,4476200
2008-05-12,42.900001525878906,43.6349983215332,42.73500061035156,43.6150016784668,15.59809684753418,4220200
2008-05-13,43.720001220703125,44.04999923706055,43.19499969482422,43.67499923706055,15.619547843933105,3795800
2008-05-14,43.959999084472656,44.6349983215332,43.529998779296875,44.209999084472656,15.810884475708008,4042600
2008-05-15,44.31999969482422,44.375,43.70500183105469,44.15999984741211,15.793011665344238,3797800
2008-05-16,44.15999984741211,44.5,43.709999084472656,44.21500015258789,15.812676429748535,2515400
2008-05-19,44.17499923706055,46.275001525878906,44.095001220703125,45.19499969482422,16.163150787353516,6188800
2008-05-20,44.89500045776367,44.974998474121094,44.290000915527344,44.720001220703125,15.993285179138184,4231000
2008-05-21,44.845001220703125,45.875,44.55500030517578,44.650001525878906,15.968244552612305,5202400
2008-05-22,44.900001525878906,45.040000915527344,44.334999084472656,44.56999969482422,15.939635276794434,3708400
2008-05-23,44.5,44.619998931884766,43.86000061035156,44.224998474121094,15.816252708435059,3342000
2008-05-27,44.154998779296875,44.78499984741211,43.92499923706055,44.625,15.959305763244629,2336200
2008-05-28,44.83000183105469,46.86000061035156,44.75,46.6349983215332,16.67814064025879,7780800
2008-05-29,46.63999938964844,47.47999954223633,46.220001220703125,47.130001068115234,16.855175018310547,5554600
2008-05-30,47.3650016784668,48.724998474121094,47.275001525878906,48.34000015258789,17.287904739379883,6025200
2008-06-02,48.80500030517578,49.06999969482422,47.27000045776367,48.025001525878906,17.17525291442871,5048200
2008-06-03,47.73500061035156,48.08000183105469,47.21500015258789,47.494998931884766,16.9857120513916,5493800
2008-06-04,47.755001068115234,47.93000030517578,46.59000015258789,47.23500061035156,16.892723083496094,4800200
2008-06-05,47.375,48.415000915527344,47.07500076293945,48.345001220703125,17.289695739746094,4474600
2008-06-06,48.279998779296875,48.279998779296875,46.685001373291016,46.685001373291016,16.69603157043457,4416200
2008-06-09,47.959999084472656,48.244998931884766,47.095001220703125,47.7599983215332,17.08047866821289,4969600
2008-06-10,47.375,47.68000030517578,46.82500076293945,47.185001373291016,16.87484359741211,3063200
2008-06-11,46.84000015258789,47.084999084472656,45.90999984741211,46.20500183105469,16.52436065673828,4041600
2008-06-12,46.54499816894531,48.51499938964844,46.54499816894531,47.73500061035156,17.071537017822266,5389200
2008-06-13,48.18000030517578,48.67499923706055,47.55500030517578,48.02000045776367,17.173460006713867,5145800
2008-06-16,47.79499816894531,48.29999923706055,47.6349983215332,48.09000015258789,17.198497772216797,4240600
2008-06-17,48.66999816894531,48.96500015258789,47.65999984741211,47.755001068115234,17.078697204589844,2718600
2008-06-18,47.5,47.5,46.5099983215332,47.084999084472656,16.839080810546875,3334800
2008-06-19,47.20500183105469,47.9900016784668,46.90999984741211,47.959999084472656,17.152002334594727,2890000
2008-06-20,47.71500015258789,47.71500015258789,46.40999984741211,46.720001220703125,16.708547592163086,3644800
2008-06-23,47.0099983215332,47.349998474121094,46.345001220703125,46.470001220703125,16.619136810302734,2915800
2008-06-24,46.349998474121094,46.36000061035156,45.46500015258789,45.5,16.272232055664062,4470800
2008-06-25,45.31999969482422,45.7599983215332,44.189998626708984,44.275001525878906,15.834134101867676,7906000
2008-06-26,43.970001220703125,43.970001220703125,42.349998474121094,42.57500076293945,15.22616195678711,7455400
2008-06-27,42.44499969482422,42.66999816894531,41.25,42.099998474121094,15.056283950805664,7260000
2008-06-30,42.130001068115234,42.939998626708984,42.130001068115234,42.48500061035156,15.193974494934082,4936200
2008-07-01,41.75,42.439998626708984,41.0,42.165000915527344,15.0795316696167,5277400
2008-07-02,42.41999816894531,42.41999816894531,41.07500076293945,41.099998474121094,14.698657035827637,3490000
2008-07-03,41.459999084472656,41.939998626708984,41.13999938964844,41.60499954223633,14.879257202148438,2612400
2008-07-07,41.875,42.47999954223633,40.89500045776367,41.11000061035156,14.702227592468262,5365400
2008-07-08,40.875,41.755001068115234,40.54999923706055,41.63999938964844,14.891775131225586,3369600
2008-07-09,41.88999938964844,42.224998474121094,40.45500183105469,40.45500183105469,14.46798324584961,3116200
2008-07-10,40.255001068115234,41.15999984741211,39.5,40.71500015258789,14.56097412109375,5562200
2008-07-11,41.15999984741211,41.165000915527344,39.720001220703125,40.46500015258789,14.47155475616455,4284200
2008-07-14,40.994998931884766,40.994998931884766,39.1150016784668,39.94499969482422,14.285588264465332,6079800
2008-07-15,36.005001068115234,37.23500061035156,34.375,37.23500061035156,13.316408157348633,21619800
2008-07-16,37.23500061035156,37.86000061035156,35.8650016784668,36.685001373291016,13.119712829589844,11958000
2008-07-17,36.685001373291016,37.11000061035156,36.005001068115234,37.040000915527344,13.246672630310059,8401400
2008-07-18,37.14500045776367,37.29499816894531,35.595001220703125,36.459999084472656,13.039244651794434,6768000
2008-07-21,36.8650016784668,36.959999084472656,35.59000015258789,35.790000915527344,12.799630165100098,7189800
2008-07-22,35.83000183105469,36.70500183105469,35.154998779296875,36.619998931884766,13.096463203430176,4810600
2008-07-23,36.38999938964844,37.095001220703125,36.20500183105469,36.775001525878906,13.151899337768555,4490600
2008-07-24,36.81999969482422,36.81999969482422,35.165000915527344,35.165000915527344,12.576109886169434,6397200
2008-07-25,35.25,35.619998931884766,34.92499923706055,35.5,12.695917129516602,3660200
2008-07-28,35.439998626708984,35.63999938964844,34.540000915527344,34.540000915527344,12.352593421936035,2902200
2008-07-29,34.775001525878906,35.08000183105469,34.57500076293945,34.9900016784668,12.513528823852539,4804000
2008-07-30,35.29499816894531,36.46500015258789,35.17499923706055,36.29499816894531,12.980237007141113,3622000
2008-07-31,35.86000061035156,36.21500015258789,35.435001373291016,35.52000045776367,12.880510330200195,4887600
2008-08-01,35.720001220703125,35.810001373291016,34.474998474121094,34.720001220703125,12.590409278869629,3571000
2008-08-04,34.70000076293945,34.75,34.084999084472656,34.275001525878906,12.429041862487793,3390200
2008-08-05,34.415000915527344,35.95000076293945,34.415000915527344,35.810001373291016,12.985676765441895,4962400
2008-08-06,35.709999084472656,36.025001525878906,35.31999969482422,35.974998474121094,13.045509338378906,5862200
2008-08-07,35.63999938964844,35.98500061035156,35.1150016784668,35.650001525878906,12.927652359008789,4672400
2008-08-08,35.84000015258789,36.494998931884766,35.5,36.32500076293945,13.172426223754883,3327200
2008-08-11,36.56999969482422,37.52000045776367,36.060001373291016,37.060001373291016,13.438953399658203,3689000
2008-08-12,37.06999969482422,37.165000915527344,36.26499938964844,36.43000030517578,13.210502624511719,2123200
2008-08-13,36.21500015258789,36.51499938964844,35.41999816894531,36.2599983215332,13.148859977722168,3712800
2008-08-14,35.845001220703125,36.755001068115234,35.720001220703125,36.334999084472656,13.17605209350586,2426200
2008-08-15,36.400001525878906,36.810001373291016,36.16999816894531,36.7599983215332,13.330170631408691,3023800
2008-08-18,36.91999816894531,37.11000061035156,36.01499938964844,36.26499938964844,13.150668144226074,2218000
2008-08-19,36.02000045776367,36.255001068115234,35.375,35.790000915527344,12.97842025756836,2985400
2008-08-20,35.7599983215332,35.84000015258789,35.2400016784668,35.775001525878906,12.972986221313477,3033400
2008-08-21,35.38999938964844,35.775001525878906,35.06999969482422,35.54499816894531,12.889577865600586,1929400
2008-08-22,35.849998474121094,36.165000915527344,35.56999969482422,35.970001220703125,13.043695449829102,1275800
2008-08-25,36.04999923706055,36.11000061035156,35.31999969482422,35.47999954223633,12.866012573242188,1989600
2008-08-26,35.439998626708984,35.650001525878906,34.90999984741211,35.369998931884766,12.826119422912598,2110600
2008-08-27,35.56999969482422,36.025001525878906,35.349998474121094,35.689998626708984,12.942158699035645,1983000
2008-08-28,35.974998474121094,36.89500045776367,35.89500045776367,36.875,13.371869087219238,2611200
2008-08-29,36.744998931884766,37.1150016784668,36.560001373291016,36.59000015258789,13.268525123596191,2006400
2008-09-02,37.130001068115234,37.86000061035156,35.85499954223633,36.02000045776367,13.061829566955566,3321800
2008-09-03,36.01499938964844,36.470001220703125,35.25,35.76499938964844,12.969356536865234,1975400
2008-09-04,35.474998474121094,35.474998474121094,34.33000183105469,34.6349983215332,12.559587478637695,4290600
2008-09-05,34.415000915527344,35.0099983215332,33.7599983215332,34.834999084472656,12.632112503051758,3458000
2008-09-08,35.52000045776367,36.68000030517578,34.81999969482422,35.3849983215332,12.831558227539062,4241800
2008-09-09,35.53499984741211,35.60499954223633,33.560001373291016,33.560001373291016,12.169763565063477,3063200
2008-09-10,33.82500076293945,35.54499816894531,33.6150016784668,34.970001220703125,12.681070327758789,5336000
2008-09-11,34.165000915527344,35.584999084472656,33.150001525878906,35.584999084472656,12.904084205627441,5950000
2008-09-12,35.29999923706055,35.849998474121094,34.55500030517578,35.724998474121094,12.954852104187012,2767400
2008-09-15,34.279998779296875,35.650001525878906,34.279998779296875,34.3650016784668,12.461678504943848,3499000
2008-09-16,33.54999923706055,34.439998626708984,32.93000030517578,34.185001373291016,12.396408081054688,6065400
2008-09-17,33.46500015258789,33.46500015258789,32.38999938964844,32.650001525878906,11.839776039123535,5422600
2008-09-18,32.48500061035156,34.290000915527344,31.2549991607666,33.95000076293945,12.311190605163574,6069800
2008-09-19,35.04499816894531,35.689998626708984,33.97999954223633,34.665000915527344,12.570465087890625,5002400
2008-09-22,34.255001068115234,34.665000915527344,33.064998626708984,33.16999816894531,12.028337478637695,2823200
2008-09-23,33.209999084472656,33.209999084472656,31.30500030517578,31.459999084472656,11.408245086669922,4623600
2008-09-24,31.655000686645508,31.760000228881836,29.80500030517578,29.985000610351562,10.873370170593262,8803200
2008-09-25,30.235000610351562,30.53499984741211,29.665000915527344,29.7450008392334,10.786345481872559,6638600
2008-09-26,29.405000686645508,29.405000686645508,28.104999542236328,29.030000686645508,10.527063369750977,5131400
2008-09-29,28.7450008392334,28.7450008392334,26.15999984741211,26.885000228881836,9.74923038482666,6706000
2008-09-30,27.59000015258789,28.149999618530273,26.959999084472656,28.09000015258789,10.186196327209473,5313200
2008-10-01,27.809999465942383,28.030000686645508,27.184999465942383,27.290000915527344,9.896090507507324,6262800
2008-10-02,27.079999923706055,27.125,25.565000534057617,25.584999084472656,9.277812004089355,4406200
2008-10-03,25.979999542236328,26.84000015258789,24.530000686645508,24.600000381469727,8.920622825622559,5100800
2008-10-06,23.9950008392334,24.985000610351562,22.40999984741211,24.010000228881836,8.706674575805664,8798200
2008-10-07,24.510000228881836,25.165000915527344,23.915000915527344,23.989999771118164,8.699421882629395,7507600
2008-10-08,23.454999923706055,25.329999923706055,23.209999084472656,24.280000686645508,8.804584503173828,8159600
2008-10-09,24.854999542236328,25.184999465942383,23.329999923706055,23.549999237060547,8.539865493774414,6560000
2008-10-10,22.44499969482422,25.135000228881836,21.850000381469727,24.0,8.703051567077637,9313800
2008-10-13,24.90999984741211,25.579999923706055,24.18000030517578,25.579999923706055,9.276002883911133,4739200
2008-10-14,26.674999237060547,27.200000762939453,23.895000457763672,24.610000610351562,8.924250602722168,4420800
2008-10-15,24.260000228881836,24.40999984741211,21.65999984741211,21.71500015258789,7.874447822570801,4768400
2008-10-16,21.799999237060547,22.78499984741211,20.625,22.584999084472656,8.189931869506836,6089000
2008-10-17,21.594999313354492,23.280000686645508,21.575000762939453,22.209999084472656,8.05394458770752,3914800
2008-10-20,22.690000534057617,24.045000076293945,21.78499984741211,22.610000610351562,8.19900131225586,7324200
2008-10-21,22.155000686645508,22.219999313354492,20.899999618530273,21.024999618530273,7.624235153198242,5467800
2008-10-22,20.8700008392334,20.8700008392334,18.844999313354492,19.5,7.071230888366699,5732400
2008-10-23,19.989999771118164,21.1299991607666,19.75,20.600000381469727,7.470117092132568,8047600
2008-10-24,19.4950008392334,21.59000015258789,19.2549991607666,20.875,7.5698394775390625,7243000
2008-10-27,20.920000076293945,21.350000381469727,20.165000915527344,20.165000915527344,7.312377452850342,3906800
2008-10-28,20.700000762939453,22.174999237060547,19.8799991607666,22.165000915527344,8.037629127502441,4455000
2008-10-29,22.0,23.5,21.6200008392334,22.264999389648438,8.073891639709473,4481000
2008-10-30,23.0049991607666,23.56999969482422,22.290000915527344,23.225000381469727,8.61548900604248,3218800
2008-10-31,23.225000381469727,23.4950008392334,22.274999618530273,22.479999542236328,8.33912467956543,6867600
2008-11-03,22.625,23.18000030517578,22.25,22.6200008392334,8.391057014465332,3113800
2008-11-04,23.165000915527344,24.770000457763672,22.5049991607666,24.75,9.181201934814453,8060200
2008-11-05,24.665000915527344,25.489999771118164,24.28499984741211,24.325000762939453,9.023540496826172,5828600
2008-11-06,24.03499984741211,24.03499984741211,21.6200008392334,22.55500030517578,8.366947174072266,6640200
2008-11-07,22.764999389648438,23.030000686645508,21.475000381469727,22.125,8.207439422607422,4801800
2008-11-10,22.5,23.184999465942383,21.6200008392334,22.0,8.161069869995117,3204200
2008-11-11,21.5,22.174999237060547,20.84000015258789,21.614999771118164,8.01824951171875,2529400
2008-11-12,21.2450008392334,21.5,19.864999771118164,19.954999923706055,7.402458190917969,3234400
2008-11-13,20.114999771118164,21.315000534057617,19.094999313354492,21.290000915527344,7.897686958312988,5986600
2008-11-14,21.235000610351562,21.704999923706055,20.110000610351562,20.575000762939453,7.632448196411133,3268400
2008-11-17,21.149999618530273,21.950000762939453,20.665000915527344,20.665000915527344,7.665834426879883,6217200
2008-11-18,20.899999618530273,21.395000457763672,20.174999237060547,21.014999389648438,7.79567289352417,5613800
2008-11-19,21.2450008392334,21.2450008392334,19.90999984741211,19.940000534057617,7.396896839141846,5327400
2008-11-20,19.5049991607666,21.094999313354492,19.25,19.389999389648438,7.192870140075684,7649400
2008-11-21,20.0,20.959999084472656,18.875,20.8799991607666,7.745594501495361,7929400
2008-11-24,21.05500030517578,22.46500015258789,20.844999313354492,21.934999465942383,8.13695240020752,7152800
2008-11-25,22.46500015258789,22.864999771118164,21.81999969482422,22.579999923706055,8.376222610473633,4203400
2008-11-26,22.104999542236328,22.915000915527344,21.829999923706055,22.770000457763672,8.446708679199219,4790400
2008-11-28,22.975000381469727,23.174999237060547,22.325000762939453,23.170000076293945,8.595088005065918,1852400
2008-12-01,22.610000610351562,22.610000610351562,20.90999984741211,20.90999984741211,7.7567219734191895,2678800
2008-12-02,21.485000610351562,21.7450008392334,20.895000457763672,21.625,8.021958351135254,3103200
2008-12-03,21.334999084472656,21.989999771118164,20.7549991607666,21.729999542236328,8.060907363891602,3218400
2008-12-04,21.68000030517578,21.975000381469727,20.440000534057617,20.790000915527344,7.712208271026611,5243800
2008-12-05,20.559999465942383,21.360000610351562,20.079999923706055,21.344999313354492,7.918092250823975,4402800
2008-12-08,22.235000610351562,23.350000381469727,21.8700008392334,23.014999389648438,8.537589073181152,4636600
2008-12-09,22.475000381469727,23.75,22.40999984741211,22.614999771118164,8.389203071594238,5334400
2008-12-10,22.780000686645508,24.0,22.7549991607666,23.610000610351562,8.758309364318848,4234600
2008-12-11,23.475000381469727,23.829999923706055,22.274999618530273,22.4950008392334,8.344691276550293,2979400
2008-12-12,21.600000381469727,22.4950008392334,21.5,22.25,8.253807067871094,4678400
2008-12-15,22.5,22.825000762939453,21.655000686645508,21.954999923706055,8.14437484741211,3876400
2008-12-16,20.795000076293945,21.5,20.30500030517578,21.479999542236328,7.968167781829834,10100200
2008-12-17,21.024999618530273,22.489999771118164,20.774999618530273,22.2450008392334,8.251949310302734,6207800
2008-12-18,22.385000228881836,22.4950008392334,21.655000686645508,21.9950008392334,8.159210205078125,7048200
2008-12-19,22.104999542236328,22.895000457763672,22.104999542236328,22.78499984741211,8.452269554138184,5013400
2008-12-22,22.184999465942383,22.575000762939453,22.075000762939453,22.549999237060547,8.365093231201172,4740600
2008-12-23,22.725000381469727,22.895000457763672,22.264999389648438,22.780000686645508,8.450414657592773,4357400
2008-12-24,22.770000457763672,23.375,22.604999542236328,23.2549991607666,8.626617431640625,1438800
2008-12-26,23.3799991607666,23.55500030517578,23.114999771118164,23.510000228881836,8.721212387084961,1431000
2008-12-29,23.510000228881836,23.53499984741211,23.200000762939453,23.5,8.717504501342773,2984400
2008-12-30,23.610000610351562,24.584999084472656,23.5049991607666,24.040000915527344,8.917820930480957,3835800
2008-12-31,24.145000457763672,25.045000076293945,24.145000457763672,24.854999542236328,9.220147132873535,3836000
2009-01-02,24.850000381469727,26.040000915527344,24.53499984741211,25.90999984741211,9.611509323120117,2734200
2009-01-05,25.709999084472656,26.299999237060547,25.709999084472656,25.959999084472656,9.630056381225586,4755600
2009-01-06,26.110000610351562,26.670000076293945,25.860000610351562,26.155000686645508,9.702397346496582,3453400
2009-01-07,25.985000610351562,26.049999237060547,24.825000762939453,25.040000915527344,9.288777351379395,4482400
2009-01-08,24.90999984741211,25.4950008392334,24.645000457763672,25.450000762939453,9.44087028503418,2587000
2009-01-09,25.540000915527344,25.594999313354492,24.924999237060547,25.084999084472656,9.305472373962402,2592000
2009-01-12,25.079999923706055,25.079999923706055,24.540000915527344,24.725000381469727,9.171924591064453,5282400
2009-01-13,24.565000534057617,24.885000228881836,24.315000534057617,24.579999923706055,9.118136405944824,4494600
2009-01-14,24.149999618530273,24.21500015258789,23.540000915527344,23.719999313354492,8.799113273620605,5081000
2009-01-15,23.530000686645508,24.545000076293945,23.469999313354492,24.350000381469727,9.032818794250488,4201800
2009-01-16,24.639999389648438,24.719999313354492,23.645000457763672,24.280000686645508,9.006851196289062,5369800
2009-01-20,23.875,23.90999984741211,23.2549991607666,23.5,8.717504501342773,5083800
2009-01-21,23.860000610351562,23.860000610351562,23.065000534057617,23.600000381469727,8.75460147857666,5397600
2009-01-22,23.225000381469727,23.55500030517578,22.56999969482422,22.934999465942383,8.507913589477539,5307000
2009-01-23,22.315000534057617,23.219999313354492,22.065000534057617,22.665000915527344,8.407753944396973,4052000
2009-01-26,22.28499984741211,22.94499969482422,21.75,22.274999618530273,8.263081550598145,5603800
2009-01-27,22.3799991607666,22.8799991607666,22.125,22.704999923706055,8.42259407043457,3350800
2009-01-28,23.05500030517578,23.850000381469727,22.979999542236328,23.399999618530273,8.680407524108887,2975000
2009-01-29,23.135000228881836,23.235000610351562,22.399999618530273,22.625,8.392913818359375,3207800
2009-01-30,22.649999618530273,22.725000381469727,21.84000015258789,22.010000228881836,8.164777755737305,4286600
2009-02-02,21.545000076293945,21.875,21.1299991607666,21.459999084472656,7.960745334625244,4916600
2009-02-03,21.4950008392334,21.540000915527344,21.014999389648438,21.43000030517578,7.949620723724365,4502600
2009-02-04,21.670000076293945,21.885000228881836,21.40999984741211,21.625,8.021958351135254,3650600
2009-02-05,21.415000915527344,21.94499969482422,20.96500015258789,21.795000076293945,8.276379585266113,3746600
2009-02-06,21.854999542236328,22.56999969482422,21.7450008392334,22.434999465942383,8.519413948059082,2738200
2009-02-09,22.290000915527344,22.71500015258789,22.135000228881836,22.5049991607666,8.545994758605957,2938200
2009-02-10,22.309999465942383,22.614999771118164,21.34000015258789,21.510000228881836,8.168156623840332,3635800
2009-02-11,22.219999313354492,22.489999771118164,21.860000610351562,22.135000228881836,8.40549087524414,4457000
2009-02-12,21.920000076293945,22.0,21.2549991607666,21.96500015258789,8.340937614440918,4076600
2009-02-13,21.940000534057617,22.524999618530273,21.864999771118164,21.899999618530273,8.316251754760742,3254800
2009-02-17,21.2549991607666,21.459999084472656,20.815000534057617,21.020000457763672,7.982083320617676,3725200
2009-02-18,21.204999923706055,21.520000457763672,20.875,20.96500015258789,7.961198806762695,3902600
2009-02-19,21.104999542236328,21.264999389648438,20.260000228881836,20.360000610351562,7.731456756591797,4881000
2009-02-20,20.235000610351562,20.434999465942383,19.71500015258789,20.139999389648438,7.647916793823242,4792400
2009-02-23,20.260000228881836,20.31999969482422,19.0,19.020000457763672,7.222610950469971,5362000
2009-02-24,19.045000076293945,20.03499984741211,18.690000534057617,19.864999771118164,7.543487071990967,4812600
2009-02-25,19.790000915527344,19.899999618530273,19.114999771118164,19.229999542236328,7.302353382110596,3778400
2009-02-26,19.440000534057617,19.520000457763672,18.079999923706055,18.135000228881836,6.886541843414307,8350400
2009-02-27,17.829999923706055,18.665000915527344,17.3700008392334,18.075000762939453,6.863757610321045,8754200
2009-03-02,17.799999237060547,17.850000381469727,16.655000686645508,16.71500015258789,6.347315311431885,6606600
2009-03-03,16.905000686645508,17.739999771118164,16.46500015258789,17.19499969482422,6.52958869934082,8778400
2009-03-04,17.485000610351562,17.575000762939453,16.850000381469727,16.959999084472656,6.440348148345947,7172200
2009-03-05,16.174999237060547,16.350000381469727,15.4350004196167,15.854999542236328,6.020740032196045,7248400
2009-03-06,15.994999885559082,16.295000076293945,15.010000228881836,15.555000305175781,5.906819820404053,5518400
2009-03-09,15.279999732971191,15.84000015258789,15.015000343322754,15.135000228881836,5.747328758239746,4520000
2009-03-10,15.4399995803833,16.260000228881836,15.255000114440918,16.049999237060547,6.094788551330566,6901200
2009-03-11,16.274999618530273,16.420000076293945,15.9350004196167,16.03499984741211,6.0890913009643555,7776000
2009-03-12,16.145000457763672,16.704999923706055,15.635000228881836,16.600000381469727,6.303645610809326,5151200
2009-03-13,16.71500015258789,17.075000762939453,16.46500015258789,16.80500030517578,6.381490230560303,3365600
2009-03-16,17.09000015258789,17.1200008392334,16.40999984741211,16.540000915527344,6.280863285064697,4553000
2009-03-17,16.55500030517578,16.989999771118164,16.18000030517578,16.920000076293945,6.425159931182861,4570600
2009-03-18,16.924999237060547,17.700000762939453,16.610000610351562,17.524999618530273,6.654900550842285,4504800
2009-03-19,17.844999313354492,18.059999465942383,17.5,17.65999984741211,6.706165313720703,4349600
2009-03-20,17.75,17.8799991607666,16.899999618530273,17.059999465942383,6.478322505950928,3885800
2009-03-23,17.53499984741211,18.59000015258789,17.440000534057617,18.575000762939453,7.053626537322998,5309000
2009-03-24,18.395000457763672,19.155000686645508,18.139999389648438,18.704999923706055,7.102991580963135,4791800
2009-03-25,18.885000228881836,19.21500015258789,18.260000228881836,18.815000534057617,7.144763946533203,5014600
2009-03-26,18.94499969482422,19.725000381469727,18.875,19.69499969482422,7.4789323806762695,4039400
2009-03-27,19.475000381469727,19.81999969482422,19.18000030517578,19.450000762939453,7.385897159576416,3638400
2009-03-30,18.53499984741211,18.6299991607666,17.75,18.104999542236328,6.875148773193359,4500400
2009-03-31,18.299999237060547,18.704999923706055,18.045000076293945,18.43000030517578,6.998563766479492,7708200
2009-04-01,18.075000762939453,18.850000381469727,18.020000457763672,18.75,7.120079040527344,3980800
2009-04-02,19.170000076293945,21.045000076293945,19.170000076293945,20.700000762939453,7.86056661605835,6973600
2009-04-03,20.540000915527344,21.325000762939453,20.540000915527344,21.0049991607666,7.976391792297363,4829200
2009-04-06,20.764999389648438,20.875,20.219999313354492,20.719999313354492,7.868162631988525,3668800
2009-04-07,20.530000686645508,20.530000686645508,19.770000457763672,19.809999465942383,7.522601127624512,3618000
2009-04-08,19.975000381469727,20.280000686645508,19.614999771118164,20.03499984741211,7.608041763305664,4371400
2009-04-09,20.514999389648438,22.174999237060547,20.450000762939453,21.915000915527344,8.321950912475586,6142200
2009-04-13,21.05500030517578,21.44499969482422,20.299999237060547,21.190000534057617,8.046639442443848,5098000
2009-04-14,20.895000457763672,21.28499984741211,20.530000686645508,20.969999313354492,7.963098049163818,3959800
2009-04-15,20.829999923706055,21.325000762939453,20.71500015258789,21.190000534057617,8.046639442443848,3769000
2009-04-16,21.274999618530273,21.8700008392334,20.94499969482422,21.729999542236328,8.251696586608887,5163000
2009-04-17,21.834999084472656,22.540000915527344,21.600000381469727,22.375,8.496631622314453,4144800
2009-04-20,20.600000381469727,20.93000030517578,19.924999237060547,20.209999084472656,7.674498558044434,7869800
2009-04-21,20.200000762939453,20.8700008392334,19.889999389648438,20.770000457763672,7.887149333953857,4346200
2009-04-22,20.6299991607666,21.975000381469727,19.71500015258789,21.360000610351562,8.111194610595703,4981200
2009-04-23,21.459999084472656,21.459999084472656,20.774999618530273,21.3700008392334,8.114995956420898,3644000
2009-04-24,21.510000228881836,22.25,21.25,22.0,8.354228973388672,2966400
2009-04-27,21.795000076293945,21.809999465942383,21.174999237060547,21.524999618530273,8.17385196685791,3353000
2009-04-28,21.100000381469727,21.545000076293945,20.94499969482422,21.045000076293945,7.991579055786133,2473800
2009-04-29,21.204999923706055,22.399999618530273,21.204999923706055,22.19499969482422,8.428277969360352,4660400
2009-04-30,22.344999313354492,23.084999084472656,21.8799991607666,21.899999618530273,8.507917404174805,4368200
2009-05-01,21.625,21.924999237060547,21.190000534057617,21.809999465942383,8.472951889038086,4596000
2009-05-04,21.920000076293945,22.885000228881836,21.770000457763672,22.875,8.886693954467773,4077800
2009-05-05,22.844999313354492,23.125,22.56999969482422,22.864999771118164,8.882808685302734,3419600
2009-05-06,23.239999771118164,23.360000610351562,22.6299991607666,22.8799991607666,8.888635635375977,6163800
2009-05-07,23.110000610351562,23.125,22.364999771118164,22.834999084472656,8.87115478515625,4986600
2009-05-08,23.30500030517578,23.959999084472656,22.920000076293945,23.844999313354492,9.26352596282959,4851200
2009-05-11,23.579999923706055,23.579999923706055,22.90999984741211,23.084999084472656,8.968276977539062,4206200
2009-05-12,23.155000686645508,23.25,22.6299991607666,23.065000534057617,8.960506439208984,4859000
2009-05-13,22.6200008392334,22.6200008392334,22.225000381469727,22.389999389648438,8.698273658752441,6917400
2009-05-14,22.43000030517578,22.854999542236328,22.34000015258789,22.434999465942383,8.71575927734375,6415200
2009-05-15,22.405000686645508,22.969999313354492,22.364999771118164,22.655000686645508,8.801228523254395,5127000
2009-05-18,22.829999923706055,23.309999465942383,22.760000228881836,23.25,9.032376289367676,4162800
2009-05-19,23.190000534057617,23.844999313354492,22.75,23.174999237060547,9.003240585327148,7982200
2009-05-20,23.645000457763672,23.975000381469727,23.114999771118164,23.165000915527344,8.999353408813477,5428000
2009-05-21,22.684999465942383,22.860000610351562,21.96500015258789,22.2549991607666,8.645831108093262,7623200
2009-05-22,22.325000762939453,22.420000076293945,21.979999542236328,22.075000762939453,8.575900077819824,3693200
2009-05-26,21.96500015258789,22.985000610351562,21.875,22.915000915527344,8.90223503112793,3524200
2009-05-27,22.485000610351562,22.719999313354492,21.924999237060547,22.0049991607666,8.548707008361816,4179000
2009-05-28,21.559999465942383,21.959999084472656,21.1299991607666,21.799999237060547,8.469066619873047,5278600
2009-05-29,21.93000030517578,22.155000686645508,21.56999969482422,21.75,8.44964599609375,5116000
2009-06-01,22.31999969482422,23.684999465942383,22.239999771118164,23.579999923706055,9.160577774047852,6939600
2009-06-02,23.709999084472656,24.290000915527344,23.610000610351562,24.125,9.372304916381836,5530000
2009-06-03,23.8700008392334,24.049999237060547,23.399999618530273,23.594999313354492,9.166409492492676,4016000
2009-06-04,23.719999313354492,24.0,23.415000915527344,23.940000534057617,9.300437927246094,3882600
2009-06-05,24.065000534057617,24.5,23.7549991607666,24.03499984741211,9.33734130859375,4217000
2009-06-08,23.920000076293945,24.489999771118164,23.405000686645508,24.31999969482422,9.448062896728516,4810400
2009-06-09,24.459999084472656,24.565000534057617,23.84000015258789,24.459999084472656,9.502449989318848,3505800
2009-06-10,24.780000686645508,24.875,23.950000762939453,24.479999542236328,9.510218620300293,3240600
2009-06-11,24.31999969482422,24.739999771118164,24.229999542236328,24.364999771118164,9.465542793273926,3825800
2009-06-12,24.25,24.610000610351562,24.020000457763672,24.59000015258789,9.552955627441406,2049600
2009-06-15,24.145000457763672,24.145000457763672,23.309999465942383,23.53499984741211,9.143095016479492,3297400
2009-06-16,23.665000915527344,23.969999313354492,23.110000610351562,23.170000076293945,9.001296997070312,4411400
2009-06-17,23.135000228881836,23.225000381469727,22.684999465942383,22.934999465942383,8.910002708435059,4781600
2009-06-18,22.950000762939453,23.145000457763672,22.55500030517578,22.854999542236328,8.878921508789062,3530400
2009-06-19,23.104999542236328,23.25,22.700000762939453,22.78499984741211,8.851729393005371,4236200
2009-06-22,22.405000686645508,22.40999984741211,21.625,21.625,8.401084899902344,4104800
2009-06-23,21.645000457763672,21.834999084472656,21.225000381469727,21.405000686645508,8.31561279296875,4727600
2009-06-24,21.545000076293945,22.19499969482422,21.415000915527344,21.565000534057617,8.377772331237793,3296000
2009-06-25,21.545000076293945,22.200000762939453,21.270000457763672,22.114999771118164,8.59144115447998,5707400
2009-06-26,22.084999084472656,22.80500030517578,21.93000030517578,22.59000015258789,8.775976181030273,7440200
2009-06-29,22.55500030517578,22.920000076293945,22.309999465942383,22.809999465942383,8.86143970489502,3350400
2009-06-30,22.739999771118164,22.950000762939453,22.18000030517578,22.30500030517578,8.665254592895508,3448600
2009-07-01,22.385000228881836,23.045000076293945,22.354999542236328,22.639999389648438,8.795397758483887,3636200
2009-07-02,22.395000457763672,22.395000457763672,21.4950008392334,21.4950008392334,8.350579261779785,3658800
2009-07-06,21.3799991607666,21.524999618530273,20.905000686645508,21.2450008392334,8.253456115722656,4136800
2009-07-07,21.155000686645508,21.260000228881836,20.454999923706055,20.479999542236328,7.956259727478027,4804400
2009-07-08,20.520000457763672,20.684999465942383,20.209999084472656,20.489999771118164,7.960147857666016,4067200
2009-07-09,20.59000015258789,20.665000915527344,20.30500030517578,20.40999984741211,7.929068565368652,3211000
2009-07-10,20.31999969482422,20.584999084472656,20.139999389648438,20.469999313354492,7.952375411987305,3049800
2009-07-13,20.594999313354492,21.06999969482422,20.290000915527344,21.065000534057617,8.1835298538208,3427000
2009-07-14,21.184999465942383,21.3700008392334,20.864999771118164,21.360000610351562,8.29813289642334,3115200
2009-07-15,21.579999923706055,22.350000381469727,21.56999969482422,22.19499969482422,8.622520446777344,3902400
2009-07-16,22.079999923706055,22.75,21.979999542236328,22.719999313354492,8.826476097106934,4172000
2009-07-17,22.639999389648438,22.739999771118164,22.290000915527344,22.475000381469727,8.731297492980957,5059400
2009-07-20,23.764999389648438,25.2450008392334,23.3700008392334,24.469999313354492,9.50633430480957,15665000
2009-07-21,24.825000762939453,25.0,24.145000457763672,24.4950008392334,9.516047477722168,7183000
2009-07-22,24.344999313354492,24.975000381469727,24.18000030517578,24.709999084472656,9.599573135375977,4926000
2009-07-23,24.75,25.440000534057617,24.645000457763672,25.309999465942383,9.83266830444336,5881000
2009-07-24,25.0,25.614999771118164,24.875,25.600000381469727,9.945327758789062,3780000
2009-07-27,25.610000610351562,26.489999771118164,25.510000228881836,26.19499969482422,10.176480293273926,7388400
2009-07-28,25.809999465942383,25.989999771118164,25.354999542236328,25.719999313354492,9.99194049835205,4263000
2009-07-29,25.5,25.649999618530273,25.09000015258789,25.424999237060547,9.877338409423828,4187400
2009-07-30,25.55500030517578,26.200000762939453,25.520000457763672,25.825000762939453,10.233994483947754,4644600
2009-07-31,25.885000228881836,26.25,25.885000228881836,25.959999084472656,10.287490844726562,2893600
2009-08-03,26.46500015258789,26.940000534057617,26.28499984741211,26.825000762939453,10.63027572631836,4712000
2009-08-04,26.825000762939453,27.190000534057617,26.579999923706055,26.959999084472656,10.68377685546875,2991600
2009-08-05,27.100000381469727,27.135000228881836,26.405000686645508,26.639999389648438,10.556963920593262,2746800
2009-08-06,26.69499969482422,26.915000915527344,26.469999313354492,26.56999969482422,10.529221534729004,1957200
2009-08-07,26.834999084472656,27.46500015258789,26.790000915527344,27.3799991607666,10.850213050842285,2875200
2009-08-10,27.34000015258789,27.5,27.049999237060547,27.34000015258789,10.834364891052246,1926600
2009-08-11,27.2549991607666,27.2549991607666,26.530000686645508,26.8799991607666,10.652071952819824,2679000
2009-08-12,27.0049991607666,27.80500030517578,26.979999542236328,27.524999618530273,10.907675743103027,2440400
2009-08-13,27.770000457763672,27.875,27.28499984741211,27.65999984741211,10.961174964904785,2042600
2009-08-14,27.71500015258789,27.875,26.790000915527344,27.05500030517578,10.721424102783203,2063400
2009-08-17,26.59000015258789,26.700000762939453,25.93000030517578,26.05500030517578,10.325140953063965,2328200
2009-08-18,26.110000610351562,26.809999465942383,26.05500030517578,26.7549991607666,10.6025390625,2223000
2009-08-19,26.299999237060547,26.84000015258789,26.21500015258789,26.700000762939453,10.580742835998535,1236400
2009-08-20,26.815000534057617,26.985000610351562,26.6299991607666,26.924999237060547,10.669906616210938,1433200
2009-08-21,27.104999542236328,27.7450008392334,26.780000686645508,27.684999465942383,10.97107982635498,2711800
2009-08-24,27.735000610351562,27.969999313354492,27.43000030517578,27.530000686645508,10.909655570983887,1487800
2009-08-25,27.7450008392334,28.229999542236328,27.625,27.889999389648438,11.052315711975098,2172800
2009-08-26,27.864999771118164,27.8799991607666,27.440000534057617,27.684999465942383,10.97107982635498,1805200
2009-08-27,27.625,27.850000381469727,27.18000030517578,27.770000457763672,11.004764556884766,1413400
2009-08-28,28.020000457763672,28.06999969482422,27.270000457763672,27.405000686645508,10.860124588012695,2967800
2009-08-31,27.145000457763672,27.18000030517578,26.684999465942383,26.975000381469727,10.689718246459961,2557200
2009-09-01,26.84000015258789,27.639999389648438,26.450000762939453,26.549999237060547,10.521300315856934,3001000
2009-09-02,26.614999771118164,26.614999771118164,26.200000762939453,26.395000457763672,10.45987606048584,2533600
2009-09-03,26.469999313354492,26.850000381469727,26.165000915527344,26.834999084472656,10.63424015045166,2167200
2009-09-04,26.8700008392334,27.2450008392334,26.614999771118164,27.219999313354492,10.786808013916016,1357000
2009-09-08,27.530000686645508,27.665000915527344,27.309999465942383,27.514999389648438,10.903712272644043,2055800
2009-09-09,27.405000686645508,28.389999389648438,27.385000228881836,28.21500015258789,11.181110382080078,2787600
2009-09-10,28.15999984741211,28.65999984741211,27.905000686645508,28.6299991607666,11.345568656921387,3008000
2009-09-11,28.665000915527344,29.274999618530273,28.56999969482422,29.030000686645508,11.504084587097168,3720800
2009-09-14,28.80500030517578,29.184999465942383,28.545000076293945,28.924999237060547,11.462474822998047,3215000
2009-09-15,29.104999542236328,29.635000228881836,28.649999618530273,29.540000915527344,11.706182479858398,4140600
2009-09-16,29.75,30.094999313354492,29.299999237060547,30.040000915527344,11.904325485229492,3124400
2009-09-17,29.8799991607666,30.325000762939453,29.790000915527344,29.969999313354492,11.876585960388184,4186000
2009-09-18,30.18000030517578,30.21500015258789,29.459999084472656,29.8799991607666,11.84091854095459,4798800
2009-09-21,29.540000915527344,29.584999084472656,29.15999984741211,29.264999389648438,11.597207069396973,3398400
2009-09-22,29.405000686645508,29.540000915527344,29.065000534057617,29.260000228881836,11.59522533416748,1938600
2009-09-23,29.3799991607666,29.520000457763672,28.875,28.934999465942383,11.46643352508545,1897800
2009-09-24,28.96500015258789,29.15999984741211,28.325000762939453,28.469999313354492,11.282158851623535,1651800
2009-09-25,28.385000228881836,28.479999542236328,28.059999465942383,28.200000762939453,11.175163269042969,1792800
2009-09-28,28.315000534057617,28.594999313354492,28.25,28.489999771118164,11.290085792541504,1862000
2009-09-29,29.045000076293945,29.440000534057617,28.700000762939453,28.75,11.393121719360352,3680800
2009-09-30,28.69499969482422,28.8700008392334,27.969999313354492,28.295000076293945,11.212817192077637,3810200
2009-10-01,27.770000457763672,28.280000686645508,27.274999618530273,27.459999084472656,10.881915092468262,4800400
2009-10-02,27.170000076293945,27.450000762939453,26.975000381469727,27.030000686645508,10.711515426635742,2988600
2009-10-05,27.104999542236328,27.625,27.104999542236328,27.600000381469727,10.937395095825195,2290200
2009-10-06,27.875,28.065000534057617,27.395000457763672,27.700000762939453,10.977025985717773,3313800
2009-10-07,27.649999618530273,27.940000534057617,27.450000762939453,27.940000534057617,11.07213306427002,2950400
2009-10-08,28.295000076293945,28.575000762939453,28.110000610351562,28.350000381469727,11.23460865020752,3421200
2009-10-09,28.454999923706055,28.68000030517578,28.229999542236328,28.68000030517578,11.36538314819336,1498000
2009-10-12,28.735000610351562,28.969999313354492,28.71500015258789,28.81999969482422,11.420862197875977,1640000
2009-10-13,28.614999771118164,28.850000381469727,28.309999465942383,28.7450008392334,11.391142845153809,1632000
2009-10-14,29.010000228881836,29.854999542236328,29.010000228881836,29.81999969482422,11.817142486572266,2718200
2009-10-15,29.649999618530273,30.114999771118164,29.524999618530273,30.094999313354492,11.926121711730957,3381200
2009-10-16,29.825000762939453,30.350000381469727,29.6200008392334,30.209999084472656,11.971694946289062,4606600
2009-10-19,31.78499984741211,32.65999984741211,31.264999389648438,31.94499969482422,12.659241676330566,11795000
2009-10-20,32.09000015258789,32.5,31.790000915527344,31.954999923706055,12.6632080078125,4537200
2009-10-21,31.905000686645508,32.85499954223633,31.780000686645508,31.895000457763672,12.63943099975586,5878800
2009-10-22,31.895000457763672,32.04499816894531,31.25,31.915000915527344,12.647355079650879,3538800
2009-10-23,32.064998626708984,32.130001068115234,31.440000534057617,31.549999237060547,12.50271224975586,2284200
2009-10-26,31.610000610351562,32.060001373291016,31.010000228881836,31.139999389648438,12.340237617492676,2788000
2009-10-27,31.114999771118164,31.5,30.709999084472656,30.844999313354492,12.223331451416016,2251600
2009-10-28,30.665000915527344,30.989999771118164,30.014999389648438,30.100000381469727,11.928105354309082,2779400
2009-10-29,30.219999313354492,31.014999389648438,30.170000076293945,30.985000610351562,12.27881145477295,2705000
2009-10-30,30.954999923706055,31.100000381469727,30.024999618530273,30.225000381469727,11.977640151977539,4440800
2009-11-02,30.264999389648438,31.0,30.204999923706055,30.815000534057617,12.211447715759277,4365800
2009-11-03,30.5,32.08000183105469,30.5,31.56999969482422,12.510636329650879,6512600
2009-11-04,31.9950008392334,32.15999984741211,31.3700008392334,31.44499969482422,12.461103439331055,3247600
2009-11-05,31.354999542236328,32.43000030517578,31.354999542236328,32.2599983215332,12.99063777923584,3787200
2009-11-06,32.21500015258789,32.595001220703125,31.90999984741211,32.154998779296875,12.948349952697754,3391400
2009-11-09,32.459999084472656,32.71500015258789,32.3650016784668,32.494998931884766,13.0852632522583,4260600
2009-11-10,32.29999923706055,32.95500183105469,32.29999923706055,32.80500030517578,13.210098266601562,4749000
2009-11-11,32.880001068115234,33.16999816894531,32.380001068115234,32.5099983215332,13.09130573272705,3412600
2009-11-12,32.560001373291016,32.93000030517578,32.165000915527344,32.255001068115234,12.988622665405273,4121000
2009-11-13,32.334999084472656,32.5,32.10499954223633,32.26499938964844,12.992645263671875,2740000
2009-11-16,32.42499923706055,33.529998779296875,32.42499923706055,32.994998931884766,13.286608695983887,5980200
2009-11-17,32.630001068115234,32.790000915527344,32.14500045776367,32.29999923706055,13.006741523742676,4427000
2009-11-18,32.310001373291016,32.5099983215332,31.709999084472656,31.920000076293945,12.853720664978027,5391800
2009-11-19,31.809999465942383,31.809999465942383,31.219999313354492,31.600000381469727,12.724863052368164,4338200
2009-11-20,31.514999389648438,31.75,31.385000228881836,31.594999313354492,12.722847938537598,3589800
2009-11-23,32.03499984741211,32.83000183105469,32.005001068115234,32.2599983215332,12.99063777923584,4666600
2009-11-24,32.154998779296875,32.47999954223633,31.799999237060547,31.975000381469727,12.875868797302246,3728600
2009-11-25,32.09000015258789,32.80500030517578,31.8799991607666,32.70500183105469,13.169832229614258,2779400
2009-11-27,31.719999313354492,32.60499954223633,31.5,32.1349983215332,12.94029712677002,1853400
2009-11-30,31.825000762939453,32.119998931884766,31.434999465942383,31.950000762939453,12.865804672241211,2878600
2009-12-01,32.26499938964844,32.880001068115234,31.950000762939453,32.71500015258789,13.173855781555176,3351800
2009-12-02,32.755001068115234,32.79999923706055,32.23500061035156,32.33000183105469,13.01882266998291,2850800
2009-12-03,32.5,32.845001220703125,32.279998779296875,32.310001373291016,13.010770797729492,2228400
2009-12-04,32.69499969482422,33.19499969482422,32.42499923706055,33.10499954223633,13.330902099609375,3707600
2009-12-07,33.20000076293945,33.244998931884766,32.564998626708984,32.630001068115234,13.139627456665039,3197200
2009-12-08,32.33000183105469,32.400001525878906,31.834999084472656,32.029998779296875,12.898015975952148,2463200
2009-12-09,32.2400016784668,32.279998779296875,31.69499969482422,32.029998779296875,12.898015975952148,2540800
2009-12-10,32.209999084472656,32.3849983215332,32.07500076293945,32.19499969482422,12.964457511901855,2072200
2009-12-11,32.494998931884766,32.505001068115234,32.07500076293945,32.23500061035156,12.980567932128906,1934800
2009-12-14,32.3650016784668,32.8650016784668,32.314998626708984,32.8650016784668,13.234262466430664,1945600
2009-12-15,32.810001373291016,33.0,32.685001373291016,32.814998626708984,13.214123725891113,1962000
2009-12-16,32.915000915527344,33.03499984741211,32.619998931884766,32.779998779296875,13.200032234191895,2127800
2009-12-17,32.459999084472656,32.459999084472656,32.0,32.029998779296875,12.898015975952148,1644600
2009-12-18,32.375,32.375,31.53499984741211,31.635000228881836,12.738954544067383,3832400
2009-12-21,31.959999084472656,32.119998931884766,31.8700008392334,31.9950008392334,12.883922576904297,1969400
2009-12-22,31.954999923706055,32.189998626708984,31.81999969482422,31.9950008392334,12.883922576904297,1543200
2009-12-23,32.0,32.1150016784668,31.71500015258789,31.899999618530273,12.845673561096191,1458000
2009-12-24,32.099998474121094,32.28499984741211,31.90999984741211,32.244998931884766,12.984594345092773,366200
2009-12-28,32.20000076293945,32.310001373291016,31.915000915527344,32.02000045776367,12.89399242401123,981400
2009-12-29,32.03499984741211,32.125,31.915000915527344,32.01499938964844,12.891977310180664,1165400
2009-12-30,31.850000381469727,32.14500045776367,31.725000381469727,32.040000915527344,12.902046203613281,1348000
2009-12-31,32.0,32.025001525878906,31.795000076293945,31.809999465942383,12.809425354003906,1685400
2010-01-04,32.10499954223633,32.56999969482422,31.940000534057617,32.15999984741211,12.95036506652832,2347600
2010-01-05,32.224998474121094,32.224998474121094,31.614999771118164,31.969999313354492,12.873857498168945,2946600
2010-01-06,31.774999618530273,32.005001068115234,31.540000915527344,31.829999923706055,12.817480087280273,4188000
2010-01-07,31.684999465942383,32.31999969482422,31.614999771118164,32.29999923706055,13.006741523742676,2993000
2010-01-08,32.10499954223633,33.04499816894531,31.96500015258789,33.025001525878906,13.298691749572754,2767800
2010-01-11,33.060001373291016,34.650001525878906,33.060001373291016,34.53499984741211,13.906742095947266,5802400
2010-01-12,34.22999954223633,34.775001525878906,33.98500061035156,34.095001220703125,13.729559898376465,3668000
2010-01-13,34.130001068115234,34.5,33.8650016784668,34.44499969482422,13.870501518249512,3168800
2010-01-14,34.31999969482422,34.69499969482422,34.25,34.505001068115234,13.894665718078613,2061600
2010-01-15,34.51499938964844,34.560001373291016,33.845001220703125,33.875,13.640972137451172,3069600
2010-01-19,34.03499984741211,35.07500076293945,34.03499984741211,34.900001525878906,14.053728103637695,4371000
2010-01-20,34.3849983215332,34.529998779296875,33.8650016784668,34.19499969482422,13.769832611083984,2905400
2010-01-21,34.06999969482422,34.39500045776367,33.2400016784668,33.369998931884766,13.437617301940918,3435400
2010-01-22,33.314998626708984,33.560001373291016,32.84000015258789,32.939998626708984,13.264461517333984,3770800
2010-01-25,33.96500015258789,34.0,32.244998931884766,32.290000915527344,13.002713203430176,8600000
2010-01-26,32.43000030517578,32.619998931884766,31.790000915527344,32.064998626708984,12.912107467651367,4987800
2010-01-27,32.060001373291016,32.22999954223633,30.954999923706055,31.65999984741211,12.749022483825684,6130600
2010-01-28,31.854999542236328,31.854999542236328,31.0,31.264999389648438,12.589964866638184,3246200
2010-01-29,31.399999618530273,31.59000015258789,30.545000076293945,30.6200008392334,12.330232620239258,4108200
2010-02-01,30.81999969482422,32.224998474121094,30.739999771118164,32.185001373291016,12.960433006286621,5801000
2010-02-02,32.099998474121094,32.61000061035156,32.040000915527344,32.57500076293945,13.117481231689453,3712200
2010-02-03,32.47999954223633,32.869998931884766,32.310001373291016,32.3849983215332,13.040971755981445,2241000
2010-02-04,31.84000015258789,31.84000015258789,30.905000686645508,30.959999084472656,12.662647247314453,3923600
2010-02-05,30.899999618530273,31.225000381469727,30.415000915527344,31.0,12.67900276184082,4306800
2010-02-08,31.104999542236328,31.600000381469727,30.825000762939453,30.989999771118164,12.674917221069336,4362000
2010-02-09,31.375,32.20500183105469,31.065000534057617,31.93000030517578,13.05937671661377,5204800
2010-02-10,31.96500015258789,32.1150016784668,31.454999923706055,31.764999389648438,12.991889953613281,2352800
2010-02-11,31.739999771118164,32.45500183105469,31.5,32.41999816894531,13.259783744812012,2612800
2010-02-12,31.979999542236328,32.61000061035156,31.635000228881836,32.5099983215332,13.29659652709961,3581800
2010-02-16,32.90999984741211,33.3849983215332,32.470001220703125,33.31999969482422,13.627883911132812,3749800
2010-02-17,33.43000030517578,33.709999084472656,33.064998626708984,33.52000045776367,13.709686279296875,3524400
2010-02-18,33.4900016784668,33.90999984741211,33.44499969482422,33.80500030517578,13.826251983642578,2185400
2010-02-19,33.73500061035156,34.0099983215332,33.56999969482422,33.86000061035156,13.848746299743652,3417800
2010-02-22,34.03499984741211,34.03499984741211,33.60499954223633,33.71500015258789,13.789443969726562,2425000
2010-02-23,33.654998779296875,33.86000061035156,33.060001373291016,33.185001373291016,13.572672843933105,2576600
2010-02-24,33.21500015258789,33.52000045776367,33.11000061035156,33.404998779296875,13.662649154663086,2153800
2010-02-25,32.71500015258789,33.52000045776367,32.290000915527344,33.474998474121094,13.691280364990234,4099600
2010-02-26,33.900001525878906,34.650001525878906,33.564998626708984,34.060001373291016,13.93054485321045,4776200
2010-03-01,34.06999969482422,35.0,34.04499816894531,35.0,14.315008163452148,3980800
2010-03-02,35.224998474121094,35.345001220703125,34.904998779296875,35.0099983215332,14.319099426269531,2890000
2010-03-03,35.92499923706055,36.290000915527344,35.5,35.77000045776367,14.629938125610352,4761000
2010-03-04,35.82500076293945,36.125,35.47999954223633,35.77000045776367,14.629938125610352,4145400
2010-03-05,36.31999969482422,36.67499923706055,36.064998626708984,36.56999969482422,14.957136154174805,3531800
2010-03-08,36.650001525878906,36.689998626708984,36.20500183105469,36.29999923706055,14.84670639038086,1560200
2010-03-09,36.20500183105469,36.38999938964844,36.005001068115234,36.209999084472656,14.80989933013916,2566200
2010-03-10,36.38999938964844,36.404998779296875,35.95500183105469,36.22999954223633,14.818081855773926,3627000
2010-03-11,36.165000915527344,36.27000045776367,35.650001525878906,36.27000045776367,14.834441184997559,3032400
2010-03-12,36.5099983215332,37.209999084472656,36.5099983215332,37.209999084472656,15.218894958496094,4880600
2010-03-15,37.224998474121094,37.314998626708984,36.625,36.97999954223633,15.124823570251465,2474200
2010-03-16,37.060001373291016,37.36000061035156,36.94499969482422,37.28499984741211,15.249574661254883,1813600
2010-03-17,37.349998474121094,37.8650016784668,37.19499969482422,37.45000076293945,15.317060470581055,2647400
2010-03-18,37.42499923706055,37.71500015258789,37.290000915527344,37.54999923706055,15.35796070098877,1321600
2010-03-19,37.07500076293945,37.98500061035156,36.970001220703125,37.07500076293945,15.16368579864502,4379800
2010-03-22,36.779998779296875,37.92499923706055,36.720001220703125,37.83000183105469,15.472477912902832,3088200
2010-03-23,37.96500015258789,38.20500183105469,37.619998931884766,38.15999984741211,15.607446670532227,2794000
2010-03-24,38.13999938964844,38.13999938964844,37.369998931884766,37.40999984741211,15.300695419311523,2633200
2010-03-25,37.7599983215332,37.869998931884766,37.16999816894531,37.22999954223633,15.227075576782227,3442000
2010-03-26,37.31999969482422,37.650001525878906,37.03499984741211,37.28499984741211,15.249574661254883,2515800
2010-03-29,37.42499923706055,38.10499954223633,37.42499923706055,38.04499816894531,15.56041145324707,2686200
2010-03-30,38.165000915527344,38.470001220703125,38.01499938964844,38.209999084472656,15.627897262573242,2243200
2010-03-31,38.16999816894531,38.25,37.76499938964844,37.8849983215332,15.494972229003906,2522400
2010-04-01,38.10499954223633,38.435001373291016,37.84000015258789,38.025001525878906,15.552234649658203,2888600
2010-04-05,38.05500030517578,38.654998779296875,38.05500030517578,38.44499969482422,15.72400951385498,2395800
2010-04-06,38.404998779296875,38.869998931884766,38.14500045776367,38.83000183105469,15.8814697265625,2558400
2010-04-07,38.63999938964844,39.435001373291016,38.63999938964844,39.220001220703125,16.04098892211914,6605000
2010-04-08,39.06999969482422,39.47999954223633,38.72999954223633,39.244998931884766,16.05121421813965,5373400
2010-04-09,39.349998474121094,40.334999084472656,39.349998474121094,40.10499954223633,16.402956008911133,5263000
2010-04-12,40.10499954223633,40.45500183105469,39.875,39.96500015258789,16.34568977355957,4460800
2010-04-13,39.775001525878906,39.89500045776367,39.35499954223633,39.689998626708984,16.233219146728516,4362200
2010-04-14,39.900001525878906,40.02000045776367,39.560001373291016,39.95500183105469,16.34160041809082,3438000
2010-04-15,39.95000076293945,40.599998474121094,39.834999084472656,40.15999984741211,16.42544937133789,3450600
2010-04-16,40.13999938964844,40.32500076293945,39.2599983215332,39.69499969482422,16.235265731811523,2930000
2010-04-19,39.41999816894531,39.81999969482422,38.564998626708984,39.57500076293945,16.186180114746094,5345200
2010-04-20,40.564998626708984,40.88999938964844,38.959999084472656,39.154998779296875,16.0144100189209,9405800
2010-04-21,39.334999084472656,39.595001220703125,38.65999984741211,39.04499816894531,15.969412803649902,4731600
2010-04-22,38.79499816894531,39.470001220703125,38.20000076293945,39.36000061035156,16.098247528076172,5609200
2010-04-23,39.45500183105469,39.69499969482422,39.209999084472656,39.60499954223633,16.198453903198242,3185600
2010-04-26,39.779998779296875,39.939998626708984,39.3650016784668,39.41999816894531,16.122785568237305,3644600
2010-04-27,39.275001525878906,39.775001525878906,38.3849983215332,38.52000045776367,15.754691123962402,3830600
2010-04-28,38.82500076293945,38.849998474121094,38.314998626708984,38.55500030517578,15.769000053405762,3523000
2010-04-29,38.91999816894531,39.51499938964844,38.7599983215332,39.505001068115234,16.157548904418945,5681600
2010-04-30,39.47999954223633,39.56999969482422,38.560001373291016,38.58000183105469,15.779231071472168,7803400
2010-05-03,38.94499969482422,39.54499816894531,38.58000183105469,39.22999954223633,16.04507827758789,4200000
2010-05-04,38.6349983215332,38.6349983215332,37.21500015258789,37.45000076293945,15.317060470581055,5786000
2010-05-05,36.970001220703125,37.70500183105469,36.290000915527344,37.5099983215332,15.34160041809082,6049600
2010-05-06,37.334999084472656,37.46500015258789,33.1349983215332,35.619998931884766,14.765398979187012,6323600
2010-05-07,35.439998626708984,35.709999084472656,34.14500045776367,35.125,14.560211181640625,7921000
2010-05-10,37.22999954223633,37.55500030517578,36.84000015258789,37.40999984741211,15.507413864135742,4815200
2010-05-11,36.900001525878906,37.875,36.869998931884766,37.5099983215332,15.548863410949707,4191000
2010-05-12,37.66999816894531,38.6349983215332,37.66999816894531,38.5,15.959242820739746,3307000
2010-05-13,38.30500030517578,38.7599983215332,37.95000076293945,38.08000183105469,15.785148620605469,2428600
2010-05-14,37.650001525878906,37.80500030517578,36.56999969482422,36.959999084472656,15.320873260498047,3256800
2010-05-17,37.21500015258789,37.459999084472656,36.060001373291016,36.92499923706055,15.306361198425293,3441000
2010-05-18,37.314998626708984,37.880001068115234,36.09000015258789,36.30500030517578,15.049357414245605,3739400
2010-05-19,35.88999938964844,36.0,34.470001220703125,35.185001373291016,14.58508586883545,5288800
2010-05-20,34.119998931884766,34.75,33.619998931884766,33.79499816894531,14.008895874023438,5303600
2010-05-21,33.01499938964844,34.70000076293945,33.0,34.65999984741211,14.367461204528809,7544800
2010-05-24,34.51499938964844,34.810001373291016,34.30500030517578,34.53499984741211,14.315643310546875,5071600
2010-05-25,33.6349983215332,34.474998474121094,33.084999084472656,34.44499969482422,14.278338432312012,6558200
2010-05-26,34.84000015258789,35.345001220703125,34.0099983215332,34.1349983215332,14.149834632873535,5098400
2010-05-27,34.91999816894531,35.26499938964844,34.540000915527344,35.244998931884766,14.609957695007324,4410000
2010-05-28,35.849998474121094,35.849998474121094,34.689998626708984,34.974998474121094,14.49803638458252,4009800
2010-06-01,34.64500045776367,35.349998474121094,34.005001068115234,34.060001373291016,14.118743896484375,2962200
2010-06-02,34.20500183105469,35.36000061035156,34.040000915527344,35.31999969482422,14.641044616699219,3372400
2010-06-03,35.2599983215332,35.88999938964844,35.2599983215332,35.81999969482422,14.848315238952637,3143400
2010-06-04,34.85499954223633,35.09000015258789,33.43000030517578,33.59000015258789,13.92391586303711,3341800
2010-06-07,33.59000015258789,33.82500076293945,33.084999084472656,33.209999084472656,13.766400337219238,5194400
2010-06-08,33.29999923706055,33.80500030517578,33.17499923706055,33.73500061035156,13.984026908874512,5563400
2010-06-09,33.91999816894531,34.7599983215332,33.45000076293945,33.60499954223633,13.930135726928711,3108200
2010-06-10,34.314998626708984,35.48500061035156,34.314998626708984,35.43000030517578,14.686643600463867,3838800
2010-06-11,34.935001373291016,35.64500045776367,34.7599983215332,35.26499938964844,14.618247032165527,2554400
2010-06-14,35.650001525878906,36.290000915527344,35.57500076293945,35.70000076293945,14.798568725585938,3060000
2010-06-15,35.935001373291016,37.28499984741211,35.935001373291016,37.224998474121094,15.430718421936035,3815200
2010-06-16,36.96500015258789,37.380001068115234,36.54999923706055,36.779998779296875,15.246260643005371,2947600
2010-06-17,37.154998779296875,37.154998779296875,36.345001220703125,37.099998474121094,15.37890338897705,2952800
2010-06-18,37.084999084472656,37.345001220703125,36.84000015258789,37.15999984741211,15.403779029846191,2874200
2010-06-21,37.57500076293945,38.14500045776367,36.89500045776367,37.15999984741211,15.403779029846191,2770000
2010-06-22,37.15999984741211,37.42499923706055,35.69499969482422,35.790000915527344,14.835877418518066,3006200
2010-06-23,35.7599983215332,35.845001220703125,34.904998779296875,35.53499984741211,14.730168342590332,3034400
2010-06-24,35.3849983215332,35.540000915527344,34.625,34.709999084472656,14.38818645477295,2085600
2010-06-25,34.77000045776367,35.19499969482422,34.310001373291016,35.099998474121094,14.549851417541504,4234800
2010-06-28,35.36000061035156,35.36000061035156,34.560001373291016,34.6150016784668,14.348804473876953,2996400
2010-06-29,33.80500030517578,34.060001373291016,32.689998626708984,32.994998931884766,13.677274703979492,4434000
2010-06-30,32.904998779296875,33.584999084472656,32.654998779296875,32.720001220703125,13.563285827636719,6160200
2010-07-01,32.64500045776367,32.78499984741211,31.864999771118164,32.279998779296875,13.380890846252441,4869600
2010-07-02,32.43000030517578,32.73500061035156,31.68000030517578,31.850000381469727,13.20264720916748,4042200
2010-07-06,32.599998474121094,32.71500015258789,31.475000381469727,31.790000915527344,13.177770614624023,3380000
2010-07-07,31.950000762939453,32.88999938964844,31.764999389648438,32.880001068115234,13.629609107971191,3589200
2010-07-08,33.13999938964844,33.404998779296875,32.720001220703125,33.275001525878906,13.793347358703613,2571000
2010-07-09,33.369998931884766,33.77000045776367,33.185001373291016,33.75,13.990243911743164,1697600
2010-07-12,33.54999923706055,33.65999984741211,33.125,33.29999923706055,13.803704261779785,3168000
2010-07-13,33.79499816894531,34.439998626708984,33.744998931884766,34.2599983215332,14.20164966583252,3032600
2010-07-14,34.060001373291016,34.47999954223633,33.83000183105469,34.349998474121094,14.238957405090332,2870800
2010-07-15,34.39500045776367,34.540000915527344,33.85499954223633,34.474998474121094,14.290775299072266,3340600
2010-07-16,34.1150016784668,34.40999984741211,33.47999954223633,33.599998474121094,13.928062438964844,3232800
2010-07-19,33.70000076293945,33.91999816894531,33.1349983215332,33.755001068115234,13.992319107055664,2183600
2010-07-20,33.150001525878906,34.6150016784668,33.04999923706055,34.529998779296875,14.313570022583008,3304200
2010-07-21,36.130001068115234,36.994998931884766,35.75,36.56999969482422,15.159210205078125,9396800
2010-07-22,37.220001220703125,37.810001373291016,36.849998474121094,37.375,15.492897033691406,6797000
2010-07-23,37.29999923706055,38.73500061035156,37.14500045776367,38.6150016784668,16.006912231445312,5592800
2010-07-26,38.8849983215332,39.125,38.22999954223633,38.709999084472656,16.046289443969727,5382600
2010-07-27,39.05500030517578,39.125,38.560001373291016,38.79499816894531,16.081527709960938,4448400
2010-07-28,38.79499816894531,39.279998779296875,38.279998779296875,38.529998779296875,15.971678733825684,4298800
2010-07-29,38.92499923706055,39.099998474121094,38.064998626708984,38.724998474121094,16.052509307861328,3270600
2010-07-30,38.07500076293945,39.45000076293945,37.915000915527344,39.22999954223633,16.2618465423584,4328800
2010-08-02,39.970001220703125,39.9900016784668,39.3849983215332,39.82500076293945,16.50848960876465,3974800
2010-08-03,39.869998931884766,39.939998626708984,39.29999923706055,39.70000076293945,16.45667266845703,3667000
2010-08-04,39.7400016784668,40.375,39.70000076293945,40.32500076293945,16.715749740600586,2983800
2010-08-05,39.904998779296875,39.94499969482422,39.53499984741211,39.875,16.770421981811523,3534000
2010-08-06,39.57500076293945,39.81999969482422,38.939998626708984,39.57500076293945,16.64425277709961,2627400
2010-08-09,39.9900016784668,39.9900016784668,39.380001068115234,39.560001373291016,16.637948989868164,1789000
2010-08-10,39.15999984741211,39.79999923706055,38.97999954223633,39.53499984741211,16.627429962158203,3928600
2010-08-11,38.970001220703125,38.970001220703125,38.16999816894531,38.224998474121094,16.07647705078125,4338000
2010-08-12,37.45000076293945,38.08000183105469,37.26499938964844,37.84000015258789,15.914556503295898,3080400
2010-08-13,37.599998474121094,37.98500061035156,37.5,37.6349983215332,15.828336715698242,1835000
2010-08-16,37.41999816894531,38.0099983215332,36.970001220703125,37.70500183105469,15.85778522491455,1752800
2010-08-17,38.130001068115234,38.91999816894531,38.130001068115234,38.380001068115234,16.141666412353516,2687600
2010-08-18,38.39500045776367,38.46500015258789,37.720001220703125,37.72999954223633,15.868288040161133,4129600
2010-08-19,37.529998779296875,37.77000045776367,36.529998779296875,36.689998626708984,15.430890083312988,4007400
2010-08-20,36.33000183105469,36.56999969482422,35.875,36.52000045776367,15.359399795532227,3063400
2010-08-23,36.650001525878906,36.775001525878906,36.1150016784668,36.244998931884766,15.243739128112793,3812200
2010-08-24,35.7400016784668,35.974998474121094,35.099998474121094,35.32500076293945,14.856803894042969,4620000
2010-08-25,35.005001068115234,35.32500076293945,34.529998779296875,34.98500061035156,14.713818550109863,4556400
2010-08-26,35.13999938964844,35.685001373291016,34.88999938964844,35.08000183105469,14.753767967224121,5152800
2010-08-27,35.39500045776367,36.06999969482422,35.03499984741211,35.93000030517578,15.11125659942627,3996600
2010-08-30,35.875,35.970001220703125,35.03499984741211,35.03499984741211,14.734845161437988,2085800
2010-08-31,34.76499938964844,35.13999938964844,34.3650016784668,34.7400016784668,14.610772132873535,3659600
2010-09-01,35.33000183105469,37.599998474121094,35.30500030517578,37.43000030517578,15.742118835449219,6994200
2010-09-02,37.435001373291016,38.029998779296875,37.27000045776367,38.029998779296875,15.994468688964844,3787000
2010-09-03,38.64500045776367,38.900001525878906,37.80500030517578,38.25,16.086992263793945,3920400
2010-09-07,37.880001068115234,38.15999984741211,37.654998779296875,37.685001373291016,15.849363327026367,2475600
2010-09-08,37.720001220703125,38.724998474121094,37.720001220703125,38.529998779296875,16.204750061035156,2811000
2010-09-09,38.93000030517578,39.0,38.470001220703125,38.654998779296875,16.25732421875,3007800
2010-09-10,38.845001220703125,39.3650016784668,38.73500061035156,39.279998779296875,16.520187377929688,2404400
2010-09-13,39.45000076293945,40.33000183105469,39.45000076293945,40.095001220703125,16.862947463989258,4122600
2010-09-14,40.154998779296875,40.84000015258789,39.755001068115234,40.21500015258789,16.913421630859375,4415800
2010-09-15,39.92499923706055,40.07500076293945,39.334999084472656,39.6150016784668,16.661075592041016,3497400
2010-09-16,39.31999969482422,40.1150016784668,39.29499816894531,39.86000061035156,16.764114379882812,2367200
2010-09-17,39.994998931884766,40.26499938964844,39.689998626708984,39.92499923706055,16.79145622253418,2493200
2010-09-20,40.17499923706055,40.75,39.96500015258789,40.6150016784668,17.081645965576172,2802400
2010-09-21,40.654998779296875,41.369998931884766,40.654998779296875,40.91999816894531,17.209928512573242,3722800
2010-09-22,40.744998931884766,41.154998779296875,40.290000915527344,40.56999969482422,17.062728881835938,4005000
2010-09-23,40.23500061035156,40.54499816894531,39.875,40.01499938964844,16.82930564880371,3299200
2010-09-24,40.6349983215332,41.42499923706055,40.6349983215332,41.209999084472656,17.331892013549805,2707800
2010-09-27,40.7599983215332,41.25,40.60499954223633,40.95500183105469,17.224639892578125,2150600
2010-09-28,41.125,41.314998626708984,40.415000915527344,41.2400016784668,17.344514846801758,3468200
2010-09-29,41.0,41.45000076293945,40.900001525878906,41.334999084472656,17.384462356567383,2735400
2010-09-30,41.70500183105469,42.16999816894531,41.040000915527344,41.244998931884766,17.346614837646484,3267400
2010-10-01,42.20500183105469,42.290000915527344,41.125,41.26499938964844,17.35502815246582,4228400
2010-10-04,41.154998779296875,41.39500045776367,40.54999923706055,40.64500045776367,17.094274520874023,2792400
2010-10-05,41.224998474121094,41.9900016784668,41.154998779296875,41.709999084472656,17.54217529296875,3880400
2010-10-06,41.650001525878906,41.95000076293945,41.18000030517578,41.54499816894531,17.472782135009766,2945200
2010-10-07,41.73500061035156,41.845001220703125,41.1349983215332,41.4900016784668,17.44965362548828,1802800
2010-10-08,41.56999969482422,41.790000915527344,41.29499816894531,41.60499954223633,17.49802017211914,2009000
2010-10-11,41.564998626708984,41.6150016784668,41.154998779296875,41.34000015258789,17.38656997680664,1694400
2010-10-12,41.30500030517578,41.48500061035156,40.48500061035156,41.39500045776367,17.409704208374023,2495000
2010-10-13,41.560001373291016,42.474998474121094,41.560001373291016,42.04499816894531,17.683073043823242,2870000
2010-10-14,42.04499816894531,42.20000076293945,41.60499954223633,41.81999969482422,17.588443756103516,1817200
2010-10-15,42.314998626708984,42.46500015258789,41.45000076293945,41.939998626708984,17.6389102935791,2149400
2010-10-18,41.79999923706055,42.21500015258789,41.650001525878906,42.150001525878906,17.727231979370117,2441600
2010-10-19,42.625,42.625,41.435001373291016,41.70500183105469,17.540075302124023,6074600
2010-10-20,42.599998474121094,43.47999954223633,41.57500076293945,43.40999984741211,18.257156372070312,6528800
2010-10-21,43.33000183105469,44.22999954223633,43.209999084472656,44.04499816894531,18.524213790893555,3861600
2010-10-22,44.21500015258789,44.25,43.71500015258789,43.935001373291016,18.47795295715332,2609600
2010-10-25,44.09000015258789,44.75,44.064998626708984,44.125,18.5578670501709,2977800
2010-10-26,43.82500076293945,43.89500045776367,43.35499954223633,43.76499938964844,18.406461715698242,2490400
2010-10-27,43.45500183105469,43.72999954223633,42.939998626708984,43.66999816894531,18.366506576538086,1687600
2010-10-28,44.11000061035156,44.19499969482422,43.56999969482422,44.029998779296875,18.517915725708008,2824800
2010-10-29,43.89500045776367,44.439998626708984,43.779998779296875,44.415000915527344,18.679840087890625,2859800
2010-11-01,44.625,44.95000076293945,43.939998626708984,44.23500061035156,18.604129791259766,2291000
2010-11-02,44.75,45.34000015258789,44.65999984741211,45.25,19.0310115814209,3309000
2010-11-03,45.27000045776367,45.974998474121094,45.165000915527344,45.85499954223633,19.285459518432617,4162400
2010-11-04,46.07500076293945,46.779998779296875,45.95000076293945,46.625,19.86050796508789,3806200
2010-11-05,45.779998779296875,47.01499938964844,45.779998779296875,46.939998626708984,19.994686126708984,3469400
2010-11-08,46.61000061035156,46.90999984741211,46.41999816894531,46.68000030517578,19.88394546508789,2386400
2010-11-09,46.849998474121094,46.939998626708984,46.314998626708984,46.57500076293945,19.839210510253906,2948600
2010-11-10,46.73500061035156,47.060001373291016,46.345001220703125,46.79999923706055,19.935054779052734,2357400
2010-11-11,46.334999084472656,47.07500076293945,46.334999084472656,47.05500030517578,20.043676376342773,2240800
2010-11-12,47.35499954223633,47.7400016784668,46.3849983215332,47.130001068115234,20.07563018798828,5821200
2010-11-15,47.150001525878906,47.65999984741211,46.775001525878906,47.099998474121094,20.06284523010254,3634800
2010-11-16,46.875,47.17499923706055,45.939998626708984,46.619998931884766,19.858383178710938,3533600
2010-11-17,46.70000076293945,46.83000183105469,46.04999923706055,46.21500015258789,19.685867309570312,3033200
2010-11-18,46.98500061035156,48.150001525878906,46.875,47.8849983215332,20.397216796875,4666400
2010-11-19,48.095001220703125,48.25,47.685001373291016,48.2400016784668,20.548442840576172,3546800
2010-11-22,47.8650016784668,48.779998779296875,47.79999923706055,48.720001220703125,20.752904891967773,2489000
2010-11-23,48.025001525878906,48.314998626708984,47.3849983215332,47.904998779296875,20.405742645263672,3275000
2010-11-24,48.165000915527344,49.154998779296875,48.165000915527344,49.05500030517578,20.89559555053711,2788600
2010-11-26,48.584999084472656,49.16999816894531,48.5,48.994998931884766,20.87004852294922,1304200
2010-11-29,48.54999923706055,48.54999923706055,47.70000076293945,48.310001373291016,20.578266143798828,2998800
2010-11-30,47.68000030517578,48.42499923706055,47.52000045776367,48.20000076293945,20.531404495239258,2388400
2010-12-01,49.0,49.80500030517578,48.970001220703125,49.44499969482422,21.06171989440918,3028000
2010-12-02,49.34000015258789,50.0,49.20000076293945,49.875,21.244890213012695,3904000
2010-12-03,49.584999084472656,49.974998474121094,49.48500061035156,49.81999969482422,21.221464157104492,2112600
2010-12-06,49.60499954223633,50.0,49.43000030517578,49.875,21.244890213012695,1683200
2010-12-07,50.209999084472656,50.89500045776367,50.0,50.255001068115234,21.406755447387695,3729400
2010-12-08,50.38999938964844,50.43000030517578,49.619998931884766,49.834999084472656,21.22784423828125,2368000
2010-12-09,50.02000045776367,50.43000030517578,49.54999923706055,49.685001373291016,21.163965225219727,2458800
2010-12-10,49.90999984741211,50.0,49.43000030517578,49.45500183105469,21.06598663330078,3077400
2010-12-13,49.91999816894531,49.98500061035156,49.13999938964844,49.209999084472656,20.961624145507812,3501800
2010-12-14,49.19499969482422,49.72999954223633,49.150001525878906,49.45000076293945,21.06385612487793,2020200
2010-12-15,49.400001525878906,50.16999816894531,49.34000015258789,49.619998931884766,21.136276245117188,2664200
2010-12-16,50.07500076293945,50.630001068115234,49.685001373291016,50.45000076293945,21.489816665649414,3453800
2010-12-17,50.53499984741211,50.6150016784668,49.84000015258789,50.02000045776367,21.306659698486328,3734800
2010-12-20,50.26499938964844,50.619998931884766,49.61000061035156,50.51499938964844,21.517501831054688,3361200
2010-12-21,50.51499938964844,51.279998779296875,50.51499938964844,51.08000183105469,21.7581844329834,2982400
2010-12-22,51.02000045776367,51.349998474121094,50.790000915527344,51.09000015258789,21.762439727783203,1975600
2010-12-23,51.040000915527344,51.064998626708984,50.55500030517578,50.73500061035156,21.61122703552246,920400
2010-12-27,50.529998779296875,50.900001525878906,50.39500045776367,50.814998626708984,21.64529800415039,757000
2010-12-28,50.95000076293945,50.97999954223633,50.52000045776367,50.685001373291016,21.589921951293945,792000
2010-12-29,50.73500061035156,51.04999923706055,50.61000061035156,50.70000076293945,21.596315383911133,699000
2010-12-30,50.56999969482422,50.80500030517578,50.42499923706055,50.58000183105469,21.545198440551758,1015000
2010-12-31,50.54499816894531,51.0099983215332,50.42499923706055,50.755001068115234,21.619733810424805,1432200
2011-01-03,51.23500061035156,52.130001068115234,51.09000015258789,51.834999084472656,22.07977294921875,3628400
2011-01-04,51.86000061035156,51.935001373291016,50.540000915527344,51.61000061035156,21.983943939208984,3948800
2011-01-05,51.275001525878906,52.224998474121094,51.275001525878906,51.974998474121094,22.13941192626953,2644200
2011-01-06,51.91999816894531,52.08000183105469,51.1349983215332,51.29499816894531,21.84976577758789,1861000
2011-01-07,51.30500030517578,52.154998779296875,50.974998474121094,51.29999923706055,21.851890563964844,2209400
2011-01-10,50.94499969482422,51.42499923706055,50.775001525878906,51.34000015258789,21.868919372558594,2681200
2011-01-11,51.48500061035156,52.21500015258789,51.255001068115234,51.9900016784668,22.145803451538086,1460800
2011-01-12,52.4900016784668,52.900001525878906,52.21500015258789,52.720001220703125,22.456758499145508,1768400
2011-01-13,52.75,52.89500045776367,51.7400016784668,51.88999938964844,22.103208541870117,2117600
2011-01-14,51.834999084472656,52.275001525878906,51.78499984741211,52.07500076293945,22.182010650634766,2238800
2011-01-18,52.1349983215332,53.099998474121094,52.1349983215332,53.04999923706055,22.597320556640625,2357800
2011-01-19,52.959999084472656,53.375,52.0,52.10499954223633,22.19478988647461,2606600
2011-01-20,51.665000915527344,51.69499969482422,50.005001068115234,50.10499954223633,21.342870712280273,4937600
2011-01-21,52.01499938964844,52.01499938964844,50.56999969482422,51.224998474121094,21.8199405670166,4141200
2011-01-24,51.279998779296875,51.7599983215332,51.005001068115234,51.349998474121094,21.87318992614746,2239800
2011-01-25,51.42499923706055,51.77000045776367,50.89500045776367,51.619998931884766,21.988197326660156,2471800
2011-01-26,51.875,52.790000915527344,51.71500015258789,52.30500030517578,22.27998161315918,4424800
2011-01-27,51.619998931884766,53.55500030517578,51.3849983215332,53.22999954223633,22.674001693725586,8347200
2011-01-28,53.474998474121094,53.904998779296875,52.029998779296875,52.130001068115234,22.2054386138916,3836200
2011-01-31,53.10499954223633,54.540000915527344,52.755001068115234,53.97999954223633,22.993465423583984,4481600
2011-02-01,54.505001068115234,54.86000061035156,53.845001220703125,54.57500076293945,23.246915817260742,3469600
2011-02-02,54.3650016784668,54.779998779296875,54.11000061035156,54.42499923706055,23.18301773071289,2338400
2011-02-03,54.08000183105469,54.59000015258789,53.89500045776367,54.5,23.50869369506836,2321600
2011-02-04,54.46500015258789,54.90999984741211,54.369998931884766,54.779998779296875,23.62946891784668,1943800
2011-02-07,54.7400016784668,54.994998931884766,54.404998779296875,54.6150016784668,23.558305740356445,2534800
2011-02-08,54.790000915527344,55.56999969482422,54.56999969482422,55.56999969482422,23.97023582458496,2426800
2011-02-09,55.41999816894531,55.470001220703125,54.73500061035156,55.38999938964844,23.89259147644043,2590800
2011-02-10,55.0,56.04999923706055,55.0,55.96500015258789,24.140625,1849200
2011-02-11,55.65999984741211,56.4900016784668,55.525001525878906,56.220001220703125,24.250625610351562,1783400
2011-02-14,55.845001220703125,56.459999084472656,55.76499938964844,55.834999084472656,24.08455467224121,1609600
2011-02-15,55.69499969482422,55.744998931884766,54.83000183105469,54.94499969482422,23.70064926147461,2342200
2011-02-16,55.29999923706055,55.994998931884766,55.150001525878906,55.70500183105469,24.028474807739258,2056400
2011-02-17,55.38999938964844,55.625,55.040000915527344,55.435001373291016,23.912015914916992,1624400
2011-02-18,55.55500030517578,55.709999084472656,55.04999923706055,55.459999084472656,23.92279815673828,3653800
2011-02-22,54.724998474121094,55.165000915527344,53.61000061035156,53.709999084472656,23.16792106628418,2874200
2011-02-23,53.46500015258789,53.69499969482422,51.97999954223633,52.7599983215332,22.75814437866211,4965000
2011-02-24,52.400001525878906,52.90999984741211,51.69499969482422,52.45000076293945,22.624425888061523,5397800
2011-02-25,53.42499923706055,54.04999923706055,53.25,53.46500015258789,23.062246322631836,4810600
2011-02-28,53.92499923706055,55.44499969482422,53.77000045776367,55.38999938964844,23.89259147644043,9690800
2011-03-01,55.81999969482422,56.150001525878906,53.5,53.54999923706055,23.098907470703125,2695400
2011-03-02,53.380001068115234,54.83000183105469,53.349998474121094,54.08000183105469,23.32752227783203,2434400
2011-03-03,54.869998931884766,56.209999084472656,54.66999816894531,55.84000015258789,24.086706161499023,2908300
2011-03-04,55.779998779296875,55.84000015258789,54.130001068115234,54.349998474121094,23.443988800048828,2657000
2011-03-07,54.79999923706055,54.84000015258789,52.650001525878906,53.029998779296875,22.874603271484375,3918800
2011-03-08,53.040000915527344,53.9900016784668,52.56999969482422,53.7599983215332,23.189489364624023,3399200
2011-03-09,53.54999923706055,53.599998474121094,52.54999923706055,52.66999816894531,22.719318389892578,2581800
2011-03-10,51.95000076293945,52.06999969482422,51.15999984741211,51.2400016784668,22.102481842041016,3202500
2011-03-11,50.95000076293945,51.779998779296875,50.75,51.619998931884766,22.26640510559082,3156000
2011-03-14,51.209999084472656,51.650001525878906,50.779998779296875,51.529998779296875,22.227577209472656,2636300
2011-03-15,49.709999084472656,51.47999954223633,48.56999969482422,51.02000045776367,22.00758934020996,2286300
2011-03-16,50.900001525878906,51.54999923706055,50.029998779296875,50.29999923706055,21.697011947631836,2975100
2011-03-17,51.119998931884766,51.720001220703125,50.560001373291016,51.349998474121094,22.149932861328125,2978400
2011-03-18,52.08000183105469,52.52000045776367,51.5099983215332,51.75,22.322481155395508,3663100
2011-03-21,52.75,53.22999954223633,52.13999938964844,53.16999816894531,22.934995651245117,2297300
2011-03-22,53.5099983215332,53.5099983215332,52.43000030517578,52.47999954223633,22.637361526489258,2384900
2011-03-23,52.29999923706055,52.650001525878906,51.54999923706055,52.380001068115234,22.59423065185547,1736800
2011-03-24,52.869998931884766,53.540000915527344,52.209999084472656,53.41999816894531,23.04283332824707,1851700
2011-03-25,53.59000015258789,54.25,53.36000061035156,54.0099983215332,23.29732894897461,2107900
2011-03-28,54.20000076293945,54.220001220703125,53.91999816894531,54.0099983215332,23.29732894897461,2216900
2011-03-29,53.81999969482422,54.400001525878906,53.5099983215332,54.38999938964844,23.46123695373535,1608800
2011-03-30,54.849998474121094,54.88999938964844,54.56999969482422,54.81999969482422,23.64672088623047,2144600
2011-03-31,54.70000076293945,55.619998931884766,54.5099983215332,55.439998626708984,23.914159774780273,2171200
2011-04-01,55.970001220703125,56.20000076293945,55.66999816894531,55.90999984741211,24.116899490356445,1853400
2011-04-04,56.27000045776367,56.41999816894531,55.20000076293945,55.599998474121094,23.983182907104492,1591200
2011-04-05,55.38999938964844,55.880001068115234,55.18000030517578,55.220001220703125,23.819263458251953,1686300
2011-04-06,55.29999923706055,55.65999984741211,54.560001373291016,55.099998474121094,23.767505645751953,1750400
2011-04-07,54.90999984741211,55.189998626708984,54.38999938964844,54.9900016784668,23.720062255859375,1916100
2011-04-08,55.34000015258789,55.41999816894531,53.75,54.2599983215332,23.405170440673828,1511800
2011-04-11,54.25,54.31999969482422,53.16999816894531,53.58000183105469,23.111846923828125,2089200
2011-04-12,53.099998474121094,53.220001220703125,51.97999954223633,52.5,22.64598846435547,2961500
2011-04-13,53.029998779296875,53.060001373291016,51.90999984741211,52.29999923706055,22.55971336364746,1888800
2011-04-14,51.93000030517578,52.619998931884766,51.369998931884766,52.369998931884766,22.589916229248047,2635600
2011-04-15,52.40999984741211,52.79999923706055,51.9900016784668,52.349998474121094,22.581283569335938,2962100
2011-04-18,51.4900016784668,51.83000183105469,50.630001068115234,51.56999969482422,22.244827270507812,2591200
2011-04-19,52.77000045776367,53.11000061035156,52.40999984741211,52.630001068115234,22.702064514160156,2997800
2011-04-20,52.70000076293945,53.61000061035156,51.61000061035156,53.5,23.077341079711914,6067600
2011-04-21,53.9900016784668,54.22999954223633,53.25,53.88999938964844,23.24556541442871,3447600
2011-04-25,54.0099983215332,54.400001525878906,53.150001525878906,53.61000061035156,23.124788284301758,1860700
2011-04-26,54.310001373291016,55.279998779296875,54.2400016784668,54.90999984741211,23.685546875,2100000
2011-04-27,55.0,55.7599983215332,54.27000045776367,55.54999923706055,23.96161460876465,2970000
2011-04-28,55.459999084472656,55.63999938964844,54.47999954223633,54.59000015258789,23.547510147094727,2414900
2011-04-29,54.650001525878906,54.880001068115234,53.40999984741211,53.560001373291016,23.10322380065918,4985600
2011-05-02,53.7599983215332,53.959999084472656,52.790000915527344,53.130001068115234,22.917741775512695,2937000
2011-05-03,53.0,53.099998474121094,52.15999984741211,52.38999938964844,22.59853744506836,2566300
2011-05-04,52.560001373291016,52.81999969482422,51.84000015258789,52.27000045776367,22.546781539916992,4095800
2011-05-05,51.72999954223633,52.459999084472656,51.029998779296875,51.54999923706055,22.381786346435547,3398600
2011-05-06,52.43000030517578,53.150001525878906,51.560001373291016,51.779998779296875,22.481651306152344,2751400
2011-05-09,51.900001525878906,52.060001373291016,51.439998626708984,51.7599983215332,22.472963333129883,2173000
2011-05-10,51.720001220703125,52.25,51.66999816894531,52.02000045776367,22.585857391357422,3231700
2011-05-11,52.04999923706055,52.43000030517578,51.63999938964844,52.040000915527344,22.594532012939453,3419800
2011-05-12,52.040000915527344,53.029998779296875,51.720001220703125,52.65999984741211,22.86372184753418,3731900
2011-05-13,52.720001220703125,53.13999938964844,51.720001220703125,51.91999816894531,22.542434692382812,2312400
2011-05-16,51.619998931884766,52.5,51.31999969482422,51.540000915527344,22.377450942993164,2404300
2011-05-17,51.16999816894531,51.189998626708984,49.5,49.650001525878906,21.556861877441406,5352900
2011-05-18,49.81999969482422,50.400001525878906,49.5,50.08000183105469,21.743555068969727,4235300
2011-05-19,51.5,51.75,50.959999084472656,51.380001068115234,22.307981491088867,4404400
2011-05-20,51.27000045776367,51.599998474121094,50.81999969482422,50.970001220703125,22.129972457885742,4446900
2011-05-23,50.0,50.09000015258789,49.45000076293945,49.790000915527344,21.617643356323242,2670500
2011-05-24,49.93000030517578,50.369998931884766,49.599998474121094,49.709999084472656,21.582902908325195,1848200
2011-05-25,49.310001373291016,50.72999954223633,49.220001220703125,50.40999984741211,21.886825561523438,2644000
2011-05-26,50.16999816894531,50.900001525878906,49.939998626708984,50.66999816894531,21.99971580505371,1619100
2011-05-27,50.93000030517578,51.529998779296875,50.720001220703125,51.380001068115234,22.307981491088867,1490800
2011-05-31,51.77000045776367,51.9900016784668,50.91999816894531,51.66999816894531,22.43389129638672,2742100
2011-06-01,51.58000183105469,51.849998474121094,49.16999816894531,49.220001220703125,21.370159149169922,3407000
2011-06-02,49.38999938964844,50.779998779296875,49.36000061035156,50.040000915527344,21.72618293762207,4145500
2011-06-03,49.25,49.72999954223633,48.70000076293945,48.90999984741211,21.235567092895508,3304500
2011-06-06,48.79999923706055,48.79999923706055,47.279998779296875,48.290000915527344,20.96637535095215,5941400
2011-06-07,48.45000076293945,48.58000183105469,47.529998779296875,47.56999969482422,20.653766632080078,6772200
2011-06-08,47.54999923706055,47.709999084472656,46.130001068115234,46.25,20.080657958984375,5712400
2011-06-09,46.29999923706055,47.0099983215332,46.2599983215332,46.810001373291016,20.323789596557617,3382100
2011-06-10,46.56999969482422,46.650001525878906,45.790000915527344,45.810001373291016,19.88962173461914,2946400
2011-06-13,46.13999938964844,46.619998931884766,45.849998474121094,46.29999923706055,20.102367401123047,3430300
2011-06-14,46.619998931884766,47.7599983215332,46.47999954223633,47.40999984741211,20.58430290222168,3647200
2011-06-15,46.81999969482422,47.09000015258789,46.34000015258789,46.52000045776367,20.19788932800293,2663300
2011-06-16,46.470001220703125,47.2599983215332,46.04999923706055,46.709999084472656,20.28038215637207,3787900
2011-06-17,47.33000183105469,47.619998931884766,46.95000076293945,47.0,20.406282424926758,5803900
2011-06-20,46.779998779296875,47.619998931884766,46.68000030517578,47.40999984741211,20.58430290222168,2513700
2011-06-21,47.86000061035156,49.0,47.65999984741211,48.689998626708984,21.140050888061523,7377400
2011-06-22,48.56999969482422,49.06999969482422,48.189998626708984,48.380001068115234,21.005451202392578,3448100
2011-06-23,47.619998931884766,49.02000045776367,47.15999984741211,48.849998474121094,21.20951271057129,4200900
2011-06-24,48.77000045776367,49.0099983215332,48.02000045776367,48.189998626708984,20.92296028137207,3103000
2011-06-27,48.130001068115234,48.47999954223633,47.560001373291016,48.22999954223633,20.940322875976562,2205700
2011-06-28,48.5,49.650001525878906,48.150001525878906,49.470001220703125,21.478702545166016,3286000
2011-06-29,49.650001525878906,50.380001068115234,49.04999923706055,50.150001525878906,21.773942947387695,3980400
2011-06-30,50.25,51.709999084472656,50.25,51.45000076293945,22.338376998901367,4265100
2011-07-01,51.2599983215332,52.86000061035156,50.9900016784668,52.650001525878906,22.859386444091797,3887300
2011-07-05,52.54999923706055,52.7599983215332,52.16999816894531,52.31999969482422,22.716108322143555,2343500
2011-07-06,52.099998474121094,52.349998474121094,51.63999938964844,51.939998626708984,22.55111312866211,3239700
2011-07-07,52.4900016784668,53.150001525878906,52.470001220703125,52.880001068115234,22.959245681762695,2667200
2011-07-08,52.130001068115234,52.58000183105469,51.790000915527344,52.529998779296875,22.807279586791992,2550000
2011-07-11,51.59000015258789,52.02000045776367,51.20000076293945,51.599998474121094,22.403501510620117,3242200
2011-07-12,51.529998779296875,52.150001525878906,51.31999969482422,51.470001220703125,22.347064971923828,4456500
2011-07-13,51.79999923706055,52.7400016784668,51.61000061035156,52.11000061035156,22.624929428100586,4539800
2011-07-14,52.310001373291016,52.470001220703125,50.869998931884766,51.04999923706055,22.164703369140625,3001800
2011-07-15,51.5,51.619998931884766,50.77000045776367,51.33000183105469,22.286273956298828,2658300
2011-07-18,51.119998931884766,51.209999084472656,50.2400016784668,50.59000015258789,21.964977264404297,2122000
2011-07-19,50.90999984741211,51.59000015258789,50.810001373291016,51.45000076293945,22.338376998901367,1903600
2011-07-20,51.68000030517578,51.72999954223633,50.869998931884766,51.099998474121094,22.186412811279297,2050900
2011-07-21,51.4900016784668,51.86000061035156,50.83000183105469,51.54999923706055,22.381786346435547,2290800
2011-07-22,51.400001525878906,51.63999938964844,50.97999954223633,51.15999984741211,22.21246337890625,2966900
2011-07-25,51.77000045776367,53.22999954223633,51.09000015258789,52.59000015258789,22.83333396911621,4670200
2011-07-26,53.040000915527344,53.099998474121094,50.689998626708984,50.83000183105469,22.069185256958008,4887200
2011-07-27,50.43000030517578,50.470001220703125,49.13999938964844,49.29999923706055,21.404895782470703,7087300
2011-07-28,49.34000015258789,49.619998931884766,48.0,48.02000045776367,20.849149703979492,4110000
2011-07-29,47.58000183105469,48.72999954223633,47.31999969482422,47.95000076293945,20.818758010864258,4524900
2011-08-01,48.86000061035156,48.97999954223633,46.86000061035156,47.540000915527344,20.640745162963867,4274600
2011-08-02,47.04999923706055,47.56999969482422,45.189998626708984,45.20000076293945,19.624774932861328,5245300
2011-08-03,45.5,45.689998626708984,44.0099983215332,45.47999954223633,19.746341705322266,5869400
2011-08-04,44.459999084472656,44.459999084472656,41.869998931884766,41.939998626708984,18.346508026123047,7547200
2011-08-05,42.75,43.189998626708984,40.65999984741211,42.349998474121094,18.525863647460938,9419200
2011-08-08,40.66999816894531,41.400001525878906,37.95000076293945,37.970001220703125,16.609846115112305,14626800
2011-08-09,38.869998931884766,40.779998779296875,37.88999938964844,40.75,17.82594871520996,8259300
2011-08-10,39.810001373291016,40.630001068115234,38.88999938964844,39.0099983215332,17.06479263305664,10337200
2011-08-11,39.099998474121094,41.22999954223633,38.650001525878906,40.650001525878906,17.782201766967773,6695200
2011-08-12,41.209999084472656,41.95000076293945,40.709999084472656,41.810001373291016,18.289644241333008,4605700
2011-08-15,42.2400016784668,42.79999923706055,41.849998474121094,42.68000030517578,18.67021942138672,3792800
2011-08-16,42.25,42.86000061035156,41.970001220703125,42.2400016784668,18.477745056152344,4812600
2011-08-17,42.43000030517578,42.93000030517578,41.22999954223633,41.540000915527344,18.17152976989746,2696700
2011-08-18,39.91999816894531,40.15999984741211,38.29999923706055,38.70000076293945,16.929187774658203,7582400
2011-08-19,38.20000076293945,39.4900016784668,37.83000183105469,37.900001525878906,16.5792293548584,4986500
2011-08-22,39.47999954223633,39.58000183105469,37.720001220703125,37.86000061035156,16.561731338500977,3828300
2011-08-23,38.22999954223633,39.33000183105469,37.790000915527344,39.33000183105469,17.20478057861328,3489900
2011-08-24,39.279998779296875,40.779998779296875,39.04999923706055,40.70000076293945,17.804080963134766,4331700
2011-08-25,40.95000076293945,41.27000045776367,39.29999923706055,39.41999816894531,17.244144439697266,2764000
2011-08-26,39.150001525878906,40.43000030517578,38.29999923706055,40.22999954223633,17.59847640991211,3911900
2011-08-29,41.0,42.150001525878906,40.959999084472656,42.099998474121094,18.416501998901367,2769400
2011-08-30,41.939998626708984,43.0,41.56999969482422,42.75,18.700843811035156,3009900
2011-08-31,43.11000061035156,44.16999816894531,42.5,42.95000076293945,18.78833770751953,4330800
2011-09-01,42.79999923706055,43.06999969482422,41.720001220703125,42.04999923706055,18.394628524780273,4354200
2011-09-02,40.81999969482422,41.15999984741211,40.040000915527344,40.31999969482422,17.63784408569336,4153200
2011-09-06,39.040000915527344,40.16999816894531,38.810001373291016,40.04999923706055,17.519739151000977,4045600
2011-09-07,40.709999084472656,41.279998779296875,40.599998474121094,41.22999954223633,18.035924911499023,6301000
2011-09-08,40.849998474121094,41.0,39.470001220703125,39.86000061035156,17.436620712280273,7061900
2011-09-09,39.2400016784668,39.31999969482422,38.099998474121094,38.65999984741211,16.911684036254883,5888600
2011-09-12,37.95000076293945,38.459999084472656,37.2599983215332,38.459999084472656,16.82419776916504,6195000
2011-09-13,38.45000076293945,39.459999084472656,38.220001220703125,39.310001373291016,17.196025848388672,4715400
2011-09-14,39.63999938964844,40.84000015258789,38.779998779296875,40.189998626708984,17.580978393554688,5744300
2011-09-15,40.75,41.31999969482422,40.099998474121094,41.220001220703125,18.03154754638672,4535800
2011-09-16,41.220001220703125,41.47999954223633,39.54999923706055,39.7400016784668,17.384126663208008,6564000
2011-09-19,39.08000183105469,39.959999084472656,38.66999816894531,39.77000045776367,17.397254943847656,4883100
2011-09-20,39.84000015258789,40.0,38.4900016784668,38.560001373291016,16.867942810058594,3696100
2011-09-21,38.439998626708984,38.81999969482422,36.18000030517578,36.209999084472656,15.839941024780273,5235500
2011-09-22,35.060001373291016,35.36000061035156,34.2599983215332,34.810001373291016,15.227514266967773,7415800
2011-09-23,34.66999816894531,35.20000076293945,33.970001220703125,34.72999954223633,15.192521095275879,4751700
2011-09-26,35.0099983215332,35.939998626708984,34.0099983215332,35.849998474121094,15.682459831237793,4462200
2011-09-27,37.11000061035156,38.56999969482422,36.470001220703125,37.130001068115234,16.242387771606445,5982200
2011-09-28,37.34000015258789,38.209999084472656,36.279998779296875,36.38999938964844,15.918686866760254,4583800
2011-09-29,37.439998626708984,37.81999969482422,36.04999923706055,36.810001373291016,16.102413177490234,4562100
2011-09-30,36.099998474121094,36.56999969482422,35.5,35.5,15.529356002807617,3629200
2011-10-03,35.29999923706055,35.97999954223633,34.130001068115234,34.15999984741211,14.9431791305542,3989700
2011-10-04,33.68000030517578,35.83000183105469,33.09000015258789,35.75,15.638716697692871,6000000
2011-10-05,35.84000015258789,37.689998626708984,35.47999954223633,37.540000915527344,16.421743392944336,5992100
2011-10-06,37.66999816894531,39.0,37.369998931884766,38.9900016784668,17.056045532226562,5326900
2011-10-07,39.349998474121094,39.97999954223633,38.459999084472656,38.630001068115234,16.898571014404297,7038900
2011-10-10,39.54999923706055,40.0,39.29999923706055,39.939998626708984,17.47161865234375,3432700
2011-10-11,39.5,40.779998779296875,39.41999816894531,40.4900016784668,17.712217330932617,2909100
2011-10-12,40.86000061035156,42.5099983215332,40.70000076293945,41.54999923706055,18.175905227661133,6084400
2011-10-13,40.7599983215332,42.11000061035156,40.45000076293945,42.0,18.372760772705078,7315200
2011-10-14,42.9900016784668,43.220001220703125,41.790000915527344,42.16999816894531,18.447126388549805,4858300
2011-10-17,42.150001525878906,42.150001525878906,40.7400016784668,40.869998931884766,17.87844467163086,3325600
2011-10-18,41.34000015258789,42.65999984741211,40.540000915527344,42.31999969482422,18.512741088867188,4541800
2011-10-19,42.06999969482422,42.810001373291016,41.65999984741211,41.83000183105469,18.298391342163086,3109500
2011-10-20,42.02000045776367,42.150001525878906,40.68000030517578,41.45000076293945,18.132164001464844,4081400
2011-10-21,42.380001068115234,42.380001068115234,41.41999816894531,42.25,18.482118606567383,4249400
2011-10-24,42.27000045776367,44.459999084472656,41.099998474121094,44.22999954223633,19.3482666015625,7424900
2011-10-25,44.20000076293945,44.20000076293945,42.400001525878906,43.13999938964844,18.871440887451172,3721200
2011-10-26,43.900001525878906,44.33000183105469,42.5,43.7400016784668,19.133909225463867,4408000
2011-10-27,46.0099983215332,47.25,45.77000045776367,46.81999969482422,20.48125457763672,5867400
2011-10-28,46.25,47.439998626708984,46.20000076293945,46.970001220703125,20.546875,3382900
2011-10-31,46.15999984741211,46.66999816894531,44.79999923706055,44.81999969482422,19.60634994506836,4996400
2011-11-01,43.15999984741211,45.150001525878906,42.220001220703125,44.279998779296875,19.37013816833496,6454900
2011-11-02,45.900001525878906,45.900001525878906,44.540000915527344,45.279998779296875,19.80758285522461,4474100
2011-11-03,45.619998931884766,46.459999084472656,44.75,46.349998474121094,20.429046630859375,4179200
2011-11-04,45.650001525878906,46.27000045776367,45.0,45.939998626708984,20.248340606689453,2871500
2011-11-07,45.70000076293945,46.029998779296875,44.459999084472656,45.2599983215332,19.948625564575195,4521700
2011-11-08,45.540000915527344,46.099998474121094,44.599998474121094,45.9900016784668,20.270381927490234,4245000
2011-11-09,44.58000183105469,45.08000183105469,43.7599983215332,43.95000076293945,19.371232986450195,3525000
2011-11-10,44.61000061035156,44.939998626708984,43.97999954223633,44.4900016784668,19.609241485595703,2861500
2011-11-11,45.41999816894531,46.25,45.130001068115234,45.63999938964844,20.116107940673828,2245700
2011-11-14,45.47999954223633,46.2599983215332,45.279998779296875,46.099998474121094,20.31886100769043,3856300
2011-11-15,46.029998779296875,46.72999954223633,45.63999938964844,46.439998626708984,20.468711853027344,2539700
2011-11-16,45.869998931884766,46.15999984741211,44.84000015258789,44.95000076293945,19.811992645263672,3766900
2011-11-17,44.70000076293945,44.90999984741211,43.400001525878906,43.849998474121094,19.327157974243164,3522500
2011-11-18,44.16999816894531,44.34000015258789,43.599998474121094,43.91999816894531,19.358009338378906,2078900
2011-11-21,43.04999923706055,43.349998474121094,42.40999984741211,43.099998474121094,18.996591567993164,2485300
2011-11-22,43.04999923706055,43.04999923706055,41.88999938964844,42.560001373291016,18.758583068847656,2630000
2011-11-23,41.91999816894531,42.060001373291016,40.83000183105469,40.869998931884766,18.01370620727539,3159300
2011-11-25,40.849998474121094,41.41999816894531,40.52000045776367,40.54999923706055,17.872669219970703,1337700
2011-11-28,42.13999938964844,42.58000183105469,41.79999923706055,42.33000183105469,18.65720558166504,2299300
2011-11-29,42.59000015258789,43.099998474121094,42.279998779296875,42.369998931884766,18.67483901977539,2118800
2011-11-30,44.2599983215332,45.2599983215332,44.09000015258789,44.90999984741211,19.794355392456055,3967400
2011-12-01,44.66999816894531,45.40999984741211,44.4900016784668,44.59000015258789,19.653316497802734,2258300
2011-12-02,45.09000015258789,45.56999969482422,44.7599983215332,44.83000183105469,19.759098052978516,2634200
2011-12-05,45.77000045776367,46.63999938964844,45.310001373291016,46.0099983215332,20.27918243408203,3477900
2011-12-06,46.029998779296875,46.459999084472656,45.7599983215332,46.11000061035156,20.323266983032227,3080100
2011-12-07,45.7400016784668,45.86000061035156,44.869998931884766,45.59000015258789,20.094074249267578,4217900
2011-12-08,45.15999984741211,45.33000183105469,43.790000915527344,43.93000030517578,19.36241912841797,3210500
2011-12-09,44.2400016784668,44.709999084472656,43.66999816894531,44.349998474121094,19.547536849975586,4163900
2011-12-12,43.65999984741211,43.849998474121094,42.95000076293945,43.40999984741211,19.133230209350586,2577000
2011-12-13,43.83000183105469,44.349998474121094,42.709999084472656,43.130001068115234,19.00981903076172,4723100
2011-12-14,42.68000030517578,42.75,41.540000915527344,41.84000015258789,18.44124412536621,3968500
2011-12-15,42.40999984741211,42.540000915527344,41.380001068115234,41.97999954223633,18.502941131591797,3760400
2011-12-16,42.52000045776367,43.34000015258789,42.060001373291016,42.189998626708984,18.595500946044922,7261600
2011-12-19,42.5,42.77000045776367,41.619998931884766,41.7599983215332,18.405975341796875,2212500
2011-12-20,42.4900016784668,43.77000045776367,42.439998626708984,43.630001068115234,19.230195999145508,2655400
2011-12-21,43.70000076293945,43.83000183105469,42.630001068115234,43.70000076293945,19.26103973388672,3862600
2011-12-22,43.75,44.18000030517578,43.22999954223633,43.380001068115234,19.120006561279297,2804700
2011-12-23,43.65999984741211,44.43000030517578,43.52000045776367,44.36000061035156,19.551937103271484,2196400
2011-12-27,44.33000183105469,44.70000076293945,44.08000183105469,44.459999084472656,19.596027374267578,1071700
2011-12-28,44.369998931884766,44.540000915527344,43.2400016784668,43.29999923706055,19.084741592407227,1770800
2011-12-29,43.290000915527344,44.0099983215332,43.290000915527344,43.90999984741211,19.353609085083008,1939000
2011-12-30,43.790000915527344,43.97999954223633,43.5,43.529998779296875,19.186119079589844,1722500
2012-01-03,44.779998779296875,45.63999938964844,44.72999954223633,45.4900016784668,20.049999237060547,3382300
2012-01-04,45.459999084472656,45.720001220703125,45.15999984741211,45.47999954223633,20.045591354370117,2456700
2012-01-05,45.4900016784668,45.7599983215332,44.9900016784668,45.65999984741211,20.124929428100586,3620600
2012-01-06,45.959999084472656,45.959999084472656,45.02000045776367,45.290000915527344,19.96185302734375,3010100
2012-01-09,45.31999969482422,45.619998931884766,45.04999923706055,45.540000915527344,20.072038650512695,6210700
2012-01-10,46.209999084472656,47.779998779296875,46.209999084472656,47.7400016784668,21.041706085205078,4055900
2012-01-11,47.52000045776367,48.34000015258789,47.5,48.27000045776367,21.27530288696289,3545900
2012-01-12,48.459999084472656,49.290000915527344,47.9900016784668,49.16999816894531,21.671974182128906,2476400
2012-01-13,48.540000915527344,48.81999969482422,48.11000061035156,48.709999084472656,21.46923065185547,3139900
2012-01-17,49.56999969482422,49.939998626708984,48.880001068115234,48.939998626708984,21.570606231689453,3330900
2012-01-18,48.849998474121094,49.5,48.720001220703125,49.43000030517578,21.786582946777344,3489200
2012-01-19,49.54999923706055,50.20000076293945,49.36000061035156,50.029998779296875,22.051027297973633,3542300
2012-01-20,49.029998779296875,49.029998779296875,48.20000076293945,48.380001068115234,21.32378578186035,4948200
2012-01-23,48.470001220703125,49.02000045776367,47.939998626708984,48.08000183105469,21.191558837890625,3279600
2012-01-24,47.939998626708984,48.84000015258789,47.529998779296875,48.810001373291016,21.513315200805664,2283600
2012-01-25,48.83000183105469,49.70000076293945,48.20000076293945,49.540000915527344,21.83506202697754,3016400
2012-01-26,47.81999969482422,49.029998779296875,47.70000076293945,48.93000030517578,21.56620216369629,7389500
2012-01-27,48.75,49.9900016784668,48.689998626708984,49.56999969482422,21.848281860351562,3880000
2012-01-30,49.08000183105469,49.65999984741211,48.75,49.65999984741211,21.88795280456543,3028600
2012-01-31,49.91999816894531,50.08000183105469,48.68000030517578,49.029998779296875,21.610273361206055,3460400
2012-02-01,49.63999938964844,50.150001525878906,49.20000076293945,49.81999969482422,21.958473205566406,3653100
2012-02-02,49.560001373291016,49.86000061035156,49.20000076293945,49.33000183105469,21.909618377685547,1919000
2012-02-03,50.150001525878906,51.189998626708984,50.04999923706055,50.93000030517578,22.6202449798584,2897700
2012-02-06,50.5099983215332,51.5,50.369998931884766,51.09000015258789,22.69131088256836,3860100
2012-02-07,50.79999923706055,51.4900016784668,50.619998931884766,51.290000915527344,22.780139923095703,2377800
2012-02-08,51.459999084472656,51.650001525878906,51.119998931884766,51.650001525878906,22.940032958984375,2077300
2012-02-09,51.77000045776367,51.900001525878906,51.400001525878906,51.79999923706055,23.006654739379883,2042800
2012-02-10,51.02000045776367,51.529998779296875,50.790000915527344,51.439998626708984,22.846755981445312,2510400
2012-02-13,51.779998779296875,52.189998626708984,51.380001068115234,52.04999923706055,23.117691040039062,2284100
2012-02-14,51.939998626708984,51.939998626708984,51.15999984741211,51.7400016784668,22.980010986328125,2713500
2012-02-15,51.90999984741211,51.90999984741211,50.560001373291016,50.869998931884766,22.59360122680664,3833800
2012-02-16,50.779998779296875,51.150001525878906,50.29999923706055,51.0099983215332,22.65577507019043,4861400
2012-02-17,51.34000015258789,51.400001525878906,50.77000045776367,50.81999969482422,22.57139015197754,2662400
2012-02-21,51.5099983215332,52.41999816894531,51.439998626708984,51.939998626708984,23.068828582763672,3294900
2012-02-22,51.95000076293945,52.61000061035156,51.86000061035156,52.15999984741211,23.166545867919922,2615500
2012-02-23,51.970001220703125,52.15999984741211,51.380001068115234,51.869998931884766,23.03774070739746,2246400
2012-02-24,52.02000045776367,52.5,51.66999816894531,51.75,22.984447479248047,4729700
2012-02-27,51.54999923706055,52.68000030517578,51.20000076293945,52.18000030517578,23.175426483154297,2933300
2012-02-28,52.15999984741211,52.56999969482422,51.95000076293945,52.5099983215332,23.32199478149414,2584800
2012-02-29,52.54999923706055,53.060001373291016,52.150001525878906,52.189998626708984,23.179868698120117,3906000
2012-03-01,52.29999923706055,52.70000076293945,51.720001220703125,52.209999084472656,23.188749313354492,2521600
2012-03-02,52.099998474121094,52.150001525878906,51.13999938964844,51.27000045776367,22.771255493164062,2024800
2012-03-05,51.27000045776367,51.349998474121094,50.54999923706055,50.720001220703125,22.526975631713867,2171200
2012-03-06,49.939998626708984,50.0099983215332,48.47999954223633,48.70000076293945,21.629806518554688,4229800
2012-03-07,48.900001525878906,49.16999816894531,48.5,48.75,21.652015686035156,4340000
2012-03-08,49.33000183105469,49.5099983215332,48.869998931884766,49.279998779296875,21.887405395507812,3475900
2012-03-09,49.59000015258789,49.709999084472656,48.939998626708984,49.0099983215332,21.767494201660156,3345200
2012-03-12,49.119998931884766,49.130001068115234,48.45000076293945,48.619998931884766,21.594276428222656,3781600
2012-03-13,49.25,50.31999969482422,48.95000076293945,50.22999954223633,22.309349060058594,4630200
2012-03-14,50.09000015258789,50.599998474121094,50.09000015258789,50.369998931884766,22.37152862548828,3202000
2012-03-15,50.400001525878906,50.66999816894531,50.15999984741211,50.650001525878906,22.495895385742188,3015000
2012-03-16,50.77000045776367,51.130001068115234,50.599998474121094,51.02000045776367,22.66022300720215,3148000
2012-03-19,50.959999084472656,51.15999984741211,50.619998931884766,50.86000061035156,22.58916473388672,2762700
2012-03-20,50.45000076293945,50.65999984741211,49.81999969482422,49.95000076293945,22.184986114501953,2626300
2012-03-21,50.04999923706055,50.2599983215332,49.5,49.93000030517578,22.176101684570312,2754000
2012-03-22,49.47999954223633,49.58000183105469,47.959999084472656,48.66999816894531,21.616477966308594,4033200
2012-03-23,48.66999816894531,49.470001220703125,48.29999923706055,49.29999923706055,21.896289825439453,2720000
2012-03-26,50.029998779296875,50.33000183105469,49.7400016784668,50.2599983215332,22.322669982910156,3031900
2012-03-27,50.4900016784668,50.4900016784668,50.04999923706055,50.119998931884766,22.26049041748047,2225100
2012-03-28,50.130001068115234,50.220001220703125,48.529998779296875,49.310001373291016,21.900741577148438,3969000
2012-03-29,48.77000045776367,49.31999969482422,48.2599983215332,49.150001525878906,21.82967185974121,3038400
2012-03-30,49.54999923706055,49.869998931884766,48.91999816894531,49.83000183105469,22.131690979003906,3552000
2012-04-02,49.81999969482422,50.290000915527344,49.36000061035156,50.09000015258789,22.247167587280273,2362100
2012-04-03,49.880001068115234,50.22999954223633,49.220001220703125,49.38999938964844,21.936262130737305,2645600
2012-04-04,49.0099983215332,49.0099983215332,48.369998931884766,48.4900016784668,21.53653335571289,2719700
2012-04-05,48.400001525878906,48.560001373291016,47.7599983215332,48.0,21.318910598754883,3082700
2012-04-09,47.380001068115234,47.47999954223633,46.880001068115234,47.31999969482422,21.016887664794922,2598100
2012-04-10,47.22999954223633,47.38999938964844,46.119998931884766,46.45000076293945,20.630483627319336,2750900
2012-04-11,47.20000076293945,47.27000045776367,45.90999984741211,46.15999984741211,20.501678466796875,4824400
2012-04-12,46.349998474121094,47.93000030517578,46.310001373291016,47.720001220703125,21.19454574584961,2627800
2012-04-13,47.52000045776367,47.66999816894531,46.7599983215332,46.869998931884766,20.8170223236084,2283300
2012-04-16,47.150001525878906,47.630001068115234,46.54999923706055,46.709999084472656,20.745962142944336,6722800
2012-04-17,47.18000030517578,47.95000076293945,46.91999816894531,47.599998474121094,21.141252517700195,2791100
2012-04-18,47.310001373291016,47.689998626708984,46.959999084472656,47.459999084472656,21.079069137573242,2781600
2012-04-19,47.40999984741211,47.66999816894531,46.5099983215332,46.93000030517578,20.843669891357422,2604100
2012-04-20,47.130001068115234,47.97999954223633,47.11000061035156,47.439998626708984,21.070188522338867,3035400
2012-04-23,46.279998779296875,47.540000915527344,46.11000061035156,47.400001525878906,21.052419662475586,4875700
2012-04-24,47.7400016784668,49.09000015258789,47.7400016784668,48.459999084472656,21.52321434020996,4483100
2012-04-25,49.34000015258789,49.41999816894531,48.630001068115234,48.779998779296875,21.665334701538086,4370000
2012-04-26,48.59000015258789,48.97999954223633,48.15999984741211,48.970001220703125,21.74972152709961,7451000
2012-04-27,49.310001373291016,49.43000030517578,48.9900016784668,49.06999969482422,21.79414176940918,3154300
2012-04-30,49.040000915527344,49.08000183105469,48.04999923706055,48.18000030517578,21.398849487304688,2154600
2012-05-01,48.119998931884766,48.47999954223633,47.02000045776367,47.95000076293945,21.29669952392578,3688200
2012-05-02,47.720001220703125,47.77000045776367,47.29999923706055,47.630001068115234,21.154571533203125,2694900
2012-05-03,47.400001525878906,47.40999984741211,46.34000015258789,46.5099983215332,20.823259353637695,4057900
2012-05-04,46.25,46.310001373291016,45.279998779296875,45.369998931884766,20.312868118286133,4122200
2012-05-07,45.220001220703125,46.150001525878906,45.20000076293945,45.599998474121094,20.41583824157715,4746200
2012-05-08,45.27000045776367,45.630001068115234,44.619998931884766,45.5099983215332,20.375545501708984,4672600
2012-05-09,44.79999923706055,45.79999923706055,44.529998779296875,45.06999969482422,20.178552627563477,3030000
2012-05-10,45.560001373291016,45.650001525878906,44.7599983215332,44.90999984741211,20.106918334960938,2690500
2012-05-11,44.63999938964844,45.36000061035156,44.5,44.709999084472656,20.017372131347656,1875200
2012-05-14,44.150001525878906,44.709999084472656,43.810001373291016,44.220001220703125,19.797998428344727,2802000
2012-05-15,44.34000015258789,44.52000045776367,44.0,44.09000015258789,19.73979377746582,2949400
2012-05-16,44.36000061035156,44.72999954223633,43.630001068115234,43.66999816894531,19.551746368408203,3064100
2012-05-17,43.61000061035156,43.810001373291016,42.45000076293945,42.470001220703125,19.014490127563477,3243600
2012-05-18,42.75,43.31999969482422,42.220001220703125,42.400001525878906,18.983152389526367,3348400
2012-05-21,42.849998474121094,43.369998931884766,41.75,42.09000015258789,18.844364166259766,19512500
2012-05-22,42.18000030517578,42.72999954223633,42.0,42.66999816894531,19.10403823852539,10777600
2012-05-23,42.310001373291016,42.95000076293945,41.93000030517578,42.90999984741211,19.211484909057617,7600000
2012-05-24,43.13999938964844,43.5,42.70000076293945,43.5,19.47563934326172,5343800
2012-05-25,43.31999969482422,43.849998474121094,42.97999954223633,43.29999923706055,19.38609504699707,4677700
2012-05-29,43.689998626708984,44.20000076293945,43.470001220703125,43.77000045776367,19.596519470214844,4638100
2012-05-30,43.11000061035156,43.459999084472656,42.720001220703125,43.34000015258789,19.404006958007812,4826700
2012-05-31,43.290000915527344,43.5,42.22999954223633,42.65999984741211,19.099557876586914,5309800
2012-06-01,41.40999984741211,41.599998474121094,40.220001220703125,40.2400016784668,18.01608657836914,7708100
2012-06-04,40.13999938964844,40.290000915527344,38.279998779296875,39.209999084472656,17.554933547973633,9143800
2012-06-05,39.029998779296875,40.16999816894531,38.70000076293945,40.09000015258789,17.948923110961914,9262000
2012-06-06,40.47999954223633,41.34000015258789,40.16999816894531,41.34000015258789,18.508575439453125,10249600
2012-06-07,42.150001525878906,42.75,41.04999923706055,41.150001525878906,18.423503875732422,4649900
2012-06-08,41.040000915527344,41.2599983215332,40.63999938964844,41.2400016784668,18.463802337646484,4931400
2012-06-11,41.72999954223633,41.849998474121094,40.029998779296875,40.09000015258789,17.948923110961914,4263000
2012-06-12,40.689998626708984,40.689998626708984,39.900001525878906,40.65999984741211,18.204130172729492,5278500
2012-06-13,40.36000061035156,40.470001220703125,39.11000061035156,39.279998779296875,17.586278915405273,5462400
2012-06-14,39.34000015258789,39.77000045776367,39.16999816894531,39.47999954223633,17.675817489624023,3759100
2012-06-15,39.599998474121094,39.869998931884766,39.380001068115234,39.84000015258789,17.837003707885742,4082800
2012-06-18,39.540000915527344,39.75,39.2599983215332,39.459999084472656,17.666866302490234,2975900
2012-06-19,39.630001068115234,40.25,39.630001068115234,39.900001525878906,17.863861083984375,4411900
2012-06-20,39.83000183105469,39.959999084472656,39.06999969482422,39.22999954223633,17.563886642456055,4959900
2012-06-21,39.540000915527344,39.56999969482422,37.70000076293945,37.779998779296875,16.914703369140625,4469000
2012-06-22,38.7599983215332,38.779998779296875,37.95000076293945,38.2599983215332,17.129606246948242,9478700
2012-06-25,37.84000015258789,37.9900016784668,36.970001220703125,37.09000015258789,16.60577964782715,7228600
2012-06-26,37.310001373291016,37.630001068115234,36.970001220703125,37.40999984741211,16.74905014038086,8331100
2012-06-27,37.58000183105469,37.70000076293945,37.220001220703125,37.56999969482422,16.820682525634766,4512700
2012-06-28,37.189998626708984,37.560001373291016,36.939998626708984,37.47999954223633,16.78038787841797,5042600
2012-06-29,38.38999938964844,39.630001068115234,38.310001373291016,39.630001068115234,17.74298095703125,7884400
2012-07-02,39.54999923706055,39.61000061035156,38.72999954223633,39.209999084472656,17.554933547973633,5470000
2012-07-03,39.459999084472656,40.4900016784668,39.29999923706055,40.4900016784668,18.12801170349121,2904500
2012-07-05,40.220001220703125,40.650001525878906,39.95000076293945,40.2599983215332,18.025033950805664,3891000
2012-07-06,39.56999969482422,39.68000030517578,39.0,39.5,17.68477439880371,3061600
2012-07-09,39.4900016784668,39.61000061035156,38.95000076293945,39.189998626708984,17.54598045349121,3384000
2012-07-10,39.40999984741211,39.77000045776367,37.380001068115234,37.75,16.90126609802246,6720200
2012-07-11,37.849998474121094,37.90999984741211,36.849998474121094,37.040000915527344,16.583396911621094,7978200
2012-07-12,36.77000045776367,37.27000045776367,36.380001068115234,37.11000061035156,16.614730834960938,5163500
2012-07-13,37.439998626708984,38.22999954223633,37.15999984741211,38.09000015258789,17.053495407104492,4305300
2012-07-16,38.04999923706055,38.04999923706055,37.27000045776367,37.88999938964844,16.963947296142578,2571900
2012-07-17,38.189998626708984,38.68000030517578,37.5099983215332,38.369998931884766,17.178857803344727,3456100
2012-07-18,37.97999954223633,39.59000015258789,37.91999816894531,39.119998931884766,17.5146427154541,4384300
2012-07-19,39.25,40.0,39.02000045776367,39.529998779296875,17.698198318481445,4572600
2012-07-20,39.2400016784668,39.36000061035156,38.84000015258789,39.060001373291016,17.487783432006836,5318700
2012-07-23,38.45000076293945,41.75,38.0,40.56999969482422,18.163835525512695,10313900
2012-07-24,40.459999084472656,41.060001373291016,40.40999984741211,41.0,18.35634422302246,7747000
2012-07-25,41.7599983215332,42.25,41.290000915527344,42.060001373291016,18.830936431884766,7446000
2012-07-26,42.90999984741211,43.5,42.56999969482422,43.15999984741211,19.323413848876953,6833600
2012-07-27,43.5099983215332,44.33000183105469,43.369998931884766,44.04999923706055,19.721879959106445,6961100
2012-07-30,43.900001525878906,44.04999923706055,43.720001220703125,43.93000030517578,19.668153762817383,4371400
2012-07-31,43.90999984741211,44.02000045776367,43.68000030517578,43.84000015258789,19.62785530090332,5631600
2012-08-01,44.20000076293945,44.279998779296875,43.52000045776367,43.630001068115234,19.53384780883789,3983900
2012-08-02,43.130001068115234,43.29999923706055,42.400001525878906,43.130001068115234,19.479644775390625,5607100
2012-08-03,43.900001525878906,44.470001220703125,43.709999084472656,44.22999954223633,19.97646141052246,4573400
2012-08-06,44.45000076293945,44.81999969482422,44.209999084472656,44.31999969482422,20.017108917236328,3119000
2012-08-07,44.45000076293945,45.099998474121094,44.45000076293945,44.650001525878906,20.166149139404297,3086300
2012-08-08,44.43000030517578,45.41999816894531,44.189998626708984,45.349998474121094,20.4823055267334,4916200
2012-08-09,45.22999954223633,45.70000076293945,45.20000076293945,45.5,20.550052642822266,2324100
2012-08-10,45.279998779296875,46.18000030517578,45.16999816894531,46.150001525878906,20.8436222076416,2582900
2012-08-13,46.02000045776367,46.189998626708984,45.47999954223633,45.939998626708984,20.748777389526367,3531600
2012-08-14,46.06999969482422,46.13999938964844,45.25,45.75,20.6629638671875,5252300
2012-08-15,45.790000915527344,45.79999923706055,45.34000015258789,45.720001220703125,20.64942169189453,3352800
2012-08-16,45.70000076293945,46.25,45.41999816894531,46.04999923706055,20.798465728759766,2892300
2012-08-17,46.36000061035156,46.380001068115234,45.9900016784668,46.36000061035156,20.93846893310547,2606900
2012-08-20,46.130001068115234,46.34000015258789,45.65999984741211,46.060001373291016,20.802978515625,2294700
2012-08-21,46.130001068115234,46.77000045776367,45.58000183105469,45.68000030517578,20.631351470947266,2718400
2012-08-22,45.54999923706055,45.9900016784668,45.2400016784668,45.900001525878906,20.730712890625,2843600
2012-08-23,45.70000076293945,46.189998626708984,45.5,45.77000045776367,20.6719970703125,2729800
2012-08-24,45.59000015258789,46.66999816894531,45.369998931884766,46.439998626708984,20.974599838256836,3700700
2012-08-27,46.40999984741211,46.630001068115234,45.970001220703125,46.16999816894531,20.852657318115234,2388100
2012-08-28,45.91999816894531,46.08000183105469,45.529998779296875,45.63999938964844,20.6132869720459,2644400
2012-08-29,45.09000015258789,45.5099983215332,44.939998626708984,45.310001373291016,20.464244842529297,4111000
2012-08-30,45.0,45.119998931884766,44.33000183105469,44.5,20.098398208618164,2634100
2012-08-31,44.86000061035156,45.08000183105469,44.4900016784668,44.720001220703125,20.197763442993164,2501600
2012-09-04,44.75,44.7599983215332,43.060001373291016,44.220001220703125,19.97194480895996,6528000
2012-09-05,44.41999816894531,44.41999816894531,43.70000076293945,43.97999954223633,19.86354637145996,2798700
2012-09-06,44.43000030517578,46.599998474121094,44.41999816894531,46.099998474121094,20.821044921875,5719200
2012-09-07,47.0,48.150001525878906,46.880001068115234,47.43000030517578,21.42173957824707,6581600
2012-09-10,47.189998626708984,47.45000076293945,46.91999816894531,47.119998931884766,21.28171730041504,3280000
2012-09-11,47.099998474121094,47.86000061035156,46.79999923706055,47.619998931884766,21.507549285888672,3236600
2012-09-12,47.66999816894531,47.959999084472656,47.380001068115234,47.65999984741211,21.52561378479004,3104500
2012-09-13,47.63999938964844,47.95000076293945,46.790000915527344,47.81999969482422,21.597881317138672,4615200
2012-09-14,48.060001373291016,48.400001525878906,46.970001220703125,47.22999954223633,21.331403732299805,6822900
2012-09-17,47.25,47.40999984741211,46.939998626708984,47.2599983215332,21.344959259033203,3345600
2012-09-18,47.540000915527344,47.959999084472656,47.130001068115234,47.650001525878906,21.521099090576172,3969700
2012-09-19,47.790000915527344,49.18000030517578,47.2599983215332,48.52000045776367,21.914031982421875,5073300
2012-09-20,48.209999084472656,48.209999084472656,47.220001220703125,47.970001220703125,21.665634155273438,4714200
2012-09-21,48.130001068115234,48.41999816894531,47.599998474121094,48.130001068115234,21.737895965576172,4200300
2012-09-24,47.720001220703125,48.0099983215332,47.33000183105469,47.72999954223633,21.557233810424805,2278800
2012-09-25,47.630001068115234,47.7400016784668,46.16999816894531,46.22999954223633,20.87975311279297,3989200
2012-09-26,46.22999954223633,46.709999084472656,45.7599983215332,46.279998779296875,20.902341842651367,3328900
2012-09-27,46.72999954223633,47.13999938964844,46.470001220703125,47.099998474121094,21.272687911987305,2634800
2012-09-28,46.72999954223633,47.36000061035156,46.400001525878906,47.27000045776367,21.34947395324707,3693600
2012-10-01,47.08000183105469,47.9900016784668,46.849998474121094,47.13999938964844,21.290756225585938,4294200
2012-10-02,47.2400016784668,47.41999816894531,46.33000183105469,46.63999938964844,21.0649356842041,3682500
2012-10-03,46.939998626708984,47.13999938964844,46.349998474121094,46.63999938964844,21.0649356842041,3663800
2012-10-04,46.65999984741211,46.880001068115234,46.220001220703125,46.65999984741211,21.247079849243164,3197800
2012-10-05,47.119998931884766,47.720001220703125,46.97999954223633,47.279998779296875,21.529396057128906,3000600
2012-10-08,46.9900016784668,47.119998931884766,46.5099983215332,46.810001373291016,21.315383911132812,2862300
2012-10-09,46.79999923706055,46.869998931884766,46.22999954223633,46.290000915527344,21.07859992980957,2478400
2012-10-10,45.58000183105469,46.119998931884766,44.68000030517578,44.86000061035156,20.427431106567383,6362000
2012-10-11,45.16999816894531,45.45000076293945,44.36000061035156,44.650001525878906,20.33180046081543,4047100
2012-10-12,44.65999984741211,45.349998474121094,44.470001220703125,44.970001220703125,20.477523803710938,4280400
2012-10-15,44.97999954223633,45.29999923706055,44.36000061035156,45.20000076293945,20.582252502441406,3676500
2012-10-16,45.5099983215332,46.029998779296875,45.349998474121094,46.0,20.946542739868164,3104100
2012-10-17,46.11000061035156,46.77000045776367,45.70000076293945,46.7400016784668,21.283506393432617,2964000
2012-10-18,46.52000045776367,46.630001068115234,46.0099983215332,46.5099983215332,21.178773880004883,3526800
2012-10-19,46.06999969482422,46.220001220703125,45.29999923706055,45.810001373291016,20.860023498535156,5367700
2012-10-22,46.849998474121094,46.9900016784668,45.7400016784668,46.099998474121094,20.992074966430664,4846800
2012-10-23,45.5099983215332,45.849998474121094,44.849998474121094,45.54999923706055,20.74163055419922,3953400
2012-10-24,46.040000915527344,46.16999816894531,44.90999984741211,44.9900016784668,20.486631393432617,3621900
2012-10-25,45.65999984741211,46.16999816894531,44.709999084472656,45.41999816894531,20.682437896728516,2964200
2012-10-26,45.459999084472656,45.75,44.65999984741211,45.119998931884766,20.54582405090332,3108900
2012-10-31,44.959999084472656,47.97999954223633,44.959999084472656,47.220001220703125,21.5020751953125,7927300
2012-11-01,47.7400016784668,49.790000915527344,47.7400016784668,49.59000015258789,22.581279754638672,8070100
2012-11-02,49.880001068115234,50.33000183105469,49.040000915527344,49.20000076293945,22.4036865234375,5772700
2012-11-05,48.97999954223633,50.61000061035156,48.84000015258789,50.4900016784668,22.99110984802246,5326000
2012-11-06,50.439998626708984,50.83000183105469,50.29999923706055,50.41999816894531,22.959230422973633,4338100
2012-11-07,49.439998626708984,50.11000061035156,48.880001068115234,49.54999923706055,22.563074111938477,4935700
2012-11-08,49.310001373291016,49.58000183105469,48.70000076293945,48.880001068115234,22.257980346679688,4796300
2012-11-09,48.400001525878906,49.83000183105469,48.099998474121094,49.04999923706055,22.335386276245117,3849400
2012-11-12,49.06999969482422,49.880001068115234,48.93000030517578,49.54999923706055,22.563074111938477,2594600
2012-11-13,48.93000030517578,49.88999938964844,48.130001068115234,49.470001220703125,22.52663803100586,2952800
2012-11-14,48.900001525878906,49.75,48.31999969482422,48.45000076293945,22.062170028686523,3688200
2012-11-15,48.29999923706055,49.0,47.93000030517578,48.2599983215332,21.975650787353516,4564900
2012-11-16,48.790000915527344,49.150001525878906,48.2400016784668,48.939998626708984,22.285297393798828,4987400
2012-11-19,49.52000045776367,50.29999923706055,49.5,50.25,22.881820678710938,2972300
2012-11-20,50.08000183105469,50.939998626708984,49.810001373291016,50.720001220703125,23.095836639404297,3933200
2012-11-21,50.790000915527344,51.040000915527344,50.209999084472656,50.72999954223633,23.10038948059082,4016200
2012-11-23,50.77000045776367,51.65999984741211,50.619998931884766,51.58000183105469,23.487449645996094,1841300
2012-11-26,52.31999969482422,52.68000030517578,51.04999923706055,51.16999816894531,23.300752639770508,5698300
2012-11-27,51.380001068115234,51.849998474121094,50.970001220703125,51.04999923706055,23.246103286743164,3831500
2012-11-28,50.869998931884766,52.16999816894531,50.5,52.029998779296875,23.69235610961914,4370900
2012-11-29,52.11000061035156,52.43000030517578,51.63999938964844,51.9900016784668,23.674148559570312,4063800
2012-11-30,51.93000030517578,52.25,51.63999938964844,52.15999984741211,23.75155258178711,7798500
2012-12-03,51.47999954223633,52.189998626708984,51.119998931884766,51.150001525878906,23.291641235351562,4525300
2012-12-04,51.189998626708984,51.68000030517578,50.900001525878906,51.279998779296875,23.350839614868164,4314300
2012-12-05,51.220001220703125,51.79999923706055,50.75,51.18000030517578,23.3053035736084,4206100
2012-12-06,51.130001068115234,51.52000045776367,50.7400016784668,51.400001525878906,23.405492782592773,4440700
2012-12-07,52.119998931884766,52.5099983215332,51.720001220703125,52.470001220703125,23.892704010009766,3887900
2012-12-10,52.209999084472656,52.41999816894531,51.4900016784668,52.34000015258789,23.833518981933594,3841400
2012-12-11,52.47999954223633,52.75,52.16999816894531,52.45000076293945,23.883609771728516,2577000
2012-12-12,52.58000183105469,52.810001373291016,51.90999984741211,52.040000915527344,23.696908950805664,4019400
2012-12-13,52.040000915527344,52.36000061035156,51.540000915527344,51.68000030517578,23.532981872558594,3268800
2012-12-14,51.529998779296875,52.7599983215332,51.529998779296875,52.56999969482422,23.938257217407227,3323700
2012-12-17,52.7400016784668,52.970001220703125,52.13999938964844,52.45000076293945,23.883609771728516,3373500
2012-12-18,52.529998779296875,54.09000015258789,52.529998779296875,53.880001068115234,24.534772872924805,4555700
2012-12-19,54.25,54.720001220703125,54.119998931884766,54.119998931884766,24.644060134887695,3385700
2012-12-20,54.22999954223633,54.70000076293945,54.029998779296875,54.65999984741211,24.889955520629883,3510000
2012-12-21,53.939998626708984,54.75,53.7599983215332,53.84000015258789,24.516557693481445,6047700
2012-12-24,53.61000061035156,53.7599983215332,53.18000030517578,53.470001220703125,24.34807777404785,1293100
2012-12-26,53.68000030517578,54.13999938964844,53.33000183105469,53.84000015258789,24.516557693481445,1607800
2012-12-27,53.9900016784668,54.2599983215332,52.869998931884766,53.630001068115234,24.420942306518555,2299500
2012-12-28,53.27000045776367,53.59000015258789,52.900001525878906,53.09000015258789,24.17503547668457,1924500
2012-12-31,52.720001220703125,54.22999954223633,52.45000076293945,54.18000030517578,24.671388626098633,2619100
2013-01-02,55.54999923706055,57.349998474121094,55.54999923706055,56.45000076293945,25.705055236816406,4103900
2013-01-03,56.29999923706055,56.93000030517578,56.09000015258789,56.369998931884766,25.668621063232422,3124700
2013-01-04,56.650001525878906,56.81999969482422,56.349998474121094,56.75,25.841650009155273,2312200
2013-01-07,56.470001220703125,56.4900016784668,55.189998626708984,55.75,25.38629913330078,3184000
2013-01-08,55.529998779296875,56.02000045776367,55.02000045776367,55.02000045776367,25.053884506225586,4252900
2013-01-09,55.34000015258789,55.91999816894531,55.2599983215332,55.77000045776367,25.395401000976562,2627100
2013-01-10,56.0,56.04999923706055,55.0099983215332,55.93000030517578,25.468263626098633,3524600
2013-01-11,55.400001525878906,55.95000076293945,55.08000183105469,55.75,25.38629913330078,2753400
2013-01-14,55.81999969482422,55.97999954223633,55.15999984741211,55.33000183105469,25.195051193237305,2037600
2013-01-15,55.20000076293945,55.779998779296875,55.20000076293945,55.59000015258789,25.313434600830078,2164300
2013-01-16,55.540000915527344,55.540000915527344,55.0,55.099998474121094,25.090312957763672,2600300
2013-01-17,55.47999954223633,56.52000045776367,55.279998779296875,56.41999816894531,25.691387176513672,3511000
2013-01-18,56.560001373291016,57.029998779296875,55.75,56.66999816894531,25.805227279663086,3589700
2013-01-22,56.75,56.9900016784668,55.970001220703125,56.97999954223633,25.946386337280273,3274300
2013-01-23,56.7599983215332,56.84000015258789,56.380001068115234,56.560001373291016,25.755146026611328,2386900
2013-01-24,56.5,57.47999954223633,56.279998779296875,57.310001373291016,26.096664428710938,3866500
2013-01-25,57.400001525878906,57.72999954223633,57.04999923706055,57.52000045776367,26.192279815673828,2887200
2013-01-28,57.68000030517578,57.86000061035156,57.060001373291016,57.25,26.069332122802734,2093100
2013-01-29,57.209999084472656,57.61000061035156,56.81999969482422,57.540000915527344,26.201391220092773,1665300
2013-01-30,57.43000030517578,57.65999984741211,56.869998931884766,56.95000076293945,25.93273162841797,1903600
2013-01-31,56.70000076293945,57.11000061035156,56.470001220703125,56.95000076293945,25.93273162841797,2888700
2013-02-01,57.650001525878906,58.869998931884766,57.099998474121094,57.52000045776367,26.192279815673828,6602600
2013-02-04,56.08000183105469,57.29999923706055,55.599998474121094,56.58000183105469,25.764253616333008,5462000
2013-02-05,56.93000030517578,60.45000076293945,56.02000045776367,59.369998931884766,27.034696578979492,10292000
2013-02-06,59.400001525878906,59.81999969482422,59.0,59.650001525878906,27.162195205688477,6833800
2013-02-07,59.7599983215332,59.790000915527344,58.599998474121094,58.880001068115234,26.81157684326172,4628200
2013-02-08,58.95000076293945,59.599998474121094,58.81999969482422,58.91999816894531,26.82979393005371,4440900
2013-02-11,58.83000183105469,59.77000045776367,58.810001373291016,59.66999816894531,27.171308517456055,2990600
2013-02-12,59.68000030517578,60.29999923706055,59.439998626708984,60.209999084472656,27.417198181152344,2833100
2013-02-13,60.40999984741211,61.470001220703125,60.310001373291016,61.040000915527344,27.795148849487305,3033900
2013-02-14,60.66999816894531,61.459999084472656,60.61000061035156,61.2400016784668,27.886219024658203,2522500
2013-02-15,61.52000045776367,61.540000915527344,60.72999954223633,60.869998931884766,27.717737197875977,2936200
2013-02-19,61.04999923706055,61.54999923706055,61.04999923706055,61.4900016784668,28.000062942504883,2514500
2013-02-20,61.61000061035156,61.709999084472656,60.619998931884766,60.7400016784668,27.65853500366211,3834000
2013-02-21,60.2400016784668,60.279998779296875,59.290000915527344,59.45000076293945,27.071121215820312,3778600
2013-02-22,59.790000915527344,60.36000061035156,59.689998626708984,59.75,27.207733154296875,2711600
2013-02-25,60.31999969482422,61.060001373291016,59.25,59.27000045776367,26.98916244506836,4589900
2013-02-26,59.959999084472656,60.22999954223633,58.93000030517578,59.560001373291016,27.1212158203125,3254500
2013-02-27,59.439998626708984,61.97999954223633,59.31999969482422,61.689998626708984,28.09113121032715,3003100
2013-02-28,61.529998779296875,62.560001373291016,61.25,61.970001220703125,28.218631744384766,3798800
2013-03-01,61.45000076293945,63.630001068115234,61.16999816894531,62.65999984741211,28.532833099365234,5229000
2013-03-04,62.5099983215332,62.849998474121094,61.029998779296875,62.119998931884766,28.28693199157715,3951500
2013-03-05,62.40999984741211,63.119998931884766,62.0099983215332,62.150001525878906,28.30060386657715,3418400
2013-03-06,62.400001525878906,62.939998626708984,61.95000076293945,62.619998931884766,28.514619827270508,2813000
2013-03-07,62.369998931884766,62.5099983215332,61.79999923706055,62.02000045776367,28.432100296020508,1915000
2013-03-08,62.459999084472656,63.41999816894531,62.2400016784668,63.349998474121094,29.041812896728516,2581400
2013-03-11,63.11000061035156,63.5,62.83000183105469,63.38999938964844,29.060150146484375,1703500
2013-03-12,63.290000915527344,63.290000915527344,61.959999084472656,62.84000015258789,28.808012008666992,2716900
2013-03-13,62.849998474121094,63.59000015258789,62.56999969482422,63.41999816894531,29.073909759521484,3144800
2013-03-14,63.790000915527344,63.810001373291016,62.810001373291016,63.16999816894531,28.95929718017578,2793500
2013-03-15,62.880001068115234,63.2400016784668,62.5099983215332,62.56999969482422,28.684236526489258,4203300
2013-03-18,61.900001525878906,62.439998626708984,61.56999969482422,61.83000183105469,28.344993591308594,2596200
2013-03-19,62.0,62.099998474121094,60.779998779296875,61.38999938964844,28.143287658691406,2409000
2013-03-20,61.959999084472656,62.849998474121094,61.939998626708984,62.68000030517578,28.73466682434082,2487500
2013-03-21,62.38999938964844,63.27000045776367,62.25,62.619998931884766,28.7071590423584,3024400
2013-03-22,62.849998474121094,63.4900016784668,62.630001068115234,63.27000045776367,29.005136489868164,2609000
2013-03-25,63.18000030517578,63.65999984741211,61.91999816894531,61.97999954223633,28.41377067565918,3461700
2013-03-26,62.220001220703125,62.45000076293945,61.13999938964844,61.15999984741211,28.037843704223633,3364700
2013-03-27,60.709999084472656,61.20000076293945,60.349998474121094,60.7400016784668,27.84530258178711,5384300
2013-03-28,60.86000061035156,61.459999084472656,60.599998474121094,61.25,28.079099655151367,4510100
2013-04-01,61.25,62.150001525878906,60.810001373291016,61.18000030517578,28.047012329101562,3277100
2013-04-02,61.560001373291016,61.68000030517578,60.68000030517578,60.93000030517578,27.932409286499023,2706500
2013-04-03,61.130001068115234,61.22999954223633,58.54999923706055,59.25,27.1622371673584,5596300
2013-04-04,59.20000076293945,59.81999969482422,58.93000030517578,59.529998779296875,27.290599822998047,3921500
2013-04-05,58.630001068115234,59.400001525878906,58.27000045776367,59.31999969482422,27.194326400756836,3303000
2013-04-08,59.310001373291016,60.34000015258789,59.130001068115234,60.33000183105469,27.657346725463867,2720200
2013-04-09,60.47999954223633,60.720001220703125,59.79999923706055,60.470001220703125,27.721527099609375,3067600
2013-04-10,60.470001220703125,61.2400016784668,60.099998474121094,61.119998931884766,28.01950454711914,2475800
2013-04-11,61.16999816894531,62.880001068115234,61.099998474121094,61.689998626708984,28.28081512451172,2978800
2013-04-12,61.2400016784668,61.4900016784668,60.0,60.29999923706055,27.643596649169922,2648000
2013-04-15,59.900001525878906,60.040000915527344,57.09000015258789,57.220001220703125,26.231616973876953,4962000
2013-04-16,58.099998474121094,59.18000030517578,58.0,59.04999923706055,27.070554733276367,3128400
2013-04-17,58.540000915527344,58.54999923706055,56.720001220703125,57.349998474121094,26.291210174560547,4571300
2013-04-18,57.5,57.58000183105469,55.40999984741211,55.79999923706055,25.58063507080078,6419500
2013-04-19,55.779998779296875,57.189998626708984,55.689998626708984,56.959999084472656,26.11241912841797,4691200
2013-04-22,57.0,57.41999816894531,56.45000076293945,56.88999938964844,26.080331802368164,3818100
2013-04-23,57.0099983215332,58.599998474121094,56.97999954223633,58.15999984741211,26.662532806396484,3767000
2013-04-24,58.02000045776367,58.83000183105469,58.02000045776367,58.619998931884766,26.87342643737793,2911900
2013-04-25,58.90999984741211,59.2400016784668,58.63999938964844,58.689998626708984,26.90550994873047,2487100
2013-04-26,59.150001525878906,59.369998931884766,57.959999084472656,58.650001525878906,26.887170791625977,3571100
2013-04-29,60.40999984741211,62.029998779296875,60.040000915527344,60.279998779296875,27.63442611694336,6078800
2013-04-30,60.40999984741211,61.720001220703125,59.88999938964844,61.40999984741211,28.152456283569336,4319900
2013-05-01,61.02000045776367,61.02000045776367,59.18000030517578,59.27000045776367,27.171403884887695,4415500
2013-05-02,59.209999084472656,60.08000183105469,59.18000030517578,59.45000076293945,27.448429107666016,3949600
2013-05-03,60.25,62.18000030517578,60.25,61.650001525878906,28.464181900024414,4798200
2013-05-06,61.540000915527344,62.619998931884766,61.4900016784668,62.06999969482422,28.658090591430664,2562900
2013-05-07,62.52000045776367,63.4900016784668,62.38999938964844,63.459999084472656,29.299867630004883,2643800
2013-05-08,63.5,64.69999694824219,63.209999084472656,64.55999755859375,29.80774688720703,3383800
2013-05-09,64.30000305175781,65.31999969482422,64.19999694824219,64.73999786376953,29.890853881835938,2851400
2013-05-10,64.68000030517578,65.30999755859375,64.56999969482422,64.93000030517578,29.978565216064453,2155200
2013-05-13,64.80999755859375,65.0,64.11000061035156,64.2300033569336,29.65538215637207,2013900
2013-05-14,64.13999938964844,65.18000030517578,64.13999938964844,65.08999633789062,30.052448272705078,2853800
2013-05-15,64.58999633789062,65.70999908447266,64.51000213623047,65.68000030517578,30.32485580444336,2263300
2013-05-16,65.29000091552734,66.22000122070312,65.27999877929688,65.69999694824219,30.334087371826172,3091000
2013-05-17,66.30999755859375,67.01000213623047,65.8499984741211,66.86000061035156,30.869670867919922,3977900
2013-05-20,66.75,68.16000366210938,66.43000030517578,68.06999969482422,31.428333282470703,2801000
2013-05-21,67.98999786376953,68.81999969482422,67.95999908447266,68.69000244140625,31.71458625793457,3104400
2013-05-22,68.66999816894531,69.52999877929688,68.04000091552734,68.87999725341797,31.802330017089844,5064600
2013-05-23,67.77999877929688,68.5999984741211,67.30000305175781,68.23999786376953,31.506818771362305,3687400
2013-05-24,67.30000305175781,68.26000213623047,67.30000305175781,68.2300033569336,31.50220489501953,2251600
2013-05-28,69.19999694824219,69.91999816894531,68.5,68.66999816894531,31.705358505249023,2589300
2013-05-29,68.19999694824219,68.26000213623047,67.02999877929688,67.23999786376953,31.045116424560547,3386500
2013-05-30,67.58000183105469,67.98999786376953,67.11000061035156,67.7699966430664,31.289827346801758,1945900
2013-05-31,67.27999877929688,67.81999969482422,66.05999755859375,66.05999755859375,30.500303268432617,3847100
2013-06-03,66.4000015258789,66.80999755859375,64.97000122070312,66.22000122070312,30.57418441772461,3151900
2013-06-04,66.19999694824219,67.01000213623047,65.19000244140625,65.58999633789062,30.283292770385742,2929500
2013-06-05,65.30000305175781,65.45999908447266,64.0199966430664,64.08000183105469,29.58612823486328,3229100
2013-06-06,64.20999908447266,64.4000015258789,63.47999954223633,64.4000015258789,29.733867645263672,2681100
2013-06-07,64.87000274658203,65.75,64.77999877929688,65.62000274658203,30.297163009643555,3174400
2013-06-10,65.69000244140625,66.9800033569336,65.06999969482422,65.63999938964844,30.306386947631836,7466900
2013-06-11,65.04000091552734,65.43000030517578,64.30000305175781,64.55999755859375,29.80774688720703,3501100
2013-06-12,65.43000030517578,65.43000030517578,63.439998626708984,63.52000045776367,29.32757568359375,2933000
2013-06-13,63.38999938964844,65.19999694824219,63.119998931884766,64.83000183105469,29.932415008544922,2936400
2013-06-14,64.69000244140625,65.27999877929688,64.4000015258789,64.58000183105469,29.816984176635742,1792900
2013-06-17,65.0199966430664,65.47000122070312,64.27999877929688,64.73999786376953,29.890853881835938,2537300
2013-06-18,64.87999725341797,65.97000122070312,64.55000305175781,65.83999633789062,30.39872932434082,1951200
2013-06-19,65.81999969482422,65.94000244140625,64.69999694824219,64.69999694824219,29.872385025024414,1890100
2013-06-20,63.75,64.4000015258789,63.16999816894531,63.56999969482422,29.350656509399414,3599500
2013-06-21,64.12000274658203,64.62000274658203,63.0,63.959999084472656,29.53072166442871,3826700
2013-06-24,62.81999969482422,62.88999938964844,61.22999954223633,62.189998626708984,28.713499069213867,4371900
2013-06-25,62.779998779296875,63.349998474121094,61.970001220703125,63.150001525878906,29.1567440032959,3033200
2013-06-26,63.75,64.2300033569336,63.209999084472656,63.939998626708984,29.521488189697266,1976800
2013-06-27,64.55999755859375,65.56999969482422,64.55999755859375,65.22000122070312,30.11247444152832,2815800
2013-06-28,65.08000183105469,65.87999725341797,64.91000366210938,65.80999755859375,30.384872436523438,8398100
2013-07-01,65.76000213623047,67.16999816894531,65.55000305175781,66.4800033569336,30.694229125976562,3159200
2013-07-02,66.2300033569336,67.08000183105469,65.72000122070312,66.04000091552734,30.491077423095703,2697900
2013-07-03,65.75,66.55999755859375,65.51000213623047,66.22000122070312,30.57418441772461,1226700
2013-07-05,66.61000061035156,67.76000213623047,66.55000305175781,67.72000122070312,31.26673126220703,2387900
2013-07-08,68.11000061035156,68.30000305175781,67.76000213623047,67.95999908447266,31.377552032470703,2548800
2013-07-09,68.25,68.87000274658203,67.95999908447266,68.11000061035156,31.446800231933594,2503800
2013-07-10,68.13999938964844,68.31999969482422,67.05999755859375,67.38999938964844,31.1143741607666,2584000
2013-07-11,68.37999725341797,68.62999725341797,67.83000183105469,68.20999908447266,31.49296760559082,3210000
2013-07-12,68.23999786376953,68.4000015258789,67.83000183105469,68.33999633789062,31.553003311157227,1915200
2013-07-15,68.06999969482422,68.55999755859375,68.0199966430664,68.19000244140625,31.483745574951172,2919300
2013-07-16,68.1500015258789,68.25,66.44000244140625,66.5,30.70345687866211,2788800
2013-07-17,66.98999786376953,67.48999786376953,66.88999938964844,66.91999816894531,30.89737892150879,2090200
2013-07-18,67.33000183105469,67.7300033569336,66.94999694824219,67.63999938964844,31.22979736328125,2058100
2013-07-19,67.83000183105469,68.3499984741211,67.41999816894531,68.27999877929688,31.525297164916992,2020500
2013-07-22,68.26000213623047,68.6500015258789,68.0199966430664,68.12000274658203,31.451412200927734,1304100
2013-07-23,68.33999633789062,69.11000061035156,68.16000366210938,68.94999694824219,31.834640502929688,2228300
2013-07-24,69.11000061035156,69.18000030517578,67.9000015258789,68.08000183105469,31.432964324951172,2424600
2013-07-25,67.66000366210938,68.04000091552734,67.11000061035156,68.0199966430664,31.405248641967773,1913300
2013-07-26,67.44000244140625,68.04000091552734,67.30999755859375,68.02999877929688,31.409866333007812,1754900
2013-07-29,68.0,68.18000030517578,67.52999877929688,67.62000274658203,31.22056770324707,1383900
2013-07-30,68.08000183105469,68.55999755859375,67.83000183105469,68.30000305175781,31.534526824951172,1726700
2013-07-31,68.36000061035156,69.44000244140625,68.2300033569336,68.94999694824219,31.834640502929688,2220500
2013-08-01,69.52999877929688,70.06999969482422,69.29000091552734,69.93000030517578,32.48499298095703,2843700
2013-08-02,66.63999938964844,67.69999694824219,65.4000015258789,66.05999755859375,30.68722915649414,10999100
2013-08-05,66.1500015258789,66.54000091552734,65.66000366210938,66.33000183105469,30.812650680541992,3920800
2013-08-06,66.0,66.18000030517578,65.36000061035156,65.5,30.427085876464844,2867800
2013-08-07,65.4000015258789,65.4000015258789,64.38999938964844,64.55000305175781,29.985788345336914,3384800
2013-08-08,64.80000305175781,65.58000183105469,64.80000305175781,65.3499984741211,30.357402801513672,3983900
2013-08-09,64.88999938964844,65.97000122070312,64.8499984741211,65.62000274658203,30.482839584350586,2291300
2013-08-12,65.37999725341797,66.83999633789062,65.19000244140625,66.47000122070312,30.877689361572266,2518200
2013-08-13,66.66000366210938,67.30000305175781,66.41999816894531,66.94000244140625,31.09602165222168,1842800
2013-08-14,66.93000030517578,67.16999816894531,66.62999725341797,66.79000091552734,31.026342391967773,1463900
2013-08-15,66.08000183105469,66.11000061035156,65.0,65.23999786376953,30.30630874633789,3035700
2013-08-16,65.23999786376953,65.97000122070312,65.16999816894531,65.44000244140625,30.39922332763672,2615600
2013-08-19,65.2699966430664,65.52999877929688,64.75,64.83000183105469,30.115861892700195,1510500
2013-08-20,64.83000183105469,65.4000015258789,64.31999969482422,65.12000274658203,30.25057601928711,1575200
2013-08-21,64.91999816894531,65.9800033569336,64.63999938964844,65.47000122070312,30.413148880004883,2634300
2013-08-22,65.8499984741211,67.23999786376953,65.68000030517578,67.0,31.123891830444336,1766000
2013-08-23,67.11000061035156,67.23999786376953,66.25,66.88999938964844,31.07280158996582,1544200
2013-08-26,66.95999908447266,67.0,65.81999969482422,65.9800033569336,30.650068283081055,1611600
2013-08-27,65.12000274658203,65.2300033569336,63.95000076293945,64.04000091552734,29.748868942260742,2654800
2013-08-28,63.95000076293945,64.29000091552734,63.61000061035156,63.810001373291016,29.64202308654785,1832800
2013-08-29,63.709999084472656,64.66999816894531,63.61000061035156,63.9900016784668,29.72564125061035,1453000
2013-08-30,64.0,64.0999984741211,63.189998626708984,63.31999969482422,29.414400100708008,1672600
2013-09-03,64.27999877929688,64.66999816894531,62.88999938964844,63.08000183105469,29.302921295166016,3364400
2013-09-04,63.09000015258789,65.11000061035156,63.0099983215332,64.98999786376953,30.190174102783203,3411100
2013-09-05,64.83999633789062,65.66000366210938,64.63999938964844,65.44000244140625,30.39922332763672,1707500
2013-09-06,65.61000061035156,66.43000030517578,64.56999969482422,65.62999725341797,30.48747444152832,2595100
2013-09-09,66.19000244140625,67.66000366210938,66.12999725341797,66.75,31.00776481628418,3577900
2013-09-10,67.41000366210938,67.97000122070312,67.36000061035156,67.87999725341797,31.53268051147461,2786900
2013-09-11,67.54000091552734,68.3499984741211,67.26000213623047,68.0,31.58843231201172,1735900
2013-09-12,67.98999786376953,68.05000305175781,66.91000366210938,67.16999816894531,31.202865600585938,1959200
2013-09-13,67.02999877929688,67.45999908447266,66.62000274658203,67.33000183105469,31.27719497680664,1320200
2013-09-16,68.44999694824219,68.9800033569336,68.2300033569336,68.52999877929688,31.834644317626953,2133300
2013-09-17,68.3499984741211,68.41999816894531,67.91999816894531,68.22000122070312,31.69063377380371,1594700
2013-09-18,68.11000061035156,69.88999938964844,68.06999969482422,69.73999786376953,32.39672088623047,2242700
2013-09-19,69.94000244140625,71.16000366210938,69.9000015258789,70.79000091552734,32.884490966796875,3727900
2013-09-20,70.7699966430664,71.36000061035156,70.56999969482422,70.56999969482422,32.782291412353516,3473900
2013-09-23,70.2300033569336,70.43000030517578,68.94999694824219,69.48999786376953,32.28059387207031,2521300
2013-09-24,69.02999877929688,71.27999877929688,68.95999908447266,70.43000030517578,32.71725082397461,2762600
2013-09-25,70.4000015258789,71.11000061035156,69.83000183105469,70.4000015258789,32.70330810546875,1865700
2013-09-26,70.69999694824219,70.94999694824219,70.1500015258789,70.51000213623047,32.75442123413086,1272100
2013-09-27,70.29000091552734,70.29000091552734,69.43000030517578,69.69000244140625,32.37350082397461,1789100
2013-09-30,68.91999816894531,69.26000213623047,68.43000030517578,68.83999633789062,31.978641510009766,2856800
2013-10-01,68.72000122070312,70.1500015258789,68.72000122070312,68.98999786376953,32.04832458496094,3149600
2013-10-02,68.66000366210938,69.56999969482422,67.87999725341797,69.26000213623047,32.17374801635742,4071300
2013-10-03,69.13999938964844,69.1500015258789,67.83999633789062,68.2300033569336,31.695274353027344,2433200
2013-10-04,68.30999755859375,69.16000366210938,67.8499984741211,69.05000305175781,32.07619857788086,1744600
2013-10-07,68.12000274658203,68.26000213623047,67.19000244140625,67.20999908447266,31.221452713012695,3019900
2013-10-08,67.33999633789062,67.4000015258789,65.75,65.9000015258789,30.612913131713867,3132000
2013-10-09,66.01000213623047,66.16999816894531,65.19999694824219,65.6500015258789,30.49677276611328,2914000
2013-10-10,66.56999969482422,68.08999633789062,66.43000030517578,67.91999816894531,31.551267623901367,3014400
2013-10-11,67.88999938964844,69.30000305175781,67.75,69.30000305175781,32.19233322143555,2468400
2013-10-14,68.47000122070312,69.37999725341797,68.0199966430664,68.94999694824219,32.02973937988281,1865100
2013-10-15,68.5,68.58999633789062,66.6500015258789,66.94000244140625,31.09602165222168,3976900
2013-10-16,67.5199966430664,67.62999725341797,66.05999755859375,66.79000091552734,31.026342391967773,3517200
2013-10-17,66.56999969482422,67.45999908447266,66.4000015258789,67.33000183105469,31.27719497680664,2986500
2013-10-18,67.51000213623047,68.86000061035156,67.41000366210938,68.7300033569336,31.92754364013672,3388700
2013-10-21,69.11000061035156,69.19000244140625,68.16000366210938,68.37999725341797,31.764949798583984,2883900
2013-10-22,68.76000213623047,69.37999725341797,68.58000183105469,69.0199966430664,32.06224822998047,2204500
2013-10-23,68.72000122070312,68.75,67.3499984741211,67.7699966430664,31.48158073425293,2428700
2013-10-24,67.7699966430664,68.9000015258789,67.11000061035156,68.5,31.820707321166992,3791000
2013-10-25,68.0199966430664,72.54000091552734,67.5,71.63999938964844,33.27934265136719,10766300
2013-10-28,71.72000122070312,71.91999816894531,70.11000061035156,70.55000305175781,32.77300262451172,3990600
2013-10-29,70.93000030517578,71.43000030517578,70.08999633789062,71.30999755859375,33.12603759765625,3117600
2013-10-30,71.16000366210938,72.0999984741211,70.9000015258789,71.29000091552734,33.11676025390625,4247500
2013-10-31,70.66000366210938,71.13999938964844,70.18000030517578,70.55999755859375,32.97188949584961,3287200
2013-11-01,70.55000305175781,71.12999725341797,69.7300033569336,70.66999816894531,33.0233039855957,2956900
2013-11-04,70.94999694824219,71.16000366210938,70.26000213623047,70.62000274658203,32.99993133544922,1760100
2013-11-05,70.30000305175781,70.54000091552734,69.69999694824219,70.05999755859375,32.73824691772461,2595500
2013-11-06,70.41999816894531,70.95999908447266,69.95999908447266,70.20999908447266,32.80834197998047,1948900
2013-11-07,70.44999694824219,70.70999908447266,68.79000091552734,68.91999816894531,32.20554733276367,2627800
2013-11-08,69.04000091552734,70.63999938964844,69.0,70.5999984741211,32.9905891418457,2350200
2013-11-11,70.66000366210938,71.2699966430664,70.4800033569336,70.98999786376953,33.17283248901367,1686200
2013-11-12,70.9000015258789,72.08999633789062,70.58999633789062,71.9000015258789,33.598060607910156,3317200
2013-11-13,71.41999816894531,72.44999694824219,71.41000366210938,72.44999694824219,33.85507583618164,1925800
2013-11-14,72.4800033569336,72.73999786376953,72.02999877929688,72.30000305175781,33.78498840332031,1935600
2013-11-15,72.45999908447266,72.52999877929688,72.12999725341797,72.30000305175781,33.78498840332031,2417900
2013-11-18,72.43000030517578,72.7300033569336,71.83000183105469,72.06999969482422,33.6775016784668,2415500
2013-11-19,72.06999969482422,72.25,71.05999755859375,71.29000091552734,33.313018798828125,2163500
2013-11-20,71.30000305175781,72.04000091552734,70.75,70.88999938964844,33.126094818115234,1926500
2013-11-21,71.44999694824219,72.72000122070312,71.38999938964844,72.54000091552734,33.897132873535156,2263000
2013-11-22,72.33000183105469,73.19000244140625,72.05000305175781,73.0,34.11207580566406,2214000
2013-11-25,73.06999969482422,73.44000244140625,72.51000213623047,72.7699966430664,34.00459671020508,2114300
2013-11-26,72.80000305175781,73.12999725341797,72.56999969482422,72.83000183105469,34.032649993896484,1903800
2013-11-27,72.91000366210938,73.4000015258789,72.68000030517578,72.8499984741211,34.041996002197266,1129800
2013-11-29,72.72000122070312,73.06999969482422,72.4000015258789,72.66000366210938,33.953216552734375,1083400
2013-12-02,72.66000366210938,73.2300033569336,71.7300033569336,71.88999938964844,33.5933837890625,1936400
2013-12-03,72.08000183105469,72.20999908447266,70.86000061035156,71.16000366210938,33.25226593017578,2457000
2013-12-04,70.80000305175781,71.69999694824219,70.08999633789062,70.30000305175781,32.850406646728516,3904700
2013-12-05,70.16000366210938,71.69999694824219,70.12000274658203,71.31999969482422,33.32704544067383,2449400
2013-12-06,72.30999755859375,73.0,71.70999908447266,72.41999816894531,33.84104919433594,2221500
2013-12-09,72.26000213623047,72.70999908447266,71.80000305175781,72.30000305175781,33.78498840332031,2215500
2013-12-10,72.16000366210938,72.73999786376953,71.79000091552734,72.08999633789062,33.68684387207031,2106900
2013-12-11,72.08999633789062,72.41000366210938,70.76000213623047,70.95999908447266,33.15882110595703,1833600
2013-12-12,70.66999816894531,71.25,70.36000061035156,70.56999969482422,32.9765739440918,1638700
2013-12-13,70.8499984741211,71.16000366210938,70.41000366210938,70.97000122070312,33.163482666015625,2078900
2013-12-16,72.08000183105469,73.05000305175781,71.93000030517578,72.87000274658203,34.051326751708984,3110900
2013-12-17,72.86000061035156,73.72000122070312,72.44000244140625,73.44999694824219,34.322357177734375,3607500
2013-12-18,73.44999694824219,75.0,72.91999816894531,75.0,35.046653747558594,3080200
2013-12-19,74.4800033569336,74.5999984741211,73.80999755859375,74.4800033569336,34.80366134643555,2104800
2013-12-20,74.83000183105469,76.22000122070312,74.7699966430664,75.72000122070312,35.383121490478516,3619200
2013-12-23,76.08000183105469,76.19999694824219,74.9000015258789,75.44000244140625,35.252262115478516,2352100
2013-12-24,75.33999633789062,76.0999984741211,75.16999816894531,75.7300033569336,35.38778305053711,610100
2013-12-26,75.80000305175781,76.7300033569336,75.80000305175781,76.58000183105469,35.784976959228516,1441200
2013-12-27,76.61000061035156,77.0,76.51000213623047,76.75,35.86441421508789,964400
2013-12-30,76.52999877929688,76.75,75.94999694824219,76.01000213623047,35.518611907958984,1728100
2013-12-31,76.19000244140625,76.2699966430664,75.77999877929688,76.12000274658203,35.57001495361328,2722600
2014-01-02,75.73999786376953,75.98999786376953,75.18000030517578,75.48999786376953,35.27562713623047,3774100
2014-01-03,75.55000305175781,76.08999633789062,75.37999725341797,75.70999908447266,35.37843322753906,1936400
2014-01-06,76.19000244140625,76.44999694824219,75.18000030517578,75.37999725341797,35.22422409057617,2077100
2014-01-07,75.44000244140625,75.9800033569336,75.11000061035156,75.54000091552734,35.29899597167969,1940800
2014-01-08,75.58000183105469,75.58000183105469,74.94999694824219,75.27999877929688,35.17750549316406,2330000
2014-01-09,75.73999786376953,76.20999908447266,75.01000213623047,75.55000305175781,35.30366897583008,2436600
2014-01-10,75.66999816894531,76.41999816894531,75.36000061035156,76.31999969482422,35.663475036621094,2360600
2014-01-13,75.06999969482422,75.56999969482422,73.56999969482422,74.06999969482422,34.61206817626953,6969400
2014-01-14,74.16999816894531,75.69999694824219,73.88999938964844,75.69999694824219,35.373748779296875,3925200
2014-01-15,75.87000274658203,76.56999969482422,75.63999938964844,76.44000244140625,35.71954345703125,2636700
2014-01-16,76.2699966430664,77.12000274658203,76.20999908447266,76.54000091552734,35.76628494262695,2381600
2014-01-17,76.62999725341797,77.16000366210938,76.30999755859375,76.8499984741211,35.911128997802734,3159800
2014-01-21,77.63999938964844,78.19000244140625,77.12999725341797,77.66999816894531,36.2943229675293,3205400
2014-01-22,77.3499984741211,77.55000305175781,76.55999755859375,77.19000244140625,36.07002639770508,2863800
2014-01-23,76.4000015258789,76.4800033569336,75.29000091552734,75.94000244140625,35.48591613769531,2733600
2014-01-24,75.12000274658203,75.25,72.9800033569336,73.12999725341797,34.17282485961914,4556600
2014-01-27,73.33000183105469,73.9800033569336,72.12000274658203,72.79000091552734,34.013946533203125,2676100
2014-01-28,73.22000122070312,74.01000213623047,72.98999786376953,73.55000305175781,34.36908721923828,1748900
2014-01-29,72.8499984741211,74.19999694824219,72.68000030517578,73.4800033569336,34.33638000488281,2793300
2014-01-30,74.12000274658203,74.23999786376953,73.4000015258789,73.91000366210938,34.53732681274414,2833800
2014-01-31,72.66000366210938,73.47000122070312,72.44999694824219,73.08999633789062,34.154136657714844,3121200
2014-02-03,73.44000244140625,73.83999633789062,70.18000030517578,70.2699966430664,32.83638000488281,4858500
2014-02-04,68.5,69.0,67.30000305175781,68.6500015258789,32.079376220703125,9149500
2014-02-05,67.91000366210938,69.1500015258789,66.88999938964844,69.0999984741211,32.289649963378906,6970500
2014-02-06,69.02999877929688,70.18000030517578,68.87999725341797,69.06999969482422,32.275634765625,4986200
2014-02-07,69.31999969482422,70.83999633789062,68.80000305175781,70.62000274658203,32.99993133544922,5031500
2014-02-10,70.5,70.63999938964844,69.33999633789062,69.54000091552734,32.49527359008789,2816500
2014-02-11,69.91999816894531,70.30000305175781,69.41000366210938,70.01000213623047,32.71488952636719,3340900
2014-02-12,70.33000183105469,71.37999725341797,70.16999816894531,71.0999984741211,33.22422790527344,4603600
2014-02-13,70.43000030517578,71.69999694824219,70.25,71.55000305175781,33.43450927734375,2169300
2014-02-14,71.48999786376953,73.06999969482422,71.2300033569336,72.72000122070312,33.98123550415039,2825300
2014-02-18,72.97000122070312,73.05999755859375,72.11000061035156,72.47000122070312,33.86442184448242,1773700
2014-02-19,72.11000061035156,73.16000366210938,72.08999633789062,72.12999725341797,33.70555114746094,2146000
2014-02-20,72.16000366210938,73.16000366210938,71.75,72.97000122070312,34.09806442260742,2619300
2014-02-21,73.38999938964844,73.97000122070312,73.19999694824219,73.5,34.34572982788086,2663100
2014-02-24,73.77999877929688,75.38999938964844,73.77999877929688,74.9800033569336,35.03730010986328,3503600
2014-02-25,74.7300033569336,75.88999938964844,74.55999755859375,75.36000061035156,35.21487808227539,3374000
2014-02-26,75.45999908447266,76.16000366210938,75.30999755859375,75.77999877929688,35.41114044189453,3933300
2014-02-27,75.68000030517578,76.0,75.22000122070312,75.44999694824219,35.25693893432617,2607300
2014-02-28,75.44999694824219,76.13999938964844,74.25,74.70999908447266,34.9111328125,4705000
2014-03-03,73.94999694824219,74.0999984741211,72.55000305175781,73.47000122070312,34.33171081542969,5792100
2014-03-04,74.5,74.69999694824219,73.87000274658203,73.87999725341797,34.52328872680664,4624000
2014-03-05,74.2699966430664,74.63999938964844,73.94999694824219,74.4000015258789,34.76628112792969,3526900
2014-03-06,74.0999984741211,75.37999725341797,74.02999877929688,75.33999633789062,35.438941955566406,3215300
2014-03-07,75.7300033569336,76.6500015258789,75.55000305175781,76.1500015258789,35.8199577331543,4176600
2014-03-10,75.87000274658203,75.94000244140625,74.72000122070312,74.87000274658203,35.21784973144531,2467600
2014-03-11,75.04000091552734,75.4800033569336,74.16000366210938,74.52999877929688,35.057926177978516,2721600
2014-03-12,74.0199966430664,74.25,73.08000183105469,73.80000305175781,34.714542388916016,2409500
2014-03-13,74.05999755859375,74.19000244140625,72.0999984741211,72.55000305175781,34.12656784057617,2776900
2014-03-14,72.01000213623047,72.88999938964844,71.18000030517578,71.2699966430664,33.52445602416992,3474000
2014-03-17,71.9800033569336,73.1500015258789,71.97000122070312,72.4000015258789,34.055999755859375,3343100
2014-03-18,72.77999877929688,73.43000030517578,72.69999694824219,73.33000183105469,34.49345016479492,1962100
2014-03-19,73.26000213623047,73.37000274658203,71.62000274658203,72.05999755859375,33.89606857299805,3096500
2014-03-20,72.0199966430664,72.9800033569336,71.88999938964844,72.7699966430664,34.230037689208984,1731100
2014-03-21,73.45999908447266,74.44000244140625,72.58000183105469,72.6500015258789,34.1735954284668,2526800
2014-03-24,73.05999755859375,73.41999816894531,71.70999908447266,72.68000030517578,34.18769454956055,2570300
2014-03-25,73.54000091552734,74.19999694824219,73.18000030517578,73.93000030517578,34.77568054199219,2663300
2014-03-26,74.51000213623047,74.61000061035156,72.97000122070312,72.9800033569336,34.328826904296875,2554500
2014-03-27,72.79000091552734,73.48999786376953,72.0999984741211,73.30000305175781,34.47934341430664,2374000
2014-03-28,73.45999908447266,74.51000213623047,73.30999755859375,74.2300033569336,34.91680145263672,1705500
2014-03-31,74.72000122070312,75.54000091552734,74.70999908447266,75.12000274658203,35.335453033447266,2315700
2014-04-01,74.7699966430664,75.80000305175781,74.58999633789062,75.7699966430664,35.64119338989258,2587100
2014-04-02,76.05000305175781,77.16000366210938,75.69999694824219,76.66999816894531,36.0645637512207,2521100
2014-04-03,77.0,77.62000274658203,76.66999816894531,77.0199966430664,36.22918701171875,2750300
2014-04-04,77.30999755859375,77.70999908447266,75.37000274658203,75.56999969482422,35.54712677001953,3811700
2014-04-07,75.19000244140625,75.36000061035156,72.98999786376953,73.38999938964844,34.52168655395508,3325600
2014-04-08,73.51000213623047,73.81999969482422,72.77999877929688,73.37999725341797,34.5169792175293,3352200
2014-04-09,73.5,74.83999633789062,73.37999725341797,74.79000091552734,35.18022537231445,2353600
2014-04-10,74.86000061035156,74.94000244140625,72.69000244140625,72.83999633789062,34.26296615600586,2393800
2014-04-11,72.58999633789062,72.58999633789062,70.55999755859375,70.91999816894531,33.35982131958008,4130200
2014-04-14,71.72000122070312,71.88999938964844,70.4000015258789,71.02999877929688,33.41157150268555,3497900
2014-04-15,71.06999969482422,71.93000030517578,70.26000213623047,71.88999938964844,33.81610870361328,3159700
2014-04-16,72.38999938964844,73.04000091552734,72.08999633789062,72.94999694824219,34.31471633911133,2137600
2014-04-17,73.52999877929688,74.26000213623047,72.98999786376953,73.81999969482422,34.723960876464844,2757100
2014-04-21,73.80000305175781,74.06999969482422,73.25,73.93000030517578,34.77568054199219,1686200
2014-04-22,73.98999786376953,74.88999938964844,73.81999969482422,74.43000030517578,35.01088333129883,1662500
2014-04-23,74.33000183105469,75.0199966430664,74.08999633789062,74.37999725341797,34.987369537353516,1960700
2014-04-24,74.70999908447266,75.31999969482422,74.05999755859375,74.95999908447266,35.26018524169922,2031600
2014-04-25,74.73999786376953,74.97000122070312,73.72000122070312,73.94999694824219,34.785099029541016,1966900
2014-04-28,74.0999984741211,75.05000305175781,73.45999908447266,74.5,35.0438232421875,3172000
2014-04-29,73.88999938964844,74.5,71.77999877929688,72.1500015258789,33.938411712646484,5955600
2014-04-30,72.08000183105469,72.98999786376953,71.30999755859375,72.63999938964844,34.16888427734375,3968200
2014-05-01,72.2699966430664,73.25,72.11000061035156,73.13999938964844,34.63774490356445,3201600
2014-05-02,72.91999816894531,73.69000244140625,72.72000122070312,72.86000061035156,34.50514221191406,2735200
2014-05-05,72.41000366210938,73.16999816894531,71.80999755859375,72.83000183105469,34.49094009399414,1877100
2014-05-06,72.56999969482422,72.80000305175781,72.19000244140625,72.37000274658203,34.2730827331543,2316800
2014-05-07,72.63999938964844,72.70999908447266,71.61000061035156,72.5,34.334651947021484,2355800
2014-05-08,72.45999908447266,73.05000305175781,71.6500015258789,71.91999816894531,34.059974670410156,2947000
2014-05-09,72.0,72.01000213623047,71.18000030517578,71.62000274658203,33.91789627075195,1939700
2014-05-12,72.16999816894531,73.30999755859375,72.02999877929688,73.04000091552734,34.59037399291992,2389000
2014-05-13,73.30000305175781,73.91000366210938,73.0,73.19999694824219,34.6661491394043,2469700
2014-05-14,73.33999633789062,73.44999694824219,72.58999633789062,72.73999786376953,34.44831085205078,1503400
2014-05-15,72.3499984741211,72.73999786376953,71.55000305175781,72.38999938964844,34.28254699707031,2763200
2014-05-16,72.70999908447266,72.76000213623047,71.58999633789062,72.20999908447266,34.197303771972656,3956900
2014-05-19,71.88999938964844,72.95999908447266,71.77999877929688,72.63999938964844,34.400943756103516,1705000
2014-05-20,72.52999877929688,72.73999786376953,71.72000122070312,72.08999633789062,34.140480041503906,2350500
2014-05-21,72.33999633789062,73.0,72.33999633789062,72.94000244140625,34.54302215576172,2250800
2014-05-22,73.01000213623047,73.97000122070312,72.73999786376953,73.30000305175781,34.71350860595703,1969800
2014-05-23,73.4000015258789,73.80000305175781,72.8499984741211,73.72000122070312,34.912418365478516,1629600
2014-05-27,74.0,74.94999694824219,73.75,74.26000213623047,35.16815185546875,1945200
2014-05-28,74.26000213623047,74.58999633789062,73.9000015258789,73.9800033569336,35.03554153442383,2141100
2014-05-29,74.2300033569336,74.45999908447266,73.55000305175781,74.02999877929688,35.059226989746094,1619300
2014-05-30,73.7300033569336,73.94000244140625,73.27999877929688,73.69000244140625,34.89820098876953,2048000
2014-06-02,73.75,73.93000030517578,72.94999694824219,73.5999984741211,34.8555793762207,1776700
2014-06-03,73.4000015258789,73.66999816894531,73.13999938964844,73.54000091552734,34.82717514038086,2131400
2014-06-04,73.44000244140625,73.66999816894531,73.0999984741211,73.37999725341797,34.75139617919922,1808200
2014-06-05,73.58000183105469,74.44000244140625,73.30999755859375,73.55999755859375,34.836647033691406,5181200
2014-06-06,73.80999755859375,74.88999938964844,73.6500015258789,74.88999938964844,35.46649932861328,2589000
2014-06-09,74.91999816894531,76.13999938964844,74.7699966430664,75.55999755859375,35.78379440307617,2841000
2014-06-10,75.4000015258789,75.55000305175781,74.83000183105469,75.1500015258789,35.58963394165039,1529900
2014-06-11,74.72000122070312,75.4800033569336,74.72000122070312,75.26000213623047,35.6417236328125,1981500
2014-06-12,75.38999938964844,75.55999755859375,74.73999786376953,74.93000030517578,35.485450744628906,2860500
2014-06-13,75.08999633789062,75.5,74.93000030517578,75.16000366210938,35.59436798095703,1577700
2014-06-16,74.98999786376953,76.2300033569336,74.9800033569336,75.81999969482422,35.90693664550781,2216800
2014-06-17,75.63999938964844,76.3499984741211,75.30000305175781,76.16000366210938,36.06795883178711,2207900
2014-06-18,76.13999938964844,76.68000030517578,75.63999938964844,76.58999633789062,36.2715950012207,1958200
2014-06-19,77.44999694824219,77.62000274658203,76.25,76.83000183105469,36.385250091552734,2314900
2014-06-20,77.05999755859375,77.73999786376953,76.69000244140625,77.55999755859375,36.73096466064453,4811200
2014-06-23,79.20999908447266,79.6500015258789,78.55999755859375,79.23999786376953,37.526580810546875,4317100
2014-06-24,78.86000061035156,79.08000183105469,77.31999969482422,77.45999908447266,36.68361282348633,2998100
2014-06-25,77.12000274658203,77.61000061035156,76.7699966430664,76.98999786376953,36.46103286743164,2617200
2014-06-26,77.05000305175781,77.06999969482422,76.20999908447266,76.97000122070312,36.451568603515625,2107100
2014-06-27,76.72000122070312,77.30000305175781,76.43000030517578,77.26000213623047,36.58889389038086,2189800
2014-06-30,77.06999969482422,77.33000183105469,76.66999816894531,77.18000030517578,36.55101013183594,2187000
2014-07-01,77.48999786376953,77.87000274658203,77.0,77.36000061035156,36.63625717163086,2435700
2014-07-02,77.37000274658203,78.3499984741211,77.33000183105469,77.5999984741211,36.749908447265625,2747300
2014-07-03,77.86000061035156,78.4800033569336,77.80000305175781,78.29000091552734,37.07668685913086,1563600
2014-07-07,78.08000183105469,78.58000183105469,77.3499984741211,78.44999694824219,37.152442932128906,2797100
2014-07-08,77.88999938964844,78.05000305175781,77.19999694824219,77.43000030517578,36.66939926147461,2622100
2014-07-09,78.05000305175781,78.33000183105469,77.55000305175781,77.9000015258789,36.891990661621094,2039600
2014-07-10,76.8499984741211,77.73999786376953,76.58999633789062,77.66000366210938,36.77833557128906,2644500
2014-07-11,77.69999694824219,78.0,77.0999984741211,77.81999969482422,36.854087829589844,1869100
2014-07-14,78.62999725341797,79.9800033569336,78.58000183105469,79.05000305175781,37.43659973144531,3857400
2014-07-15,79.20999908447266,79.43000030517578,78.04000091552734,78.62000274658203,37.23295974731445,2790900
2014-07-16,79.08999633789062,79.87999725341797,78.91000366210938,79.44000244140625,37.621299743652344,3057700
2014-07-17,79.1500015258789,79.3499984741211,78.11000061035156,78.25,37.0577392578125,1985500
2014-07-18,78.44999694824219,78.86000061035156,78.25,78.56999969482422,37.20928955078125,2435200
2014-07-21,77.79000091552734,78.05000305175781,77.01000213623047,77.91999816894531,36.90146255493164,3528200
2014-07-22,78.62999725341797,78.76000213623047,78.12000274658203,78.31999969482422,37.09088897705078,1729100
2014-07-23,78.5,78.62000274658203,77.66000366210938,78.02999877929688,36.953548431396484,1715400
2014-07-24,78.1500015258789,78.18000030517578,77.30000305175781,77.37999725341797,36.64572525024414,2242000
2014-07-25,77.0999984741211,77.63999938964844,77.0199966430664,77.47000122070312,36.6883430480957,2404900
2014-07-28,77.45999908447266,77.52999877929688,76.19999694824219,76.75,36.34736633300781,2612300
2014-07-29,75.04000091552734,75.11000061035156,70.16000366210938,70.51000213623047,33.3922233581543,10518500
2014-07-30,69.37999725341797,70.12999725341797,68.76000213623047,69.9000015258789,33.10333251953125,11758100
2014-07-31,68.91000366210938,69.23999786376953,67.76000213623047,67.91999816894531,32.39271926879883,6087800
2014-08-01,67.54000091552734,67.87000274658203,66.9800033569336,67.18000030517578,32.0397834777832,4525600
2014-08-04,67.58000183105469,67.97000122070312,66.86000061035156,67.68000030517578,32.27825927734375,4326200
2014-08-05,67.31999969482422,68.45999908447266,67.16999816894531,67.5,32.19241714477539,4262300
2014-08-06,66.80000305175781,67.1500015258789,66.56999969482422,66.76000213623047,31.839479446411133,4946600
2014-08-07,67.3499984741211,67.5999984741211,66.54000091552734,66.72000122070312,31.820405960083008,3454600
2014-08-08,67.0,67.76000213623047,66.9800033569336,67.70999908447266,32.292564392089844,3209800
2014-08-11,67.86000061035156,68.45999908447266,67.69999694824219,67.93000030517578,32.397483825683594,2178200
2014-08-12,67.80000305175781,68.19000244140625,67.72000122070312,67.95999908447266,32.41178894042969,2100700
2014-08-13,68.37999725341797,68.95999908447266,68.13999938964844,68.69000244140625,32.75995635986328,3316900
2014-08-14,68.77999877929688,68.87000274658203,68.31999969482422,68.56999969482422,32.702720642089844,2500300
2014-08-15,68.88999938964844,68.9000015258789,67.69000244140625,68.11000061035156,32.483333587646484,3389700
2014-08-18,68.5199966430664,69.0199966430664,68.51000213623047,69.0,32.90779495239258,3310600
2014-08-19,69.55000305175781,69.68000030517578,69.04000091552734,69.19999694824219,33.00318145751953,2188900
2014-08-20,68.91999816894531,70.5199966430664,68.91999816894531,70.4000015258789,33.57548522949219,3673800
2014-08-21,70.5999984741211,70.5999984741211,69.87999725341797,70.05000305175781,33.408565521240234,1518700
2014-08-22,69.91000366210938,70.0999984741211,69.63999938964844,69.80999755859375,33.294097900390625,2038200
2014-08-25,70.2300033569336,70.62999725341797,70.05999755859375,70.29000091552734,33.52302551269531,1585400
2014-08-26,70.55999755859375,70.69000244140625,70.0,70.0,33.38472366333008,1838700
2014-08-27,70.0,70.26000213623047,69.6500015258789,69.7699966430664,33.275020599365234,1826100
2014-08-28,69.80000305175781,69.80000305175781,69.01000213623047,69.56999969482422,33.17963790893555,1768000
2014-08-29,69.9800033569336,69.9800033569336,69.30999755859375,69.80999755859375,33.294097900390625,1271900
2014-09-02,70.0,70.48999786376953,69.72000122070312,70.2699966430664,33.51348876953125,1936900
2014-09-03,70.55999755859375,70.5999984741211,69.70999908447266,69.80999755859375,33.294097900390625,2682200
2014-09-04,69.80999755859375,70.33999633789062,69.30000305175781,69.37000274658203,33.08426284790039,2198600
2014-09-05,69.23999786376953,69.37000274658203,68.30999755859375,69.16999816894531,32.988868713378906,3128800
2014-09-08,68.9800033569336,69.47000122070312,68.69999694824219,68.8499984741211,32.83625030517578,1559700
2014-09-09,68.88999938964844,68.94000244140625,68.11000061035156,68.2300033569336,32.540557861328125,1924100
2014-09-10,68.26000213623047,68.4000015258789,67.80999755859375,68.0999984741211,32.47855758666992,2166800
2014-09-11,67.9000015258789,68.0,67.5999984741211,67.77999877929688,32.32594680786133,3338800
2014-09-12,67.80000305175781,67.80000305175781,67.01000213623047,67.08999633789062,31.996875762939453,2836100
2014-09-15,67.01000213623047,67.3499984741211,66.44000244140625,67.0,31.95394515991211,2666500
2014-09-16,66.7699966430664,66.91999816894531,65.87000274658203,66.70999908447266,31.81563377380371,3621200
2014-09-17,66.70999908447266,66.86000061035156,66.2699966430664,66.36000061035156,31.648712158203125,2808500
2014-09-18,66.63999938964844,66.91999816894531,66.44999694824219,66.55999755859375,31.744098663330078,2701400
2014-09-19,66.88999938964844,67.05000305175781,66.12000274658203,66.37000274658203,31.65349006652832,2639600
2014-09-22,66.16999816894531,66.23999786376953,64.77999877929688,65.06999969482422,31.03348159790039,3670300
2014-09-23,64.69999694824219,65.4000015258789,64.11000061035156,65.13999938964844,31.06686782836914,4035800
2014-09-24,65.0199966430664,65.80999755859375,64.9000015258789,65.62999725341797,31.30054473876953,3101900
2014-09-25,65.20999908447266,65.23999786376953,64.44000244140625,64.44999694824219,30.737789154052734,3833400
2014-09-26,64.6500015258789,65.41000366210938,64.44000244140625,65.30999755859375,31.147953033447266,2890600
2014-09-29,64.52999877929688,64.88999938964844,64.4000015258789,64.69000244140625,30.852251052856445,2529600
2014-09-30,64.76000213623047,64.9000015258789,62.84000015258789,63.369998931884766,30.222705841064453,5353300
2014-10-01,63.029998779296875,63.369998931884766,62.43000030517578,62.68000030517578,29.893632888793945,5457900
2014-10-02,62.0,62.58000183105469,60.380001068115234,62.040000915527344,29.588397979736328,6621300
2014-10-03,62.619998931884766,63.220001220703125,62.5099983215332,63.150001525878906,30.1177921295166,3790700
2014-10-06,63.27000045776367,63.79999923706055,62.83000183105469,63.40999984741211,30.241790771484375,2843300
2014-10-07,62.97999954223633,62.97999954223633,61.689998626708984,61.689998626708984,29.421480178833008,3266300
2014-10-08,61.81999969482422,62.86000061035156,60.939998626708984,62.810001373291016,29.955631256103516,3739600
2014-10-09,62.529998779296875,62.63999938964844,59.4900016784668,59.52000045776367,28.386552810668945,6368900
2014-10-10,59.380001068115234,59.63999938964844,58.459999084472656,58.91999816894531,28.10039520263672,5005800
2014-10-13,58.84000015258789,59.7400016784668,58.209999084472656,58.27000045776367,27.790395736694336,3723300
2014-10-14,59.04999923706055,60.33000183105469,58.779998779296875,59.04999923706055,28.162403106689453,4858900
2014-10-15,58.380001068115234,59.279998779296875,57.11000061035156,58.970001220703125,28.12424087524414,4671100
2014-10-16,57.83000183105469,60.54999923706055,57.709999084472656,59.91999816894531,28.57732391357422,3940600
2014-10-17,60.91999816894531,63.040000915527344,60.81999969482422,61.439998626708984,29.30224609375,5617300
2014-10-20,60.970001220703125,61.189998626708984,60.369998931884766,61.099998474121094,29.14008903503418,2708400
2014-10-21,61.70000076293945,62.9900016784668,61.630001068115234,62.900001525878906,29.998554229736328,2389700
2014-10-22,62.90999984741211,63.0,61.02000045776367,61.099998474121094,29.14008903503418,3120000
2014-10-23,62.08000183105469,63.08000183105469,61.91999816894531,62.7400016784668,29.9222469329834,3428900
2014-10-24,62.72999954223633,63.09000015258789,62.470001220703125,63.060001373291016,30.07486343383789,1841500
2014-10-27,62.7400016784668,62.849998474121094,62.22999954223633,62.54999923706055,29.831632614135742,2248800
2014-10-28,63.209999084472656,64.77999877929688,63.189998626708984,64.77999877929688,30.89516830444336,3388100
2014-10-29,66.22000122070312,67.22000122070312,65.16999816894531,65.91999816894531,31.43886375427246,6765800
2014-10-30,65.51000213623047,67.2300033569336,65.4800033569336,66.7699966430664,31.844247817993164,3687500
2014-10-31,67.8499984741211,68.41999816894531,67.26000213623047,68.38999938964844,32.616878509521484,4427800
2014-11-03,68.37000274658203,68.68000030517578,67.80000305175781,68.43000030517578,32.63594436645508,3955800
2014-11-04,68.33999633789062,68.55999755859375,67.36000061035156,67.91000366210938,32.38795471191406,2911500
2014-11-05,68.76000213623047,68.87999725341797,67.69999694824219,68.31999969482422,32.583492279052734,2736600
2014-11-06,68.5,69.0999984741211,68.37999725341797,69.05999755859375,32.93640899658203,2741800
2014-11-07,68.88999938964844,69.30999755859375,68.41000366210938,69.16999816894531,32.988868713378906,3087200
2014-11-10,69.1500015258789,69.41000366210938,68.79000091552734,69.37999725341797,33.08902359008789,2575500
2014-11-11,69.02999877929688,69.3499984741211,68.26000213623047,68.44000244140625,32.64071273803711,2345800
2014-11-12,67.7699966430664,67.94999694824219,67.16999816894531,67.63999938964844,32.49180603027344,3016100
2014-11-13,67.69999694824219,67.79000091552734,66.16999816894531,66.5,31.94418716430664,3353600
2014-11-14,66.58000183105469,67.0199966430664,66.2699966430664,66.94000244140625,32.15554428100586,1955700
2014-11-17,66.87999725341797,67.29000091552734,66.51000213623047,67.08000183105469,32.222801208496094,1632500
2014-11-18,66.94999694824219,67.55000305175781,66.58999633789062,67.41000366210938,32.38132095336914,1982800
2014-11-19,67.37000274658203,67.37000274658203,66.58999633789062,66.83999633789062,32.107513427734375,1568300
2014-11-20,66.5,67.55000305175781,66.30999755859375,67.36000061035156,32.357295989990234,1385700
2014-11-21,68.2300033569336,69.06999969482422,68.1500015258789,68.38999938964844,32.852081298828125,2514800
2014-11-24,68.54000091552734,69.12000274658203,68.4000015258789,69.06999969482422,33.178733825683594,1886200
2014-11-25,68.97000122070312,69.5999984741211,68.80000305175781,69.47000122070312,33.37086868286133,2777800
2014-11-26,69.33999633789062,69.44999694824219,68.72000122070312,69.20999908447266,33.2459831237793,1552200
2014-11-28,68.91999816894531,69.2699966430664,67.27999877929688,67.83000183105469,32.583072662353516,1915100
2014-12-01,67.56999969482422,67.73999786376953,66.98999786376953,67.19000244140625,32.275638580322266,3349000
2014-12-02,67.38999938964844,68.58000183105469,67.25,68.5,32.90492630004883,3488800
2014-12-03,68.8499984741211,70.5,68.80999755859375,70.20999908447266,33.72633743286133,3182800
2014-12-04,69.75,69.8499984741211,68.91999816894531,69.4800033569336,33.37566375732422,1765500
2014-12-05,69.2699966430664,69.61000061035156,69.0199966430664,69.41000366210938,33.34204864501953,1497800
2014-12-08,69.25,69.5,67.88999938964844,67.91999816894531,32.626304626464844,2824800
2014-12-09,67.05000305175781,68.52999877929688,66.8499984741211,68.5,32.90492630004883,2042900
2014-12-10,68.20999908447266,68.30999755859375,66.58999633789062,66.80999755859375,32.09309387207031,2448300
2014-12-11,67.08000183105469,67.79000091552734,66.66999816894531,66.83000183105469,32.10271072387695,2399800
2014-12-12,66.0199966430664,66.2699966430664,64.69000244140625,64.72000122070312,31.089143753051758,3348700
2014-12-15,66.0,66.0,64.2300033569336,64.4000015258789,30.935422897338867,2877200
2014-12-16,64.06999969482422,65.91000366210938,64.02999877929688,65.16999816894531,31.305301666259766,3473200
2014-12-17,65.11000061035156,65.1500015258789,64.0999984741211,64.87999725341797,31.165998458862305,4479500
2014-12-18,65.81999969482422,67.45999908447266,65.81999969482422,67.44999694824219,32.40052795410156,3147900
2014-12-19,67.62000274658203,69.26000213623047,67.5999984741211,69.16000366210938,33.22195816040039,4570800
2014-12-22,69.61000061035156,69.98999786376953,68.51000213623047,69.06999969482422,33.178733825683594,2897000
2014-12-23,69.56999969482422,70.51000213623047,69.25,69.38999938964844,33.33244705200195,1965200
2014-12-24,69.55999755859375,69.7699966430664,69.16000366210938,69.30000305175781,33.28921890258789,734600
2014-12-26,69.41000366210938,69.91999816894531,69.36000061035156,69.43000030517578,33.351654052734375,851400
2014-12-29,69.1500015258789,69.5,69.0,69.33999633789062,33.30842590332031,1422400
2014-12-30,69.08999633789062,69.4000015258789,68.69999694824219,68.7699966430664,33.03459548950195,1455400
2014-12-31,69.12000274658203,69.2300033569336,67.93000030517578,67.95999908447266,32.64552307128906,1217200
2015-01-02,68.38999938964844,68.56999969482422,66.98999786376953,67.93000030517578,32.631103515625,1638100
2015-01-05,67.11000061035156,67.13999938964844,64.94999694824219,65.12000274658203,31.28129768371582,3206200
2015-01-06,65.08999633789062,65.25,63.56999969482422,64.38999938964844,30.93062400817871,3241700
2015-01-07,65.30999755859375,65.56999969482422,64.3499984741211,64.58000183105469,31.02189064025879,3120800
2015-01-08,65.19999694824219,66.91999816894531,65.19999694824219,66.88999938964844,32.13153076171875,3445900
2015-01-09,67.08999633789062,67.23999786376953,65.8499984741211,66.05999755859375,31.732824325561523,2810800
2015-01-12,65.94999694824219,66.19999694824219,64.94000244140625,65.4800033569336,31.4542179107666,2848300
2015-01-13,65.75,66.58999633789062,64.63999938964844,65.45999908447266,31.444608688354492,3575900
2015-01-14,64.01000213623047,64.58000183105469,63.310001373291016,64.23999786376953,30.85856819152832,2394500
2015-01-15,64.52999877929688,64.66000366210938,63.58000183105469,64.06999969482422,30.77691078186035,3635900
2015-01-16,63.650001525878906,64.63999938964844,63.619998931884766,64.58999633789062,31.026691436767578,3488800
2015-01-20,64.88999938964844,64.97000122070312,64.25,64.80000305175781,31.127573013305664,3265200
2015-01-21,64.3499984741211,65.91999816894531,64.2300033569336,65.81999969482422,31.617542266845703,3276800
2015-01-22,66.5999984741211,67.91000366210938,66.13999938964844,67.68000030517578,32.511016845703125,3463400
2015-01-23,67.7300033569336,67.7300033569336,66.72000122070312,67.01000213623047,32.189170837402344,2356100
2015-01-26,66.72000122070312,67.12000274658203,66.06999969482422,66.81999969482422,32.097904205322266,1950000
2015-01-27,65.4000015258789,65.80999755859375,64.69000244140625,65.0199966430664,31.233247756958008,3771600
2015-01-28,65.33999633789062,65.51000213623047,63.52000045776367,63.61000061035156,30.55594253540039,3197400
2015-01-29,63.439998626708984,64.3499984741211,62.79999923706055,64.19000244140625,30.834548950195312,3359600
2015-01-30,63.529998779296875,64.0999984741211,63.06999969482422,63.09000015258789,30.306148529052734,3911500
2015-02-02,63.619998931884766,64.91000366210938,62.84000015258789,64.4000015258789,30.935422897338867,4116900
2015-02-03,67.88999938964844,70.33000183105469,67.41999816894531,69.79000091552734,33.524574279785156,7275200
2015-02-04,69.37999725341797,69.48999786376953,68.16999816894531,68.4800033569336,32.89531326293945,4301200
2015-02-05,68.7300033569336,69.58000183105469,68.7300033569336,69.22000122070312,33.25077819824219,2552600
2015-02-06,69.48999786376953,70.87000274658203,69.48999786376953,70.05000305175781,33.649478912353516,3272400
2015-02-09,69.55000305175781,70.72000122070312,69.54000091552734,70.13999938964844,33.69272232055664,2079700
2015-02-10,70.9000015258789,70.94000244140625,69.6500015258789,70.73999786376953,33.98093795776367,1971600
2015-02-11,70.36000061035156,70.73999786376953,69.94999694824219,70.33000183105469,33.78398132324219,2024600
2015-02-12,70.79000091552734,71.8499984741211,70.3499984741211,71.6500015258789,34.418060302734375,2697300
2015-02-13,71.62999725341797,72.70999908447266,71.44999694824219,72.55000305175781,34.850399017333984,3118800
2015-02-17,72.37000274658203,72.37000274658203,71.52999877929688,72.12999725341797,34.64863586425781,1977800
2015-02-18,72.08000183105469,72.77999877929688,71.7300033569336,72.29000091552734,34.72550582885742,1655800
2015-02-19,71.80999755859375,72.54000091552734,71.5,72.12000274658203,34.643836975097656,1381700
2015-02-20,72.12999725341797,72.58999633789062,71.30000305175781,72.51000213623047,34.831180572509766,1779900
2015-02-23,72.16999816894531,72.44999694824219,71.51000213623047,71.63999938964844,34.413265228271484,1996600
2015-02-24,71.58999633789062,72.0,71.47000122070312,71.72000122070312,34.45167541503906,2073800
2015-02-25,71.87000274658203,72.0,70.8499984741211,71.55000305175781,34.370025634765625,2585600
2015-02-26,71.52999877929688,71.97000122070312,71.30999755859375,71.79000091552734,34.48530960083008,1905000
2015-02-27,71.19000244140625,71.51000213623047,70.76000213623047,71.01000213623047,34.110626220703125,2396600
2015-03-02,71.01000213623047,71.48999786376953,70.7300033569336,71.0,34.1058349609375,2208400
2015-03-03,70.47000122070312,70.9800033569336,70.18000030517578,70.44000244140625,33.83682632446289,2239800
2015-03-04,70.2300033569336,70.33000183105469,69.1500015258789,69.6500015258789,33.457332611083984,2186400
2015-03-05,69.30000305175781,69.45999908447266,68.81999969482422,69.3499984741211,33.5783805847168,1732500
2015-03-06,68.68000030517578,69.20999908447266,67.9800033569336,68.16999816894531,33.00703430175781,1969100
2015-03-09,68.2300033569336,68.6500015258789,68.0199966430664,68.5,33.16683578491211,1633800
2015-03-10,67.7699966430664,67.83999633789062,67.16000366210938,67.16000366210938,32.518009185791016,1988400
2015-03-11,67.31999969482422,67.36000061035156,66.47000122070312,66.56999969482422,32.23234176635742,1874600
2015-03-12,66.86000061035156,67.27999877929688,66.63999938964844,67.25,32.56159591674805,2301500
2015-03-13,67.0,67.25,66.04000091552734,66.63999938964844,32.2662353515625,2503400
2015-03-16,68.12000274658203,68.2300033569336,66.88999938964844,67.79000091552734,32.82304763793945,3203000
2015-03-17,67.48999786376953,67.8499984741211,67.12999725341797,67.68000030517578,32.76979064941406,2215400
2015-03-18,67.3499984741211,68.72000122070312,66.7300033569336,68.5199966430664,33.176509857177734,3470900
2015-03-19,68.0999984741211,68.20999908447266,67.26000213623047,67.58000183105469,32.72138214111328,2032300
2015-03-20,68.02999877929688,68.6500015258789,67.91000366210938,68.4800033569336,33.15713882446289,4282400
2015-03-23,68.45999908447266,68.69999694824219,67.80999755859375,68.05999755859375,32.95377731323242,2288400
2015-03-24,68.02999877929688,68.36000061035156,67.4800033569336,67.87000274658203,32.86178207397461,2150600
2015-03-25,67.91999816894531,68.19000244140625,66.80999755859375,66.80999755859375,32.348541259765625,2193600
2015-03-26,66.5,66.97000122070312,66.2300033569336,66.66999816894531,32.28076934814453,1981300
2015-03-27,66.94999694824219,66.94999694824219,66.31999969482422,66.69999694824219,32.295291900634766,1386600
2015-03-30,67.0,68.11000061035156,67.0,67.81999969482422,32.837581634521484,1385000
2015-03-31,67.27999877929688,68.08000183105469,67.05000305175781,67.94000244140625,32.89567565917969,3182300
2015-04-01,67.94999694824219,67.97000122070312,67.0999984741211,67.58000183105469,32.72138214111328,2935200
2015-04-02,67.37999725341797,68.30000305175781,66.9800033569336,67.68000030517578,32.76979064941406,1987600
2015-04-06,67.0199966430664,69.36000061035156,66.94999694824219,68.94000244140625,33.37986373901367,2186500
2015-04-07,68.56999969482422,69.08000183105469,68.3499984741211,68.55999755859375,33.19586944580078,1765900
2015-04-08,68.20999908447266,68.5,67.79000091552734,68.1500015258789,32.99736785888672,1967200
2015-04-09,68.12999725341797,68.70999908447266,67.6500015258789,68.55000305175781,33.19103240966797,2398800
2015-04-10,68.5199966430664,68.97000122070312,68.08999633789062,68.69000244140625,33.258811950683594,2529400
2015-04-13,68.77999877929688,68.77999877929688,68.02999877929688,68.33999633789062,33.089351654052734,1839900
2015-04-14,68.01000213623047,68.87000274658203,67.76000213623047,68.66000366210938,33.24429702758789,2583100
2015-04-15,69.0,70.0,68.5999984741211,69.73999786376953,33.7672119140625,2984400
2015-04-16,69.72000122070312,69.72000122070312,69.04000091552734,69.43000030517578,33.617122650146484,1662400
2015-04-17,68.94000244140625,69.11000061035156,68.30000305175781,69.11000061035156,33.46217346191406,2910100
2015-04-20,69.41999816894531,69.80999755859375,69.2699966430664,69.80999755859375,33.80110549926758,2749400
2015-04-21,70.0,70.25,69.04000091552734,69.3499984741211,33.5783805847168,2378400
2015-04-22,69.44000244140625,69.54000091552734,68.69000244140625,69.27999877929688,33.54447937011719,2352700
2015-04-23,69.12000274658203,69.43000030517578,68.80000305175781,69.0999984741211,33.45732879638672,2075300
2015-04-24,69.36000061035156,69.36000061035156,68.41999816894531,68.58000183105469,33.205543518066406,2130900
2015-04-27,68.68000030517578,69.62000274658203,68.68000030517578,69.37999725341797,33.5929069519043,3086600
2015-04-28,68.83000183105469,69.0,68.12999725341797,68.61000061035156,33.22007751464844,4924300
2015-04-29,69.37999725341797,70.37999725341797,68.37000274658203,69.54000091552734,33.670372009277344,4306800
2015-04-30,68.41000366210938,69.41000366210938,68.25,68.7300033569336,33.54347610473633,3521400
2015-05-01,69.2699966430664,70.56999969482422,68.94999694824219,70.5199966430664,34.417091369628906,3468200
2015-05-04,70.55000305175781,70.9800033569336,70.29000091552734,70.80000305175781,34.553733825683594,2805300
2015-05-05,71.01000213623047,72.76000213623047,70.98999786376953,71.41000366210938,34.8514518737793,4437100
2015-05-06,71.83999633789062,71.97000122070312,71.11000061035156,71.55999755859375,34.924652099609375,3020000
2015-05-07,71.58000183105469,71.58000183105469,70.83000183105469,71.25,34.77336120605469,2448300
2015-05-08,72.0,72.29000091552734,71.75,72.0999984741211,35.18820571899414,2076100
2015-05-11,71.9000015258789,72.66000366210938,71.9000015258789,72.2699966430664,35.27116012573242,1854600
2015-05-12,71.91999816894531,72.01000213623047,71.44000244140625,71.94000244140625,35.1101188659668,1693400
2015-05-13,72.0999984741211,73.26000213623047,72.01000213623047,72.80999755859375,35.53471374511719,2621000
2015-05-14,73.41000366210938,73.81999969482422,73.12000274658203,73.5,35.87146759033203,2767400
2015-05-15,73.36000061035156,73.4000015258789,72.69999694824219,73.31999969482422,35.78361892700195,2944700
2015-05-18,73.05000305175781,73.62000274658203,72.66000366210938,73.45999908447266,35.851951599121094,1748900
2015-05-19,73.27999877929688,73.36000061035156,72.41000366210938,72.80000305175781,35.529842376708984,1904800
2015-05-20,72.91000366210938,73.0,72.48999786376953,72.7699966430664,35.51519012451172,6877900
2015-05-21,72.41000366210938,73.61000061035156,72.38999938964844,73.4000015258789,35.82266616821289,2564600
2015-05-22,73.37999725341797,73.51000213623047,73.08999633789062,73.08999633789062,35.6713752746582,1514300
2015-05-26,72.80000305175781,72.83999633789062,71.6500015258789,72.01000213623047,35.144290924072266,2452200
2015-05-27,72.31999969482422,73.12999725341797,71.97000122070312,72.9800033569336,35.617679595947266,1949400
2015-05-28,72.62999725341797,72.94000244140625,72.11000061035156,72.77999877929688,35.52008056640625,1715900
2015-05-29,72.80999755859375,73.0,71.37000274658203,71.58999633789062,34.939300537109375,2497300
2015-06-01,71.79000091552734,72.06999969482422,71.27999877929688,71.58000183105469,34.93442153930664,1613200
2015-06-02,71.52999877929688,72.7300033569336,71.48999786376953,72.3499984741211,35.31022262573242,1759600
2015-06-03,72.70999908447266,73.27999877929688,72.12999725341797,72.87000274658203,35.56399917602539,1776500
2015-06-04,72.44999694824219,72.48999786376953,71.66000366210938,72.04000091552734,35.15892028808594,2222700
2015-06-05,71.91999816894531,72.08999633789062,71.45999908447266,71.75,35.01738357543945,1854500
2015-06-08,71.66999816894531,72.08999633789062,71.48999786376953,71.66000366210938,34.97346115112305,1575500
2015-06-09,71.66000366210938,72.11000061035156,71.4000015258789,71.48999786376953,34.890499114990234,1292300
2015-06-10,72.02999877929688,72.68000030517578,71.94000244140625,72.54000091552734,35.402950286865234,1717800
2015-06-11,72.87999725341797,72.98999786376953,72.16999816894531,72.56999969482422,35.4175910949707,1315900
2015-06-12,72.30999755859375,72.4800033569336,71.5199966430664,71.87999725341797,35.08082962036133,1746600
2015-06-15,71.33000183105469,71.33000183105469,70.52999877929688,70.88999938964844,34.59766387939453,1781200
2015-06-16,70.62000274658203,70.81999969482422,69.95999908447266,70.44000244140625,34.3780403137207,2344700
2015-06-17,70.62999725341797,70.69000244140625,69.88999938964844,70.37999725341797,34.34876251220703,2082800
2015-06-18,70.55000305175781,71.30999755859375,70.4800033569336,71.05000305175781,34.675758361816406,1825000
2015-06-19,70.87999725341797,70.87999725341797,70.16999816894531,70.19999694824219,34.26091766357422,3127200
2015-06-22,70.61000061035156,70.76000213623047,70.06999969482422,70.19999694824219,34.26091766357422,1863300
2015-06-23,70.08000183105469,70.41999816894531,70.0,70.30000305175781,34.309730529785156,1936200
2015-06-24,70.05000305175781,70.2300033569336,69.4800033569336,69.58999633789062,33.96319580078125,2142300
2015-06-25,69.66999816894531,69.83000183105469,68.44999694824219,68.54000091552734,33.45075607299805,2238800
2015-06-26,68.73999786376953,68.80000305175781,68.0999984741211,68.27999877929688,33.32386016845703,2348700
2015-06-29,67.75,68.08999633789062,66.86000061035156,66.93000030517578,32.66499710083008,2255800
2015-06-30,67.83000183105469,68.13999938964844,67.11000061035156,67.48999786376953,32.93830108642578,3044900
2015-07-01,67.9800033569336,68.12999725341797,67.38999938964844,67.63999938964844,33.01151657104492,2151400
2015-07-02,67.76000213623047,68.2300033569336,67.3499984741211,67.41000366210938,32.899269104003906,1971100
2015-07-06,66.66000366210938,67.44999694824219,66.3499984741211,66.73999786376953,32.572261810302734,1868900
2015-07-07,66.91999816894531,66.95999908447266,65.2699966430664,66.91000366210938,32.655235290527344,3143500
2015-07-08,66.41000366210938,66.51000213623047,65.20999908447266,65.41000366210938,31.92317771911621,2037000
2015-07-09,66.22000122070312,67.72000122070312,65.38999938964844,65.38999938964844,31.91341209411621,2297200
2015-07-10,66.25,66.37999725341797,65.43000030517578,65.7699966430664,32.09886169433594,1570200
2015-07-13,66.27999877929688,66.4800033569336,65.94999694824219,66.41000366210938,32.41122817993164,1795500
2015-07-14,66.26000213623047,66.61000061035156,66.04000091552734,66.43000030517578,32.42097854614258,1712100
2015-07-15,66.30000305175781,66.36000061035156,65.41999816894531,65.73999786376953,32.08422088623047,2299900
2015-07-16,66.33000183105469,66.4000015258789,65.5999984741211,65.9800033569336,32.20136260986328,2103200
2015-07-17,65.66000366210938,65.97000122070312,64.91000366210938,65.11000061035156,31.776748657226562,2177700
2015-07-20,65.04000091552734,65.51000213623047,64.94999694824219,65.25,31.84507942199707,1659400
2015-07-21,64.9800033569336,65.13999938964844,63.90999984741211,64.01000213623047,31.239904403686523,3462000
2015-07-22,63.790000915527344,64.19999694824219,63.369998931884766,63.47999954223633,30.981231689453125,2166300
2015-07-23,63.40999984741211,63.810001373291016,62.869998931884766,62.9900016784668,30.742090225219727,3664900
2015-07-24,63.0,63.029998779296875,60.47999954223633,61.150001525878906,29.844087600708008,7003600
2015-07-27,60.849998474121094,61.22999954223633,60.34000015258789,60.56999969482422,29.561019897460938,3084900
2015-07-28,61.06999969482422,61.79999923706055,60.689998626708984,61.4900016784668,30.01002311706543,3041200
2015-07-29,60.04999923706055,62.52000045776367,59.5,61.79999923706055,30.16131591796875,7330800
2015-07-30,60.63999938964844,61.279998779296875,60.119998931884766,61.08000183105469,30.077608108520508,3394500
2015-07-31,61.310001373291016,61.310001373291016,60.5099983215332,60.58000183105469,29.831388473510742,3295200
2015-08-03,60.45000076293945,60.58000183105469,59.84000015258789,60.2599983215332,29.673812866210938,2767700
2015-08-04,60.43000030517578,60.709999084472656,59.4900016784668,59.58000183105469,29.338958740234375,3022200
2015-08-05,60.11000061035156,60.599998474121094,59.5,59.619998931884766,29.35865592956543,3420200
2015-08-06,59.880001068115234,60.41999816894531,59.5,59.97999954223633,29.535930633544922,2527800
2015-08-07,59.83000183105469,60.290000915527344,59.54999923706055,59.849998474121094,29.471914291381836,2371400
2015-08-10,60.2599983215332,61.400001525878906,60.150001525878906,61.38999938964844,30.230260848999023,2425200
2015-08-11,60.650001525878906,60.650001525878906,59.77000045776367,60.11000061035156,29.59994888305664,2668100
2015-08-12,59.779998779296875,60.40999984741211,59.43000030517578,60.29999923706055,29.69350814819336,2934100
2015-08-13,59.97999954223633,60.59000015258789,59.70000076293945,59.939998626708984,29.516237258911133,1719000
2015-08-14,59.599998474121094,60.2599983215332,59.599998474121094,59.959999084472656,29.526081085205078,2079800
2015-08-17,59.65999984741211,60.43000030517578,59.2599983215332,60.33000183105469,29.708284378051758,1375400
2015-08-18,60.06999969482422,60.22999954223633,59.7400016784668,59.81999969482422,29.45714569091797,2128100
2015-08-19,59.36000061035156,59.61000061035156,58.209999084472656,58.650001525878906,28.881000518798828,3259600
2015-08-20,58.290000915527344,58.61000061035156,58.0,58.119998931884766,28.62001609802246,3600400
2015-08-21,57.630001068115234,58.0,56.689998626708984,56.689998626708984,27.91584014892578,4869200
2015-08-24,51.77000045776367,55.630001068115234,49.209999084472656,54.31999969482422,26.748777389526367,6020200
2015-08-25,56.38999938964844,56.38999938964844,52.66999816894531,52.709999084472656,25.955970764160156,4600300
2015-08-26,54.0099983215332,54.779998779296875,53.13999938964844,54.56999969482422,26.871883392333984,4609700
2015-08-27,55.25,56.7400016784668,55.0099983215332,56.630001068115234,27.886293411254883,4180500
2015-08-28,56.349998474121094,57.45000076293945,56.16999816894531,57.04999923706055,28.093109130859375,2974500
2015-08-31,56.70000076293945,57.540000915527344,56.130001068115234,57.060001373291016,28.098039627075195,2835300
2015-09-01,55.75,56.31999969482422,54.61000061035156,54.900001525878906,27.034387588500977,3634400
2015-09-02,55.779998779296875,55.790000915527344,54.540000915527344,55.56999969482422,27.364322662353516,2915000
2015-09-03,55.33000183105469,56.02000045776367,55.040000915527344,55.290000915527344,27.226436614990234,3216700
2015-09-04,54.4900016784668,55.310001373291016,54.130001068115234,55.04999923706055,27.108257293701172,3367000
2015-09-08,55.97999954223633,56.810001373291016,55.7599983215332,56.68000030517578,27.910913467407227,2952000
2015-09-09,57.34000015258789,57.630001068115234,55.869998931884766,55.9900016784668,27.57114028930664,2676000
2015-09-10,56.130001068115234,56.52000045776367,55.459999084472656,55.86000061035156,27.507125854492188,2396000
2015-09-11,55.90999984741211,56.15999984741211,55.34000015258789,55.720001220703125,27.438182830810547,1762200
2015-09-14,55.63999938964844,55.7400016784668,54.54999923706055,54.68000030517578,26.92605209350586,4092800
2015-09-15,54.709999084472656,55.81999969482422,54.54999923706055,55.7400016784668,27.44803237915039,3461500
2015-09-16,55.790000915527344,56.650001525878906,55.529998779296875,56.540000915527344,27.84197235107422,2364100
2015-09-17,56.22999954223633,56.41999816894531,54.90999984741211,55.04999923706055,27.108257293701172,4300800
2015-09-18,54.29999923706055,54.439998626708984,52.5099983215332,52.93000030517578,26.06430435180664,6767400
2015-09-21,53.029998779296875,53.4900016784668,52.689998626708984,53.2599983215332,26.226806640625,3546500
2015-09-22,52.45000076293945,53.0099983215332,52.150001525878906,53.0,26.098777770996094,3802500
2015-09-23,53.060001373291016,53.18000030517578,52.209999084472656,52.36000061035156,25.78361701965332,3649900
2015-09-24,51.72999954223633,52.33000183105469,50.86000061035156,52.189998626708984,25.699901580810547,6620200
2015-09-25,52.400001525878906,52.560001373291016,51.619998931884766,51.91999816894531,25.566944122314453,6819500
2015-09-28,51.47999954223633,51.68000030517578,49.93000030517578,50.04999923706055,24.646100997924805,6838000
2015-09-29,50.220001220703125,50.849998474121094,49.93000030517578,50.65999984741211,24.946487426757812,3104200
2015-09-30,51.290000915527344,51.56999969482422,50.75,51.29999923706055,25.26165008544922,3120500
2015-10-01,51.439998626708984,51.66999816894531,50.27000045776367,50.58000183105469,24.907100677490234,2934800
2015-10-02,49.779998779296875,51.40999984741211,49.459999084472656,51.400001525878906,25.31088638305664,5100800
2015-10-05,51.56999969482422,53.29999923706055,51.5,52.7599983215332,25.980588912963867,3842700
2015-10-06,52.900001525878906,53.33000183105469,52.220001220703125,52.58000183105469,25.891950607299805,5230100
2015-10-07,53.25,54.72999954223633,52.880001068115234,54.11000061035156,26.645366668701172,5431700
2015-10-08,54.0099983215332,55.47999954223633,53.900001525878906,55.29999923706055,27.231367111206055,3902400
2015-10-09,54.79999923706055,55.650001525878906,54.54999923706055,54.81999969482422,26.9949951171875,3168300
2015-10-12,54.86000061035156,55.0,53.959999084472656,54.13999938964844,26.660140991210938,2491900
2015-10-13,53.83000183105469,54.11000061035156,53.45000076293945,53.5,26.344985961914062,2498600
2015-10-14,53.400001525878906,53.5,52.58000183105469,52.75,25.97566795349121,2935700
2015-10-15,52.459999084472656,52.61000061035156,51.40999984741211,52.099998474121094,25.655582427978516,4716000
2015-10-16,52.06999969482422,52.06999969482422,50.68000030517578,51.150001525878906,25.187776565551758,6785300
2015-10-19,50.75,51.31999969482422,50.61000061035156,51.27000045776367,25.246868133544922,4398200
2015-10-20,51.040000915527344,53.08000183105469,50.880001068115234,52.369998931884766,25.788537979125977,7151800
2015-10-21,52.84000015258789,53.29999923706055,52.400001525878906,52.52000045776367,25.862409591674805,3576500
2015-10-22,52.72999954223633,54.959999084472656,52.720001220703125,54.349998474121094,26.7635498046875,4617100
2015-10-23,54.63999938964844,55.34000015258789,54.0,54.310001373291016,26.743858337402344,3169000
2015-10-26,54.4900016784668,54.68000030517578,53.689998626708984,53.779998779296875,26.482866287231445,2820300
2015-10-27,53.310001373291016,53.310001373291016,51.88999938964844,52.75,25.97566795349121,3036400
2015-10-28,52.880001068115234,54.22999954223633,52.869998931884766,54.08000183105469,26.630599975585938,3409500
2015-10-29,53.68000030517578,54.45000076293945,53.68000030517578,54.310001373291016,26.743858337402344,3574600
2015-10-30,54.310001373291016,56.4900016784668,54.0,55.90999984741211,27.5317440032959,7023400
2015-11-02,55.4900016784668,56.970001220703125,55.189998626708984,56.720001220703125,27.93061065673828,4576100
2015-11-03,56.5,57.459999084472656,56.400001525878906,56.7400016784668,27.940467834472656,4003100
2015-11-04,57.0099983215332,57.810001373291016,56.65999984741211,56.7400016784668,27.940467834472656,3962800
2015-11-05,56.130001068115234,57.40999984741211,55.959999084472656,57.11000061035156,28.397932052612305,6716200
2015-11-06,56.70000076293945,57.400001525878906,56.459999084472656,57.220001220703125,28.452625274658203,5281400
2015-11-09,57.22999954223633,57.290000915527344,56.040000915527344,56.36000061035156,28.024991989135742,3952200
2015-11-10,55.83000183105469,56.439998626708984,55.540000915527344,56.22999954223633,27.96034812927246,3707700
2015-11-11,55.79999923706055,56.099998474121094,55.400001525878906,55.52000045776367,27.607303619384766,4158300
2015-11-12,54.91999816894531,55.209999084472656,54.08000183105469,54.189998626708984,26.94596290588379,5806300
2015-11-13,54.08000183105469,54.77000045776367,53.9900016784668,54.11000061035156,26.906179428100586,3638400
2015-11-16,54.099998474121094,55.41999816894531,54.040000915527344,55.40999984741211,27.5526065826416,2748500
2015-11-17,55.599998474121094,55.880001068115234,55.029998779296875,55.439998626708984,27.567522048950195,2918700
2015-11-18,55.040000915527344,56.95000076293945,55.040000915527344,56.880001068115234,28.283557891845703,3028300
2015-11-19,56.970001220703125,56.97999954223633,56.150001525878906,56.77000045776367,28.22886085510254,4470700
2015-11-20,57.029998779296875,57.68000030517578,56.93000030517578,57.59000015258789,28.636606216430664,4810000
2015-11-23,57.45000076293945,57.779998779296875,57.189998626708984,57.220001220703125,28.452625274658203,3386100
2015-11-24,57.0,57.77000045776367,56.54999923706055,57.689998626708984,28.68633460998535,3163800
2015-11-25,57.61000061035156,58.18000030517578,57.439998626708984,57.95000076293945,28.81562614440918,3167800
2015-11-27,57.869998931884766,58.18000030517578,57.599998474121094,58.099998474121094,28.89020347595215,1049200
2015-11-30,58.20000076293945,58.59000015258789,57.97999954223633,58.15999984741211,28.9200439453125,3267100
2015-12-01,58.349998474121094,58.58000183105469,58.0099983215332,58.45000076293945,29.064247131347656,3122400
2015-12-02,58.099998474121094,58.470001220703125,56.959999084472656,57.130001068115234,28.407878875732422,3042300
2015-12-03,57.09000015258789,57.220001220703125,55.150001525878906,55.619998931884766,27.657026290893555,5184900
2015-12-04,55.7400016784668,56.2400016784668,55.52000045776367,56.04999923706055,27.8708438873291,3245100
2015-12-07,55.849998474121094,55.880001068115234,54.599998474121094,54.709999084472656,27.204532623291016,3529000
2015-12-08,54.0,54.209999084472656,52.81999969482422,53.0,26.354232788085938,5690100
2015-12-09,52.86000061035156,53.70000076293945,52.470001220703125,52.66999816894531,26.19014549255371,3593100
2015-12-10,52.63999938964844,53.04999923706055,52.02000045776367,52.13999938964844,25.92659568786621,4156400
2015-12-11,51.41999816894531,51.86000061035156,50.65999984741211,50.869998931884766,25.29509162902832,5868400
2015-12-14,50.709999084472656,51.08000183105469,49.97999954223633,50.380001068115234,25.051441192626953,4220700
2015-12-15,50.619998931884766,50.900001525878906,49.93000030517578,50.58000183105469,25.150894165039062,3653500
2015-12-16,51.29999923706055,52.189998626708984,50.970001220703125,51.9900016784668,25.852014541625977,4287000
2015-12-17,51.93000030517578,52.16999816894531,50.11000061035156,50.130001068115234,24.927127838134766,4476100
2015-12-18,50.099998474121094,50.5099983215332,49.650001525878906,49.7400016784668,24.733198165893555,8579300
2015-12-21,50.2599983215332,50.900001525878906,50.099998474121094,50.709999084472656,25.215530395507812,5618900
2015-12-22,51.0,52.34000015258789,50.869998931884766,51.810001373291016,25.76250648498535,6196200
2015-12-23,52.36000061035156,53.5,52.279998779296875,53.279998779296875,26.493457794189453,3577800
2015-12-24,53.20000076293945,53.5,53.0099983215332,53.25,26.478548049926758,985900
2015-12-28,53.099998474121094,53.209999084472656,52.25,52.59000015258789,26.150360107421875,1913400
2015-12-29,53.029998779296875,53.459999084472656,52.709999084472656,53.08000183105469,26.394010543823242,2587300
2015-12-30,52.88999938964844,53.29999923706055,52.5099983215332,52.59000015258789,26.150360107421875,1842700
2015-12-31,52.40999984741211,52.790000915527344,52.02000045776367,52.040000915527344,25.876873016357422,2164400
2016-01-04,52.040000915527344,52.2599983215332,50.779998779296875,52.220001220703125,25.966379165649414,3840100
2016-01-05,52.220001220703125,52.34000015258789,51.2599983215332,51.849998474121094,25.782390594482422,2102300
2016-01-06,50.81999969482422,51.290000915527344,50.36000061035156,50.91999816894531,25.319957733154297,2873000
2016-01-07,49.95000076293945,50.2599983215332,49.380001068115234,49.72999954223633,24.728225708007812,4586600
2016-01-08,50.04999923706055,50.40999984741211,49.060001373291016,49.16999816894531,24.449766159057617,3448200
2016-01-11,49.63999938964844,49.810001373291016,48.58000183105469,49.150001525878906,24.43982696533203,3176000
2016-01-12,49.72999954223633,50.09000015258789,48.849998474121094,49.95000076293945,24.837621688842773,3416100
2016-01-13,50.11000061035156,50.59000015258789,48.349998474121094,48.43000030517578,24.081806182861328,3562300
2016-01-14,48.709999084472656,48.709999084472656,47.150001525878906,48.31999969482422,24.02710723876953,4650700
2016-01-15,47.0099983215332,48.119998931884766,46.97999954223633,47.86000061035156,23.798370361328125,4605500
2016-01-19,48.599998474121094,48.7400016784668,47.45000076293945,48.09000015258789,23.912736892700195,3473400
2016-01-20,47.22999954223633,47.95000076293945,46.189998626708984,47.5099983215332,23.624330520629883,4127000
2016-01-21,47.56999969482422,48.689998626708984,46.779998779296875,47.779998779296875,23.758588790893555,3767200
2016-01-22,48.869998931884766,49.470001220703125,47.689998626708984,48.5099983215332,24.121578216552734,3436800
2016-01-25,48.22999954223633,48.560001373291016,47.150001525878906,47.27000045776367,23.50499725341797,2506000
2016-01-26,48.27000045776367,49.13999938964844,47.459999084472656,49.02000045776367,24.37517738342285,3406900
2016-01-27,48.9900016784668,50.709999084472656,48.31999969482422,49.439998626708984,24.584022521972656,4581500
2016-01-28,50.29999923706055,50.70000076293945,49.5,50.189998626708984,24.95696258544922,3825800
2016-01-29,48.599998474121094,50.5099983215332,47.75,50.5099983215332,25.116077423095703,8031300
2016-02-01,50.040000915527344,50.45000076293945,49.27000045776367,50.220001220703125,24.971879959106445,3902600
2016-02-02,49.61000061035156,50.08000183105469,48.61000061035156,49.0,24.365230560302734,5797600
2016-02-03,51.95000076293945,52.619998931884766,50.310001373291016,52.47999954223633,26.095666885375977,7387400
2016-02-04,52.470001220703125,55.2599983215332,52.470001220703125,54.36000061035156,27.030492782592773,6098100
2016-02-05,53.970001220703125,55.25,53.75,54.65999984741211,27.17966651916504,4270900
2016-02-08,54.0,55.29999923706055,53.13999938964844,55.11000061035156,27.40342903137207,6236700
2016-02-09,53.7599983215332,55.25,53.7599983215332,54.47999954223633,27.090164184570312,5233800
2016-02-10,54.599998474121094,54.959999084472656,53.63999938964844,53.70000076293945,26.702306747436523,3496500
2016-02-11,52.59000015258789,53.720001220703125,52.349998474121094,53.099998474121094,26.40395736694336,4928200
2016-02-12,53.90999984741211,54.5099983215332,53.04999923706055,54.20000076293945,26.95094108581543,4027000
2016-02-16,54.18000030517578,54.90999984741211,53.5099983215332,54.81999969482422,27.259231567382812,3512400
2016-02-17,55.40999984741211,56.77000045776367,55.099998474121094,56.0099983215332,27.8509521484375,3586700
2016-02-18,56.15999984741211,56.4900016784668,55.869998931884766,56.20000076293945,27.9454288482666,2727800
2016-02-19,55.86000061035156,56.150001525878906,54.91999816894531,56.0099983215332,27.8509521484375,2669700
2016-02-22,56.0099983215332,57.90999984741211,56.0099983215332,57.68000030517578,28.681364059448242,4353300
2016-02-23,57.400001525878906,57.93000030517578,56.40999984741211,56.54999923706055,28.119470596313477,2522700
2016-02-24,55.810001373291016,56.91999816894531,54.90999984741211,56.79999923706055,28.243783950805664,2784600
2016-02-25,56.75,57.34000015258789,56.09000015258789,57.279998779296875,28.482463836669922,2418100
2016-02-26,57.540000915527344,57.97999954223633,57.060001373291016,57.27000045776367,28.477489471435547,2385000
2016-02-29,57.43000030517578,57.7599983215332,56.68000030517578,56.709999084472656,28.19902801513672,4059500
2016-03-01,57.689998626708984,58.58000183105469,57.040000915527344,58.060001373291016,28.870319366455078,3732400
2016-03-02,57.90999984741211,57.970001220703125,57.13999938964844,57.95000076293945,28.81562614440918,3066400
2016-03-03,57.38999938964844,57.849998474121094,56.970001220703125,57.83000183105469,29.041601181030273,2272100
2016-03-04,57.869998931884766,58.540000915527344,57.27000045776367,57.95000076293945,29.101869583129883,2887500
2016-03-07,57.77000045776367,59.11000061035156,57.75,59.02000045776367,29.63921356201172,2580400
2016-03-08,58.540000915527344,58.540000915527344,57.709999084472656,57.869998931884766,29.061689376831055,2248900
2016-03-09,58.22999954223633,58.7400016784668,57.86000061035156,58.560001373291016,29.408203125,2851200
2016-03-10,58.650001525878906,59.45000076293945,58.380001068115234,59.40999984741211,29.835065841674805,4580900
2016-03-11,59.650001525878906,60.630001068115234,59.650001525878906,60.130001068115234,30.196638107299805,3767800
2016-03-14,59.689998626708984,60.65999984741211,59.5,60.5,30.3824520111084,2467000
2016-03-15,60.029998779296875,60.4900016784668,59.36000061035156,60.45000076293945,30.357343673706055,2490200
2016-03-16,60.43000030517578,61.06999969482422,59.93000030517578,60.779998779296875,30.5230655670166,2992900
2016-03-17,60.779998779296875,63.29999923706055,60.779998779296875,63.11000061035156,31.693157196044922,4276000
2016-03-18,63.310001373291016,63.9900016784668,62.529998779296875,63.470001220703125,31.873943328857422,7865100
2016-03-21,63.459999084472656,63.7599983215332,63.13999938964844,63.68000030517578,31.979419708251953,3562200
2016-03-22,63.20000076293945,63.959999084472656,62.84000015258789,63.41999816894531,31.84883689880371,3401200
2016-03-23,63.2599983215332,63.2599983215332,62.400001525878906,62.47999954223633,31.376781463623047,2905500
2016-03-24,61.93000030517578,62.400001525878906,61.310001373291016,62.369998931884766,31.3215389251709,2160200
2016-03-28,62.52000045776367,62.630001068115234,62.0099983215332,62.470001220703125,31.371768951416016,1647800
2016-03-29,62.0,62.5,61.619998931884766,62.369998931884766,31.3215389251709,2488500
2016-03-30,62.880001068115234,63.16999816894531,62.459999084472656,62.75,31.512378692626953,1758600
2016-03-31,62.75,62.970001220703125,62.2599983215332,62.560001373291016,31.416961669921875,2140700
2016-04-01,61.88999938964844,63.79999923706055,61.439998626708984,63.65999984741211,31.969369888305664,3007500
2016-04-04,62.88999938964844,63.33000183105469,62.4900016784668,62.650001525878906,31.462160110473633,2364500
2016-04-05,61.68000030517578,61.709999084472656,60.220001220703125,60.38999938964844,30.32720947265625,6084400
2016-04-06,60.27000045776367,60.41999816894531,58.130001068115234,59.54999923706055,29.905372619628906,6787900
2016-04-07,59.06999969482422,60.20000076293945,58.939998626708984,59.47999954223633,29.870214462280273,4162300
2016-04-08,60.11000061035156,60.7599983215332,59.790000915527344,59.90999984741211,30.086162567138672,2640300
2016-04-11,60.15999984741211,61.20000076293945,60.099998474121094,60.619998931884766,30.442718505859375,2430900
2016-04-12,60.779998779296875,61.790000915527344,60.7400016784668,61.540000915527344,30.904726028442383,2525400
2016-04-13,61.95000076293945,63.13999938964844,61.72999954223633,63.040000915527344,31.65801239013672,2420200
2016-04-14,63.310001373291016,63.38999938964844,62.43000030517578,62.58000183105469,31.426998138427734,2108000
2016-04-15,62.650001525878906,63.2599983215332,62.58000183105469,62.83000183105469,31.552555084228516,2308600
2016-04-18,62.59000015258789,62.900001525878906,62.20000076293945,62.68000030517578,31.477222442626953,1538900
2016-04-19,63.439998626708984,63.439998626708984,62.61000061035156,62.77000045776367,31.52242660522461,2124800
2016-04-20,62.86000061035156,62.95000076293945,62.06999969482422,62.15999984741211,31.216081619262695,2858200
2016-04-21,62.08000183105469,62.65999984741211,61.83000183105469,62.150001525878906,31.211063385009766,2383900
2016-04-22,61.900001525878906,63.060001373291016,61.900001525878906,62.9900016784668,31.632902145385742,1903500
2016-04-25,62.54999923706055,62.880001068115234,61.849998474121094,62.2599983215332,31.266298294067383,1833500
2016-04-26,62.70000076293945,63.380001068115234,62.650001525878906,63.25,31.763463973999023,2066700
2016-04-27,63.33000183105469,63.90999984741211,63.060001373291016,63.83000183105469,32.054744720458984,1830000
2016-04-28,63.5099983215332,63.97999954223633,62.900001525878906,63.189998626708984,31.733341217041016,2457800
2016-04-29,62.5,63.75,62.31999969482422,63.27000045776367,31.77351951599121,3369500
2016-05-02,63.47999954223633,63.619998931884766,62.16999816894531,63.459999084472656,31.868934631347656,2722000
2016-05-03,63.15999984741211,63.5,62.529998779296875,63.290000915527344,31.78355598449707,3956900
2016-05-04,62.400001525878906,62.59000015258789,60.45000076293945,60.970001220703125,30.89674186706543,3102500
2016-05-05,61.130001068115234,61.61000061035156,60.619998931884766,60.97999954223633,30.90180778503418,1891500
2016-05-06,60.83000183105469,61.380001068115234,60.31999969482422,61.29999923706055,31.0639705657959,1895900
2016-05-09,61.11000061035156,61.189998626708984,60.310001373291016,60.65999984741211,30.739639282226562,1764900
2016-05-10,60.779998779296875,62.130001068115234,60.59000015258789,62.099998474121094,31.469364166259766,1567100
2016-05-11,62.04999923706055,62.63999938964844,61.79999923706055,62.0,31.418697357177734,1837500
2016-05-12,62.27000045776367,62.4900016784668,61.68000030517578,62.06999969482422,31.45416259765625,1608600
2016-05-13,61.91999816894531,62.38999938964844,60.619998931884766,60.869998931884766,30.8460693359375,1693900
2016-05-16,61.060001373291016,62.119998931884766,61.02000045776367,61.95000076293945,31.393360137939453,2061800
2016-05-17,61.84000015258789,62.380001068115234,61.09000015258789,61.31999969482422,31.074098587036133,1809700
2016-05-18,61.08000183105469,61.349998474121094,59.79999923706055,60.099998474121094,30.45587158203125,2202800
2016-05-19,59.63999938964844,59.7400016784668,58.86000061035156,59.540000915527344,30.172080993652344,3452100
2016-05-20,59.9900016784668,60.540000915527344,59.5,59.79999923706055,30.303836822509766,3077700
2016-05-23,59.66999816894531,60.279998779296875,59.31999969482422,60.04999923706055,30.430526733398438,1692700
2016-05-24,60.43000030517578,60.630001068115234,60.130001068115234,60.400001525878906,30.60788917541504,1952400
2016-05-25,60.68000030517578,61.83000183105469,60.59000015258789,61.61000061035156,31.221059799194336,2221200
2016-05-26,61.540000915527344,62.290000915527344,61.380001068115234,61.52000045776367,31.175451278686523,1527500
2016-05-27,61.630001068115234,61.91999816894531,61.25,61.630001068115234,31.2311954498291,1030100
2016-05-31,61.70000076293945,62.029998779296875,61.18000030517578,61.630001068115234,31.2311954498291,1849500
2016-06-01,61.220001220703125,61.72999954223633,60.75,61.650001525878906,31.2413272857666,2083800
2016-06-02,61.529998779296875,61.790000915527344,61.119998931884766,61.75,31.292003631591797,1789300
2016-06-03,61.720001220703125,61.810001373291016,61.0099983215332,61.45000076293945,31.139984130859375,1809300
2016-06-06,61.7400016784668,62.7599983215332,61.560001373291016,62.66999816894531,31.758216857910156,1620100
2016-06-07,62.849998474121094,63.36000061035156,62.5,62.529998779296875,31.687271118164062,1820100
2016-06-08,62.959999084472656,63.56999969482422,62.90999984741211,63.13999938964844,31.996387481689453,1817200
2016-06-09,62.65999984741211,62.91999816894531,62.22999954223633,62.77000045776367,31.808897018432617,1197500
2016-06-10,62.209999084472656,62.349998474121094,61.189998626708984,61.619998931884766,31.226131439208984,1872200
2016-06-13,61.25,61.4900016784668,60.599998474121094,60.630001068115234,30.72444725036621,2656200
2016-06-14,60.459999084472656,60.880001068115234,59.939998626708984,60.439998626708984,30.628156661987305,2619800
2016-06-15,60.790000915527344,61.13999938964844,60.40999984741211,60.650001525878906,30.73458480834961,1537500
2016-06-16,60.22999954223633,60.97999954223633,59.619998931884766,60.790000915527344,30.805522918701172,1662500
2016-06-17,60.900001525878906,61.849998474121094,60.790000915527344,61.619998931884766,31.226131439208984,2472800
2016-06-20,62.540000915527344,63.25,62.25,62.290000915527344,31.565650939941406,1983500
2016-06-21,62.25,62.5,61.470001220703125,61.849998474121094,31.34267807006836,1565700
2016-06-22,61.880001068115234,62.099998474121094,61.619998931884766,61.7599983215332,31.29706573486328,1662000
2016-06-23,62.560001373291016,62.81999969482422,62.22999954223633,62.81999969482422,31.834239959716797,1189600
2016-06-24,60.04999923706055,60.72999954223633,57.91999816894531,58.029998779296875,29.406890869140625,5749400
2016-06-27,57.279998779296875,57.41999816894531,54.29999923706055,55.56999969482422,28.160276412963867,5664200
2016-06-28,56.13999938964844,57.11000061035156,55.849998474121094,56.86000061035156,28.813982009887695,4624000
2016-06-29,57.72999954223633,58.31999969482422,57.150001525878906,58.09000015258789,29.437288284301758,2720600
2016-06-30,58.34000015258789,59.72999954223633,57.959999084472656,59.72999954223633,30.26836395263672,2897600
2016-07-01,59.630001068115234,60.93000030517578,59.630001068115234,60.27000045776367,30.54201316833496,2663700
2016-07-05,59.65999984741211,60.0,58.290000915527344,58.720001220703125,29.756546020507812,2490300
2016-07-06,58.709999084472656,59.459999084472656,58.279998779296875,59.45000076293945,30.126468658447266,3073700
2016-07-07,59.52000045776367,60.4900016784668,59.47999954223633,60.11000061035156,30.460927963256836,2689800
2016-07-08,60.720001220703125,62.0,60.52000045776367,61.91999816894531,31.378158569335938,2001800
2016-07-11,62.220001220703125,62.720001220703125,62.0,62.400001525878906,31.621395111083984,2075300
2016-07-12,62.93000030517578,64.16000366210938,62.529998779296875,63.959999084472656,32.41193771362305,2501800
2016-07-13,63.97999954223633,64.1500015258789,63.31999969482422,63.869998931884766,32.36631774902344,1960600
2016-07-14,63.86000061035156,64.70999908447266,63.349998474121094,63.79999923706055,32.330848693847656,3706500
2016-07-15,63.970001220703125,64.19000244140625,63.540000915527344,63.83000183105469,32.34605407714844,2670800
2016-07-18,63.56999969482422,63.72999954223633,63.08000183105469,63.4900016784668,32.17375564575195,1872200
2016-07-19,63.04999923706055,63.52000045776367,62.779998779296875,63.04999923706055,31.950790405273438,2493100
2016-07-20,63.150001525878906,63.7400016784668,62.66999816894531,63.5,32.178829193115234,1697500
2016-07-21,63.599998474121094,63.86000061035156,62.86000061035156,63.209999084472656,32.031864166259766,1583800
2016-07-22,63.369998931884766,63.439998626708984,62.630001068115234,63.380001068115234,32.11801528930664,1377000
2016-07-25,63.38999938964844,63.470001220703125,62.93000030517578,63.470001220703125,32.16362380981445,1520500
2016-07-26,63.470001220703125,64.66000366210938,63.34000015258789,64.56999969482422,32.7210578918457,2305900
2016-07-27,64.80000305175781,64.8499984741211,64.12999725341797,64.41000366210938,32.63996505737305,2075700
2016-07-28,64.1500015258789,64.1500015258789,63.529998779296875,64.01000213623047,32.4372673034668,1404500
2016-07-29,63.90999984741211,64.0,63.060001373291016,63.40999984741211,32.13321304321289,3157900
2016-08-01,63.43000030517578,63.939998626708984,62.630001068115234,63.939998626708984,32.40180206298828,4820000
2016-08-02,65.0,65.51000213623047,63.90999984741211,64.01000213623047,32.4372673034668,5154800
2016-08-03,63.5099983215332,64.5999984741211,63.13999938964844,64.23999786376953,32.846317291259766,3161200
2016-08-04,64.36000061035156,64.91000366210938,64.12999725341797,64.5,32.97925567626953,2640400
2016-08-05,64.77999877929688,65.70999908447266,64.61000061035156,65.45999908447266,33.47010803222656,2300700
2016-08-08,65.72000122070312,66.54000091552734,65.48999786376953,65.83000183105469,33.65928268432617,2780600
2016-08-09,66.0,66.47000122070312,65.80000305175781,65.83999633789062,33.664405822753906,2461800
2016-08-10,66.33999633789062,66.73999786376953,66.05999755859375,66.70999908447266,34.10923767089844,2736800
2016-08-11,66.9000015258789,67.37000274658203,66.69999694824219,67.33000183105469,34.42625045776367,3085600
2016-08-12,67.06999969482422,67.45999908447266,66.94000244140625,67.20999908447266,34.36489486694336,2359000
2016-08-15,67.38999938964844,68.01000213623047,67.33000183105469,67.62999725341797,34.57963943481445,1948700
2016-08-16,67.54000091552734,67.55000305175781,67.19000244140625,67.2699966430664,34.39556884765625,2044600
2016-08-17,67.47000122070312,67.69999694824219,67.13999938964844,67.62000274658203,34.57453918457031,1805300
2016-08-18,67.66000366210938,67.7300033569336,67.37000274658203,67.72000122070312,34.62566375732422,1732300
2016-08-19,67.30000305175781,67.76000213623047,67.16000366210938,67.66000366210938,34.59497833251953,1898300
2016-08-22,67.58000183105469,67.87000274658203,67.16999816894531,67.69999694824219,34.61543655395508,1601100
2016-08-23,68.0,68.18000030517578,67.63999938964844,67.68000030517578,34.605201721191406,1409000
2016-08-24,67.58999633789062,67.72000122070312,67.19000244140625,67.30000305175781,34.41090774536133,1510500
2016-08-25,67.23999786376953,67.58000183105469,66.86000061035156,67.38999938964844,34.45692825317383,1485100
2016-08-26,67.66999816894531,68.19999694824219,67.05999755859375,67.31999969482422,34.421138763427734,1509500
2016-08-29,67.27999877929688,67.94000244140625,67.22000122070312,67.70999908447266,34.620548248291016,1105600
2016-08-30,67.5999984741211,67.75,67.0,67.1500015258789,34.33420944213867,2180300
2016-08-31,67.0,67.1500015258789,66.26000213623047,66.54000091552734,34.02231979370117,2390700
2016-09-01,66.66000366210938,66.94000244140625,65.91000366210938,66.91999816894531,34.21661376953125,2041200
2016-09-02,67.33000183105469,67.66000366210938,67.0999984741211,67.54000091552734,34.53363037109375,1509500
2016-09-06,67.69000244140625,67.69000244140625,66.36000061035156,66.62000274658203,34.0632209777832,1995800
2016-09-07,66.70999908447266,66.83999633789062,66.48999786376953,66.73999786376953,34.12458038330078,1470600
2016-09-08,66.5999984741211,66.66000366210938,66.05999755859375,66.08000183105469,33.78712463378906,1925700
2016-09-09,65.22000122070312,65.5,63.54999923706055,63.56999969482422,32.50373840332031,3580700
2016-09-12,63.11000061035156,65.3499984741211,62.79999923706055,64.98999786376953,33.22978591918945,2699800
2016-09-13,64.05999755859375,64.23999786376953,62.93000030517578,63.209999084472656,32.31967544555664,3266900
2016-09-14,63.119998931884766,63.599998474121094,62.720001220703125,62.97999954223633,32.20207214355469,2545200
2016-09-15,62.900001525878906,63.380001068115234,62.650001525878906,63.09000015258789,32.2583122253418,2942700
2016-09-16,62.61000061035156,62.630001068115234,61.95000076293945,62.349998474121094,31.87994384765625,4824800
2016-09-19,63.060001373291016,63.88999938964844,62.75,63.25,32.34012222290039,1966300
2016-09-20,63.79999923706055,63.880001068115234,62.72999954223633,62.7400016784668,32.07936096191406,2406600
2016-09-21,62.970001220703125,63.779998779296875,62.88999938964844,63.72999954223633,32.58554458618164,1844600
2016-09-22,64.5,64.66999816894531,63.869998931884766,64.08999633789062,32.769615173339844,2680000
2016-09-23,63.95000076293945,63.97999954223633,63.2599983215332,63.310001373291016,32.37080001831055,1444500
2016-09-26,63.099998474121094,63.439998626708984,62.779998779296875,62.900001525878906,32.16115951538086,1327300
2016-09-27,62.68000030517578,63.43000030517578,62.22999954223633,63.40999984741211,32.421932220458984,1690800
2016-09-28,63.689998626708984,64.61000061035156,63.52000045776367,64.56999969482422,33.015045166015625,1916700
2016-09-29,64.27999877929688,65.08999633789062,63.97999954223633,64.16000366210938,32.805419921875,1885800
2016-09-30,64.44000244140625,66.20999908447266,64.43000030517578,65.70999908447266,33.597930908203125,3886900
2016-10-03,65.4800033569336,66.19000244140625,65.22000122070312,65.87000274658203,33.679744720458984,2566000
2016-10-04,66.05000305175781,66.25,64.13999938964844,64.31999969482422,32.88721466064453,2110600
2016-10-05,64.66999816894531,65.97000122070312,64.63999938964844,65.54000091552734,33.51100540161133,2260500
2016-10-06,65.5,65.61000061035156,64.83000183105469,65.5,33.49055862426758,1389900
2016-10-07,65.23999786376953,65.23999786376953,64.05000305175781,64.4800033569336,32.969024658203125,2232300
2016-10-10,65.01000213623047,65.2699966430664,64.0,64.13999938964844,32.795188903808594,2704900
2016-10-11,63.869998931884766,64.12999725341797,62.65999984741211,63.119998931884766,32.273651123046875,2934200
2016-10-12,63.119998931884766,64.44999694824219,62.849998474121094,64.26000213623047,32.85654067993164,2793700
2016-10-13,63.47999954223633,63.59000015258789,62.630001068115234,63.150001525878906,32.288997650146484,2731900
2016-10-14,63.54999923706055,63.91999816894531,63.20000076293945,63.29999923706055,32.365684509277344,2043900
2016-10-17,63.2400016784668,63.36000061035156,62.09000015258789,63.119998931884766,32.273651123046875,2672000
2016-10-18,63.86000061035156,63.91999816894531,63.15999984741211,63.189998626708984,32.30943298339844,1956000
2016-10-19,63.29999923706055,63.9900016784668,62.90999984741211,63.68000030517578,32.55998229980469,1935200
2016-10-20,63.45000076293945,64.13999938964844,63.34000015258789,63.79999923706055,32.621341705322266,2365800
2016-10-21,63.130001068115234,63.90999984741211,62.88999938964844,63.709999084472656,32.5753288269043,2117000
2016-10-24,64.16000366210938,64.33999633789062,62.90999984741211,63.369998931884766,32.4014778137207,1857700
2016-10-25,63.150001525878906,63.59000015258789,62.470001220703125,63.18000030517578,32.3043327331543,1989300
2016-10-26,62.880001068115234,64.36000061035156,62.70000076293945,64.20999908447266,32.83098220825195,1989500
2016-10-27,64.05000305175781,64.16999816894531,61.970001220703125,62.290000915527344,31.849262237548828,4973700
2016-10-28,62.369998931884766,63.290000915527344,62.20000076293945,62.380001068115234,31.89529037475586,2166500
2016-10-31,62.7599983215332,63.849998474121094,62.63999938964844,63.77000045776367,32.60600280761719,4261100
2016-11-01,62.7599983215332,62.79999923706055,60.220001220703125,60.70000076293945,31.03628921508789,8389200
2016-11-02,60.599998474121094,61.31999969482422,60.369998931884766,60.880001068115234,31.128328323364258,4162600
2016-11-03,60.060001373291016,60.31999969482422,59.06999969482422,59.720001220703125,30.82380485534668,4735100
2016-11-04,59.90999984741211,61.45000076293945,59.70000076293945,60.7599983215332,31.36058807373047,4583400
2016-11-07,62.25,62.599998474121094,61.88999938964844,62.43000030517578,32.2225341796875,2840600
2016-11-08,62.18000030517578,63.34000015258789,61.95000076293945,63.0,32.51673126220703,3382000
2016-11-09,62.59000015258789,66.9000015258789,62.59000015258789,66.31999969482422,34.230323791503906,5690100
2016-11-10,66.86000061035156,68.94999694824219,66.86000061035156,68.69999694824219,35.45872116088867,6947900
2016-11-11,68.5,68.9000015258789,66.5999984741211,67.30999755859375,34.741294860839844,5332400
2016-11-14,67.37000274658203,68.31999969482422,66.79000091552734,67.05999755859375,34.61225509643555,5788800
2016-11-15,66.87999725341797,66.93000030517578,65.29000091552734,65.8499984741211,33.987735748291016,4859300
2016-11-16,65.54000091552734,65.94000244140625,65.25,65.54000091552734,33.827728271484375,3154600
2016-11-17,66.1500015258789,66.27999877929688,64.6500015258789,64.79000091552734,33.44062805175781,3407400
2016-11-18,64.66000366210938,64.75,63.939998626708984,64.1500015258789,33.11030197143555,4728900
2016-11-21,64.66000366210938,65.77999877929688,64.62000274658203,65.54000091552734,33.827728271484375,4399500
2016-11-22,65.76000213623047,65.94999694824219,64.95999908447266,65.58000183105469,33.84837341308594,2131900
2016-11-23,65.62999725341797,66.61000061035156,65.25,66.48999786376953,34.31806564331055,2568700
2016-11-25,66.48999786376953,66.97000122070312,66.48999786376953,66.80999755859375,34.48323440551758,920600
2016-11-28,66.4000015258789,66.62000274658203,65.83000183105469,65.9800033569336,34.05483627319336,2221700
2016-11-29,65.61000061035156,66.38999938964844,65.3499984741211,65.69000244140625,33.9051513671875,2779300
2016-11-30,66.26000213623047,67.37999725341797,66.26000213623047,66.51000213623047,34.32837677001953,2426200
2016-12-01,66.86000061035156,68.19000244140625,66.7300033569336,67.6500015258789,34.91678237915039,3073700
2016-12-02,67.61000061035156,68.04000091552734,67.08999633789062,67.76000213623047,34.97356033325195,2352000
2016-12-05,68.02999877929688,68.63999938964844,67.4800033569336,68.01000213623047,35.102596282958984,2252900
2016-12-06,67.87999725341797,68.58999633789062,67.77999877929688,68.44999694824219,35.329689025878906,2763300
2016-12-07,68.37999725341797,69.16999816894531,68.2300033569336,68.9000015258789,35.56196594238281,3512100
2016-12-08,68.77999877929688,69.37999725341797,68.2699966430664,68.9800033569336,35.60325241088867,2099000
2016-12-09,69.68000030517578,69.80000305175781,68.93000030517578,69.52999877929688,35.88713455200195,1988000
2016-12-12,69.43000030517578,70.0,69.3499984741211,69.86000061035156,36.05744934082031,2233600
2016-12-13,69.72000122070312,69.93000030517578,68.36000061035156,68.8499984741211,35.53615188598633,2846700
2016-12-14,68.72000122070312,69.22000122070312,67.58000183105469,67.66999816894531,34.92710494995117,3039600
2016-12-15,67.37000274658203,67.94999694824219,67.04000091552734,67.88999938964844,35.04065704345703,2839500
2016-12-16,67.91999816894531,68.52999877929688,67.69999694824219,68.05999755859375,35.12840270996094,4108900
2016-12-19,68.0999984741211,68.47000122070312,67.33999633789062,67.81999969482422,35.0045280456543,1621800
2016-12-20,68.05999755859375,68.6500015258789,67.8499984741211,68.44999694824219,35.329689025878906,2988100
2016-12-21,68.2300033569336,68.37000274658203,67.66999816894531,67.81999969482422,35.0045280456543,1574100
2016-12-22,67.66000366210938,68.33000183105469,67.66000366210938,68.06999969482422,35.13356018066406,1560300
2016-12-23,68.0,68.27999877929688,67.75,68.26000213623047,35.231632232666016,757100
2016-12-27,68.47000122070312,68.61000061035156,68.18000030517578,68.48999786376953,35.350341796875,618900
2016-12-28,68.52999877929688,68.58000183105469,67.66000366210938,67.69999694824219,34.94259262084961,1237500
2016-12-29,67.73999786376953,67.98999786376953,67.25,67.61000061035156,34.896141052246094,703500
2016-12-30,67.73999786376953,67.86000061035156,66.80000305175781,67.08999633789062,34.62773895263672,1261800
2017-01-03,67.58999633789062,68.58000183105469,67.22000122070312,68.52999877929688,35.37098693847656,2231600
2017-01-04,68.5999984741211,68.81999969482422,67.8499984741211,68.16999816894531,35.1851806640625,1635000
2017-01-05,68.05999755859375,68.44999694824219,66.5999984741211,67.3499984741211,34.761940002441406,2393900
2017-01-06,67.61000061035156,68.45999908447266,67.5,68.01000213623047,35.102596282958984,2590000
2017-01-09,68.4800033569336,68.51000213623047,66.86000061035156,66.87999725341797,34.519351959228516,2704400
2017-01-10,67.20999908447266,67.54000091552734,66.7699966430664,67.20999908447266,34.68968200683594,2214500
2017-01-11,66.94999694824219,68.48999786376953,66.7699966430664,68.45999908447266,35.33486557006836,2126400
2017-01-12,68.38999938964844,68.4000015258789,67.1500015258789,68.19999694824219,35.20066833496094,1357100
2017-01-13,68.36000061035156,68.94000244140625,68.3499984741211,68.66000366210938,35.43809127807617,1264700
2017-01-17,68.33999633789062,68.36000061035156,67.27999877929688,67.55999755859375,34.870323181152344,1697700
2017-01-18,67.69000244140625,68.0,67.4000015258789,67.80000305175781,34.99420928955078,1651300
2017-01-19,68.12999725341797,68.48999786376953,67.27999877929688,67.7300033569336,34.95808029174805,1431100
2017-01-20,68.0199966430664,68.5,67.56999969482422,67.93000030517578,35.06130599975586,1559900
2017-01-23,67.91999816894531,68.16000366210938,66.9800033569336,67.73999786376953,34.96323013305664,1195900
2017-01-24,68.05000305175781,69.31999969482422,67.75,69.16999816894531,35.701316833496094,2044400
2017-01-25,69.63999938964844,71.27999877929688,69.63999938964844,71.18000030517578,36.73875427246094,3278100
2017-01-26,70.81999969482422,71.68000030517578,70.33000183105469,71.30999755859375,36.805850982666016,2249900
2017-01-27,71.12999725341797,71.38999938964844,70.80999755859375,70.94999694824219,36.62003707885742,1899800
2017-01-30,71.0199966430664,71.0199966430664,69.68000030517578,70.41000366210938,36.34133529663086,2034900
2017-01-31,70.08999633789062,70.91000366210938,69.47000122070312,70.77999877929688,36.53229522705078,3016700
2017-02-01,70.97000122070312,71.70999908447266,70.27999877929688,71.30999755859375,36.805850982666016,3919500
2017-02-02,70.69000244140625,72.0,69.41000366210938,70.0199966430664,36.140037536621094,4690700
2017-02-03,70.33000183105469,70.7300033569336,69.61000061035156,70.22000122070312,36.243263244628906,2946200
2017-02-06,70.11000061035156,70.30999755859375,69.45999908447266,69.9800033569336,36.119388580322266,2548200
2017-02-07,70.33000183105469,71.0999984741211,70.12999725341797,70.23999786376953,36.25358200073242,2221400
2017-02-08,70.0199966430664,70.23999786376953,69.44999694824219,69.97000122070312,36.114227294921875,2304700
2017-02-09,69.97000122070312,71.2699966430664,69.97000122070312,70.79000091552734,36.53746032714844,2204400
2017-02-10,71.02999877929688,71.16999816894531,70.80000305175781,71.0,36.645851135253906,1946100
2017-02-13,71.30999755859375,72.26000213623047,71.30999755859375,72.19999694824219,37.26521682739258,2537100
2017-02-14,72.0,72.19000244140625,71.58000183105469,72.01000213623047,37.16714859008789,2083900
2017-02-15,72.05999755859375,72.27999877929688,71.68000030517578,72.0999984741211,37.21359634399414,1971800
2017-02-16,72.04000091552734,72.23999786376953,71.23999786376953,71.77999877929688,37.04843521118164,2081000
2017-02-17,71.54000091552734,71.62999725341797,70.88999938964844,71.62999725341797,36.97101593017578,2356700
2017-02-21,71.63999938964844,72.1500015258789,71.58000183105469,71.88999938964844,37.10520935058594,1903500
2017-02-22,71.68000030517578,72.73999786376953,71.5199966430664,72.5,37.42005157470703,2315200
2017-02-23,72.81999969482422,72.91999816894531,71.75,72.12000274658203,37.22392272949219,2237900
2017-02-24,71.54000091552734,72.38999938964844,71.12999725341797,72.38999938964844,37.363277435302734,2528800
2017-02-27,72.20999908447266,72.69999694824219,72.12000274658203,72.3499984741211,37.34263229370117,2287700
2017-02-28,72.3499984741211,72.58999633789062,71.70999908447266,71.9800033569336,37.151668548583984,2504200
2017-03-01,72.80999755859375,73.86000061035156,72.80999755859375,73.23999786376953,37.80199432373047,2653600
2017-03-02,72.66999816894531,72.73999786376953,71.77999877929688,72.11000061035156,37.52618408203125,2236600
2017-03-03,72.2300033569336,72.44000244140625,71.4000015258789,71.93000030517578,37.43252944946289,2024900
2017-03-06,71.22000122070312,72.12000274658203,71.08000183105469,71.83999633789062,37.38568115234375,2711700
2017-03-07,71.63999938964844,72.0,71.44000244140625,71.54000091552734,37.22956085205078,1391900
2017-03-08,71.5999984741211,72.33999633789062,71.5199966430664,71.83000183105469,37.38048553466797,2008700
2017-03-09,71.72000122070312,72.12000274658203,71.2300033569336,71.5999984741211,37.260772705078125,2473200
2017-03-10,72.04000091552734,72.58999633789062,72.0,72.48999786376953,37.72393035888672,2131100
2017-03-13,72.66999816894531,72.9800033569336,72.36000061035156,72.75,37.85923767089844,1832600
2017-03-14,72.19999694824219,72.33000183105469,71.4800033569336,71.81999969482422,37.375274658203125,1394800
2017-03-15,72.12000274658203,74.08000183105469,72.0199966430664,73.95999908447266,38.488929748535156,2435600
2017-03-16,73.73999786376953,74.3499984741211,73.08999633789062,73.3499984741211,38.171478271484375,2412600
2017-03-17,73.66999816894531,73.83999633789062,72.91000366210938,73.25,38.11944580078125,3245300
2017-03-20,73.2699966430664,73.76000213623047,72.87000274658203,73.37000274658203,38.181884765625,1560500
2017-03-21,73.58000183105469,74.0199966430664,71.8499984741211,71.98999786376953,37.46373748779297,2315300
2017-03-22,71.95999908447266,72.81999969482422,71.77999877929688,72.54000091552734,37.74995422363281,1989900
2017-03-23,72.55000305175781,73.23999786376953,72.25,72.77999877929688,37.874847412109375,1653900
2017-03-24,72.80999755859375,73.41999816894531,72.55999755859375,72.83999633789062,37.906070709228516,2612400
2017-03-27,72.55000305175781,72.97000122070312,71.45999908447266,72.68000030517578,37.822818756103516,2225400
2017-03-28,72.36000061035156,73.79000091552734,72.08000183105469,73.29000091552734,38.1402587890625,1700200
2017-03-29,73.52999877929688,74.41000366210938,73.20999908447266,73.94000244140625,38.478519439697266,2492300
2017-03-30,73.77999877929688,74.52999877929688,73.54000091552734,74.19999694824219,38.613826751708984,2111100
2017-03-31,73.80000305175781,74.62999725341797,73.66999816894531,74.1500015258789,38.58781051635742,2011500
2017-04-03,74.31999969482422,74.79000091552734,73.41999816894531,74.16000366210938,38.593017578125,2813200
2017-04-04,74.30999755859375,75.08000183105469,73.94999694824219,74.87999725341797,38.96770477294922,2783400
2017-04-05,75.2699966430664,76.36000061035156,74.33999633789062,74.6500015258789,38.84800338745117,2770700
2017-04-06,74.83999633789062,75.25,74.5,74.7300033569336,38.88963317871094,1592500
2017-04-07,74.5199966430664,74.93000030517578,74.19999694824219,74.56999969482422,38.80637741088867,1790900
2017-04-10,74.79000091552734,76.38999938964844,74.62000274658203,75.5999984741211,39.34239959716797,2959700
2017-04-11,75.30999755859375,75.41000366210938,74.58999633789062,75.38999938964844,39.233097076416016,2105200
2017-04-12,75.58000183105469,76.0,73.95999908447266,74.23999786376953,38.6346435546875,3322200
2017-04-13,74.08999633789062,74.33999633789062,73.51000213623047,73.51000213623047,38.2547607421875,1405800
2017-04-17,73.86000061035156,74.30000305175781,73.45999908447266,74.27999877929688,38.655452728271484,1372100
2017-04-18,73.81999969482422,74.66000366210938,73.81999969482422,74.47000122070312,38.75434112548828,1744000
2017-04-19,74.87999725341797,75.18000030517578,73.5199966430664,73.62999725341797,38.317195892333984,2223900
2017-04-20,74.02999877929688,74.61000061035156,73.76000213623047,74.02999877929688,38.52535629272461,3645000
2017-04-21,74.2300033569336,74.44999694824219,73.62999725341797,73.8499984741211,38.43168258666992,2637100
2017-04-24,75.02999877929688,75.63999938964844,74.68000030517578,75.4800033569336,39.27994918823242,2875200
2017-04-25,76.06999969482422,76.93000030517578,75.83999633789062,76.5199966430664,39.8211555480957,3044700
2017-04-26,76.68000030517578,77.38999938964844,76.58999633789062,76.72000122070312,39.92524719238281,2014500
2017-04-27,76.69999694824219,77.11000061035156,76.26000213623047,76.48999786376953,39.80554962158203,2073400
2017-04-28,76.45999908447266,76.61000061035156,75.47000122070312,75.63999938964844,39.36320877075195,2351100
2017-05-01,75.9000015258789,76.48999786376953,75.16000366210938,76.12999725341797,39.61820602416992,4044200
2017-05-02,77.73999786376953,79.30999755859375,76.37000274658203,77.11000061035156,40.12819290161133,4359600
2017-05-03,76.38999938964844,76.44999694824219,75.77999877929688,76.33000183105469,40.033790588378906,2748300
2017-05-04,76.54000091552734,76.5999984741211,75.62000274658203,75.83999633789062,39.77679443359375,2513900
2017-05-05,76.11000061035156,76.88999938964844,75.9000015258789,76.86000061035156,40.31175994873047,2160100
2017-05-08,76.80000305175781,77.05000305175781,76.43000030517578,76.77999877929688,40.269805908203125,1686800
2017-05-09,76.66999816894531,77.0,76.5,76.76000213623047,40.25931930541992,1386700
2017-05-10,76.7300033569336,77.25,76.56999969482422,77.08999633789062,40.4323844909668,1327300
2017-05-11,76.79000091552734,77.16999816894531,76.27999877929688,77.02999877929688,40.400936126708984,1828700
2017-05-12,76.54000091552734,77.11000061035156,76.44000244140625,76.68000030517578,40.21736145019531,1825700
2017-05-15,77.12999725341797,77.23999786376953,76.72000122070312,76.97000122070312,40.36945724487305,1840800
2017-05-16,77.37000274658203,77.37000274658203,76.51000213623047,77.23999786376953,40.51106643676758,1478100
2017-05-17,77.23999786376953,77.23999786376953,76.11000061035156,76.18000030517578,39.95512008666992,2787200
2017-05-18,76.36000061035156,76.4000015258789,75.11000061035156,76.06999969482422,39.897430419921875,2940000
2017-05-19,76.44000244140625,78.19000244140625,76.43000030517578,78.01000213623047,40.9149169921875,3142600
2017-05-22,78.11000061035156,78.44999694824219,77.44000244140625,77.69999694824219,40.752323150634766,2589300
2017-05-23,77.8499984741211,77.93000030517578,77.33000183105469,77.6500015258789,40.72611618041992,2296200
2017-05-24,77.62999725341797,78.0,77.20999908447266,77.56999969482422,40.684146881103516,1282900
2017-05-25,77.91999816894531,78.2699966430664,77.0,77.30999755859375,40.54777908325195,1753200
2017-05-26,77.27999877929688,77.72000122070312,77.0999984741211,77.55999755859375,40.67890930175781,1063000
2017-05-30,77.47000122070312,77.80999755859375,77.12000274658203,77.72000122070312,40.7628173828125,1023400
2017-05-31,77.30999755859375,78.4000015258789,76.7300033569336,77.37999725341797,40.58449172973633,1659000
2017-06-01,77.9000015258789,78.56999969482422,77.26000213623047,78.08000183105469,40.951629638671875,1800100
2017-06-02,78.19999694824219,78.61000061035156,77.69000244140625,77.87999725341797,40.84673309326172,1868900
2017-06-05,77.87000274658203,77.91999816894531,76.76000213623047,76.7699966430664,40.264556884765625,2583200
2017-06-06,76.44000244140625,76.7300033569336,76.08000183105469,76.33000183105469,40.033790588378906,1924300
2017-06-07,76.5,76.5,74.26000213623047,74.94999694824219,39.310001373291016,3520700
2017-06-08,74.94999694824219,75.61000061035156,74.5999984741211,75.47000122070312,39.58273696899414,3669900
2017-06-09,75.70999908447266,75.94999694824219,75.27999877929688,75.73999786376953,39.72434616088867,2882000
2017-06-12,75.73999786376953,76.20999908447266,75.45999908447266,75.7699966430664,39.74007034301758,1706500
2017-06-13,75.94000244140625,76.30000305175781,75.5199966430664,76.11000061035156,39.91840744018555,1397500
2017-06-14,76.27999877929688,76.31999969482422,74.83999633789062,75.33999633789062,39.514556884765625,2320000
2017-06-15,74.45999908447266,76.52999877929688,74.43000030517578,76.13999938964844,39.93413543701172,1946000
2017-06-16,76.36000061035156,77.05000305175781,76.22000122070312,76.80000305175781,40.280296325683594,2623800
2017-06-19,77.27999877929688,78.41999816894531,77.23999786376953,78.06999969482422,40.946380615234375,2505800
2017-06-20,77.66999816894531,77.8499984741211,77.0,77.05999755859375,40.416664123535156,1796700
2017-06-21,77.23999786376953,77.37999725341797,75.76000213623047,75.91999816894531,39.81875228881836,1702900
2017-06-22,75.98999786376953,76.41999816894531,75.70999908447266,75.7699966430664,39.74007034301758,1946600
2017-06-23,75.83999633789062,76.93000030517578,75.66000366210938,76.87999725341797,40.32225799560547,2995800
2017-06-26,77.13999938964844,77.61000061035156,76.30000305175781,76.7699966430664,40.264556884765625,1415600
2017-06-27,76.69000244140625,76.94000244140625,76.1500015258789,76.43000030517578,40.086246490478516,1642000
2017-06-28,77.0,77.63999938964844,76.77999877929688,77.44000244140625,40.615962982177734,1608600
2017-06-29,77.58999633789062,78.0,76.0,76.62999725341797,40.19112777709961,1751300
2017-06-30,76.9000015258789,78.31999969482422,76.86000061035156,77.83000183105469,40.82051086425781,1843600
2017-07-03,78.37000274658203,78.7699966430664,77.70999908447266,78.3499984741211,41.09324264526367,1386800
2017-07-05,78.33000183105469,78.86000061035156,78.0,78.62999725341797,41.2401008605957,1892700
2017-07-06,78.31999969482422,78.9800033569336,78.26000213623047,78.55000305175781,41.198150634765625,1923400
2017-07-07,78.55000305175781,79.9000015258789,78.3499984741211,79.36000061035156,41.62297439575195,1934300
2017-07-10,79.27999877929688,80.83000183105469,79.27999877929688,80.4000015258789,42.16843032836914,2238500
2017-07-11,80.30000305175781,80.5,79.47000122070312,80.44999694824219,42.19465255737305,2314200
2017-07-12,80.79000091552734,81.62999725341797,80.4800033569336,80.51000213623047,42.22612762451172,1843400
2017-07-13,80.41000366210938,80.69000244140625,79.94000244140625,80.31999969482422,42.126487731933594,1857200
2017-07-14,80.5199966430664,80.8499984741211,80.37999725341797,80.61000061035156,42.27857208251953,1683300
2017-07-17,80.4800033569336,80.52999877929688,80.05999755859375,80.20999908447266,42.06878662109375,1807900
2017-07-18,80.16999816894531,80.2300033569336,79.62999725341797,80.2300033569336,42.07927703857422,1583500
2017-07-19,80.44000244140625,80.5999984741211,79.77999877929688,80.37999725341797,42.15794372558594,1758300
2017-07-20,80.31999969482422,80.33999633789062,79.52999877929688,79.55999755859375,41.727874755859375,1530100
2017-07-21,79.19000244140625,79.41000366210938,78.36000061035156,78.97000122070312,41.41842269897461,2436400
2017-07-24,79.0,79.11000061035156,78.4800033569336,78.6500015258789,41.250587463378906,1786900
2017-07-25,79.5,79.58999633789062,78.73999786376953,79.33000183105469,41.60724639892578,2311800
2017-07-26,79.3499984741211,79.3499984741211,78.51000213623047,79.0,41.43415451049805,1821900
2017-07-27,79.11000061035156,79.18000030517578,77.94999694824219,78.48999786376953,41.16666793823242,2638700
2017-07-28,78.44999694824219,78.58999633789062,77.62000274658203,78.43000030517578,41.135196685791016,1734900
2017-07-31,78.43000030517578,79.08000183105469,77.8499984741211,78.25,41.040794372558594,3669200
2017-08-01,75.48999786376953,75.48999786376953,72.16000366210938,74.26000213623047,38.94810485839844,10716900
2017-08-02,73.4000015258789,74.44000244140625,73.11000061035156,74.0999984741211,39.180763244628906,5824300
2017-08-03,73.9000015258789,73.9800033569336,72.97000122070312,73.61000061035156,38.92167282104492,4533300
2017-08-04,73.68000030517578,74.56999969482422,73.61000061035156,74.52999877929688,39.408119201660156,2778300
2017-08-07,73.76000213623047,74.44000244140625,73.68000030517578,73.98999786376953,39.12260055541992,3197300
2017-08-08,73.70999908447266,74.30000305175781,72.91999816894531,72.98999786376953,38.59383773803711,4769700
2017-08-09,72.7699966430664,73.37000274658203,72.66000366210938,73.13999938964844,38.67314910888672,3167300
2017-08-10,72.88999938964844,72.97000122070312,71.61000061035156,71.6500015258789,37.88530349731445,2704400
2017-08-11,71.73999786376953,71.93000030517578,71.37999725341797,71.4800033569336,37.79542541503906,1294700
2017-08-14,72.19000244140625,72.58000183105469,71.81999969482422,72.4800033569336,38.32417678833008,2032900
2017-08-15,72.44000244140625,72.88999938964844,72.12000274658203,72.30999755859375,38.23428726196289,1973900
2017-08-16,72.52999877929688,72.94000244140625,72.44000244140625,72.66999816894531,38.42464065551758,2103300
2017-08-17,71.5199966430664,72.68000030517578,71.47000122070312,71.72000122070312,37.92231750488281,4160600
2017-08-18,71.62000274658203,71.97000122070312,71.19999694824219,71.19999694824219,37.647369384765625,2261100
2017-08-21,71.12999725341797,71.38999938964844,70.69000244140625,71.13999938964844,37.61564254760742,2134100
2017-08-22,71.30999755859375,72.11000061035156,71.19999694824219,71.9000015258789,38.01749801635742,2317400
2017-08-23,71.43000030517578,71.75,71.12000274658203,71.20999908447266,37.65266799926758,1182800
2017-08-24,71.37000274658203,71.37000274658203,70.52999877929688,70.63999938964844,37.35127258300781,2530300
2017-08-25,71.04000091552734,71.16999816894531,70.58000183105469,70.69999694824219,37.38300704956055,1734700
2017-08-28,70.9800033569336,71.13999938964844,70.25,70.44000244140625,37.24552536010742,1319900
2017-08-29,70.16000366210938,70.69999694824219,69.81999969482422,70.5199966430664,37.28782272338867,2684800
2017-08-30,70.5,71.16000366210938,70.48999786376953,71.05000305175781,37.56805419921875,2561600
2017-08-31,71.44999694824219,71.87999725341797,71.19000244140625,71.76000213623047,37.94347381591797,2252900
2017-09-01,72.04000091552734,72.1500015258789,71.58000183105469,71.62999725341797,37.874732971191406,1707300
2017-09-05,71.61000061035156,71.93000030517578,70.7300033569336,71.0999984741211,37.5944938659668,2033900
2017-09-06,71.56999969482422,71.62000274658203,71.12000274658203,71.33000183105469,37.716102600097656,1700400
2017-09-07,71.4800033569336,71.5199966430664,70.62999725341797,71.31999969482422,37.71082305908203,1439300
2017-09-08,71.19999694824219,72.41999816894531,71.08999633789062,72.13999938964844,38.14440155029297,1775600
2017-09-11,72.69000244140625,73.37999725341797,72.4800033569336,73.3499984741211,38.78418731689453,2186500
2017-09-12,73.5,74.6500015258789,73.45999908447266,74.5999984741211,39.44514083862305,2482900
2017-09-13,74.54000091552734,74.94999694824219,74.19999694824219,74.93000030517578,39.619625091552734,2137300
2017-09-14,74.76000213623047,75.72000122070312,74.38999938964844,75.62000274658203,39.98447799682617,2481100
2017-09-15,75.58999633789062,76.9800033569336,75.22000122070312,76.91000366210938,40.66656494140625,4901300
2017-09-18,77.0,78.04000091552734,76.52999877929688,77.9000015258789,41.190040588378906,2832500
2017-09-19,77.73999786376953,77.87000274658203,76.95999908447266,77.02999877929688,40.730018615722656,3215300
2017-09-20,77.22000122070312,78.20999908447266,77.12000274658203,77.7699966430664,41.12128829956055,2482000
2017-09-21,77.69999694824219,78.25,77.66000366210938,78.05999755859375,41.274635314941406,1784000
2017-09-22,77.98999786376953,78.51000213623047,77.69000244140625,78.0999984741211,41.2957763671875,1624900
2017-09-25,78.13999938964844,78.2300033569336,76.88999938964844,77.55000305175781,41.004966735839844,2669600
2017-09-26,77.5999984741211,77.6500015258789,77.0199966430664,77.11000061035156,40.772315979003906,1855700
2017-09-27,77.44000244140625,77.61000061035156,76.80999755859375,77.12000274658203,40.77760696411133,2015300
2017-09-28,76.83999633789062,76.97000122070312,75.43000030517578,76.08999633789062,40.23298263549805,3048100
2017-09-29,75.94999694824219,76.94000244140625,75.72000122070312,76.79000091552734,40.60311508178711,2236300
2017-10-02,76.94999694824219,77.58000183105469,76.38999938964844,77.54000091552734,40.99967956542969,1755400
2017-10-03,77.68000030517578,77.76000213623047,77.25,77.44999694824219,40.952091217041016,2017700
2017-10-04,77.3499984741211,78.19000244140625,77.01000213623047,78.05999755859375,41.274635314941406,2209400
2017-10-05,77.95999908447266,78.25,77.58999633789062,77.80000305175781,41.13716125488281,2032900
2017-10-06,77.62999725341797,78.22000122070312,77.43000030517578,77.75,41.1107177734375,2281200
2017-10-09,77.76000213623047,78.12000274658203,77.30999755859375,77.68000030517578,41.07370376586914,1368700
2017-10-10,77.95999908447266,78.12999725341797,77.4000015258789,77.9800033569336,41.232337951660156,1612800
2017-10-11,77.94999694824219,78.66999816894531,77.7300033569336,78.52999877929688,41.52314758300781,2390600
2017-10-12,78.55999755859375,79.16000366210938,78.30999755859375,78.72000122070312,41.62360763549805,2504000
2017-10-13,79.12000274658203,79.19000244140625,78.47000122070312,78.52999877929688,41.52314758300781,1942800
2017-10-16,78.81999969482422,79.30999755859375,78.5199966430664,79.2300033569336,41.893280029296875,1400500
2017-10-17,77.83000183105469,78.43000030517578,76.5999984741211,78.06999969482422,41.2799186706543,3535700
2017-10-18,78.16000366210938,78.61000061035156,77.94000244140625,77.97000122070312,41.2270393371582,2249400
2017-10-19,77.37000274658203,78.19000244140625,77.33999633789062,78.0199966430664,41.25347900390625,2168500
2017-10-20,78.47000122070312,79.04000091552734,78.19000244140625,78.93000030517578,41.73463821411133,2559800
2017-10-23,79.02999877929688,79.08999633789062,78.43000030517578,78.4800033569336,41.4967155456543,2196900
2017-10-24,78.91999816894531,80.13999938964844,78.91000366210938,79.58000183105469,42.07833480834961,3107900
2017-10-25,79.44000244140625,79.69000244140625,78.33000183105469,78.9800033569336,41.76108932495117,2311200
2017-10-26,79.5,79.94000244140625,79.19999694824219,79.5,42.036041259765625,1642700
2017-10-27,79.47000122070312,79.98999786376953,79.13999938964844,79.7699966430664,42.17880630493164,1987600
2017-10-30,79.6500015258789,80.43000030517578,79.18000030517578,79.2300033569336,41.893280029296875,3740800
2017-10-31,77.94000244140625,81.5,77.62000274658203,80.0199966430664,42.31099319458008,4955400
2017-11-01,80.87999725341797,82.33999633789062,80.80000305175781,81.51000213623047,43.09883499145508,3680500
2017-11-02,81.05000305175781,81.33999633789062,79.33000183105469,79.37999725341797,42.28384017944336,3227100
2017-11-03,79.1500015258789,79.23999786376953,77.08000183105469,78.0999984741211,41.60201644897461,4477300
2017-11-06,78.0999984741211,78.63999938964844,77.63999938964844,78.30999755859375,41.7138671875,2239800
2017-11-07,78.4000015258789,78.9800033569336,78.16000366210938,78.66999816894531,41.9056396484375,1454300
2017-11-08,78.41000366210938,79.20999908447266,77.94000244140625,79.05000305175781,42.10805892944336,2281800
2017-11-09,78.72000122070312,79.48999786376953,77.80000305175781,77.86000061035156,41.47417068481445,2957100
2017-11-10,77.9000015258789,78.08000183105469,77.4800033569336,77.91999816894531,41.506134033203125,1380400
2017-11-13,77.69999694824219,78.16000366210938,77.51000213623047,77.94000244140625,41.516788482666016,1393600
2017-11-14,77.48999786376953,77.66999816894531,76.88999938964844,76.88999938964844,40.95747375488281,1844800
2017-11-15,76.47000122070312,76.5999984741211,75.5999984741211,75.87000274658203,40.41415023803711,2029900
2017-11-16,76.13999938964844,76.80000305175781,76.13999938964844,76.44000244140625,40.7177734375,1824800
2017-11-17,75.98999786376953,76.0,75.41999816894531,75.63999938964844,40.29163360595703,2965300
2017-11-20,75.86000061035156,75.9800033569336,75.5,75.69000244140625,40.31827926635742,2933700
2017-11-21,76.08999633789062,76.33000183105469,75.83000183105469,76.30000305175781,40.6431999206543,1801800
2017-11-22,76.33000183105469,76.66999816894531,76.18000030517578,76.22000122070312,40.60059356689453,995300
2017-11-24,76.37000274658203,76.37000274658203,75.83000183105469,75.91999816894531,40.44078063964844,698900
2017-11-27,75.94000244140625,76.05000305175781,75.52999877929688,75.52999877929688,40.23303985595703,1493900
2017-11-28,75.66999816894531,77.04000091552734,75.55999755859375,76.8499984741211,40.9361686706543,2029100
2017-11-29,77.0199966430664,77.29000091552734,76.36000061035156,76.83999633789062,40.930843353271484,1839600
2017-11-30,76.9800033569336,77.98999786376953,76.91999816894531,77.77999877929688,41.43156051635742,2725300
2017-12-01,77.98999786376953,78.41999816894531,76.4000015258789,77.69999694824219,41.38895034790039,2264000
2017-12-04,78.30999755859375,78.61000061035156,76.4000015258789,76.41000366210938,40.7017936706543,2329200
2017-12-05,76.37000274658203,76.62000274658203,74.94000244140625,74.94999694824219,39.92407989501953,3000600
2017-12-06,76.01000213623047,76.26000213623047,74.9000015258789,75.79000091552734,40.37154006958008,3000800
2017-12-07,75.6500015258789,77.47000122070312,75.62000274658203,77.26000213623047,41.154563903808594,3538500
2017-12-08,77.48999786376953,77.86000061035156,77.01000213623047,77.29000091552734,41.1705436706543,2363700
2017-12-11,77.61000061035156,78.11000061035156,77.11000061035156,77.7699966430664,41.42622756958008,3755100
2017-12-12,77.83999633789062,78.44999694824219,77.7300033569336,77.76000213623047,41.4209098815918,2189300
2017-12-13,77.95999908447266,78.48999786376953,77.54000091552734,77.56999969482422,41.319698333740234,2148100
2017-12-14,77.66999816894531,77.7699966430664,76.41000366210938,76.44000244140625,40.7177734375,1719700
2017-12-15,76.61000061035156,77.77999877929688,76.58000183105469,77.29000091552734,41.1705436706543,3503700
2017-12-18,78.11000061035156,78.43000030517578,76.9800033569336,77.05999755859375,41.048030853271484,2747400
2017-12-19,77.2699966430664,77.31999969482422,76.73999786376953,76.86000061035156,40.941490173339844,1930800
2017-12-20,77.36000061035156,77.54000091552734,77.01000213623047,77.1500015258789,41.095970153808594,2318300
2017-12-21,77.4800033569336,78.37999725341797,77.16000366210938,78.0999984741211,41.60201644897461,2076900
2017-12-22,78.27999877929688,78.27999877929688,77.51000213623047,77.51000213623047,41.287742614746094,1362100
2017-12-26,77.5999984741211,77.70999908447266,77.20999908447266,77.31999969482422,41.18651580810547,676300
2017-12-27,77.4000015258789,77.68000030517578,77.01000213623047,77.41999816894531,41.23979187011719,1135500
2017-12-28,77.56999969482422,78.19000244140625,77.43000030517578,78.16000366210938,41.633975982666016,1083200
2017-12-29,78.91000366210938,79.6500015258789,78.55999755859375,79.01000213623047,42.086761474609375,3245900
2018-01-02,79.2300033569336,79.5199966430664,77.5199966430664,78.86000061035156,42.0068473815918,2814900
2018-01-03,79.26000213623047,81.66999816894531,78.86000061035156,81.63999938964844,43.48768997192383,4255900
2018-01-04,81.69000244140625,81.98999786376953,80.45999908447266,80.7699966430664,43.024261474609375,3936400
2018-01-05,80.87999725341797,81.41999816894531,80.25,81.38999938964844,43.35451889038086,2398900
2018-01-08,81.37000274658203,82.30000305175781,81.0,82.02999877929688,43.695430755615234,1818200
2018-01-09,81.87000274658203,82.48999786376953,80.30999755859375,81.9800033569336,43.668800354003906,2216000
2018-01-10,81.66999816894531,82.68000030517578,81.31999969482422,82.47000122070312,43.9298095703125,2126800
2018-01-11,82.66000366210938,83.98999786376953,82.33000183105469,83.98999786376953,44.73947525024414,1897900
2018-01-12,84.16000366210938,84.3499984741211,83.47000122070312,84.23999786376953,44.87264633178711,2417500
2018-01-16,84.44000244140625,84.5,82.69999694824219,83.3499984741211,44.398563385009766,2198500
2018-01-17,83.48999786376953,83.98999786376953,83.27999877929688,83.5999984741211,44.53173828125,1379400
2018-01-18,83.69000244140625,84.0,83.0199966430664,83.55999755859375,44.51042556762695,2001600
2018-01-19,83.9000015258789,84.41000366210938,83.55000305175781,83.94999694824219,44.718177795410156,3215000
2018-01-22,83.93000030517578,84.41999816894531,83.51000213623047,84.36000061035156,44.93657302856445,2413400
2018-01-23,83.95999908447266,85.31999969482422,83.83000183105469,85.12000274658203,45.34141159057617,2393700
2018-01-24,85.5999984741211,85.61000061035156,84.33999633789062,84.5,45.01114273071289,2862200
2018-01-25,85.08999633789062,85.66999816894531,83.93000030517578,85.22000122070312,45.394683837890625,2592200
2018-01-26,85.5,86.51000213623047,85.04000091552734,86.48999786376953,46.0711669921875,1863300
2018-01-29,86.20999908447266,86.81999969482422,85.37000274658203,85.58999633789062,45.591758728027344,1883800
2018-01-30,84.91000366210938,85.62999725341797,84.33000183105469,84.73999786376953,45.13897705078125,2478800
2018-01-31,85.33000183105469,85.52999877929688,83.43000030517578,83.97000122070312,44.728816986083984,2901000
2018-02-01,86.93000030517578,89.8499984741211,86.6500015258789,87.86000061035156,46.80093765258789,6112700
2018-02-02,87.12000274658203,87.4000015258789,84.9000015258789,85.08999633789062,45.32542037963867,6100300
2018-02-05,85.66999816894531,85.68000030517578,81.58000183105469,81.58000183105469,43.45573425292969,5528400
2018-02-06,80.23999786376953,83.27999877929688,79.5,82.68000030517578,44.04167938232422,4994500
2018-02-07,82.31999969482422,84.37999725341797,81.58999633789062,81.62000274658203,43.4770393371582,3908800
2018-02-08,81.80999755859375,82.30999755859375,79.4000015258789,79.41000366210938,42.299827575683594,3150900
2018-02-09,80.69999694824219,81.5999984741211,78.98999786376953,80.7699966430664,43.024261474609375,4925800
2018-02-12,81.44999694824219,82.56999969482422,81.23999786376953,82.0199966430664,43.69011688232422,2789800
2018-02-13,81.45999908447266,82.13999938964844,80.98999786376953,81.83000183105469,43.588905334472656,1332500
2018-02-14,81.23999786376953,82.86000061035156,81.0199966430664,82.66999816894531,44.036338806152344,2399600
2018-02-15,83.11000061035156,83.41999816894531,81.77999877929688,82.76000213623047,44.08428955078125,1516400
2018-02-16,82.66000366210938,83.91000366210938,82.19999694824219,82.79000091552734,44.10027313232422,2200200
2018-02-20,82.43000030517578,83.04000091552734,81.44999694824219,81.70999908447266,43.524986267089844,3344600
2018-02-21,81.72000122070312,82.6500015258789,81.26000213623047,81.55999755859375,43.4450798034668,2219300
2018-02-22,82.02999877929688,82.6500015258789,81.68000030517578,81.87999725341797,43.615535736083984,1778900
2018-02-23,82.5,82.66000366210938,81.56999969482422,82.22000122070312,43.79664611816406,2204900
2018-02-26,82.36000061035156,82.55000305175781,81.54000091552734,82.27999877929688,43.828609466552734,2854900
2018-02-27,82.19000244140625,83.0999984741211,81.93000030517578,81.95999908447266,43.658145904541016,2514800
2018-02-28,82.16000366210938,82.51000213623047,80.68000030517578,80.69999694824219,42.98697280883789,2323500
2018-03-01,81.0999984741211,81.70999908447266,79.20999908447266,79.58999633789062,42.39570236206055,3527400
2018-03-02,79.16000366210938,80.08999633789062,78.38999938964844,79.69999694824219,42.45429992675781,3251000
2018-03-05,79.18000030517578,80.31999969482422,78.4000015258789,80.22000122070312,42.73128890991211,2983500
2018-03-06,80.79000091552734,80.97000122070312,79.72000122070312,80.94000244140625,43.11482238769531,2658700
2018-03-07,79.98999786376953,81.19000244140625,79.7699966430664,81.02999877929688,43.16275405883789,2741700
2018-03-08,81.93000030517578,81.95999908447266,80.48999786376953,81.13999938964844,43.22136306762695,5636000
2018-03-09,81.06999969482422,83.16000366210938,80.70999908447266,83.13999938964844,44.64988708496094,3155000
2018-03-12,83.08999633789062,83.23999786376953,81.20999908447266,81.52999877929688,43.785247802734375,3666100
2018-03-13,81.70999908447266,82.66999816894531,81.13999938964844,81.27999877929688,43.65099334716797,2869600
2018-03-14,81.88999938964844,81.91999816894531,79.95999908447266,80.08999633789062,43.01190948486328,2395900
2018-03-15,80.25,80.68000030517578,79.87999725341797,80.2699966430664,43.10857391357422,2840700
2018-03-16,80.43000030517578,81.30000305175781,80.2300033569336,80.9800033569336,43.489871978759766,4651900
2018-03-19,80.75,80.98999786376953,79.81999969482422,80.45999908447266,43.210609436035156,1709100
2018-03-20,80.69999694824219,81.87000274658203,80.5,81.16000366210938,43.586551666259766,1783200
2018-03-21,81.33000183105469,82.0999984741211,80.93000030517578,81.4800033569336,43.758392333984375,1847300
2018-03-22,80.63999938964844,81.36000061035156,79.27999877929688,79.43000030517578,42.65745162963867,2650400
2018-03-23,79.68000030517578,79.68000030517578,78.08999633789062,78.18000030517578,41.98614501953125,3332200
2018-03-26,80.18000030517578,81.43000030517578,79.51000213623047,81.0999984741211,43.5543212890625,4143100
2018-03-27,81.23999786376953,81.5999984741211,79.19999694824219,79.70999908447266,42.80783462524414,3678000
2018-03-28,79.80999755859375,79.87000274658203,78.56999969482422,79.05000305175781,42.4533805847168,2858400
2018-03-29,79.61000061035156,80.6500015258789,79.25,79.91000366210938,42.91524887084961,2902700
2018-04-02,79.47000122070312,79.62999725341797,76.51000213623047,77.69000244140625,41.722999572753906,2401500
2018-04-03,78.0,78.27999877929688,76.38999938964844,77.86000061035156,41.814292907714844,4515400
2018-04-04,76.4800033569336,78.66999816894531,76.13999938964844,78.58000183105469,42.200965881347656,3064100
2018-04-05,79.31999969482422,79.5199966430664,78.62000274658203,79.25,42.560787200927734,2434600
2018-04-06,78.3499984741211,78.91999816894531,75.66000366210938,75.97000122070312,40.799285888671875,4025900
2018-04-09,76.72000122070312,77.16999816894531,75.77999877929688,75.93000030517578,40.777801513671875,2922000
2018-04-10,77.9000015258789,78.44999694824219,77.41000366210938,77.58999633789062,41.66929244995117,2786300
2018-04-11,76.9000015258789,77.51000213623047,76.62000274658203,77.16999816894531,41.4437255859375,2279900
2018-04-12,77.5,78.05999755859375,77.36000061035156,77.44000244140625,41.5887336730957,3177000
2018-04-13,78.05999755859375,78.33999633789062,76.9800033569336,77.26000213623047,41.4920654296875,3313400
2018-04-16,77.88999938964844,78.13999938964844,77.26000213623047,77.44999694824219,41.5941047668457,3675900
2018-04-17,78.2300033569336,78.72000122070312,77.83000183105469,77.94999694824219,41.86262512207031,2536300
2018-04-18,78.41999816894531,79.4000015258789,78.11000061035156,79.19000244140625,42.52857208251953,2337700
2018-04-19,79.1500015258789,79.66999816894531,78.55999755859375,79.1500015258789,42.507080078125,3317100
2018-04-20,79.31999969482422,79.5999984741211,78.47000122070312,79.05999755859375,42.458740234375,2259400
2018-04-23,79.23999786376953,79.62999725341797,78.33000183105469,78.52999877929688,42.17411422729492,2085900
2018-04-24,79.12000274658203,79.51000213623047,74.70999908447266,75.93000030517578,40.777801513671875,3013000
2018-04-25,75.73999786376953,76.93000030517578,74.80999755859375,76.7300033569336,41.20744323730469,2744200
2018-04-26,76.69000244140625,76.83999633789062,75.0,75.91000366210938,40.767059326171875,3276500
2018-04-27,75.6500015258789,76.2300033569336,75.26000213623047,76.1500015258789,40.89595413208008,3401900
2018-04-30,76.19999694824219,76.58000183105469,75.02999877929688,75.02999877929688,40.294456481933594,3824700
2018-05-01,74.37999725341797,74.68000030517578,72.3499984741211,73.86000061035156,39.666114807128906,6034200
2018-05-02,73.51000213623047,74.26000213623047,72.62999725341797,72.81999969482422,39.10758590698242,4618000
2018-05-03,71.91999816894531,73.55999755859375,71.62000274658203,73.06999969482422,39.60077667236328,4229500
2018-05-04,72.55999755859375,75.30000305175781,72.30999755859375,74.87000274658203,40.57628631591797,3871800
2018-05-07,75.01000213623047,75.06999969482422,74.08000183105469,74.69999694824219,40.48415756225586,6020100
2018-05-08,74.80000305175781,74.98999786376953,74.29000091552734,74.81999969482422,40.549190521240234,3044100
2018-05-09,75.11000061035156,75.72000122070312,74.72000122070312,75.66000366210938,41.00444412231445,1596100
2018-05-10,75.81999969482422,76.58000183105469,75.44999694824219,76.44999694824219,41.43257141113281,2775100
2018-05-11,76.44999694824219,77.31999969482422,76.05999755859375,76.47000122070312,41.44342041015625,2188800
2018-05-14,76.76000213623047,76.94999694824219,76.2699966430664,76.58000183105469,41.503047943115234,2042300
2018-05-15,76.18000030517578,76.80999755859375,76.02999877929688,76.7300033569336,41.5843391418457,2588200
2018-05-16,76.70999908447266,77.88999938964844,76.61000061035156,77.33000183105469,41.90950012207031,2174800
2018-05-17,77.23999786376953,78.05000305175781,77.12000274658203,77.66999816894531,42.09376525878906,1607100
2018-05-18,78.5199966430664,79.05000305175781,78.43000030517578,78.58999633789062,42.592369079589844,2587500
2018-05-21,79.18000030517578,80.2699966430664,79.06999969482422,79.88999938964844,43.29690933227539,3375500
2018-05-22,80.0999984741211,80.5,79.11000061035156,79.16000366210938,42.90128707885742,1734100
2018-05-23,78.72000122070312,79.0999984741211,78.30000305175781,79.0,42.81456756591797,2805600
2018-05-24,78.9800033569336,79.43000030517578,78.0,78.91000366210938,42.76578903198242,3276800
2018-05-25,78.36000061035156,78.63999938964844,77.8499984741211,78.2699966430664,42.4189453125,1688400
2018-05-29,77.4800033569336,77.61000061035156,76.23999786376953,76.94000244140625,41.698143005371094,2014600
2018-05-30,77.44000244140625,78.20999908447266,77.08000183105469,77.91000366210938,42.223838806152344,1575400
2018-05-31,78.20999908447266,78.20999908447266,76.30999755859375,76.58000183105469,41.503047943115234,2802300
2018-06-01,77.22000122070312,77.44999694824219,76.83999633789062,76.9000015258789,41.67646789550781,2043600
2018-06-04,77.25,77.68000030517578,76.77999877929688,76.97000122070312,41.71440124511719,2188800
2018-06-05,77.2699966430664,79.58000183105469,77.19000244140625,79.44999694824219,43.05845260620117,5141400
2018-06-06,79.80999755859375,80.27999877929688,79.0,80.27999877929688,43.50827407836914,3051600
2018-06-07,80.37999725341797,80.58999633789062,79.91000366210938,80.33999633789062,43.54078674316406,2362200
2018-06-08,80.08000183105469,80.4000015258789,79.73999786376953,80.3499984741211,43.54621505737305,1681500
2018-06-11,80.41999816894531,80.94000244140625,79.95999908447266,80.80999755859375,43.79551315307617,2111500
2018-06-12,80.83999633789062,81.18000030517578,80.13999938964844,80.41000366210938,43.5787353515625,2133600
2018-06-13,80.45999908447266,80.62999725341797,80.01000213623047,80.05000305175781,43.383628845214844,2598600
2018-06-14,80.20999908447266,80.54000091552734,79.08000183105469,79.27999877929688,42.96632385253906,1620700
2018-06-15,78.93000030517578,79.26000213623047,77.94000244140625,79.25,42.9500617980957,3581000
2018-06-18,78.51000213623047,79.27999877929688,78.16999816894531,79.2300033569336,42.93922424316406,2707900
2018-06-19,78.33000183105469,78.33000183105469,77.52999877929688,78.20999908447266,42.38642120361328,2510900
2018-06-20,78.66999816894531,78.76000213623047,77.7300033569336,77.94000244140625,42.24009704589844,1723000
2018-06-21,77.63999938964844,77.63999938964844,76.1500015258789,76.36000061035156,41.38380432128906,4231700
2018-06-22,77.02999877929688,77.26000213623047,76.5,76.58999633789062,41.508453369140625,2342400
2018-06-25,76.33999633789062,76.69000244140625,75.43000030517578,75.94000244140625,41.156185150146484,3283900
2018-06-26,76.12999725341797,76.4000015258789,75.41000366210938,75.51000213623047,40.92314529418945,2615100
2018-06-27,75.86000061035156,76.83999633789062,75.25,75.26000213623047,40.787654876708984,3630600
2018-06-28,75.22000122070312,75.5,73.4800033569336,74.44000244140625,40.3432502746582,5594900
2018-06-29,74.87000274658203,75.5999984741211,74.63999938964844,74.73999786376953,40.505836486816406,3533800
2018-07-02,74.19000244140625,75.08999633789062,74.11000061035156,74.93000030517578,40.60881042480469,2660100
2018-07-03,75.77999877929688,76.66000366210938,75.27999877929688,75.44999694824219,40.890621185302734,1378100
2018-07-05,75.83999633789062,76.0,75.1500015258789,75.83999633789062,41.10198974609375,1565200
2018-07-06,75.69000244140625,76.3499984741211,75.22000122070312,76.0199966430664,41.19953918457031,1737000
2018-07-09,76.1500015258789,77.81999969482422,76.06999969482422,77.80000305175781,42.164222717285156,1565400
2018-07-10,78.56999969482422,78.66000366210938,77.87999725341797,78.30999755859375,42.440608978271484,2027400
2018-07-11,77.47000122070312,77.47000122070312,75.44000244140625,75.76000213623047,41.05863571166992,2856000
2018-07-12,77.04000091552734,77.7300033569336,76.08999633789062,76.87000274658203,41.66020965576172,1875900
2018-07-13,76.63999938964844,77.80000305175781,76.54000091552734,77.76000213623047,42.14255142211914,1431900
2018-07-16,77.94000244140625,77.95999908447266,77.13999938964844,77.33999633789062,41.91492462158203,1975700
2018-07-17,77.12000274658203,78.04000091552734,76.95999908447266,77.81999969482422,42.17505645751953,2431700
2018-07-18,77.91999816894531,78.95999908447266,77.73999786376953,78.37000274658203,42.473140716552734,1944300
2018-07-19,77.9000015258789,78.3499984741211,77.58000183105469,78.20999908447266,42.38642120361328,2152600
2018-07-20,77.80000305175781,78.01000213623047,77.43000030517578,77.63999938964844,42.077510833740234,2211800
2018-07-23,77.62000274658203,77.77999877929688,76.69999694824219,76.87000274658203,41.66020965576172,3315900
2018-07-24,77.68000030517578,78.41999816894531,77.08999633789062,77.44999694824219,41.97453689575195,3754400
2018-07-25,77.36000061035156,79.08000183105469,77.12999725341797,78.9800033569336,42.80373001098633,3136500
2018-07-26,78.94000244140625,80.30000305175781,78.94000244140625,79.95999908447266,43.3348503112793,3256400
2018-07-27,80.12000274658203,80.91000366210938,79.95999908447266,80.56999969482422,43.66543960571289,2096700
2018-07-30,81.0,81.48999786376953,79.69000244140625,79.86000061035156,43.28064727783203,2813000
2018-07-31,80.19999694824219,83.55000305175781,80.12999725341797,83.16999816894531,45.074527740478516,4753400
2018-08-01,83.22000122070312,83.62999725341797,82.31999969482422,82.37000274658203,44.64097213745117,3613800
2018-08-02,81.2300033569336,81.69999694824219,80.77999877929688,81.16999816894531,44.345951080322266,2317100
2018-08-03,81.30999755859375,81.73999786376953,80.73999786376953,81.56999969482422,44.56448745727539,1861800
2018-08-06,81.72000122070312,81.9000015258789,81.08000183105469,81.19000244140625,44.356876373291016,1830800
2018-08-07,81.3499984741211,82.81999969482422,81.33999633789062,82.58000183105469,45.11627197265625,2823800
2018-08-08,82.5,82.62000274658203,81.69999694824219,81.91000366210938,44.75023651123047,1499900
2018-08-09,81.91000366210938,82.61000061035156,81.47000122070312,81.70999908447266,44.64097213745117,2096100
2018-08-10,81.16000366210938,81.23999786376953,80.26000213623047,80.55000305175781,44.00722885131836,2144500
2018-08-13,81.5199966430664,81.5199966430664,79.87000274658203,80.12000274658203,43.772300720214844,3273700
2018-08-14,80.2699966430664,80.6500015258789,79.83000183105469,80.13999938964844,43.783226013183594,2878800
2018-08-15,79.4000015258789,79.73999786376953,78.75,79.62999725341797,43.50458908081055,2158200
2018-08-16,80.22000122070312,80.98999786376953,80.18000030517578,80.51000213623047,43.9853630065918,2360400
2018-08-17,80.61000061035156,81.19000244140625,80.30999755859375,81.0,44.25307846069336,1664300
2018-08-20,81.2699966430664,81.8499984741211,81.1500015258789,81.3499984741211,44.44428634643555,1741700
2018-08-21,81.44000244140625,82.37000274658203,81.37999725341797,82.02999877929688,44.815792083740234,2936600
2018-08-22,81.93000030517578,81.98999786376953,81.16999816894531,81.48999786376953,44.52077865600586,2307600
2018-08-23,81.3499984741211,81.66000366210938,80.47000122070312,80.91999816894531,44.20936584472656,1846600
2018-08-24,81.3499984741211,81.70999908447266,80.95999908447266,81.68000030517578,44.624576568603516,1139000
2018-08-27,82.0,83.18000030517578,81.83999633789062,83.08999633789062,45.39490509033203,2144700
2018-08-28,83.41999816894531,83.87999725341797,83.3499984741211,83.56999969482422,45.65714645385742,2764000
2018-08-29,83.54000091552734,83.83999633789062,83.06999969482422,83.56999969482422,45.65714645385742,2092700
2018-08-30,83.27999877929688,83.4800033569336,82.70999908447266,82.83000183105469,45.25286102294922,1418500
2018-08-31,82.55000305175781,83.25,82.54000091552734,83.13999938964844,45.42222213745117,1887900
2018-09-04,83.08999633789062,83.12999725341797,81.91000366210938,82.7699966430664,45.22008514404297,2861400
2018-09-05,82.62000274658203,84.66000366210938,82.41000366210938,84.55999755859375,46.19801330566406,2506600
2018-09-06,84.55000305175781,84.91999816894531,84.20999908447266,84.66999816894531,46.258113861083984,1631200
2018-09-07,84.38999938964844,84.38999938964844,83.23999786376953,83.80999755859375,45.78826141357422,3133400
2018-09-10,84.55999755859375,85.68000030517578,84.55999755859375,85.25,46.574989318847656,2214100
2018-09-11,84.86000061035156,85.48999786376953,84.3499984741211,85.05999755859375,46.47119140625,2259900
2018-09-12,85.0999984741211,86.16999816894531,84.69000244140625,85.97000122070312,46.968353271484375,2872900
2018-09-13,86.43000030517578,87.33000183105469,86.30000305175781,86.69999694824219,47.3671760559082,2016100
2018-09-14,86.9000015258789,87.41000366210938,86.56999969482422,87.1500015258789,47.6130256652832,1544100
2018-09-17,87.16000366210938,87.63999938964844,86.8499984741211,87.12999725341797,47.60210418701172,2562800
2018-09-18,87.23999786376953,87.52999877929688,86.02999877929688,86.93000030517578,47.49283218383789,2353800
2018-09-19,87.16999816894531,88.3499984741211,86.9000015258789,88.01000213623047,48.08287811279297,1798300
2018-09-20,88.51000213623047,88.83999633789062,87.20999908447266,88.31999969482422,48.252235412597656,2787600
2018-09-21,87.70999908447266,89.45999908447266,87.30999755859375,88.5,48.350582122802734,3942700
2018-09-24,88.25,88.38999938964844,87.16999816894531,87.44999694824219,47.77692794799805,2157900
2018-09-25,87.7300033569336,87.80000305175781,86.87000274658203,87.1500015258789,47.6130256652832,2542100
2018-09-26,87.33999633789062,87.76000213623047,86.79000091552734,86.91000366210938,47.48190689086914,2315900
2018-09-27,87.33000183105469,87.33000183105469,86.55000305175781,86.76000213623047,47.39995574951172,1694100
2018-09-28,86.8499984741211,87.08999633789062,86.44999694824219,86.7300033569336,47.383575439453125,2304900
2018-10-01,87.47000122070312,87.70999908447266,86.79000091552734,87.44999694824219,47.77692794799805,1960100
2018-10-02,87.44999694824219,87.93000030517578,87.19000244140625,87.8499984741211,47.99545669555664,1903300
2018-10-03,88.2699966430664,89.0199966430664,87.38999938964844,87.72000122070312,47.924434661865234,2880600
2018-10-04,87.55999755859375,88.56999969482422,86.9800033569336,87.69999694824219,47.913509368896484,1936900
2018-10-05,87.80999755859375,88.20999908447266,86.30999755859375,86.66999816894531,47.35078430175781,2365600
2018-10-08,86.43000030517578,86.83999633789062,85.54000091552734,86.66999816894531,47.35078430175781,1750700
2018-10-09,86.45999908447266,86.73999786376953,84.75,84.93000030517578,46.40016174316406,3364500
2018-10-10,84.72000122070312,84.83999633789062,81.69000244140625,81.75,44.66281509399414,3974100
2018-10-11,81.69000244140625,82.08999633789062,79.26000213623047,79.52999877929688,43.449954986572266,3285400
2018-10-12,81.19999694824219,81.70999908447266,78.69000244140625,79.7699966430664,43.581077575683594,3586800
2018-10-15,79.80000305175781,80.04000091552734,79.04000091552734,79.16000366210938,43.24781799316406,2135700
2018-10-16,79.76000213623047,80.3499984741211,79.19999694824219,80.26000213623047,43.848785400390625,1911500
2018-10-17,80.7300033569336,80.73999786376953,78.88999938964844,79.80999755859375,43.60293197631836,1806000
2018-10-18,79.20999908447266,79.68000030517578,77.87999725341797,78.37999725341797,42.8216667175293,1952300
2018-10-19,78.22000122070312,78.72000122070312,77.08000183105469,77.29000091552734,42.22616195678711,2107500
2018-10-22,77.56999969482422,77.94000244140625,76.4800033569336,76.55999755859375,41.82733917236328,3526500
2018-10-23,74.56999969482422,74.7699966430664,73.23999786376953,73.51000213623047,40.16102981567383,4793000
2018-10-24,73.51000213623047,73.8499984741211,70.19999694824219,70.38999938964844,38.45647048950195,4325800
2018-10-25,71.2300033569336,72.79000091552734,70.8499984741211,72.19999694824219,39.44532012939453,4193500
2018-10-26,71.37000274658203,72.94999694824219,70.58000183105469,72.01000213623047,39.34152603149414,4471600
2018-10-29,73.44999694824219,73.68000030517578,69.97000122070312,71.02999877929688,38.80612564086914,3191500
2018-10-30,68.43000030517578,70.87999725341797,67.69999694824219,70.3499984741211,38.434608459472656,7647900
2018-10-31,71.36000061035156,73.12000274658203,71.1500015258789,71.66999816894531,39.15576934814453,5767100
2018-11-01,71.79000091552734,74.11000061035156,71.2699966430664,73.75,40.66663360595703,3604600
2018-11-02,74.41999816894531,74.58000183105469,72.88999938964844,73.23999786376953,40.38542175292969,3366600
2018-11-05,73.63999938964844,74.27999877929688,73.27999877929688,73.75,40.66663360595703,3648800
2018-11-06,73.56999969482422,75.3499984741211,73.5,75.27999877929688,41.510311126708984,2897900
2018-11-07,75.95999908447266,76.16000366210938,74.66999816894531,75.41999816894531,41.587493896484375,3514300
2018-11-08,75.12999725341797,75.68000030517578,73.8499984741211,74.23999786376953,40.93682861328125,4239800
2018-11-09,73.66999816894531,74.05000305175781,72.75,73.43000030517578,40.49018859863281,3027400
2018-11-12,73.5,73.61000061035156,72.4000015258789,72.51000213623047,39.982887268066406,2161200
2018-11-13,72.5199966430664,73.80000305175781,72.01000213623047,72.30999755859375,39.87260818481445,2402900
2018-11-14,72.97000122070312,73.91999816894531,71.9000015258789,72.36000061035156,39.900177001953125,2843500
2018-11-15,72.0,74.33000183105469,71.63999938964844,73.9800033569336,40.7934684753418,2648700
2018-11-16,73.63999938964844,74.52999877929688,73.43000030517578,74.23999786376953,40.93682861328125,2379900
2018-11-19,73.93000030517578,74.4800033569336,73.06999969482422,73.4800033569336,40.517765045166016,1911000
2018-11-20,72.66000366210938,73.31999969482422,72.33999633789062,72.94999694824219,40.22550582885742,2043300
2018-11-21,73.3499984741211,74.7699966430664,73.05000305175781,74.08000183105469,40.848602294921875,3035900
2018-11-23,73.37000274658203,74.81999969482422,73.37000274658203,74.08999633789062,40.85411834716797,1260600
2018-11-26,74.91000366210938,75.55999755859375,74.29000091552734,75.08999633789062,41.40553283691406,2784400
2018-11-27,74.58000183105469,75.41000366210938,74.26000213623047,75.3499984741211,41.54890060424805,2316100
2018-11-28,75.62999725341797,76.62999725341797,74.4000015258789,76.56999969482422,42.22163009643555,2207800
2018-11-29,76.30000305175781,76.69000244140625,75.58999633789062,76.01000213623047,41.9128303527832,1716400
2018-11-30,75.56999969482422,77.0,75.25,76.94000244140625,42.42564392089844,3137800
2018-12-03,78.76000213623047,79.16999816894531,77.31999969482422,78.01000213623047,43.01565170288086,2002200
2018-12-04,77.98999786376953,78.19999694824219,74.83999633789062,74.98999786376953,41.35039520263672,2632900
2018-12-06,73.5,73.5,71.16999816894531,73.29000091552734,40.41299819946289,3913000
2018-12-07,73.41999816894531,74.38999938964844,70.98999786376953,71.25,39.288108825683594,3322200
2018-12-10,71.19000244140625,71.66999816894531,69.44999694824219,71.33000183105469,39.332218170166016,2213600
2018-12-11,72.80000305175781,72.87000274658203,70.5,70.91999816894531,39.10614013671875,1597200
2018-12-12,72.0199966430664,72.4000015258789,71.06999969482422,71.11000061035156,39.21092224121094,2304300
2018-12-13,71.56999969482422,71.75,70.38999938964844,70.80000305175781,39.03997802734375,2180700
2018-12-14,70.02999877929688,71.25,69.93000030517578,70.58000183105469,38.91866683959961,2818600
2018-12-17,70.38999938964844,70.79000091552734,68.69999694824219,69.18000030517578,38.14668655395508,3079400
2018-12-18,69.87999725341797,70.13999938964844,68.30000305175781,68.87999725341797,37.981266021728516,3025700
2018-12-19,68.94000244140625,70.12000274658203,67.44999694824219,68.01000213623047,37.50153350830078,4465400
2018-12-20,67.58999633789062,68.56999969482422,66.45999908447266,67.11000061035156,37.00526428222656,3873000
2018-12-21,67.25,68.69000244140625,66.19000244140625,66.37000274658203,36.597225189208984,5798100
2018-12-24,65.94000244140625,66.2300033569336,64.56999969482422,64.86000061035156,35.76458740234375,2060700
2018-12-26,65.31999969482422,67.81999969482422,64.45999908447266,67.79000091552734,37.380226135253906,2643400
2018-12-27,66.66000366210938,68.7300033569336,66.2699966430664,68.7300033569336,37.89854431152344,3272000
2018-12-28,69.25,69.26000213623047,68.04000091552734,68.23999786376953,37.62835693359375,2190600
2018-12-31,68.5199966430664,68.83000183105469,67.9800033569336,68.66000366210938,37.859954833984375,2281300
2019-01-02,67.72000122070312,68.95999908447266,67.5999984741211,68.61000061035156,37.83238220214844,2766600
2019-01-03,68.23999786376953,68.23999786376953,66.22000122070312,66.62999725341797,36.7405891418457,2803500
2019-01-04,67.69999694824219,68.54000091552734,67.0,68.52999877929688,37.78826904296875,3801600
2019-01-07,68.75,69.62999725341797,68.16000366210938,68.7300033569336,37.89854431152344,2342300
2019-01-08,69.33000183105469,69.75,67.75,68.18000030517578,37.59527587890625,4316500
2019-01-09,68.95999908447266,69.5999984741211,68.8499984741211,69.05999755859375,38.08051681518555,3184000
2019-01-10,68.58999633789062,70.3499984741211,68.44000244140625,70.19000244140625,38.70361328125,2261300
2019-01-11,69.62999725341797,70.37000274658203,69.62999725341797,70.22000122070312,38.720157623291016,1676700
2019-01-14,69.7300033569336,70.54000091552734,69.2699966430664,70.37999725341797,38.80838394165039,1858800
2019-01-15,70.54000091552734,70.54000091552734,69.22000122070312,69.87999725341797,38.53268051147461,1814900
2019-01-16,69.80000305175781,70.36000061035156,69.7300033569336,70.0999984741211,38.65397644042969,1791900
2019-01-17,69.58000183105469,71.30999755859375,69.58000183105469,70.97000122070312,39.13372039794922,1440300
2019-01-18,71.44000244140625,72.54000091552734,71.26000213623047,71.87000274658203,39.62997817993164,2472300
2019-01-22,71.44999694824219,71.44999694824219,69.70999908447266,70.44000244140625,38.841468811035156,4081800
2019-01-23,70.54000091552734,70.80000305175781,69.55000305175781,70.1500015258789,38.68156051635742,2593400
2019-01-24,70.12999725341797,70.62999725341797,69.86000061035156,70.16000366210938,38.68707275390625,2997500
2019-01-25,71.0,71.41999816894531,70.75,71.06999969482422,39.188865661621094,2733600
2019-01-28,69.80000305175781,69.83999633789062,67.97000122070312,69.11000061035156,38.10809326171875,4635700
2019-01-29,69.8499984741211,71.25,69.44000244140625,71.11000061035156,39.21092224121094,3605200
2019-01-30,72.0,73.04000091552734,70.94999694824219,72.87999725341797,40.18690490722656,3652000
2019-01-31,75.20999908447266,76.5199966430664,74.45999908447266,76.25,42.045169830322266,6272200
2019-02-01,76.29000091552734,76.58000183105469,75.2699966430664,76.4800033569336,42.1719970703125,4160700
2019-02-04,76.7300033569336,77.1500015258789,76.01000213623047,77.0999984741211,42.51387023925781,2862300
2019-02-05,77.11000061035156,77.20999908447266,76.5,77.1500015258789,42.541439056396484,2497000
2019-02-06,76.44000244140625,77.45999908447266,76.44000244140625,76.94000244140625,42.42564392089844,2475000
2019-02-07,76.62999725341797,77.12999725341797,75.69999694824219,76.36000061035156,42.10582733154297,2465900
2019-02-08,75.86000061035156,76.08999633789062,75.12000274658203,75.83000183105469,41.813575744628906,1903400
2019-02-11,75.88999938964844,75.9800033569336,75.33000183105469,75.62999725341797,41.70329284667969,1785400
2019-02-12,76.1500015258789,76.8499984741211,76.05000305175781,76.66999816894531,42.276763916015625,2658200
2019-02-13,77.06999969482422,77.83000183105469,76.86000061035156,77.66999816894531,42.82817077636719,2120400
2019-02-14,77.13999938964844,77.83999633789062,76.68000030517578,77.19999694824219,42.569007873535156,1898600
2019-02-15,77.97000122070312,78.80999755859375,77.77999877929688,78.7300033569336,43.41267776489258,2233300
2019-02-19,78.30999755859375,79.0199966430664,78.05000305175781,78.80000305175781,43.45127487182617,2001100
2019-02-20,78.97000122070312,79.77999877929688,78.7699966430664,79.72000122070312,43.95857238769531,2320500
2019-02-21,79.62000274658203,79.80999755859375,79.13999938964844,79.69000244140625,43.9420280456543,1935200
2019-02-22,80.0,80.87000274658203,79.75,80.79000091552734,44.54859161376953,2584200
2019-02-25,81.51000213623047,81.51000213623047,80.70999908447266,80.91999816894531,44.62026596069336,2233700
2019-02-26,80.54000091552734,81.19999694824219,80.44999694824219,80.48999786376953,44.383155822753906,1560200
2019-02-27,80.37999725341797,80.68000030517578,79.69999694824219,80.63999938964844,44.46587371826172,2082700
2019-02-28,80.66000366210938,80.69000244140625,79.69999694824219,79.7699966430664,43.986141204833984,2560100
2019-03-01,81.25,81.36000061035156,79.04000091552734,80.2300033569336,44.23979187011719,4037800
2019-03-04,81.2699966430664,82.08000183105469,80.19999694824219,81.30000305175781,44.82980728149414,4052900
2019-03-05,81.1500015258789,81.44000244140625,80.68000030517578,80.80000305175781,44.554100036621094,3225500
2019-03-06,80.7300033569336,81.33999633789062,80.54000091552734,80.94999694824219,44.636802673339844,3900100
2019-03-07,80.12000274658203,80.12000274658203,78.73999786376953,79.93000030517578,44.464351654052734,2853500
2019-03-08,78.86000061035156,79.69999694824219,78.76000213623047,79.37999725341797,44.15839385986328,2249600
2019-03-11,79.19999694824219,80.37000274658203,79.1500015258789,80.30999755859375,44.67574691772461,2394200
2019-03-12,81.08999633789062,81.0999984741211,80.13999938964844,80.36000061035156,44.70356369018555,3430100
2019-03-13,80.70999908447266,81.19000244140625,80.27999877929688,80.58999633789062,44.83150100708008,2225100
2019-03-14,80.43000030517578,81.19999694824219,79.93000030517578,80.98999786376953,45.05402374267578,2476700
2019-03-15,80.94000244140625,81.41999816894531,80.43000030517578,80.58000183105469,44.82594680786133,4940000
2019-03-18,80.81999969482422,82.25,80.75,82.0999984741211,45.67150115966797,2971400
2019-03-19,82.58999633789062,82.83999633789062,81.83000183105469,82.22000122070312,45.73826217651367,2232100
2019-03-20,82.1500015258789,82.1500015258789,80.87999725341797,81.2300033569336,45.18753433227539,3261900
2019-03-21,80.80999755859375,82.30000305175781,80.77999877929688,82.01000213623047,45.62143325805664,1891200
2019-03-22,81.51000213623047,81.70999908447266,78.86000061035156,79.0199966430664,43.9581298828125,3797700
2019-03-25,79.0,79.56999969482422,78.62000274658203,78.95999908447266,43.924747467041016,2801500
2019-03-26,79.75,79.91999816894531,79.08000183105469,79.5199966430664,44.236270904541016,2062400
2019-03-27,79.54000091552734,80.05999755859375,78.94999694824219,79.37000274658203,44.152828216552734,2136200
2019-03-28,79.8499984741211,80.3499984741211,79.23999786376953,79.86000061035156,44.4254150390625,1767000
2019-03-29,80.6500015258789,80.66999816894531,80.25,80.55999755859375,44.814815521240234,2173100
2019-04-01,81.55999755859375,82.38999938964844,81.26000213623047,82.23999786376953,45.7493896484375,2124600
2019-04-02,82.48999786376953,82.94000244140625,82.12999725341797,82.63999938964844,45.971900939941406,1699200
2019-04-03,83.1500015258789,83.66999816894531,82.47000122070312,82.87000274658203,46.099853515625,2080300
2019-04-04,82.23999786376953,83.23999786376953,82.23999786376953,83.18000030517578,46.272308349609375,1917400
2019-04-05,83.29000091552734,83.68000030517578,83.0999984741211,83.25,46.311248779296875,1542900
2019-04-08,83.0,83.69000244140625,82.5199966430664,83.68000030517578,46.550453186035156,1417900
2019-04-09,83.2300033569336,83.2300033569336,82.2300033569336,82.3499984741211,45.810577392578125,1984000
2019-04-10,82.44000244140625,82.75,81.9800033569336,82.41999816894531,45.84951400756836,1407800
2019-04-11,82.73999786376953,83.18000030517578,82.5,82.9800033569336,46.161041259765625,1349700
2019-04-12,83.58999633789062,83.9000015258789,83.08000183105469,83.87999725341797,46.661712646484375,1510400
2019-04-15,83.87999725341797,84.0,83.2699966430664,83.61000061035156,46.511505126953125,876500
2019-04-16,84.0,84.23999786376953,83.55999755859375,84.1500015258789,46.8119010925293,1822000
2019-04-17,84.7300033569336,85.25,84.13999938964844,84.43000030517578,46.96767044067383,1685100
2019-04-18,84.93000030517578,85.48999786376953,84.75,85.20999908447266,47.401573181152344,1637700
2019-04-22,84.68000030517578,85.06999969482422,84.44999694824219,84.94000244140625,47.251380920410156,1222900
2019-04-23,84.80000305175781,86.08000183105469,84.7300033569336,85.58999633789062,47.61296081542969,2058900
2019-04-24,85.44000244140625,85.87000274658203,85.20999908447266,85.33999633789062,47.47389221191406,1569500
2019-04-25,84.4800033569336,84.7699966430664,83.63999938964844,83.80000305175781,46.617210388183594,1599000
2019-04-26,83.95999908447266,84.0199966430664,83.06999969482422,83.7699966430664,46.60050964355469,2454800
2019-04-29,84.19999694824219,84.47000122070312,83.55999755859375,83.98999786376953,46.72289276123047,2426500
2019-04-30,82.48999786376953,83.5199966430664,80.68000030517578,82.81999969482422,46.072044372558594,4759300
2019-05-01,83.2699966430664,84.19999694824219,81.83000183105469,81.91000366210938,45.56581497192383,3525600
2019-05-02,81.16999816894531,82.05000305175781,80.7699966430664,81.41999816894531,45.68926239013672,3072200
2019-05-03,81.81999969482422,82.81999969482422,81.79000091552734,82.80000305175781,46.46366500854492,1982200
2019-05-06,81.52999877929688,82.30000305175781,80.76000213623047,82.04000091552734,46.03718948364258,1828500
2019-05-07,80.94000244140625,81.23999786376953,80.41999816894531,81.02999877929688,45.47041320800781,2654600
2019-05-08,80.87999725341797,81.69000244140625,80.76000213623047,80.95999908447266,45.43113708496094,2822500
2019-05-09,80.16000366210938,81.08999633789062,79.83000183105469,80.95999908447266,45.43113708496094,1957800
2019-05-10,80.7699966430664,81.83000183105469,79.43000030517578,81.48999786376953,45.72854995727539,1833200
2019-05-13,79.62999725341797,79.94999694824219,78.22000122070312,78.5,44.050697326660156,2729600
2019-05-14,78.87999725341797,79.6500015258789,78.69999694824219,79.1500015258789,44.41544723510742,1853500
2019-05-15,78.66000366210938,79.86000061035156,78.41999816894531,79.54000091552734,44.634300231933594,1315300
2019-05-16,79.73999786376953,80.30999755859375,79.51000213623047,80.01000213623047,44.898040771484375,1419900
2019-05-17,79.11000061035156,79.9000015258789,78.62999725341797,78.75,44.19098663330078,1607800
2019-05-20,78.12000274658203,78.81999969482422,77.91999816894531,78.41999816894531,44.005802154541016,1332800
2019-05-21,78.97000122070312,80.1500015258789,78.91000366210938,79.91999816894531,44.8475341796875,2048100
2019-05-22,79.5199966430664,79.80999755859375,78.86000061035156,78.93000030517578,44.29198455810547,1915400
2019-05-23,78.02999877929688,78.05999755859375,76.70999908447266,77.02999877929688,43.225791931152344,2020000
2019-05-24,77.6500015258789,77.8499984741211,77.02999877929688,77.38999938964844,43.42781066894531,1661500
2019-05-28,77.36000061035156,77.55999755859375,76.12000274658203,76.19000244140625,42.754425048828125,1958100
2019-05-29,75.75,76.3499984741211,75.20999908447266,75.58999633789062,42.417728424072266,2337900
2019-05-30,75.70999908447266,76.31999969482422,75.54000091552734,75.8499984741211,42.563629150390625,1265700
2019-05-31,74.87000274658203,74.87000274658203,74.29000091552734,74.48999786376953,41.80046081542969,1840100
2019-06-03,74.56999969482422,76.01000213623047,74.41999816894531,75.37999725341797,42.29988098144531,2132100
2019-06-04,76.2699966430664,78.04000091552734,76.05999755859375,77.7699966430664,43.641048431396484,2419000
2019-06-05,78.47000122070312,78.70999908447266,77.55000305175781,78.22000122070312,43.89357376098633,1747500
2019-06-06,78.63999938964844,78.77999877929688,77.58999633789062,78.30000305175781,43.93845748901367,1626300
2019-06-07,78.91000366210938,79.4000015258789,78.70999908447266,79.08000183105469,44.376163482666016,1739400
2019-06-10,79.54000091552734,80.12000274658203,79.11000061035156,79.31999969482422,44.51084899902344,1424000
2019-06-11,80.0,80.55999755859375,79.02999877929688,79.20999908447266,44.44911575317383,1724900
2019-06-12,79.11000061035156,79.26000213623047,78.33999633789062,78.66999816894531,44.146087646484375,1328200
2019-06-13,79.2699966430664,79.4000015258789,78.62999725341797,79.29000091552734,44.49401092529297,1487100
2019-06-14,78.76000213623047,79.08000183105469,77.73999786376953,78.37000274658203,43.97774124145508,1380700
2019-06-17,78.19999694824219,78.47000122070312,77.45999908447266,77.63999938964844,43.5681037902832,1315700
2019-06-18,78.12000274658203,79.76000213623047,78.08000183105469,79.47000122070312,44.59501647949219,1732100
2019-06-19,79.7699966430664,80.2300033569336,79.4000015258789,79.94999694824219,44.86436080932617,2498600
2019-06-20,81.4000015258789,82.91999816894531,81.18000030517578,82.63999938964844,46.373878479003906,4201200
2019-06-21,82.86000061035156,83.73999786376953,82.2300033569336,83.22000122070312,46.6993408203125,4828400
2019-06-24,82.91999816894531,83.30999755859375,81.8499984741211,82.2699966430664,46.1662483215332,2754800
2019-06-25,82.37000274658203,82.66999816894531,81.94000244140625,82.08000183105469,46.059627532958984,3184200
2019-06-26,82.3499984741211,82.88999938964844,82.16000366210938,82.62999725341797,46.36826705932617,1859200
2019-06-27,82.83000183105469,83.38999938964844,81.94000244140625,82.72000122070312,46.418766021728516,2214700
2019-06-28,82.87000274658203,83.4800033569336,82.72000122070312,83.27999877929688,46.73301315307617,3083500
2019-07-01,84.55000305175781,84.69999694824219,82.9000015258789,83.18000030517578,46.676902770996094,2299900
2019-07-02,82.87999725341797,82.87999725341797,80.98999786376953,81.73999786376953,45.868831634521484,2848200
2019-07-03,81.75,82.37000274658203,81.33000183105469,82.31999969482422,46.194313049316406,1082000
2019-07-05,81.66000366210938,81.83999633789062,80.4800033569336,81.80999755859375,45.908119201660156,1322700
2019-07-08,81.22000122070312,82.22000122070312,80.86000061035156,81.26000213623047,45.599483489990234,1339000
2019-07-09,80.5999984741211,80.83000183105469,79.91000366210938,80.25,45.03271484375,3711800
2019-07-10,80.58999633789062,81.05999755859375,78.9800033569336,79.04000091552734,44.353721618652344,2177500
2019-07-11,79.29000091552734,79.33999633789062,78.23999786376953,79.1500015258789,44.41544723510742,2869200
2019-07-12,79.62000274658203,81.55000305175781,79.30000305175781,81.20999908447266,45.57142639160156,2058500
2019-07-15,81.22000122070312,81.41000366210938,80.31999969482422,80.69000244140625,45.279624938964844,1988400
2019-07-16,80.61000061035156,81.41000366210938,80.19999694824219,81.1500015258789,45.53776168823242,2163100
2019-07-17,81.05000305175781,81.13999938964844,79.31999969482422,79.3499984741211,44.527671813964844,1705900
2019-07-18,79.2699966430664,79.43000030517578,78.69999694824219,79.05999755859375,44.36494064331055,2721600
2019-07-19,79.62999725341797,80.4800033569336,79.37999725341797,79.86000061035156,44.81386184692383,2380400
2019-07-22,80.04000091552734,80.4800033569336,79.45999908447266,79.55999755859375,44.64552307128906,1699500
2019-07-23,80.12999725341797,81.87000274658203,79.6500015258789,81.80999755859375,45.908119201660156,2702600
2019-07-24,81.2300033569336,82.86000061035156,80.91000366210938,82.7300033569336,46.42437744140625,2009900
2019-07-25,82.55999755859375,82.76000213623047,81.56999969482422,81.9800033569336,46.003517150878906,2180300
2019-07-26,81.62000274658203,82.0999984741211,81.12999725341797,81.56999969482422,45.7734375,1783700
2019-07-29,81.44999694824219,81.6500015258789,80.66999816894531,81.06999969482422,45.492862701416016,2472500
2019-07-30,80.58999633789062,83.94000244140625,79.73999786376953,83.12000274658203,46.64323806762695,3136800
2019-07-31,83.08000183105469,83.37999725341797,81.33000183105469,82.19000244140625,46.12136459350586,4566400
2019-08-01,81.2300033569336,82.83999633789062,79.68000030517578,79.97000122070312,45.26662826538086,3125000
2019-08-02,79.56999969482422,80.02999877929688,78.9800033569336,79.30000305175781,44.88737869262695,2683500
2019-08-05,77.91000366210938,78.02999877929688,76.45999908447266,76.83000183105469,43.4892463684082,3098500
2019-08-06,78.27999877929688,79.08000183105469,77.0999984741211,78.88999938964844,44.65529251098633,2404300
2019-08-07,77.72000122070312,78.45999908447266,76.33000183105469,78.08999633789062,44.202457427978516,3220400
2019-08-08,78.70999908447266,80.0199966430664,78.70999908447266,79.76000213623047,45.147762298583984,1879000
2019-08-09,79.30000305175781,79.70999908447266,78.26000213623047,79.02999877929688,44.73454284667969,2388300
2019-08-12,78.55000305175781,78.83999633789062,77.7699966430664,77.94999694824219,44.12321853637695,2286200
2019-08-13,78.0199966430664,80.37000274658203,77.62000274658203,79.41000366210938,44.949642181396484,2343500
2019-08-14,77.5999984741211,77.94000244140625,74.94999694824219,75.19000244140625,42.56093215942383,5155700
2019-08-15,75.27999877929688,76.06999969482422,74.86000061035156,75.91000366210938,71.49370574951172,2479600
2019-08-16,76.37000274658203,77.68000030517578,76.30000305175781,77.31999969482422,72.8216781616211,1655200
2019-08-19,78.91000366210938,79.36000061035156,78.44000244140625,79.13999938964844,74.53577423095703,2158600
2019-08-20,79.0,79.0,77.9800033569336,78.16000366210938,73.61280059814453,1610000
2019-08-21,79.26000213623047,79.30000305175781,78.26000213623047,78.6500015258789,74.07429504394531,1483000
2019-08-22,78.9800033569336,79.08000183105469,77.7300033569336,78.37000274658203,73.81057739257812,1631500
2019-08-23,77.88999938964844,78.16999816894531,76.08999633789062,76.58999633789062,72.13414001464844,4322800
2019-08-26,77.16000366210938,77.4000015258789,76.05000305175781,76.83000183105469,72.36018371582031,1670000
2019-08-27,77.43000030517578,77.43000030517578,76.48999786376953,76.86000061035156,72.388427734375,1854000
2019-08-28,76.5,77.98999786376953,76.12000274658203,77.87000274658203,73.33966827392578,1347000
2019-08-29,78.94999694824219,79.77999877929688,78.80000305175781,79.63999938964844,75.0066909790039,1646900
2019-08-30,80.44000244140625,81.29000091552734,80.29000091552734,80.72000122070312,76.02385711669922,2715700
2019-09-03,79.5199966430664,79.5999984741211,77.62000274658203,78.48999786376953,73.92359924316406,3527600
2019-09-04,79.30000305175781,79.76000213623047,78.91999816894531,79.16999816894531,74.56403350830078,1660100
2019-09-05,80.43000030517578,82.41999816894531,80.27999877929688,81.94999694824219,77.18228912353516,2243600
2019-09-06,81.9800033569336,83.48999786376953,81.70999908447266,83.25,78.40668487548828,1983900
2019-09-09,83.81999969482422,84.93000030517578,83.48999786376953,84.8499984741211,79.91358947753906,2055200
2019-09-10,85.0,86.86000061035156,85.0,86.83999633789062,81.78780364990234,3290300
2019-09-11,86.88999938964844,88.06999969482422,85.81999969482422,88.02999877929688,82.90858459472656,1999300
2019-09-12,88.01000213623047,88.0999984741211,86.69999694824219,87.30000305175781,82.22106170654297,2330300
2019-09-13,87.91000366210938,89.06999969482422,87.13999938964844,87.47000122070312,82.38116455078125,3175600
2019-09-16,86.97000122070312,86.98999786376953,85.86000061035156,86.45999908447266,81.42992401123047,1563400
2019-09-17,85.54000091552734,86.20999908447266,85.05000305175781,86.0999984741211,81.09085845947266,1500900
2019-09-18,85.43000030517578,85.86000061035156,84.05000305175781,84.9800033569336,80.03602600097656,2518800
2019-09-19,85.33999633789062,85.72000122070312,84.37999725341797,84.51000213623047,79.5933609008789,1835700
2019-09-20,84.80000305175781,85.30999755859375,83.48999786376953,83.56999969482422,78.70803833007812,3040700
2019-09-23,82.97000122070312,84.43000030517578,82.70999908447266,83.91000366210938,79.02827453613281,2207600
2019-09-24,84.13999938964844,84.29000091552734,81.80000305175781,82.31999969482422,77.5307846069336,2784500
2019-09-25,82.04000091552734,83.18000030517578,81.80000305175781,82.66999816894531,77.86042022705078,2382600
2019-09-26,82.62999725341797,82.83000183105469,82.0,82.48999786376953,77.69088745117188,1900800
2019-09-27,82.88999938964844,83.29000091552734,81.77999877929688,83.01000213623047,78.18062591552734,1503800
2019-09-30,83.3499984741211,83.55999755859375,82.7699966430664,83.1500015258789,78.31248474121094,1749300
2019-10-01,83.91999816894531,84.05000305175781,80.41000366210938,80.80000305175781,76.09920501708984,1806500
2019-10-02,79.68000030517578,79.68000030517578,76.86000061035156,77.76000213623047,73.236083984375,2757700
2019-10-03,77.56999969482422,78.6500015258789,76.43000030517578,78.47000122070312,73.90475463867188,1550000
2019-10-04,78.54000091552734,79.41999816894531,78.43000030517578,79.31999969482422,74.705322265625,1500600
2019-10-07,79.12999725341797,79.55000305175781,78.08999633789062,78.30000305175781,73.74465942382812,1929500
2019-10-08,77.37999725341797,77.38999938964844,76.19999694824219,76.25,71.81391906738281,1756800
2019-10-09,76.69000244140625,77.66999816894531,76.11000061035156,77.38999938964844,72.8875961303711,2219000
2019-10-10,77.6500015258789,79.19999694824219,77.5,78.5999984741211,74.02719116210938,1888500
2019-10-11,80.22000122070312,82.80999755859375,80.0999984741211,81.36000061035156,76.62663269042969,2704700
2019-10-14,80.91000366210938,81.2699966430664,80.4000015258789,80.86000061035156,76.15572357177734,1591700
2019-10-15,80.87999725341797,82.48999786376953,80.0999984741211,82.12000274658203,77.34242248535156,1915700
2019-10-16,80.80999755859375,82.87000274658203,80.80999755859375,81.06999969482422,76.35350036621094,2590600
2019-10-17,81.80000305175781,82.5199966430664,81.04000091552734,81.41000366210938,76.67372131347656,4678300
2019-10-18,81.47000122070312,82.91000366210938,81.38999938964844,82.55999755859375,77.7568130493164,1981800
2019-10-21,83.0,84.04000091552734,82.97000122070312,83.5,78.64212036132812,1869500
2019-10-22,83.70999908447266,85.16000366210938,83.18000030517578,84.72000122070312,79.79115295410156,1617000
2019-10-23,84.75,84.91999816894531,84.0199966430664,84.66000366210938,79.7346420288086,1542800
2019-10-24,84.98999786376953,85.16999816894531,83.87000274658203,84.25,79.34850311279297,1546900
2019-10-25,84.8499984741211,85.91000366210938,84.2699966430664,85.62000274658203,80.6387939453125,2083400
2019-10-28,86.4800033569336,87.62999725341797,86.4800033569336,87.22000122070312,82.14570617675781,3246400
2019-10-29,86.48999786376953,89.44999694824219,85.62999725341797,88.95999908447266,83.78446960449219,3551800
2019-10-30,88.9800033569336,88.9800033569336,87.22000122070312,88.25,83.11577606201172,2327000
2019-10-31,87.41000366210938,87.54000091552734,85.93000030517578,87.11000061035156,82.70751190185547,1953400
2019-11-01,87.61000061035156,88.63999938964844,86.88999938964844,88.61000061035156,84.13169860839844,2250100
2019-11-04,89.5,91.19999694824219,89.19000244140625,91.16000366210938,86.55282592773438,2523100
2019-11-05,90.87000274658203,91.6500015258789,89.88999938964844,90.63999938964844,86.05909729003906,2242100
2019-11-06,90.75,91.22000122070312,90.01000213623047,91.19999694824219,86.59080505371094,2097400
2019-11-07,91.88999938964844,92.1500015258789,90.68000030517578,90.9000015258789,86.30596160888672,1885900
2019-11-08,90.66999816894531,92.37000274658203,90.45999908447266,92.22000122070312,87.55925750732422,1981000
2019-11-11,90.9800033569336,92.0,90.9800033569336,91.87999725341797,87.23643493652344,1110000
2019-11-12,91.5999984741211,92.95999908447266,91.54000091552734,92.3499984741211,87.68267822265625,3600200
2019-11-13,91.4800033569336,91.8499984741211,90.56999969482422,90.77999877929688,86.19203186035156,2115900
2019-11-14,90.61000061035156,91.18000030517578,90.48999786376953,90.88999938964844,86.29647827148438,1166800
2019-11-15,91.69999694824219,92.16000366210938,91.36000061035156,91.79000091552734,87.15099334716797,1914000
2019-11-18,90.91000366210938,91.66999816894531,90.19999694824219,90.7300033569336,86.14456176757812,2306800
2019-11-19,90.7300033569336,90.86000061035156,89.87000274658203,90.20999908447266,85.65084838867188,2873800
2019-11-20,89.9000015258789,90.2300033569336,89.1500015258789,89.81999969482422,85.28055572509766,1855700
2019-11-21,89.9800033569336,90.19000244140625,89.36000061035156,90.16000366210938,85.60336303710938,1609900
2019-11-22,90.68000030517578,91.06999969482422,90.25,90.73999786376953,86.154052734375,1652300
2019-11-25,91.37000274658203,92.52999877929688,90.70999908447266,92.1500015258789,87.49279022216797,3961100
2019-11-26,91.95999908447266,92.7699966430664,91.69999694824219,92.69999694824219,88.0149917602539,2510300
2019-11-27,92.66999816894531,93.12000274658203,91.83999633789062,93.0,88.2998275756836,1477500
2019-11-29,92.97000122070312,92.97000122070312,92.29000091552734,92.5,87.82511138916016,1032400
2019-12-02,92.9800033569336,93.37999725341797,91.94000244140625,91.9800033569336,87.33139038085938,2387800
2019-12-03,90.95999908447266,91.79000091552734,90.3499984741211,91.4000015258789,86.78070068359375,2899100
2019-12-04,90.86000061035156,92.63999938964844,90.86000061035156,91.12000274658203,86.51483917236328,2832600
2019-12-05,91.91999816894531,91.9800033569336,90.93000030517578,91.86000061035156,87.21745300292969,2982800
2019-12-06,93.33999633789062,93.76000213623047,92.56999969482422,93.08000183105469,88.37579345703125,1562300
2019-12-09,92.91000366210938,93.05000305175781,92.51000213623047,92.76000213623047,88.07196807861328,3366900
2019-12-10,92.76000213623047,93.37000274658203,92.18000030517578,92.68000030517578,87.99600219726562,1574100
2019-12-11,93.08999633789062,93.5,92.16000366210938,93.38999938964844,88.67011260986328,2135000
2019-12-12,93.5,94.63999938964844,93.06999969482422,94.44999694824219,89.67654418945312,2735100
2019-12-13,94.19000244140625,94.95999908447266,93.20999908447266,93.5999984741211,88.86951446533203,1844900
2019-12-16,94.05000305175781,94.83000183105469,93.9000015258789,94.08000183105469,89.32524871826172,1891500
2019-12-17,94.66999816894531,94.95999908447266,94.1500015258789,94.2300033569336,89.46766662597656,1693600
2019-12-18,94.20999908447266,94.4800033569336,93.44000244140625,94.43000030517578,89.65756225585938,2008400
2019-12-19,94.5199966430664,94.75,93.87000274658203,94.23999786376953,89.47715759277344,3015800
2019-12-20,94.98999786376953,95.45999908447266,94.08000183105469,94.4000015258789,89.62908935546875,5245700
2019-12-23,94.72000122070312,95.27999877929688,94.16000366210938,95.12999725341797,90.32218170166016,2332400
2019-12-24,95.36000061035156,95.36000061035156,94.30000305175781,94.4800033569336,89.70503997802734,664200
2019-12-26,94.66000366210938,95.05000305175781,94.26000213623047,95.04000091552734,90.23673248291016,1264600
2019-12-27,95.33999633789062,95.38999938964844,94.83000183105469,94.98999786376953,90.18925476074219,1004300
2019-12-30,94.94999694824219,95.4800033569336,94.55999755859375,94.93000030517578,90.1323013305664,1451900
2019-12-31,94.77999877929688,95.29000091552734,94.41000366210938,94.72000122070312,89.93289947509766,1461800
2020-01-02,95.23999786376953,95.87999725341797,94.23999786376953,95.87000274658203,91.02478790283203,2380800
2020-01-03,94.2300033569336,95.23999786376953,93.70999908447266,95.16000366210938,90.35067749023438,1557900
2020-01-06,94.54000091552734,95.43000030517578,94.2699966430664,95.33999633789062,90.52157592773438,3665200
2020-01-07,94.16000366210938,95.0,94.01000213623047,94.83999633789062,90.04683685302734,2631000
2020-01-08,94.83999633789062,95.55999755859375,94.6500015258789,95.12999725341797,90.32218170166016,2480500
2020-01-09,95.61000061035156,95.63999938964844,94.81999969482422,95.19000244140625,90.37915802001953,2736900
2020-01-10,95.5199966430664,95.61000061035156,94.69999694824219,94.9800033569336,90.17977142333984,2213000
2020-01-13,94.62999725341797,95.02999877929688,94.25,94.86000061035156,90.06582641601562,1638300
2020-01-14,95.05000305175781,95.19000244140625,93.98999786376953,94.0999984741211,89.34424591064453,2349900
2020-01-15,93.55000305175781,94.29000091552734,93.33999633789062,93.9000015258789,89.15436553955078,2653200
2020-01-16,94.70999908447266,94.83999633789062,93.9800033569336,94.81999969482422,90.02786254882812,1677000
2020-01-17,94.79000091552734,95.94999694824219,94.62000274658203,95.68000030517578,90.84439086914062,2978600
2020-01-21,95.3499984741211,95.48999786376953,94.31999969482422,94.5199966430664,89.7430191040039,3505200
2020-01-22,98.31999969482422,99.81999969482422,96.58999633789062,97.16000366210938,92.24960327148438,5604100
2020-01-23,96.33000183105469,97.97000122070312,95.41000366210938,97.9000015258789,92.95218658447266,3081300
2020-01-24,98.26000213623047,98.30999755859375,96.43000030517578,96.83999633789062,91.94575500488281,2626000
2020-01-27,94.86000061035156,95.1500015258789,93.95999908447266,94.63999938964844,89.85694885253906,2194200
2020-01-28,94.83999633789062,97.0199966430664,94.68000030517578,96.2699966430664,91.4045639038086,3394200
2020-01-29,96.87000274658203,97.4800033569336,96.12000274658203,96.87000274658203,91.97425079345703,2108100
2020-01-30,95.62000274658203,97.41000366210938,95.48999786376953,97.2300033569336,92.31605529785156,2680500
2020-01-31,96.37999725341797,96.86000061035156,94.02999877929688,94.47000122070312,89.6955337524414,4701800
2020-02-03,95.05999755859375,96.80999755859375,94.94999694824219,95.48999786376953,90.66398620605469,2745100
2020-02-04,97.97000122070312,101.54000091552734,97.86000061035156,100.91000366210938,95.81006622314453,4735400
2020-02-05,102.31999969482422,103.20999908447266,101.68000030517578,102.33999633789062,97.16779327392578,3339400
2020-02-06,103.5,103.5,101.86000061035156,102.4800033569336,97.30072784423828,2507900
2020-02-07,101.9000015258789,102.94000244140625,101.12999725341797,101.95999908447266,96.8070068359375,3064000
2020-02-10,101.83999633789062,102.93000030517578,101.5,102.91000366210938,97.7090072631836,2039600
2020-02-11,103.41999816894531,104.38999938964844,103.01000213623047,103.52999877929688,98.29766082763672,2481300
2020-02-12,104.5,104.97000122070312,103.80000305175781,104.02999877929688,98.77239227294922,2006200
2020-02-13,103.41000366210938,103.9800033569336,102.81999969482422,102.88999938964844,97.69000244140625,2059500
2020-02-14,102.95999908447266,103.5999984741211,102.51000213623047,103.55000305175781,98.31665802001953,1991900
2020-02-18,104.02999877929688,104.63999938964844,103.5199966430664,104.47000122070312,99.19014739990234,2298400
2020-02-19,104.5,104.9800033569336,104.16000366210938,104.30999755859375,99.0382308959961,1873100
2020-02-20,104.26000213623047,105.77999877929688,104.0999984741211,105.0999984741211,99.7883071899414,1755700
2020-02-21,104.2300033569336,105.13999938964844,103.80999755859375,104.93000030517578,99.62689971923828,2465700
2020-02-24,101.66999816894531,102.6500015258789,101.12000274658203,101.6500015258789,96.5126724243164,4177700
2020-02-25,101.94999694824219,102.45999908447266,98.0999984741211,98.20999908447266,93.24653625488281,4140900
2020-02-26,98.88999938964844,99.73999786376953,96.58000183105469,96.58000183105469,91.69891357421875,4108600
2020-02-27,94.33999633789062,96.62999725341797,92.62999725341797,93.23999786376953,88.52771759033203,5546400
2020-02-28,90.81999969482422,92.0999984741211,89.08000183105469,90.72000122070312,86.13506317138672,6789600
2020-03-02,91.5,95.75,91.01000213623047,95.68000030517578,90.84439086914062,5188800
2020-03-03,96.2699966430664,99.26000213623047,92.48999786376953,92.8499984741211,88.15742492675781,5114600
2020-03-04,94.70999908447266,98.19999694824219,94.43000030517578,98.12000274658203,93.16107177734375,4269000
2020-03-05,94.91999816894531,96.4000015258789,93.31999969482422,93.66000366210938,88.92647552490234,3980400
2020-03-06,90.30999755859375,93.93000030517578,90.08000183105469,92.7699966430664,88.08145904541016,4760000
2020-03-09,85.08999633789062,86.47000122070312,78.0,83.12999725341797,78.92865753173828,5205800
2020-03-10,86.2300033569336,89.5199966430664,84.62999725341797,89.05999755859375,84.5589599609375,4974000
2020-03-11,86.41000366210938,87.5,83.11000061035156,84.37000274658203,80.10599517822266,4422800
2020-03-12,78.25,80.48999786376953,75.01000213623047,75.91999816894531,72.7121810913086,5814900
2020-03-13,80.81999969482422,87.04000091552734,78.19000244140625,85.55999755859375,81.94486236572266,5711900
2020-03-16,75.80999755859375,81.27999877929688,74.87000274658203,75.31999969482422,72.13753509521484,4825300
2020-03-17,76.9000015258789,77.9800033569336,70.27999877929688,73.73999786376953,70.62429809570312,5774000
2020-03-18,68.12999725341797,69.44000244140625,58.720001220703125,68.81999969482422,65.91217803955078,5784500
2020-03-19,67.5199966430664,72.68000030517578,62.099998474121094,72.44999694824219,69.38878631591797,4599000
2020-03-20,73.86000061035156,73.86000061035156,64.47000122070312,64.93000030517578,62.18654251098633,4540900
2020-03-23,63.83000183105469,64.30999755859375,56.41999816894531,57.77000045776367,55.32905960083008,6096900
2020-03-24,61.63999938964844,72.41000366210938,61.16999816894531,71.20999908447266,68.20118713378906,5155900
2020-03-25,72.08999633789062,79.30999755859375,69.41000366210938,74.5999984741211,71.44795989990234,5259100
2020-03-26,76.29000091552734,78.95999908447266,73.81999969482422,78.25,74.9437255859375,3073400
2020-03-27,73.02999877929688,76.51000213623047,71.91999816894531,74.54000091552734,71.39048767089844,2621400
2020-03-30,74.41999816894531,78.70999908447266,74.0,78.31999969482422,75.01077270507812,2873400
2020-03-31,77.66999816894531,79.04000091552734,75.87000274658203,77.69000244140625,74.40739440917969,5641200
2020-04-01,72.56999969482422,74.04000091552734,71.12999725341797,73.13999938964844,70.04964447021484,3769700
2020-04-02,72.44000244140625,75.08999633789062,71.58000183105469,73.58999633789062,70.48062896728516,3162500
2020-04-03,74.12000274658203,74.12000274658203,70.33999633789062,71.25,68.23950958251953,2606700
2020-04-06,75.20999908447266,77.88999938964844,75.12999725341797,77.4000015258789,74.12965393066406,3109300
2020-04-07,81.16999816894531,82.25,75.94000244140625,76.16000366210938,72.94204711914062,3372100
2020-04-08,77.23999786376953,80.69999694824219,76.12999725341797,80.13999938964844,76.75387573242188,3272800
2020-04-09,80.69000244140625,84.83999633789062,80.5,81.44000244140625,77.99895477294922,4472100
2020-04-13,79.4000015258789,79.93000030517578,76.73999786376953,78.38999938964844,75.07781219482422,2238200
2020-04-14,80.51000213623047,81.23999786376953,78.68000030517578,79.83999633789062,76.466552734375,1943400
2020-04-15,77.76000213623047,78.01000213623047,75.38999938964844,75.73999786376953,72.53978729248047,2040500
2020-04-16,75.5999984741211,76.23999786376953,74.3499984741211,75.81999969482422,72.61640930175781,2961000
2020-04-17,78.58000183105469,80.87999725341797,78.12000274658203,79.26000213623047,75.91105651855469,2450900
2020-04-20,77.52999877929688,79.44999694824219,76.70999908447266,77.88999938964844,74.59893798828125,2181200
2020-04-21,76.70999908447266,77.86000061035156,75.80000305175781,76.91000366210938,73.66035461425781,2400300
2020-04-22,78.91999816894531,79.68000030517578,77.5,77.6500015258789,74.36908721923828,2639300
2020-04-23,78.77999877929688,80.29000091552734,78.02999877929688,78.1500015258789,74.84796142578125,2289100
2020-04-24,78.9800033569336,79.37999725341797,77.69999694824219,78.86000061035156,75.5279541015625,2083600
2020-04-27,79.29000091552734,83.2300033569336,79.29000091552734,82.54000091552734,79.0524673461914,1992300
2020-04-28,84.52999877929688,85.44999694824219,82.62999725341797,83.0999984741211,79.58880615234375,2249200
2020-04-29,84.98999786376953,86.7699966430664,84.30000305175781,85.77999877929688,82.15557098388672,2563300
2020-04-30,85.30999755859375,85.48999786376953,82.66999816894531,83.5,79.97190856933594,3597600
2020-05-01,82.0,82.88999938964844,79.87000274658203,82.06999969482422,78.60233306884766,2505800
2020-05-04,80.47000122070312,81.13999938964844,78.0999984741211,79.31999969482422,75.9685287475586,2839900
2020-05-05,81.05000305175781,82.36000061035156,80.5,80.80000305175781,77.385986328125,2260100
2020-05-06,80.7699966430664,81.6500015258789,79.91999816894531,79.91999816894531,76.54317474365234,1825500
2020-05-07,81.26000213623047,81.56999969482422,79.87000274658203,80.26000213623047,76.86881256103516,2219300
2020-05-08,81.5,82.4000015258789,81.08999633789062,82.25,78.77472686767578,1555100
2020-05-11,81.44000244140625,81.79000091552734,80.19000244140625,81.08000183105469,77.65415954589844,1786800
2020-05-12,81.47000122070312,82.08999633789062,77.2699966430664,77.45999908447266,74.1871109008789,1996200
2020-05-13,76.43000030517578,76.5999984741211,73.05999755859375,73.87000274658203,71.4218978881836,2336600
2020-05-14,71.91000366210938,74.98999786376953,70.54000091552734,74.91000366210938,72.42742919921875,2734000
2020-05-15,74.22000122070312,75.22000122070312,73.12000274658203,73.70999908447266,71.26719665527344,2661200
2020-05-18,77.0,79.0,76.63999938964844,78.2699966430664,75.67607879638672,1916500
2020-05-19,77.7699966430664,78.45999908447266,76.26000213623047,76.33999633789062,73.8100357055664,2356200
2020-05-20,77.68000030517578,78.62000274658203,76.55999755859375,77.93000030517578,75.34735107421875,1905100
2020-05-21,77.63999938964844,78.66999816894531,77.47000122070312,78.29000091552734,75.69541931152344,2130100
2020-05-22,78.41000366210938,78.76000213623047,77.05999755859375,78.66999816894531,76.06282043457031,1784400
2020-05-26,80.2300033569336,82.44999694824219,80.16999816894531,81.91999816894531,79.20511627197266,2683100
2020-05-27,84.27999877929688,86.47000122070312,83.91000366210938,86.27999877929688,83.42062377929688,3190800
2020-05-28,86.95999908447266,87.0999984741211,84.63999938964844,85.12999725341797,82.3087387084961,3491100
2020-05-29,84.30999755859375,85.16000366210938,83.05999755859375,84.9000015258789,82.08634948730469,3361600
2020-06-01,84.66999816894531,85.36000061035156,84.18000030517578,84.66000366210938,81.85431671142578,1584000
2020-06-02,85.13999938964844,85.62000274658203,84.23999786376953,85.62000274658203,82.78250122070312,1741300
2020-06-03,86.9000015258789,89.55000305175781,86.6500015258789,89.33000183105469,86.3695297241211,1819500
2020-06-04,88.47000122070312,92.04000091552734,87.94000244140625,91.98999786376953,88.9413833618164,3069600
2020-06-05,96.58999633789062,98.45999908447266,95.16000366210938,95.43000030517578,92.26738739013672,3398100
2020-06-08,94.76000213623047,96.30999755859375,94.66000366210938,95.66999816894531,92.49942016601562,2574200
2020-06-09,93.87000274658203,96.48999786376953,93.25,95.41999816894531,92.25770568847656,2260600
2020-06-10,95.0,95.41999816894531,91.9800033569336,91.9800033569336,88.93171691894531,2023600
2020-06-11,88.16000366210938,88.41999816894531,84.97000122070312,85.12999725341797,82.3087387084961,2069800
2020-06-12,88.44999694824219,88.66000366210938,83.94999694824219,86.01000213623047,83.1595687866211,1788100
2020-06-15,83.33000183105469,87.86000061035156,82.9800033569336,86.69000244140625,83.81703186035156,2651500
2020-06-16,90.01000213623047,90.97000122070312,87.25,88.94000244140625,85.99246978759766,2000300
2020-06-17,89.62999725341797,89.62999725341797,87.66000366210938,88.83999633789062,85.8957748413086,2027500
2020-06-18,88.0999984741211,88.83000183105469,87.16000366210938,87.52999877929688,84.62918853759766,1932000
2020-06-19,89.4800033569336,89.4800033569336,86.80000305175781,89.33999633789062,86.37919616699219,6552500
2020-06-22,88.75,88.75,86.43000030517578,87.08000183105469,84.19410705566406,2600300
2020-06-23,88.0,88.20999908447266,87.08999633789062,87.12000274658203,84.23277282714844,1841400
2020-06-24,86.30999755859375,86.44999694824219,83.87999725341797,84.01000213623047,81.22586059570312,2500900
2020-06-25,83.56999969482422,85.63999938964844,82.44000244140625,85.47000122070312,82.6374740600586,2502000
2020-06-26,85.23999786376953,85.95999908447266,84.66999816894531,85.5,82.66646575927734,3696000
2020-06-29,86.33999633789062,87.73999786376953,85.75,86.91000366210938,84.02973937988281,1690800
2020-06-30,86.47000122070312,87.93000030517578,86.12000274658203,87.4800033569336,84.58085632324219,1910100
2020-07-01,87.91000366210938,88.30000305175781,86.54000091552734,87.0999984741211,84.21344757080078,2183200
2020-07-02,88.72000122070312,89.9800033569336,88.08999633789062,88.23999786376953,85.31566619873047,1587700
2020-07-06,89.81999969482422,90.1500015258789,88.19999694824219,88.87999725341797,85.9344482421875,1516400
2020-07-07,88.37000274658203,88.58000183105469,87.12000274658203,87.4000015258789,84.50350189208984,1499500
2020-07-08,87.62000274658203,88.37999725341797,86.54000091552734,87.33999633789062,84.44548797607422,1561800
2020-07-09,87.0999984741211,87.5199966430664,85.05000305175781,85.63999938964844,82.80182647705078,2132400
2020-07-10,85.86000061035156,86.5,84.87000274658203,86.44000244140625,83.5753173828125,1380100
2020-07-13,87.01000213623047,89.16999816894531,86.62999725341797,87.43000030517578,84.53250885009766,1557000
2020-07-14,87.5199966430664,90.9800033569336,86.75,90.66999816894531,87.66512298583984,2221700
2020-07-15,92.30000305175781,93.83999633789062,91.26000213623047,93.4000015258789,90.30464935302734,2711500
2020-07-16,92.94000244140625,94.73999786376953,92.55000305175781,93.55999755859375,90.4593505859375,1397100
2020-07-17,94.13999938964844,95.25,93.62999725341797,94.56999969482422,91.43587493896484,1791700
2020-07-20,94.05000305175781,94.16000366210938,92.43000030517578,92.77999877929688,89.7052001953125,1419200
2020-07-21,93.4000015258789,94.5999984741211,93.0,93.55999755859375,90.4593505859375,1303400
2020-07-22,93.16000366210938,94.41999816894531,93.12000274658203,93.97000122070312,90.85576629638672,903700
2020-07-23,94.02999877929688,94.33999633789062,93.37999725341797,93.83000183105469,90.72040557861328,1200200
2020-07-24,93.97000122070312,94.5,93.05000305175781,93.61000061035156,90.5076904296875,1004100
2020-07-27,93.37999725341797,95.4000015258789,92.58999633789062,95.2300033569336,92.07401275634766,1265100
2020-07-28,94.76000213623047,95.18000030517578,93.30000305175781,93.33999633789062,90.24665069580078,1374000
2020-07-29,95.55000305175781,97.52999877929688,93.83999633789062,96.88999938964844,93.67899322509766,1964100
2020-07-30,95.30000305175781,95.30000305175781,93.38999938964844,94.45999908447266,91.32952117919922,1396200
2020-07-31,94.13999938964844,94.16999816894531,91.72000122070312,93.12999725341797,90.0436019897461,1664100
2020-08-03,93.81999969482422,95.48999786376953,93.26000213623047,94.87000274658203,91.72594451904297,1278500
2020-08-04,94.19000244140625,94.80000305175781,93.26000213623047,94.6500015258789,91.51322174072266,945600
2020-08-05,95.43000030517578,96.80000305175781,95.30000305175781,96.33999633789062,93.147216796875,1355100
2020-08-06,96.16999816894531,96.7699966430664,95.54000091552734,96.51000213623047,93.31159973144531,960700
2020-08-07,96.70999908447266,97.8499984741211,95.95999908447266,97.76000213623047,94.5201644897461,1139900
2020-08-10,97.91999816894531,99.95999908447266,97.58000183105469,99.76000213623047,96.45388793945312,1574300
2020-08-11,100.27999877929688,103.7300033569336,100.27999877929688,102.18000030517578,98.7936782836914,2442800
2020-08-12,103.43000030517578,103.44999694824219,102.11000061035156,102.55000305175781,99.15141296386719,2671200
2020-08-13,101.11000061035156,101.91999816894531,100.61000061035156,101.43000030517578,98.77163696289062,1803200
2020-08-14,100.4800033569336,101.83999633789062,100.3499984741211,100.88999938964844,98.24578857421875,1192200
2020-08-17,101.2699966430664,102.19999694824219,100.30999755859375,100.9000015258789,98.25553131103516,1513100
2020-08-18,100.69000244140625,101.37000274658203,100.05000305175781,100.70999908447266,98.07051086425781,1205300
2020-08-19,100.33999633789062,101.51000213623047,99.52999877929688,100.4800033569336,97.84654235839844,1365700
2020-08-20,99.33999633789062,100.19000244140625,99.05999755859375,99.47000122070312,96.86300659179688,1209700
2020-08-21,99.58000183105469,101.19000244140625,99.31999969482422,100.58999633789062,97.95365142822266,1658100
2020-08-24,101.38999938964844,102.88999938964844,100.76000213623047,102.87999725341797,100.18363952636719,1595800
2020-08-25,103.5999984741211,103.81999969482422,101.81999969482422,102.81999969482422,100.12519836425781,1250100
2020-08-26,102.44000244140625,102.81999969482422,101.31999969482422,102.4000015258789,99.71621704101562,1127400
2020-08-27,102.87999725341797,103.26000213623047,101.47000122070312,102.08999633789062,99.4143295288086,948000
2020-08-28,102.48999786376953,103.56999969482422,101.51000213623047,103.51000213623047,100.79712677001953,1049600
2020-08-31,103.06999969482422,103.5,101.76000213623047,102.0999984741211,99.42407989501953,1690100
2020-09-01,101.75,103.5199966430664,101.31999969482422,103.43000030517578,100.71922302246094,1256900
2020-09-02,103.5,106.06999969482422,103.08999633789062,105.56999969482422,102.80313110351562,1393800
2020-09-03,105.5,105.83999633789062,101.5,102.1500015258789,99.4727783203125,3002800
2020-09-04,103.87000274658203,104.55000305175781,101.80999755859375,102.58000183105469,99.8915023803711,1545500
2020-09-08,101.58999633789062,102.18000030517578,99.87000274658203,100.4800033569336,97.84654235839844,1450900
2020-09-09,101.76000213623047,103.69999694824219,101.19999694824219,102.55999755859375,99.87201690673828,1346300
2020-09-10,103.0,103.9800033569336,100.63999938964844,101.0,98.35291290283203,1299300
2020-09-11,101.66000366210938,103.41000366210938,101.08000183105469,102.5199966430664,99.83306884765625,1049900
2020-09-14,103.30999755859375,103.91999816894531,102.62999725341797,103.18000030517578,100.47576904296875,1686200
2020-09-15,103.88999938964844,104.55999755859375,102.79000091552734,102.87999725341797,100.18363952636719,1490000
2020-09-16,103.68000030517578,105.38999938964844,103.0,104.38999938964844,101.654052734375,1896900
2020-09-17,103.30999755859375,105.47000122070312,102.08999633789062,105.01000213623047,102.2578125,1384800
2020-09-18,104.7699966430664,105.88999938964844,103.08000183105469,103.4000015258789,100.69001770019531,2613100
2020-09-21,101.06999969482422,101.5199966430664,96.23999786376953,97.37999725341797,94.8277816772461,2353600
2020-09-22,97.56999969482422,99.55999755859375,97.0199966430664,99.30999755859375,96.70719909667969,1730400
2020-09-23,99.19000244140625,101.05000305175781,98.68000030517578,98.77999877929688,96.19110107421875,1981000
2020-09-24,98.4800033569336,100.7699966430664,98.05000305175781,99.6500015258789,97.03829956054688,1859500
2020-09-25,98.51000213623047,100.75,98.4000015258789,99.95999908447266,97.34016418457031,1605300
2020-09-28,101.52999877929688,103.5199966430664,101.19999694824219,102.33999633789062,99.65778350830078,1599700
2020-09-29,102.48999786376953,102.48999786376953,100.87000274658203,101.18000030517578,98.52818298339844,1064300
2020-09-30,101.70999908447266,103.6500015258789,100.94999694824219,102.02999877929688,99.35591125488281,1664800
2020-10-01,102.70999908447266,103.20999908447266,99.66000366210938,100.58999633789062,97.95365142822266,1355800
2020-10-02,99.12999725341797,104.20999908447266,98.98999786376953,102.6500015258789,99.95966339111328,1923900
2020-10-05,103.87999725341797,105.47000122070312,103.5999984741211,105.08999633789062,102.33570861816406,1467400
2020-10-06,105.30999755859375,106.79000091552734,104.33000183105469,104.44000244140625,101.70275115966797,1330600
2020-10-07,105.79000091552734,107.12999725341797,105.45999908447266,106.94999694824219,104.14695739746094,1481600
2020-10-08,107.29000091552734,107.91999816894531,106.2300033569336,107.4800033569336,104.6630859375,1009200
2020-10-09,108.45999908447266,109.19999694824219,107.30000305175781,107.52999877929688,104.71176147460938,1512400
2020-10-12,108.61000061035156,109.62999725341797,108.0,108.20999908447266,105.37393951416016,1196300
2020-10-13,107.69000244140625,108.52999877929688,106.87000274658203,107.5999984741211,104.7799301147461,1547900
2020-10-14,107.88999938964844,109.45999908447266,107.66000366210938,108.19000244140625,105.35446166992188,826500
2020-10-15,106.97000122070312,108.69999694824219,106.63999938964844,108.62999725341797,105.78292846679688,955600
2020-10-16,109.36000061035156,111.19000244140625,108.80999755859375,109.26000213623047,106.39642333984375,1520200
2020-10-19,109.45999908447266,109.86000061035156,107.33000183105469,107.88999938964844,105.06233215332031,1207700
2020-10-20,108.5999984741211,110.6500015258789,108.12000274658203,108.73999786376953,105.89005279541016,1069800
2020-10-21,108.30999755859375,110.05999755859375,108.23999786376953,108.27999877929688,105.44210815429688,985600
2020-10-22,108.73999786376953,110.44999694824219,108.73999786376953,109.87999725341797,107.00016784667969,1199700
2020-10-23,110.80000305175781,111.6500015258789,109.69999694824219,109.80999755859375,106.9320068359375,1088600
2020-10-26,108.25,108.70999908447266,105.7699966430664,107.41999816894531,104.60464477539062,1330100
2020-10-27,107.43000030517578,107.70999908447266,105.18000030517578,105.41999816894531,102.65706634521484,943200
2020-10-28,103.13999938964844,104.91000366210938,101.83999633789062,102.30999755859375,99.62857055664062,1446600
2020-10-29,101.79000091552734,105.1500015258789,101.5199966430664,104.22000122070312,101.48851776123047,1148400
2020-10-30,103.86000061035156,104.68000030517578,102.27999877929688,103.79000091552734,101.06977844238281,1494400
2020-11-02,105.76000213623047,107.70999908447266,105.25,107.33999633789062,104.52674102783203,2226900
2020-11-03,109.26000213623047,111.98999786376953,106.91999816894531,111.25,108.33425903320312,2345000
2020-11-04,110.19999694824219,110.19999694824219,104.33999633789062,105.9000015258789,103.12448120117188,2874900
2020-11-05,107.77999877929688,110.48999786376953,107.37000274658203,109.80999755859375,107.67423248291016,1975800
2020-11-06,109.83999633789062,111.18000030517578,109.25,109.95999908447266,107.82131958007812,1212500
2020-11-09,116.12000274658203,119.4800033569336,113.41999816894531,113.5,111.29247283935547,2959800
2020-11-10,113.66000366210938,115.81999969482422,113.2300033569336,114.86000061035156,112.62601470947266,1992500
2020-11-11,116.98999786376953,117.0,113.19999694824219,114.06999969482422,111.85137176513672,2120700
2020-11-12,113.61000061035156,114.16000366210938,112.37000274658203,113.31999969482422,111.115966796875,1159200
2020-11-13,114.0,115.23999786376953,113.48999786376953,114.44999694824219,112.22399139404297,1679500
2020-11-16,116.80000305175781,117.91000366210938,114.66999816894531,117.5,115.21466827392578,1913600
2020-11-17,116.19000244140625,116.91000366210938,114.44999694824219,116.06999969482422,113.8124771118164,1307500
2020-11-18,116.13999938964844,118.05000305175781,115.66000366210938,116.75,114.47925567626953,1282100
2020-11-19,117.58000183105469,118.93000030517578,114.91000366210938,118.12000274658203,115.8226089477539,2244500
2020-11-20,118.2300033569336,118.7300033569336,117.01000213623047,117.4000015258789,115.11661529541016,2182300
2020-11-23,118.30000305175781,120.33999633789062,118.05999755859375,120.26000213623047,117.92098236083984,2330100
2020-11-24,121.58000183105469,123.66999816894531,120.69000244140625,123.25,120.85282897949219,2709100
2020-11-25,122.63999938964844,122.63999938964844,120.70999908447266,122.19000244140625,119.81344604492188,1774200
2020-11-27,122.69999694824219,122.8499984741211,121.26000213623047,121.9000015258789,119.52909088134766,1039900
2020-11-30,121.80000305175781,122.1500015258789,120.01000213623047,121.11000061035156,118.75446319580078,3567100
2020-12-01,122.58000183105469,123.43000030517578,120.61000061035156,120.69999694824219,118.35243225097656,2483200
2020-12-02,119.61000061035156,120.98999786376953,117.98999786376953,118.91999816894531,116.60704803466797,2101200
2020-12-03,118.79000091552734,119.44000244140625,116.4000015258789,116.7300033569336,114.45964813232422,3257200
2020-12-04,116.94000244140625,119.66000366210938,116.94000244140625,118.81999969482422,116.50899505615234,1490800
2020-12-07,118.44999694824219,118.58999633789062,116.97000122070312,117.4000015258789,115.11661529541016,1310400
2020-12-08,116.83000183105469,118.54000091552734,116.2699966430664,117.86000061035156,115.56767272949219,1618000
2020-12-09,118.41999816894531,118.98999786376953,116.80000305175781,117.88999938964844,115.59708404541016,1511200
2020-12-10,117.12999725341797,117.12999725341797,114.7699966430664,115.1500015258789,112.9103775024414,1401500
2020-12-11,114.30999755859375,115.97000122070312,114.0999984741211,115.5999984741211,113.35162353515625,1279200
2020-12-14,115.97000122070312,116.47000122070312,113.83000183105469,113.83999633789062,111.6258544921875,1771700
2020-12-15,115.05999755859375,117.12999725341797,113.79000091552734,116.54000091552734,114.27334594726562,1983500
2020-12-16,116.5999984741211,116.69000244140625,115.06999969482422,115.37000274658203,113.1260986328125,1610600
2020-12-17,115.80999755859375,116.13999938964844,114.12999725341797,115.29000091552734,113.04765319824219,1794700
2020-12-18,115.02999877929688,116.4800033569336,114.30000305175781,116.08000183105469,113.8222885131836,4499000
2020-12-21,115.18000030517578,117.55000305175781,113.94999694824219,116.9800033569336,114.70478820800781,2548500
2020-12-22,117.18000030517578,117.62999725341797,115.7300033569336,116.61000061035156,114.34198760986328,1552700
2020-12-23,117.51000213623047,118.66000366210938,116.9800033569336,117.0199966430664,114.74400329589844,1109400
2020-12-24,117.19999694824219,118.08000183105469,116.01000213623047,118.06999969482422,115.77359008789062,362200
2020-12-28,119.06999969482422,119.95999908447266,117.66000366210938,117.72000122070312,115.43038940429688,1075500
2020-12-29,118.23999786376953,118.52999877929688,116.04000091552734,117.16000366210938,114.88128662109375,874300
2020-12-30,117.87000274658203,119.5999984741211,117.55000305175781,119.30000305175781,116.97966003417969,1288400
2020-12-31,119.2699966430664,120.4000015258789,118.7300033569336,120.13999938964844,117.8033218383789,1056900
2021-01-04,120.30000305175781,121.58000183105469,117.87000274658203,118.75,116.44036102294922,1947800
2021-01-05,118.31999969482422,120.54000091552734,118.18000030517578,120.01000213623047,117.67584991455078,1217200
2021-01-06,122.30999755859375,128.36000061035156,122.16000366210938,126.44999694824219,123.9906005859375,3083000
2021-01-07,127.79000091552734,130.0,126.43000030517578,129.08999633789062,126.5792465209961,2585300
2021-01-08,129.27999877929688,129.89999389648438,125.13999938964844,126.87999725341797,124.4122314453125,2695400
2021-01-11,125.19999694824219,127.7699966430664,125.12999725341797,126.95999908447266,124.49066925048828,1490100
2021-01-12,126.98999786376953,128.61000061035156,126.16000366210938,128.33999633789062,125.84383392333984,1479700
2021-01-13,127.91000366210938,128.33999633789062,125.30000305175781,125.41000366210938,122.97083282470703,2344100
2021-01-14,126.2300033569336,126.5999984741211,124.19000244140625,124.62000274658203,122.19619750976562,4047400
2021-01-15,122.87999725341797,123.4000015258789,121.0,123.16999816894531,120.77438354492188,2590400
2021-01-19,124.5,126.95999908447266,124.01000213623047,125.5,123.05906677246094,2144500
2021-01-20,125.55000305175781,126.48999786376953,124.37000274658203,125.9800033569336,123.52973937988281,1698500
2021-01-21,125.93000030517578,126.87000274658203,124.9000015258789,125.12999725341797,122.6962661743164,1348400
2021-01-22,124.43000030517578,125.22000122070312,122.93000030517578,124.43000030517578,122.00988006591797,1405700
2021-01-25,123.95999908447266,124.2300033569336,121.29000091552734,121.81999969482422,119.45063781738281,1598900
2021-01-26,122.52999877929688,122.61000061035156,120.5,120.73999786376953,118.39164733886719,1140700
2021-01-27,118.68000030517578,118.91000366210938,114.01000213623047,114.86000061035156,112.62601470947266,2062200
2021-01-28,115.91999816894531,119.70999908447266,115.5199966430664,118.29000091552734,115.98930358886719,1537100
2021-01-29,117.83000183105469,121.75,116.73999786376953,117.69999694824219,115.41077423095703,2444700
2021-02-01,119.0,122.16999816894531,118.33000183105469,121.54000091552734,119.17609405517578,3054600
2021-02-02,121.75,123.43000030517578,118.66000366210938,120.44000244140625,118.09748840332031,4883000
2021-02-03,120.88999938964844,121.55000305175781,119.0,119.54000091552734,117.21499633789062,2133200
2021-02-04,119.73999786376953,120.88999938964844,119.01000213623047,120.54000091552734,118.19554138183594,2184100
2021-02-05,122.04000091552734,122.69000244140625,120.05999755859375,121.94000244140625,119.56831359863281,1983000
2021-02-08,122.69999694824219,123.02999877929688,119.41999816894531,120.22000122070312,117.88176727294922,2548000
2021-02-09,120.44999694824219,120.61000061035156,118.5999984741211,119.83000183105469,117.49934387207031,1857600
2021-02-10,121.58999633789062,122.79000091552734,120.87000274658203,121.76000213623047,119.3918228149414,2988400
2021-02-11,122.33999633789062,123.9800033569336,121.45999908447266,123.52999877929688,121.12738800048828,2285800
2021-02-12,122.58999633789062,124.19999694824219,122.31999969482422,123.9800033569336,121.56864166259766,1586800
2021-02-16,126.0,126.37000274658203,124.94999694824219,125.0,122.56880187988281,2167800
2021-02-17,123.30000305175781,125.33999633789062,123.30000305175781,125.02999877929688,122.59821319580078,1302600
2021-02-18,124.23999786376953,125.7300033569336,124.11000061035156,125.19000244140625,122.75509643554688,1513400
2021-02-19,126.37000274658203,128.6699981689453,126.02999877929688,127.80000305175781,125.31433868408203,2662100
2021-02-22,127.22000122070312,131.72000122070312,126.69999694824219,130.85000610351562,128.30502319335938,2533100
2021-02-23,130.77000427246094,131.5,127.4000015258789,130.86000061035156,128.3148193359375,2963800
2021-02-24,131.30999755859375,133.9199981689453,131.02999877929688,132.67999267578125,130.09942626953125,3035200
2021-02-25,132.8000030517578,133.57000732421875,129.69000244140625,130.16000366210938,127.6284408569336,2635700
2021-02-26,130.47999572753906,132.0399932861328,128.5800018310547,130.19000244140625,127.65785217285156,2539100
2021-03-01,132.00999450683594,135.83999633789062,131.3000030517578,134.24000549316406,131.62908935546875,2858000
2021-03-02,134.25999450683594,134.9199981689453,133.33999633789062,133.97000122070312,131.3643341064453,1936500
2021-03-03,137.0399932861328,138.17999267578125,135.02000427246094,135.52999877929688,132.8939971923828,3315800
2021-03-04,134.4600067138672,136.5500030517578,131.4600067138672,134.4499969482422,131.83499145507812,2390900
2021-03-05,136.33999633789062,137.9199981689453,132.2100067138672,137.38999938964844,134.7178192138672,2382000
2021-03-08,138.69000244140625,141.0500030517578,137.60000610351562,139.44000244140625,136.72793579101562,2174500
2021-03-09,139.89999389648438,139.89999389648438,136.1999969482422,136.25,133.59999084472656,2805000
2021-03-10,136.77999877929688,140.35000610351562,136.22000122070312,139.25,136.54165649414062,2313700
2021-03-11,139.5800018310547,141.3699951171875,138.9600067138672,139.2100067138672,136.50242614746094,1844900
2021-03-12,140.32000732421875,141.0,139.4600067138672,140.77000427246094,138.03208923339844,1759500
2021-03-15,137.88999938964844,139.58999633789062,136.55999755859375,139.5500030517578,137.57858276367188,3192000
2021-03-16,139.5500030517578,139.5500030517578,135.82000732421875,136.8300018310547,134.89700317382812,2427100
2021-03-17,137.3000030517578,138.52999877929688,136.05999755859375,138.0,136.0504608154297,2593900
2021-03-18,138.1999969482422,139.75999450683594,136.67999267578125,136.9600067138672,135.02517700195312,2707400
2021-03-19,136.63999938964844,136.67999267578125,133.17999267578125,133.25999450683594,131.37742614746094,12545600
2021-03-22,133.47000122070312,135.33999633789062,132.24000549316406,134.86000061035156,132.954833984375,2805100
2021-03-23,133.9199981689453,135.8800048828125,132.3300018310547,132.92999267578125,131.05209350585938,1851300
2021-03-24,134.00999450683594,136.19000244140625,133.85000610351562,134.4499969482422,132.55062866210938,2195600
2021-03-25,133.72999572753906,136.4600067138672,131.86000061035156,135.82000732421875,133.90127563476562,1511700
2021-03-26,136.97000122070312,138.86000061035156,136.30999755859375,138.69000244140625,136.730712890625,1988100
2021-03-29,138.0,139.60000610351562,137.75999450683594,138.5500030517578,136.59271240234375,2399500
2021-03-30,138.5800018310547,140.17999267578125,138.4600067138672,139.66000366210938,137.68701171875,2058500
2021-03-31,140.05999755859375,141.2899932861328,138.25,138.27999877929688,136.32650756835938,2338000
2021-04-01,139.02999877929688,139.77999877929688,137.9600067138672,139.49000549316406,137.51942443847656,2379400
2021-04-05,141.38999938964844,143.24000549316406,140.42999267578125,142.36000061035156,140.348876953125,2039000
2021-04-06,142.1699981689453,143.2899932861328,140.8699951171875,141.1199951171875,139.1263885498047,1393100
2021-04-07,140.7100067138672,141.49000549316406,139.6699981689453,140.3800048828125,138.3968505859375,1882500
2021-04-08,139.97999572753906,140.55999755859375,138.77999877929688,139.89999389648438,137.9236297607422,1743300
2021-04-09,140.6999969482422,141.0500030517578,139.0399932861328,140.4499969482422,138.46585083007812,2430800
2021-04-12,140.1999969482422,141.60000610351562,140.1999969482422,141.2899932861328,139.2939910888672,1437800
2021-04-13,140.5,140.77000427246094,138.35000610351562,139.8000030517578,137.82504272460938,1535900
2021-04-14,139.85000610351562,141.24000549316406,139.7100067138672,140.24000549316406,138.2588348388672,1552200
2021-04-15,140.8699951171875,141.22000122070312,139.91000366210938,140.8000030517578,138.81092834472656,1619900
2021-04-16,142.4600067138672,143.08999633789062,140.41000366210938,141.14999389648438,139.1559600830078,1370000
2021-04-19,141.39999389648438,141.39999389648438,140.00999450683594,140.77999877929688,138.79119873046875,1259300
2021-04-20,140.02000427246094,140.27999877929688,137.55999755859375,138.4600067138672,136.5039825439453,1503700
2021-04-21,138.52999877929688,141.58999633789062,138.1999969482422,141.50999450683594,139.51087951660156,1432800
2021-04-22,142.13999938964844,142.57000732421875,140.89999389648438,141.39999389648438,139.40243530273438,2295000
2021-04-23,141.88999938964844,143.67999267578125,141.3300018310547,142.97000122070312,140.95025634765625,1652400
2021-04-26,143.3300018310547,144.5500030517578,143.07000732421875,143.3699951171875,141.3446044921875,1288400
2021-04-27,143.3699951171875,145.00999450683594,142.52000427246094,144.58999633789062,142.54736328125,1874900
2021-04-28,144.1300048828125,145.88999938964844,143.8000030517578,144.52999877929688,142.48822021484375,1570100
2021-04-29,145.91000366210938,145.9499969482422,143.60000610351562,145.02000427246094,142.97129821777344,1602700
2021-04-30,143.91000366210938,144.4199981689453,142.66000366210938,142.92999267578125,140.9108123779297,1489800
2021-05-03,144.92999267578125,145.3699951171875,143.0800018310547,144.36000061035156,142.32061767578125,1548600
2021-05-04,143.19000244140625,145.08999633789062,141.22999572753906,144.6699981689453,142.62623596191406,3727600
2021-05-05,145.30999755859375,146.5,143.22000122070312,145.47999572753906,143.42478942871094,2731300
2021-05-06,145.75,146.5,144.58999633789062,146.44000244140625,144.37124633789062,1901000
2021-05-07,145.64999389648438,148.33999633789062,144.4600067138672,147.52000427246094,145.43597412109375,1593300
2021-05-10,148.0399932861328,149.3800048828125,147.38999938964844,147.4199981689453,145.33738708496094,1452600
2021-05-11,146.52000427246094,146.9199981689453,144.3800048828125,145.75999450683594,143.70083618164062,1636300
2021-05-12,145.02000427246094,146.08999633789062,143.3000030517578,143.69000244140625,141.66009521484375,3123300
2021-05-13,142.61000061035156,146.7899932861328,142.61000061035156,145.8000030517578,144.5045928955078,2040100
2021-05-14,146.7100067138672,148.6300048828125,146.30999755859375,148.16000366210938,146.8436279296875,1512700
2021-05-17,147.6699981689453,148.64999389648438,146.8000030517578,147.42999267578125,146.12008666992188,1466800
2021-05-18,147.3000030517578,147.4199981689453,144.27000427246094,144.3300018310547,143.04763793945312,1267400
2021-05-19,142.17999267578125,143.16000366210938,140.52000427246094,142.75999450683594,141.49159240722656,1950500
2021-05-20,143.38999938964844,143.80999755859375,141.8800048828125,143.6300048828125,142.35386657714844,2279000
2021-05-21,144.6300048828125,145.55999755859375,142.77000427246094,143.42999267578125,142.1556396484375,1790900
2021-05-24,144.6199951171875,144.6199951171875,142.63999938964844,143.63999938964844,142.36376953125,1341000
2021-05-25,143.63999938964844,144.6699981689453,142.2899932861328,142.80999755859375,141.54115295410156,1685300
2021-05-26,143.1999969482422,143.69000244140625,142.1199951171875,142.97999572753906,141.70962524414062,1170400
2021-05-27,144.44000244140625,145.41000366210938,144.07000732421875,144.58999633789062,143.30532836914062,3082300
2021-05-28,145.27000427246094,145.52999877929688,144.27999877929688,145.25,143.95947265625,1539500
2021-06-01,146.97999572753906,147.25,145.60000610351562,146.2899932861328,144.990234375,1321000
2021-06-02,146.1999969482422,146.88999938964844,145.41000366210938,145.97000122070312,144.67308044433594,1545900
2021-06-03,145.74000549316406,147.05999755859375,144.55999755859375,146.4199981689453,145.11907958984375,1277300
2021-06-04,146.91000366210938,148.85000610351562,146.91000366210938,148.50999450683594,147.1905059814453,1617000
2021-06-07,148.85000610351562,149.0500030517578,145.86000061035156,146.85000610351562,145.54525756835938,1820500
2021-06-08,146.80999755859375,147.9600067138672,145.3300018310547,147.1199951171875,145.81285095214844,1327500
2021-06-09,146.8800048828125,147.30999755859375,145.8300018310547,146.41000366210938,145.1091766357422,978300
2021-06-10,147.1300048828125,147.72999572753906,145.97000122070312,146.82000732421875,145.51551818847656,1648100
2021-06-11,147.00999450683594,148.1199951171875,145.6199951171875,146.6300048828125,145.32720947265625,997900
2021-06-14,146.4499969482422,146.69000244140625,144.8800048828125,146.0,144.7028045654297,1318400
2021-06-15,146.2899932861328,147.8699951171875,145.3699951171875,147.85000610351562,146.536376953125,1475900
2021-06-16,147.74000549316406,148.6699981689453,145.6999969482422,146.3699951171875,145.06951904296875,1590400
2021-06-17,146.22000122070312,146.4199981689453,140.91000366210938,142.6199951171875,141.35284423828125,2517800
2021-06-18,140.57000732421875,141.42999267578125,139.1199951171875,139.25999450683594,138.02267456054688,3066900
2021-06-21,140.47000122070312,143.60000610351562,140.41000366210938,143.0399932861328,141.7690887451172,1488900
2021-06-22,142.94000244140625,143.9199981689453,141.77999877929688,142.8300018310547,141.56097412109375,1487800
2021-06-23,143.19000244140625,145.58999633789062,142.97000122070312,144.41000366210938,143.12693786621094,1962400
2021-06-24,145.27999877929688,146.0800018310547,144.2899932861328,145.64999389648438,144.3559112548828,1291600
2021-06-25,146.16000366210938,147.5,146.0800018310547,146.69000244140625,145.3866729736328,1469600
2021-06-28,146.9499969482422,146.9499969482422,144.77999877929688,146.5,145.1983642578125,1170600
2021-06-29,147.35000610351562,147.97999572753906,146.42999267578125,146.49000549316406,145.18846130371094,1433500
2021-06-30,146.10000610351562,148.49000549316406,145.7899932861328,148.17999267578125,146.86343383789062,1597400
2021-07-01,149.8800048828125,150.7100067138672,149.35000610351562,150.1699981689453,148.83575439453125,2246300
2021-07-02,150.00999450683594,151.4499969482422,149.38999938964844,151.39999389648438,150.05482482910156,1187300
2021-07-06,151.25,151.25,147.3699951171875,149.6999969482422,148.36993408203125,1633100
2021-07-07,149.49000549316406,152.27000427246094,149.47000122070312,152.17999267578125,150.82789611816406,1409400
2021-07-08,150.0,151.8000030517578,149.52000427246094,150.57000732421875,149.23220825195312,1856100
2021-07-09,152.3300018310547,154.3000030517578,152.24000549316406,153.55999755859375,152.1956329345703,1479500
2021-07-12,152.9600067138672,155.25,152.3300018310547,155.07000732421875,153.69223022460938,1764600
2021-07-13,154.60000610351562,155.30999755859375,153.77000427246094,154.0399932861328,152.67137145996094,1644200
2021-07-14,154.72999572753906,155.6699981689453,148.30999755859375,153.39999389648438,152.03704833984375,3902500
2021-07-15,152.22000122070312,154.5399932861328,152.17999267578125,153.8699951171875,152.5028839111328,1278200
2021-07-16,154.80999755859375,155.25,152.61000061035156,152.74000549316406,151.3829345703125,1636300
2021-07-19,150.52999877929688,150.52999877929688,146.99000549316406,149.19000244140625,147.86447143554688,1872800
2021-07-20,150.3300018310547,154.4199981689453,149.11000061035156,154.08999633789062,152.72093200683594,1744900
2021-07-21,154.9600067138672,156.63999938964844,154.75,155.6300048828125,154.2472381591797,1555600
2021-07-22,156.07000732421875,156.22999572753906,154.89999389648438,156.0500030517578,154.66351318359375,1313100
2021-07-23,156.86000061035156,157.33999633789062,155.85000610351562,156.72999572753906,155.33746337890625,1105800
2021-07-26,156.47999572753906,157.63999938964844,155.33999633789062,156.02999877929688,154.64369201660156,1708400
2021-07-27,155.1199951171875,157.22999572753906,154.3000030517578,156.13999938964844,154.75271606445312,1326600
2021-07-28,156.36000061035156,156.92999267578125,154.75999450683594,155.4600067138672,154.07876586914062,1890700
2021-07-29,156.63999938964844,158.11000061035156,155.92999267578125,157.7100067138672,156.30877685546875,1224800
2021-07-30,157.42999267578125,158.69000244140625,157.0399932861328,158.0500030517578,156.64573669433594,1502000
2021-08-02,158.58999633789062,159.9600067138672,156.49000549316406,156.49000549316406,155.099609375,1372200
2021-08-03,159.60000610351562,163.2899932861328,158.88999938964844,162.80999755859375,161.3634490966797,2420900
2021-08-04,163.07000732421875,164.27000427246094,161.69000244140625,161.8300018310547,160.39215087890625,1571900
2021-08-05,163.00999450683594,163.66000366210938,161.08999633789062,161.9199981689453,160.48135375976562,1280700
2021-08-06,163.0,163.72999572753906,162.0399932861328,162.88999938964844,161.44273376464844,1060000
2021-08-09,162.2100067138672,163.7899932861328,161.6300048828125,163.2899932861328,161.8391876220703,1181200
2021-08-10,164.0500030517578,167.52999877929688,163.89999389648438,167.35000610351562,165.8631134033203,2058300
2021-08-11,168.0399932861328,168.8800048828125,166.38999938964844,166.91000366210938,165.42701721191406,1476100
2021-08-12,165.83999633789062,167.35000610351562,165.0399932861328,167.1699981689453,166.4425811767578,1711900
2021-08-13,166.85000610351562,167.92999267578125,166.22999572753906,167.6199951171875,166.890625,1717300
2021-08-16,167.30999755859375,168.89999389648438,166.33999633789062,168.50999450683594,167.77674865722656,1181700
2021-08-17,167.6199951171875,167.89999389648438,164.9600067138672,166.89999389648438,166.1737518310547,1181200
2021-08-18,166.49000549316406,168.3000030517578,166.3300018310547,166.44000244140625,165.7157745361328,1323200
2021-08-19,165.0399932861328,168.17999267578125,163.5800018310547,166.94000244140625,166.21359252929688,1384500
2021-08-20,167.9199981689453,167.9199981689453,166.22999572753906,167.4600067138672,166.73133850097656,1025200
2021-08-23,168.2899932861328,169.63999938964844,167.72999572753906,168.83999633789062,168.10531616210938,1398300
2021-08-24,168.39999389648438,170.25999450683594,167.6699981689453,169.38999938964844,168.65292358398438,1524400
2021-08-25,169.77000427246094,171.32000732421875,169.4199981689453,170.2100067138672,169.46937561035156,994700
2021-08-26,170.27000427246094,170.57000732421875,169.19000244140625,169.36000061035156,168.62306213378906,1201000
2021-08-27,170.1300048828125,170.6699981689453,168.63999938964844,170.02999877929688,169.29014587402344,1138000
2021-08-30,170.67999267578125,171.22999572753906,169.7100067138672,170.2100067138672,169.46937561035156,969400
2021-08-31,169.92999267578125,170.1999969482422,168.02000427246094,168.36000061035156,167.62741088867188,1863700
2021-09-01,168.22000122070312,168.41000366210938,165.75999450683594,166.75,166.0244140625,1548800
2021-09-02,167.33999633789062,168.1699981689453,166.67999267578125,168.1300048828125,167.39842224121094,1529500
2021-09-03,168.19000244140625,168.19000244140625,166.3300018310547,166.3800048828125,165.65603637695312,1255400
2021-09-07,165.75,165.8000030517578,163.55999755859375,163.6999969482422,162.98768615722656,1748800
2021-09-08,162.6199951171875,164.3000030517578,161.39999389648438,163.36000061035156,162.649169921875,1601900
2021-09-09,163.33999633789062,164.3300018310547,161.2100067138672,161.52999877929688,160.82713317871094,1215800
2021-09-10,163.13999938964844,163.27999877929688,160.30999755859375,160.38999938964844,159.6920928955078,1654900
2021-09-13,161.0800018310547,162.0,156.19000244140625,158.27000427246094,157.58131408691406,2685200
2021-09-14,155.52000427246094,158.47000122070312,155.52000427246094,156.3000030517578,155.61988830566406,2784900
2021-09-15,156.00999450683594,161.13999938964844,155.75999450683594,160.5500030517578,159.8513946533203,2964900
2021-09-16,160.7100067138672,160.7100067138672,158.22999572753906,159.2899932861328,158.5968780517578,1479100
2021-09-17,157.97999572753906,158.16000366210938,156.1699981689453,157.52999877929688,156.8445281982422,3115100
2021-09-20,154.4499969482422,156.64999389648438,153.88999938964844,156.5,155.8190155029297,1700800
2021-09-21,157.08999633789062,157.52000427246094,153.88999938964844,154.58999633789062,153.91732788085938,1231900
2021-09-22,155.6300048828125,157.58999633789062,155.6300048828125,156.42999267578125,155.7493133544922,1343900
2021-09-23,157.5800018310547,158.4600067138672,157.36000061035156,158.0,157.31248474121094,2237600
2021-09-24,157.50999450683594,158.1999969482422,155.8800048828125,156.00999450683594,155.33114624023438,1045800
2021-09-27,155.97000122070312,157.30999755859375,155.0800018310547,155.14999389648438,154.47488403320312,1642500
2021-09-28,155.0,155.38999938964844,152.52000427246094,153.99000549316406,153.3199462890625,1806500
2021-09-29,154.3300018310547,154.63999938964844,153.1699981689453,153.47000122070312,152.8022003173828,1590300
2021-09-30,153.83999633789062,154.19000244140625,149.25,149.30999755859375,148.66030883789062,2122000
2021-10-01,149.72000122070312,151.6300048828125,148.19000244140625,150.64999389648438,149.9944610595703,1605900
2021-10-04,149.9499969482422,151.38999938964844,147.35000610351562,148.36000061035156,147.7144317626953,1748600
2021-10-05,149.02000427246094,152.1199951171875,148.1999969482422,151.25999450683594,150.601806640625,1762300
2021-10-06,149.74000549316406,151.82000732421875,148.11000061035156,151.6999969482422,151.03990173339844,1067700
2021-10-07,153.38999938964844,154.64999389648438,153.2100067138672,153.9199981689453,153.250244140625,1783400
2021-10-08,153.33999633789062,154.22000122070312,152.77000427246094,153.55999755859375,152.89181518554688,1154300
2021-10-11,153.42999267578125,154.75999450683594,152.42999267578125,152.55999755859375,151.8961639404297,1179900
2021-10-12,153.30999755859375,154.27999877929688,151.35000610351562,151.6199951171875,150.9602508544922,1270800
2021-10-13,152.36000061035156,154.4499969482422,151.5399932861328,153.38999938964844,152.72254943847656,1404200
2021-10-14,154.63999938964844,159.9499969482422,153.75,159.57000732421875,158.87567138671875,2075400
2021-10-15,160.86000061035156,162.4499969482422,159.52999877929688,161.4499969482422,160.7474822998047,1678800
2021-10-18,160.3699951171875,161.8800048828125,159.80999755859375,161.27000427246094,160.56826782226562,884200
2021-10-19,162.0800018310547,162.57000732421875,160.88999938964844,161.47999572753906,160.77734375,883300
2021-10-20,161.74000549316406,163.3300018310547,160.72999572753906,163.1999969482422,162.4898681640625,1146000
2021-10-21,162.05999755859375,162.57000732421875,160.6699981689453,162.1199951171875,161.41456604003906,1368100
2021-10-22,162.74000549316406,164.0399932861328,162.27999877929688,162.3800048828125,161.67343139648438,771800
2021-10-25,162.1999969482422,163.94000244140625,161.3300018310547,162.50999450683594,161.8028564453125,1022900
2021-10-26,163.17999267578125,163.17999267578125,161.27000427246094,161.33999633789062,160.63795471191406,983600
2021-10-27,161.72999572753906,163.4499969482422,160.05999755859375,160.1199951171875,159.4232635498047,1029700
2021-10-28,160.1199951171875,165.07000732421875,160.1199951171875,164.9600067138672,164.24221801757812,1632900
2021-10-29,164.33999633789062,165.9600067138672,163.82000732421875,164.75999450683594,164.04307556152344,1678100
2021-11-01,165.1999969482422,165.94000244140625,163.25999450683594,164.33999633789062,163.62489318847656,1637300
2021-11-02,166.13999938964844,172.24000549316406,165.0,171.6300048828125,170.88319396972656,2398100
2021-11-03,169.63999938964844,172.00999450683594,167.3300018310547,169.49000549316406,168.75250244140625,1953900
2021-11-04,170.9199981689453,173.05999755859375,170.58999633789062,171.97999572753906,171.23165893554688,1147600
2021-11-05,172.92999267578125,173.4499969482422,170.27999877929688,171.3000030517578,170.55462646484375,1217600
2021-11-08,174.3300018310547,174.80999755859375,172.3000030517578,173.72000122070312,172.96409606933594,1695300
2021-11-09,173.88999938964844,175.24000549316406,173.42999267578125,174.66000366210938,173.90000915527344,1036900
2021-11-10,173.9499969482422,173.9499969482422,171.32000732421875,171.8699951171875,171.8699951171875,1314400
2021-11-11,172.02999877929688,172.1300048828125,169.50999450683594,169.9199981689453,169.9199981689453,1156000
2021-11-12,170.4600067138672,172.32000732421875,168.82000732421875,171.8000030517578,171.8000030517578,1188400
2021-11-15,171.99000549316406,173.2100067138672,171.55999755859375,172.74000549316406,172.74000549316406,1019600
2021-11-16,172.74000549316406,175.72000122070312,172.4199981689453,173.8000030517578,173.8000030517578,1434800
2021-11-17,173.8000030517578,174.3000030517578,171.50999450683594,173.10000610351562,173.10000610351562,1433300
2021-11-18,173.16000366210938,173.5800018310547,171.66000366210938,173.32000732421875,173.32000732421875,900800
2021-11-19,173.3800048828125,173.80999755859375,171.9199981689453,172.3000030517578,172.3000030517578,1334200
2021-11-22,173.3800048828125,174.91000366210938,172.19000244140625,172.32000732421875,172.32000732421875,1254800
2021-11-23,172.02000427246094,172.94000244140625,171.27999877929688,172.57000732421875,172.57000732421875,1054300
2021-11-24,171.4600067138672,172.22999572753906,170.1699981689453,170.9499969482422,170.9499969482422,1235900
2021-11-26,166.63999938964844,168.17999267578125,164.41000366210938,167.50999450683594,167.50999450683594,1121000
2021-11-29,169.3800048828125,169.64999389648438,165.4499969482422,167.3800048828125,167.3800048828125,2068700
2021-11-30,166.07000732421875,166.91000366210938,161.3800048828125,162.05999755859375,162.05999755859375,4247200
2021-12-01,165.47999572753906,167.25999450683594,161.3699951171875,161.47000122070312,161.47000122070312,1947100
2021-12-02,162.10000610351562,167.52999877929688,162.10000610351562,166.6300048828125,166.6300048828125,1413200
2021-12-03,167.3300018310547,168.10000610351562,164.47999572753906,166.44000244140625,166.44000244140625,1360800
2021-12-06,167.7899932861328,170.66000366210938,166.52999877929688,169.8300018310547,169.8300018310547,1733500
2021-12-07,172.1699981689453,174.47000122070312,170.25,170.58999633789062,170.58999633789062,1884600
2021-12-08,170.88999938964844,171.4499969482422,168.02999877929688,169.9199981689453,169.9199981689453,1986900
2021-12-09,169.77999877929688,170.0,167.4600067138672,168.58999633789062,168.58999633789062,1844800
2021-12-10,169.57000732421875,170.88999938964844,169.13999938964844,170.4600067138672,170.4600067138672,1432800
2021-12-13,170.63999938964844,171.35000610351562,168.8000030517578,169.6999969482422,169.6999969482422,1598800
2021-12-14,168.41000366210938,169.35000610351562,162.5500030517578,164.83999633789062,164.83999633789062,2838000
2021-12-15,166.14999389648438,169.5,165.39999389648438,169.25999450683594,169.25999450683594,2263800
2021-12-16,170.6699981689453,171.25,167.94000244140625,168.8000030517578,168.8000030517578,1403500
2021-12-17,168.52999877929688,169.49000549316406,164.72000122070312,165.07000732421875,165.07000732421875,2666700
2021-12-20,163.32000732421875,164.5500030517578,161.16000366210938,164.05999755859375,164.05999755859375,2146700
2021-12-21,165.4199981689453,167.3699951171875,164.39999389648438,167.24000549316406,167.24000549316406,2014100
2021-12-22,166.75,167.67999267578125,166.32000732421875,166.74000549316406,166.74000549316406,1259800
2021-12-23,167.27000427246094,169.17999267578125,167.14999389648438,168.0399932861328,168.0399932861328,861800
2021-12-27,168.94000244140625,170.74000549316406,167.72999572753906,170.6699981689453,170.6699981689453,730700
2021-12-28,170.6199951171875,171.75999450683594,170.30999755859375,171.1999969482422,171.1999969482422,672300
2021-12-29,171.64999389648438,172.1199951171875,170.47999572753906,171.7100067138672,171.7100067138672,1467500
2021-12-30,172.0800018310547,172.52000427246094,171.22000122070312,171.4199981689453,171.4199981689453,884400
2021-12-31,170.97000122070312,173.67999267578125,170.97000122070312,172.82000732421875,172.82000732421875,838600
2022-01-03,173.38999938964844,173.38999938964844,167.9199981689453,168.66000366210938,168.66000366210938,1307200
2022-01-04,169.6300048828125,172.27999877929688,168.83999633789062,171.4600067138672,171.4600067138672,2065400
2022-01-05,171.88999938964844,172.91000366210938,168.8300018310547,169.00999450683594,169.00999450683594,1718600
2022-01-06,168.89999389648438,170.74000549316406,168.39999389648438,169.41000366210938,169.41000366210938,1433800
2022-01-07,169.5,170.8800048828125,167.80999755859375,167.85000610351562,167.85000610351562,2079800
2022-01-10,166.50999450683594,166.89999389648438,162.8000030517578,166.4199981689453,166.4199981689453,1896400
2022-01-11,167.0,168.02999877929688,164.64999389648438,167.75999450683594,167.75999450683594,1075600
2022-01-12,169.1699981689453,172.0,168.6999969482422,171.4600067138672,171.4600067138672,1983400
2022-01-13,171.5399932861328,172.2899932861328,170.3699951171875,171.17999267578125,171.17999267578125,1336100
2022-01-14,168.94000244140625,171.7100067138672,167.60000610351562,170.9199981689453,170.9199981689453,2824600
2022-01-18,168.50999450683594,169.1699981689453,164.69000244140625,166.6300048828125,166.6300048828125,2106900
2022-01-19,166.7899932861328,167.1300048828125,163.19000244140625,163.38999938964844,163.38999938964844,2368300
2022-01-20,163.99000549316406,165.32000732421875,160.77000427246094,161.05999755859375,161.05999755859375,2067500
2022-01-21,161.35000610351562,163.74000549316406,159.6199951171875,160.5399932861328,160.5399932861328,2242000
2022-01-24,157.5399932861328,161.27000427246094,153.89999389648438,160.72000122070312,160.72000122070312,2614400
2022-01-25,158.07000732421875,159.38999938964844,153.3300018310547,157.44000244140625,157.44000244140625,2487000
2022-01-26,159.1300048828125,161.25999450683594,156.25999450683594,158.24000549316406,158.24000549316406,2024100
2022-01-27,160.41000366210938,161.0,154.25999450683594,155.4199981689453,155.4199981689453,1679300
2022-01-28,154.5500030517578,156.80999755859375,151.6300048828125,156.69000244140625,156.69000244140625,2339400
2022-01-31,155.6300048828125,158.5399932861328,154.5,158.42999267578125,158.42999267578125,2192600
2022-02-01,158.9499969482422,159.91000366210938,156.52000427246094,159.38999938964844,159.38999938964844,1571400
2022-02-02,159.77999877929688,161.85000610351562,158.9499969482422,161.41000366210938,161.41000366210938,1565600
2022-02-03,159.42999267578125,161.75,156.4499969482422,156.8300018310547,156.8300018310547,2492400
2022-02-04,154.57000732421875,155.9499969482422,150.24000549316406,151.0,151.0,4095500
2022-02-07,152.77000427246094,153.0399932861328,149.6699981689453,150.1300048828125,150.1300048828125,3515900
2022-02-08,150.19000244140625,152.0,148.6199951171875,151.5,151.5,2586400
2022-02-09,153.67999267578125,157.0500030517578,153.2100067138672,156.85000610351562,156.85000610351562,2809600
2022-02-10,154.02000427246094,158.25999450683594,153.85000610351562,154.7899932861328,154.7899932861328,2450800
2022-02-11,154.89999389648438,154.89999389648438,149.39999389648438,150.66000366210938,150.66000366210938,2104900
2022-02-14,150.97999572753906,153.0,149.2899932861328,152.1699981689453,152.1699981689453,2206400
2022-02-15,154.3699951171875,156.1300048828125,153.85000610351562,155.52999877929688,155.52999877929688,2061600
2022-02-16,154.86000061035156,157.49000549316406,154.77999877929688,157.02999877929688,157.02999877929688,2194000
2022-02-17,155.77999877929688,156.11000061035156,152.0399932861328,152.39999389648438,152.39999389648438,1324800
2022-02-18,152.33999633789062,154.19000244140625,151.6999969482422,153.36000061035156,153.36000061035156,3466600
2022-02-22,153.2899932861328,154.36000061035156,150.7100067138672,151.75999450683594,151.75999450683594,1684000
2022-02-23,152.42999267578125,152.88999938964844,148.9199981689453,149.30999755859375,149.30999755859375,1506000
2022-02-24,145.86000061035156,150.7899932861328,144.25999450683594,150.30999755859375,150.30999755859375,2168800
2022-02-25,150.3000030517578,154.24000549316406,150.10000610351562,154.1199951171875,154.1199951171875,2427400
2022-02-28,151.80999755859375,155.0500030517578,151.25,154.2899932861328,154.2899932861328,2454800
2022-03-01,154.0,154.67999267578125,144.3699951171875,146.4499969482422,146.4499969482422,4790400
2022-03-02,147.7100067138672,152.8800048828125,147.36000061035156,152.1699981689453,152.1699981689453,1880700
2022-03-03,153.0800018310547,156.1999969482422,153.0800018310547,154.97000122070312,154.97000122070312,2861400
2022-03-04,151.99000549316406,153.4499969482422,147.80999755859375,149.77999877929688,149.77999877929688,2678900
2022-03-07,149.7899932861328,149.7899932861328,145.00999450683594,145.7899932861328,145.7899932861328,2411600
2022-03-08,146.92999267578125,151.57000732421875,145.57000732421875,146.1999969482422,146.1999969482422,2235300
2022-03-09,150.25,151.5,148.97999572753906,149.1199951171875,149.1199951171875,1794200
2022-03-10,145.08999633789062,149.05999755859375,145.08999633789062,148.1999969482422,148.1999969482422,1782300
2022-03-11,149.36000061035156,150.3300018310547,146.74000549316406,146.9199981689453,146.9199981689453,1350000
2022-03-14,147.89999389648438,150.82000732421875,147.16000366210938,148.4600067138672,148.4600067138672,1581600
2022-03-15,150.17999267578125,150.74000549316406,148.07000732421875,150.27000427246094,150.27000427246094,1541700
2022-03-16,151.97999572753906,154.4499969482422,150.0399932861328,153.33999633789062,153.33999633789062,1892400
2022-03-17,151.92999267578125,154.7100067138672,151.00999450683594,154.69000244140625,154.69000244140625,1389900
2022-03-18,155.25999450683594,155.97000122070312,151.50999450683594,155.5800018310547,155.5800018310547,2792200
2022-03-21,156.0800018310547,156.35000610351562,153.30999755859375,154.60000610351562,154.60000610351562,1934300
2022-03-22,155.77000427246094,156.00999450683594,154.1999969482422,155.25,155.25,1226800
2022-03-23,154.0500030517578,154.94000244140625,152.33999633789062,152.42999267578125,152.42999267578125,1331900
2022-03-24,153.39999389648438,153.64999389648438,152.36000061035156,153.1999969482422,153.1999969482422,1078300
2022-03-25,153.77000427246094,154.7899932861328,152.83999633789062,154.17999267578125,154.17999267578125,1196500
2022-03-28,153.25999450683594,154.2100067138672,152.13999938964844,154.2100067138672,154.2100067138672,1239800
2022-03-29,156.4600067138672,158.00999450683594,155.27000427246094,157.52999877929688,157.52999877929688,1530800
2022-03-30,156.3300018310547,157.32000732421875,154.77000427246094,155.4600067138672,155.4600067138672,1294100
2022-03-31,155.05999755859375,156.36000061035156,151.58999633789062,151.75999450683594,151.75999450683594,2286200
2022-04-01,153.4499969482422,153.4499969482422,150.39999389648438,151.80999755859375,151.80999755859375,2098900
2022-04-04,150.9199981689453,151.0399932861328,148.32000732421875,150.9199981689453,150.9199981689453,1435100
2022-04-05,150.72999572753906,151.27999877929688,145.91000366210938,146.61000061035156,146.61000061035156,2046700
2022-04-06,144.36000061035156,145.27999877929688,142.83999633789062,144.86000061035156,144.86000061035156,2701400
2022-04-07,143.66000366210938,146.63999938964844,142.88999938964844,145.8699951171875,145.8699951171875,1788100
2022-04-08,145.6199951171875,147.30999755859375,144.4600067138672,145.17999267578125,145.17999267578125,1644400
2022-04-11,144.66000366210938,146.27999877929688,142.02999877929688,142.27000427246094,142.27000427246094,1800200
2022-04-12,142.88999938964844,144.97000122070312,140.02000427246094,140.82000732421875,140.82000732421875,1766200
2022-04-13,140.5800018310547,142.7100067138672,140.5800018310547,141.77000427246094,141.77000427246094,1530600
2022-04-14,141.00999450683594,142.7100067138672,139.41000366210938,139.91000366210938,139.91000366210938,1833000
2022-04-18,139.67999267578125,142.11000061035156,139.60000610351562,140.66000366210938,140.66000366210938,1561100
2022-04-19,141.72000122070312,146.07000732421875,140.8000030517578,145.77000427246094,145.77000427246094,1826700
2022-04-20,147.3699951171875,150.55999755859375,147.3699951171875,149.3800048828125,149.3800048828125,1834600
2022-04-21,151.69000244140625,153.27000427246094,149.1999969482422,149.9499969482422,149.9499969482422,2293900
2022-04-22,148.5,148.9600067138672,145.88999938964844,146.0399932861328,146.0399932861328,1655100
2022-04-25,145.89999389648438,147.08999633789062,142.72000122070312,147.07000732421875,147.07000732421875,1905500
2022-04-26,145.17999267578125,146.9499969482422,143.5,143.77999877929688,143.77999877929688,2313700
2022-04-27,143.75,146.88999938964844,143.47000122070312,145.7100067138672,145.7100067138672,1930300
2022-04-28,146.10000610351562,148.0800018310547,144.27999877929688,147.8800048828125,147.8800048828125,2473700
2022-04-29,147.75,149.8300018310547,144.77000427246094,145.02000427246094,145.02000427246094,2467500
2022-05-02,144.99000549316406,147.02000427246094,143.4199981689453,146.5,146.5,2732700
2022-05-03,144.50999450683594,150.9600067138672,144.50999450683594,146.5800018310547,146.5800018310547,3004900
2022-05-04,146.8000030517578,150.7100067138672,143.97999572753906,149.92999267578125,149.92999267578125,2558100
2022-05-05,148.72000122070312,150.8800048828125,147.10000610351562,148.3800048828125,148.3800048828125,3871000
2022-05-06,147.7899932861328,148.4600067138672,144.4499969482422,147.2899932861328,147.2899932861328,2101800
2022-05-09,145.33999633789062,149.30999755859375,145.0500030517578,147.9600067138672,147.9600067138672,3028900
2022-05-10,149.00999450683594,149.91000366210938,140.52999877929688,140.97999572753906,140.97999572753906,3543000
2022-05-11,141.1300048828125,144.3000030517578,140.22000122070312,140.80999755859375,140.80999755859375,1852300
2022-05-12,139.47000122070312,142.52999877929688,138.69000244140625,141.75,141.75,2251900
2022-05-13,142.85000610351562,143.44000244140625,139.64999389648438,141.3300018310547,141.3300018310547,2813100
2022-05-16,140.55999755859375,140.74000549316406,137.5500030517578,138.97999572753906,138.97999572753906,2551900
2022-05-17,141.41000366210938,143.83999633789062,140.7899932861328,143.3800048828125,143.3800048828125,1988500
2022-05-18,141.08999633789062,141.7899932861328,135.9600067138672,136.52000427246094,136.52000427246094,1946500
2022-05-19,135.0,138.00999450683594,132.3800048828125,136.0800018310547,136.0800018310547,2992300
2022-05-20,136.8699951171875,137.42999267578125,132.16000366210938,134.13999938964844,134.13999938964844,4686600
2022-05-23,135.6199951171875,136.8699951171875,133.16000366210938,136.75999450683594,136.75999450683594,2169600
2022-05-24,132.97999572753906,134.6199951171875,130.44000244140625,133.8300018310547,133.8300018310547,2709700
2022-05-25,133.50999450683594,135.27999877929688,131.5,134.0800018310547,134.0800018310547,1877500
2022-05-26,135.74000549316406,137.22000122070312,133.67999267578125,136.27999877929688,136.27999877929688,1366400
2022-05-27,137.60000610351562,139.8800048828125,137.08999633789062,139.82000732421875,139.82000732421875,1459000
2022-05-31,138.35000610351562,140.02999877929688,136.80999755859375,138.60000610351562,138.60000610351562,2900500
2022-06-01,139.94000244140625,140.25,136.4499969482422,137.72000122070312,137.72000122070312,1750800
2022-06-02,139.50999450683594,140.9199981689453,137.4499969482422,140.82000732421875,140.82000732421875,1289900
2022-06-03,139.63999938964844,140.9600067138672,139.35000610351562,140.35000610351562,140.35000610351562,1421300
2022-06-06,142.2899932861328,142.6999969482422,141.1300048828125,141.36000061035156,141.36000061035156,1659400
2022-06-07,140.60000610351562,145.49000549316406,139.6699981689453,145.41000366210938,145.41000366210938,2237400
2022-06-08,144.39999389648438,146.2899932861328,143.41000366210938,144.47999572753906,144.47999572753906,2274000
2022-06-09,143.3699951171875,145.2100067138672,142.42999267578125,142.5,142.5,1594800
2022-06-10,139.7899932861328,140.63999938964844,136.8300018310547,137.02999877929688,137.02999877929688,1543800
2022-06-13,134.77000427246094,134.77000427246094,132.0,132.85000610351562,132.85000610351562,1596700
2022-06-14,132.85000610351562,134.47000122070312,129.1999969482422,130.52000427246094,130.52000427246094,1927300
2022-06-15,131.5500030517578,132.75,128.8699951171875,131.00999450683594,131.00999450683594,1658600
2022-06-16,127.91000366210938,128.4600067138672,125.13999938964844,126.11000061035156,126.11000061035156,2006500
2022-06-17,125.12000274658203,127.3499984741211,124.56999969482422,125.5199966430664,125.5199966430664,3126500
2022-06-21,126.70999908447266,127.5199966430664,125.11000061035156,126.13999938964844,126.13999938964844,1584400
2022-06-22,123.69000244140625,126.94999694824219,123.69000244140625,126.22000122070312,126.22000122070312,1921700
2022-06-23,125.2699966430664,127.26000213623047,124.12000274658203,126.88999938964844,126.88999938964844,2022800
2022-06-24,128.47000122070312,131.91000366210938,127.58000183105469,131.8300018310547,131.8300018310547,1974200
2022-06-27,132.77000427246094,133.5,131.14999389648438,132.25,132.25,1597000
2022-06-28,132.83999633789062,133.92999267578125,129.25,129.32000732421875,129.32000732421875,1914900
2022-06-29,129.69000244140625,130.08999633789062,126.04000091552734,127.2699966430664,127.2699966430664,1740100
2022-06-30,125.11000061035156,127.06999969482422,124.66000366210938,125.98999786376953,125.98999786376953,2370100
2022-07-01,126.4000015258789,128.33999633789062,125.11000061035156,127.37000274658203,127.37000274658203,1749700
2022-07-05,125.56999969482422,126.80999755859375,123.18000030517578,126.68000030517578,126.68000030517578,1934200
2022-07-06,127.19999694824219,128.7899932861328,125.93000030517578,128.0,128.0,1734500
2022-07-07,129.38999938964844,129.9199981689453,127.37000274658203,129.58999633789062,129.58999633789062,1662700
2022-07-08,129.0500030517578,129.08999633789062,126.70999908447266,127.81999969482422,127.81999969482422,1213600
2022-07-11,126.80000305175781,128.74000549316406,126.79000091552734,127.8499984741211,127.8499984741211,831200
2022-07-12,127.29000091552734,129.13999938964844,126.47000122070312,126.87999725341797,126.87999725341797,1051600
2022-07-13,124.62000274658203,126.6500015258789,123.5199966430664,125.72000122070312,125.72000122070312,1605000
2022-07-14,123.56999969482422,125.29000091552734,122.5,125.04000091552734,125.04000091552734,1274000
2022-07-15,127.18000030517578,129.47999572753906,125.51000213623047,128.99000549316406,128.99000549316406,1956400
2022-07-18,130.0,130.38999938964844,126.3499984741211,126.87999725341797,126.87999725341797,1441600
2022-07-19,128.64999389648438,132.75,128.3699951171875,132.3000030517578,132.3000030517578,1454500
2022-07-20,132.7899932861328,134.14999389648438,132.0,133.85000610351562,133.85000610351562,1282000
2022-07-21,134.14999389648438,137.47000122070312,133.50999450683594,137.33999633789062,137.33999633789062,2001200
2022-07-22,137.57000732421875,138.8800048828125,135.74000549316406,136.64999389648438,136.64999389648438,1763500
2022-07-25,136.6999969482422,137.16000366210938,135.32000732421875,137.10000610351562,137.10000610351562,955900
2022-07-26,137.14999389648438,139.6300048828125,136.30999755859375,139.13999938964844,139.13999938964844,2103100
2022-07-27,139.6699981689453,142.5800018310547,138.85000610351562,141.6699981689453,141.6699981689453,1490400
2022-07-28,143.77000427246094,146.9600067138672,143.39999389648438,146.25999450683594,146.25999450683594,2759900
2022-07-29,146.25,149.1300048828125,145.9499969482422,148.38999938964844,148.38999938964844,1609300
2022-08-01,146.80999755859375,148.25999450683594,146.4199981689453,147.5,147.5,1886200
2022-08-02,148.5,151.47999572753906,146.25,146.38999938964844,146.38999938964844,2292500
2022-08-03,147.72999572753906,149.42999267578125,146.3000030517578,148.6999969482422,148.6999969482422,1377900
2022-08-04,149.22000122070312,149.9499969482422,148.3000030517578,148.7100067138672,148.7100067138672,1128900
2022-08-05,147.72999572753906,148.85000610351562,147.19000244140625,148.64999389648438,148.64999389648438,1243400
2022-08-08,150.1699981689453,150.6300048828125,147.5399932861328,147.92999267578125,147.92999267578125,1340600
2022-08-09,147.07000732421875,147.55999755859375,146.1999969482422,146.41000366210938,146.41000366210938,1170300
2022-08-10,149.60000610351562,149.99000549316406,148.25999450683594,149.33999633789062,149.33999633789062,1595300
2022-08-11,150.02999877929688,150.99000549316406,149.16000366210938,149.4499969482422,149.4499969482422,1434900
2022-08-12,150.16000366210938,152.50999450683594,149.89999389648438,152.44000244140625,152.44000244140625,1318600
2022-08-15,152.25999450683594,152.8699951171875,151.32000732421875,152.4199981689453,152.4199981689453,1123000
2022-08-16,150.7899932861328,153.57000732421875,150.25999450683594,153.10000610351562,153.10000610351562,1293600
2022-08-17,151.19000244140625,152.58999633789062,150.6199951171875,151.99000549316406,151.99000549316406,1036700
2022-08-18,152.27000427246094,153.82000732421875,151.5800018310547,153.35000610351562,153.35000610351562,1104800
2022-08-19,152.36000061035156,152.6999969482422,150.32000732421875,150.83999633789062,150.83999633789062,1308500
2022-08-22,148.3699951171875,148.8000030517578,146.2100067138672,146.75,146.75,1737000
2022-08-23,146.80999755859375,147.85000610351562,146.0399932861328,146.30999755859375,146.30999755859375,824500
2022-08-24,146.49000549316406,146.75,144.88999938964844,145.52000427246094,145.52000427246094,1030400
2022-08-25,146.6699981689453,148.0800018310547,146.17999267578125,148.0500030517578,148.0500030517578,1090700
2022-08-26,148.3699951171875,148.3699951171875,140.77000427246094,141.0800018310547,141.0800018310547,1743400
2022-08-29,139.94000244140625,142.00999450683594,139.22999572753906,140.7100067138672,140.7100067138672,1223900
2022-08-30,142.3800048828125,142.58999633789062,138.13999938964844,139.24000549316406,139.24000549316406,1153700
2022-08-31,139.94000244140625,139.94000244140625,136.10000610351562,136.63999938964844,136.63999938964844,2249900
2022-09-01,135.77999877929688,138.83999633789062,135.1699981689453,138.77000427246094,138.77000427246094,1538900
2022-09-02,140.47999572753906,140.69000244140625,136.8699951171875,137.3000030517578,137.3000030517578,1080200
2022-09-06,137.6999969482422,138.63999938964844,136.02000427246094,138.4600067138672,138.4600067138672,1388300
2022-09-07,138.4199981689453,142.1300048828125,138.10000610351562,141.27000427246094,141.27000427246094,2112600
2022-09-08,140.41000366210938,143.3699951171875,139.63999938964844,143.24000549316406,143.24000549316406,1716400
2022-09-09,143.80999755859375,146.25999450683594,143.58999633789062,145.7100067138672,145.7100067138672,1636900
2022-09-12,146.75,148.6199951171875,146.27999877929688,147.61000061035156,147.61000061035156,1570700
2022-09-13,144.13999938964844,145.47999572753906,141.82000732421875,142.50999450683594,142.50999450683594,1297800
2022-09-14,143.3699951171875,143.67999267578125,141.42999267578125,143.10000610351562,143.10000610351562,1461800
2022-09-15,142.75,145.00999450683594,140.9600067138672,141.11000061035156,141.11000061035156,1759700
2022-09-16,139.72000122070312,139.85000610351562,136.58999633789062,138.27000427246094,138.27000427246094,3415700
2022-09-19,137.1199951171875,140.47999572753906,137.1199951171875,140.22000122070312,140.22000122070312,1372700
2022-09-20,138.8699951171875,139.97000122070312,137.6199951171875,139.17999267578125,139.17999267578125,1621600
2022-09-21,140.61000061035156,142.00999450683594,137.7899932861328,137.8300018310547,137.8300018310547,1112700
2022-09-22,136.92999267578125,137.75999450683594,134.52999877929688,135.1300048828125,135.1300048828125,1871600
2022-09-23,133.85000610351562,134.60000610351562,132.25999450683594,134.13999938964844,134.13999938964844,1726400
2022-09-26,133.88999938964844,135.4600067138672,132.38999938964844,133.52999877929688,133.52999877929688,1674200
2022-09-27,135.00999450683594,135.41000366210938,129.85000610351562,131.3000030517578,131.3000030517578,2236800
2022-09-28,132.38999938964844,134.58999633789062,131.33999633789062,133.91000366210938,133.91000366210938,2346100
2022-09-29,132.2899932861328,134.30999755859375,131.2100067138672,134.14999389648438,134.14999389648438,2711000
2022-09-30,134.1699981689453,136.27000427246094,132.52999877929688,133.36000061035156,133.36000061035156,2739800
2022-10-03,134.47999572753906,139.4199981689453,133.8800048828125,137.7899932861328,137.7899932861328,1903900
2022-10-04,140.7899932861328,143.61000061035156,140.64999389648438,143.47999572753906,143.47999572753906,1996300
2022-10-05,142.1199951171875,145.75999450683594,141.8800048828125,144.5,144.5,2255400
2022-10-06,143.99000549316406,144.44000244140625,141.52999877929688,142.4499969482422,142.4499969482422,2381100
2022-10-07,140.42999267578125,140.63999938964844,135.82000732421875,136.8300018310547,136.8300018310547,1884600
2022-10-10,137.77999877929688,137.77999877929688,134.82000732421875,136.3800048828125,136.3800048828125,1860700
2022-10-11,135.05999755859375,138.16000366210938,134.27000427246094,136.4199981689453,136.4199981689453,1566200
2022-10-12,136.5399932861328,136.9600067138672,135.27999877929688,135.4499969482422,135.4499969482422,2073400
2022-10-13,132.75,139.5800018310547,132.00999450683594,138.10000610351562,138.10000610351562,2423400
2022-10-14,139.10000610351562,140.22999572753906,133.88999938964844,134.30999755859375,134.30999755859375,1863500
2022-10-17,136.33999633789062,139.0800018310547,136.33999633789062,138.22000122070312,138.22000122070312,1510100
2022-10-18,141.92999267578125,142.57000732421875,138.69000244140625,140.63999938964844,140.63999938964844,2003500
2022-10-19,139.8300018310547,140.97999572753906,138.25,139.0,139.0,1845100
2022-10-20,139.0399932861328,139.8000030517578,134.83999633789062,135.25999450683594,135.25999450683594,2079300
2022-10-21,135.69000244140625,139.55999755859375,134.80999755859375,139.3300018310547,139.3300018310547,2346200
2022-10-24,141.0,142.5399932861328,139.64999389648438,141.57000732421875,141.57000732421875,1358500
2022-10-25,140.82000732421875,146.13999938964844,140.82000732421875,146.0500030517578,146.0500030517578,2782400
2022-10-26,147.10000610351562,147.86000061035156,144.61000061035156,145.52000427246094,145.52000427246094,2057500
2022-10-27,146.74000549316406,147.88999938964844,146.22999572753906,146.69000244140625,146.69000244140625,2015100
2022-10-28,147.07000732421875,151.02999877929688,146.67999267578125,150.27999877929688,150.27999877929688,2885100
2022-10-31,149.0,151.6300048828125,148.7899932861328,150.07000732421875,150.07000732421875,2773200
2022-11-01,151.9600067138672,152.9199981689453,146.75999450683594,151.63999938964844,151.63999938964844,3128500
2022-11-02,152.0,156.72999572753906,150.47000122070312,150.61000061035156,150.61000061035156,2908100
2022-11-03,149.0399932861328,157.1199951171875,148.97000122070312,154.58999633789062,154.58999633789062,3720700
2022-11-04,159.1300048828125,159.9600067138672,155.3800048828125,158.69000244140625,158.69000244140625,2915600
2022-11-07,158.58999633789062,159.8699951171875,157.10000610351562,158.39999389648438,158.39999389648438,2339700
2022-11-08,159.0,159.97999572753906,157.0800018310547,158.19000244140625,158.19000244140625,1604100
2022-11-09,156.32000732421875,158.6300048828125,155.8800048828125,156.3000030517578,156.3000030517578,1485500
2022-11-10,160.5800018310547,162.5500030517578,159.5,162.1300048828125,162.1300048828125,2386300
2022-11-11,162.69000244140625,163.52000427246094,160.85000610351562,161.60000610351562,161.60000610351562,2361300
2022-11-14,161.0,164.22999572753906,160.50999450683594,161.64999389648438,161.64999389648438,1938400
2022-11-15,163.57000732421875,163.64999389648438,160.9600067138672,162.38999938964844,162.38999938964844,1485400
2022-11-16,161.86000061035156,162.77999877929688,160.2899932861328,161.74000549316406,161.74000549316406,1498500
2022-11-17,160.1300048828125,162.88999938964844,159.08999633789062,162.6300048828125,162.6300048828125,1523300
2022-11-18,164.27000427246094,165.1199951171875,162.47999572753906,165.00999450683594,165.00999450683594,1870100
2022-11-21,164.83999633789062,165.94000244140625,164.0500030517578,164.5500030517578,164.5500030517578,1227100
2022-11-22,165.25,166.8300018310547,164.72000122070312,166.47999572753906,166.47999572753906,1568900
2022-11-23,167.0,167.50999450683594,164.99000549316406,165.36000061035156,165.36000061035156,1401600
2022-11-25,166.41000366210938,167.22000122070312,165.77999877929688,166.11000061035156,166.11000061035156,628900
2022-11-28,164.69000244140625,165.75,161.8800048828125,162.5500030517578,162.5500030517578,1723100
2022-11-29,162.07000732421875,162.97999572753906,161.1199951171875,162.14999389648438,162.14999389648438,1073400
2022-11-30,161.7100067138672,163.7100067138672,159.05999755859375,163.4499969482422,163.4499969482422,2788400
2022-12-01,163.89999389648438,164.9199981689453,161.11000061035156,163.36000061035156,163.36000061035156,1486900
2022-12-02,161.05999755859375,163.57000732421875,159.07000732421875,163.30999755859375,163.30999755859375,1861700
2022-12-05,161.1999969482422,161.77999877929688,159.72999572753906,160.36000061035156,160.36000061035156,1313000
2022-12-06,159.60000610351562,160.14999389648438,156.3300018310547,157.80999755859375,157.80999755859375,1567700
2022-12-07,157.08999633789062,158.4199981689453,156.58999633789062,157.27000427246094,157.27000427246094,1798000
2022-12-08,157.88999938964844,158.86000061035156,157.27999877929688,158.75,158.75,1323200
2022-12-09,159.02999877929688,159.42999267578125,157.41000366210938,158.27999877929688,158.27999877929688,1069000
2022-12-12,158.39999389648438,161.0,157.8699951171875,160.8300018310547,160.8300018310547,1518000
2022-12-13,165.0,165.3300018310547,161.74000549316406,163.63999938964844,163.63999938964844,2038900
2022-12-14,163.6300048828125,164.5500030517578,160.72999572753906,161.36000061035156,161.36000061035156,1616100
2022-12-15,158.92999267578125,159.4199981689453,154.83999633789062,155.3800048828125,155.3800048828125,1892400
2022-12-16,153.47999572753906,155.0800018310547,151.58999633789062,154.5,154.5,3378400
2022-12-19,154.64999389648438,156.66000366210938,154.0500030517578,154.5,154.5,1466000
2022-12-20,154.55999755859375,156.3300018310547,153.77999877929688,155.91000366210938,155.91000366210938,1441200
2022-12-21,157.27000427246094,158.44000244140625,156.6999969482422,158.1199951171875,158.1199951171875,1331100
2022-12-22,156.9600067138672,157.2100067138672,153.6300048828125,156.11000061035156,156.11000061035156,1124900
2022-12-23,155.66000366210938,157.00999450683594,155.22000122070312,156.8000030517578,156.8000030517578,908000
2022-12-27,157.39999389648438,158.27999877929688,156.42999267578125,157.33999633789062,157.33999633789062,1337600
2022-12-28,157.60000610351562,158.16000366210938,155.50999450683594,155.75,155.75,724700
2022-12-29,157.05999755859375,158.1699981689453,156.61000061035156,157.35000610351562,157.35000610351562,874800
2022-12-30,156.94000244140625,157.4499969482422,155.6199951171875,156.9499969482422,156.9499969482422,826800
2023-01-03,158.0800018310547,158.94000244140625,155.94000244140625,157.75,157.75,1185400
2023-01-04,159.3699951171875,159.5500030517578,156.75,158.82000732421875,158.82000732421875,1396400
2023-01-05,157.89999389648438,158.8000030517578,156.24000549316406,157.1999969482422,157.1999969482422,1494700
2023-01-06,159.0399932861328,162.22999572753906,157.75999450683594,161.10000610351562,161.10000610351562,1732500
2023-01-09,161.5,164.27000427246094,160.60000610351562,160.8800048828125,160.8800048828125,1235900
2023-01-10,160.97999572753906,162.07000732421875,160.02999877929688,160.41000366210938,160.41000366210938,1709300
2023-01-11,160.88999938964844,164.17999267578125,160.4600067138672,164.08999633789062,164.08999633789062,1557400
2023-01-12,165.63999938964844,166.5,164.3000030517578,164.7100067138672,164.7100067138672,1656100
2023-01-13,163.9499969482422,165.11000061035156,163.17999267578125,164.4499969482422,164.4499969482422,1589900
2023-01-17,164.3699951171875,164.82000732421875,162.07000732421875,162.41000366210938,162.41000366210938,1823300
2023-01-18,162.8800048828125,163.22000122070312,157.30999755859375,157.52999877929688,157.52999877929688,1737000
2023-01-19,156.3699951171875,156.9199981689453,151.5800018310547,151.86000061035156,151.86000061035156,3001900
2023-01-20,152.52999877929688,155.60000610351562,150.86000061035156,155.50999450683594,155.50999450683594,1947800
2023-01-23,155.82000732421875,159.32000732421875,154.9499969482422,158.9199981689453,158.9199981689453,1513800
2023-01-24,159.25999450683594,162.52000427246094,156.60000610351562,161.69000244140625,161.69000244140625,1589800
2023-01-25,160.1300048828125,160.1300048828125,156.0800018310547,159.13999938964844,159.13999938964844,1341100
2023-01-26,160.49000549316406,161.55999755859375,158.4499969482422,160.89999389648438,160.89999389648438,1363100
2023-01-27,160.5,163.36000061035156,160.1199951171875,162.24000549316406,162.24000549316406,1283700
2023-01-30,161.00999450683594,162.60000610351562,160.6300048828125,160.8699951171875,160.8699951171875,1157700
2023-01-31,161.80999755859375,162.47999572753906,159.0800018310547,162.2100067138672,162.2100067138672,2146900
2023-02-01,161.6999969482422,164.72999572753906,160.88999938964844,163.33999633789062,163.33999633789062,1757800
2023-02-02,164.32000732421875,164.75999450683594,161.05999755859375,161.9600067138672,161.9600067138672,2637900
2023-02-03,161.1999969482422,163.75999450683594,160.72000122070312,163.24000549316406,163.24000549316406,1753200
2023-02-06,161.41000366210938,163.00999450683594,161.10000610351562,162.35000610351562,162.35000610351562,1681800
2023-02-07,161.27999877929688,164.7899932861328,161.27999877929688,164.49000549316406,164.49000549316406,2222400
2023-02-08,162.6300048828125,170.3699951171875,162.08999633789062,168.8800048828125,168.8800048828125,3937600
2023-02-09,169.38999938964844,170.8000030517578,166.97999572753906,167.27000427246094,167.27000427246094,3273600
2023-02-10,167.80999755859375,171.1699981689453,166.91000366210938,170.91000366210938,170.91000366210938,2256100
2023-02-13,171.5399932861328,175.61000061035156,171.4199981689453,174.32000732421875,174.32000732421875,2501600
2023-02-14,173.33999633789062,175.0399932861328,171.25999450683594,172.97000122070312,172.97000122070312,1244800
2023-02-15,172.44000244140625,173.83999633789062,171.66000366210938,173.75,173.75,1037600
2023-02-16,172.24000549316406,174.8000030517578,171.22999572753906,174.11000061035156,174.11000061035156,1497500
2023-02-17,174.0,176.19000244140625,172.92999267578125,175.24000549316406,175.24000549316406,1682700
2023-02-21,173.72000122070312,174.6199951171875,169.9499969482422,170.75999450683594,170.75999450683594,1484000
2023-02-22,171.22999572753906,173.14999389648438,170.4199981689453,171.30999755859375,171.30999755859375,1555400
2023-02-23,172.58999633789062,173.1699981689453,170.0,172.77999877929688,172.77999877929688,1286500
2023-02-24,170.41000366210938,173.2899932861328,170.0,173.25,173.25,1708100
2023-02-27,174.5500030517578,175.25,173.4199981689453,174.3800048828125,174.3800048828125,1927900
2023-02-28,173.99000549316406,175.41000366210938,173.47999572753906,174.92999267578125,174.92999267578125,2288500
2023-03-01,174.50999450683594,175.85000610351562,173.41000366210938,173.8300018310547,173.8300018310547,1676600
2023-03-02,172.82000732421875,175.4499969482422,171.9199981689453,175.14999389648438,175.14999389648438,1442200
2023-03-03,175.49000549316406,177.66000366210938,173.94000244140625,177.5500030517578,177.5500030517578,1546500
2023-03-06,177.72000122070312,178.75,176.83999633789062,177.14999389648438,177.14999389648438,1386100
2023-03-07,177.07000732421875,177.14999389648438,174.86000061035156,175.5,175.5,1605700
2023-03-08,175.74000549316406,177.4499969482422,175.1199951171875,177.2100067138672,177.2100067138672,1975500
2023-03-09,178.25999450683594,178.25999450683594,173.85000610351562,174.3699951171875,174.3699951171875,2014000
2023-03-10,174.64999389648438,174.67999267578125,169.8699951171875,170.3000030517578,170.3000030517578,2754200
2023-03-13,167.88999938964844,171.52999877929688,166.63999938964844,169.1699981689453,169.1699981689453,2337900
2023-03-14,172.1999969482422,173.38999938964844,169.3300018310547,171.8300018310547,171.8300018310547,2462300
2023-03-15,168.14999389648438,168.25,157.89999389648438,159.27000427246094,159.27000427246094,4526100
2023-03-16,159.47000122070312,165.07000732421875,157.91000366210938,164.3800048828125,164.3800048828125,3451800
2023-03-17,163.55999755859375,163.92999267578125,158.9600067138672,160.14999389648438,160.14999389648438,6000400
2023-03-20,162.7899932861328,164.6699981689453,161.6199951171875,163.55999755859375,163.55999755859375,2009000
2023-03-21,166.08999633789062,167.44000244140625,165.58999633789062,166.94000244140625,166.94000244140625,1517500
2023-03-22,167.0,170.5500030517578,166.1300048828125,166.16000366210938,166.16000366210938,2213200
2023-03-23,166.1199951171875,168.33999633789062,163.13999938964844,164.5399932861328,164.5399932861328,2143400
2023-03-24,163.4499969482422,164.0399932861328,160.22999572753906,163.63999938964844,163.63999938964844,2194900
2023-03-27,165.0800018310547,165.16000366210938,163.1300048828125,163.8800048828125,163.8800048828125,1890900
2023-03-28,163.9600067138672,165.66000366210938,163.88999938964844,165.58999633789062,165.58999633789062,1637400
2023-03-29,167.13999938964844,167.82000732421875,165.74000549316406,167.6300048828125,167.6300048828125,1789600
2023-03-30,169.2100067138672,170.7899932861328,168.32000732421875,169.08999633789062,169.08999633789062,1699800
2023-03-31,170.24000549316406,171.75999450683594,169.27000427246094,171.33999633789062,171.33999633789062,2931500
2023-04-03,170.52000427246094,172.19000244140625,169.7899932861328,170.5399932861328,170.5399932861328,1352800
2023-04-04,170.63999938964844,170.63999938964844,161.5500030517578,162.25,162.25,3301300
2023-04-05,160.52999877929688,161.33999633789062,156.83999633789062,158.47000122070312,158.47000122070312,3049100
2023-04-06,157.8000030517578,158.89999389648438,155.7100067138672,156.25,156.25,2653200
2023-04-10,155.60000610351562,157.8699951171875,155.3800048828125,157.44000244140625,157.44000244140625,2701400
2023-04-11,157.97999572753906,159.30999755859375,157.3000030517578,158.8000030517578,158.8000030517578,2167300
2023-04-12,160.97000122070312,163.67999267578125,160.49000549316406,162.22000122070312,162.22000122070312,2271400
2023-04-13,161.25,161.52999877929688,156.8000030517578,160.69000244140625,160.69000244140625,2676400
2023-04-14,161.58999633789062,163.83999633789062,160.5800018310547,161.82000732421875,161.82000732421875,1178400
2023-04-17,162.61000061035156,163.89999389648438,162.05999755859375,163.05999755859375,163.05999755859375,1439200
2023-04-18,163.9499969482422,165.6300048828125,163.39999389648438,163.69000244140625,163.69000244140625,1620100
2023-04-19,163.82000732421875,164.77999877929688,161.27000427246094,163.39999389648438,163.39999389648438,1525600
2023-04-20,162.14999389648438,163.88999938964844,161.9600067138672,162.9600067138672,162.9600067138672,1119500
2023-04-21,163.41000366210938,163.7899932861328,161.17999267578125,162.8800048828125,162.8800048828125,1046300
2023-04-24,162.75999450683594,163.94000244140625,162.75999450683594,163.7899932861328,163.7899932861328,1047500
2023-04-25,164.83999633789062,168.1699981689453,163.6300048828125,163.77999877929688,163.77999877929688,2216000
2023-04-26,162.14999389648438,163.72000122070312,161.1199951171875,161.9199981689453,161.9199981689453,1504900
2023-04-27,163.10000610351562,168.02999877929688,162.0399932861328,167.97000122070312,167.97000122070312,2086600
2023-04-28,167.3300018310547,168.4199981689453,166.27000427246094,167.1199951171875,167.1199951171875,2140200
2023-05-01,167.2100067138672,170.4199981689453,166.52999877929688,168.77999877929688,168.77999877929688,1794100
2023-05-02,168.88999938964844,174.02999877929688,166.39999389648438,173.25,173.25,3755400
2023-05-03,174.9499969482422,176.89999389648438,172.00999450683594,172.3800048828125,172.3800048828125,2200800
2023-05-04,171.36000061035156,171.38999938964844,167.35000610351562,168.44000244140625,168.44000244140625,2115300
2023-05-05,169.5500030517578,171.66000366210938,169.1999969482422,171.0500030517578,171.0500030517578,1914900
2023-05-08,171.67999267578125,171.9499969482422,168.55999755859375,169.8800048828125,169.8800048828125,1657400
2023-05-09,169.30999755859375,171.0,168.27999877929688,170.5500030517578,170.5500030517578,1100200
2023-05-10,171.61000061035156,172.2100067138672,167.25,169.11000061035156,169.11000061035156,1435400
2023-05-11,167.9600067138672,168.69000244140625,166.9499969482422,168.52000427246094,168.52000427246094,1145900
2023-05-12,169.77999877929688,170.2899932861328,166.7100067138672,168.5800018310547,168.5800018310547,892100
2023-05-15,169.0399932861328,171.00999450683594,168.42999267578125,169.9199981689453,169.9199981689453,1317000
2023-05-16,168.6699981689453,168.69000244140625,165.24000549316406,166.41000366210938,166.41000366210938,2031300
2023-05-17,167.2899932861328,171.4600067138672,167.19000244140625,171.0,171.0,2022500
2023-05-18,170.6199951171875,174.9499969482422,170.39999389648438,174.61000061035156,174.61000061035156,2729900
2023-05-19,175.57000732421875,177.49000549316406,172.0800018310547,174.14999389648438,174.14999389648438,1762100
2023-05-22,174.2100067138672,176.1300048828125,172.13999938964844,174.17999267578125,174.17999267578125,1459200
2023-05-23,172.7899932861328,174.27999877929688,170.97999572753906,171.36000061035156,171.36000061035156,1949000
2023-05-24,170.27999877929688,170.3000030517578,167.3300018310547,168.1699981689453,168.1699981689453,1952700
2023-05-25,174.50999450683594,177.3000030517578,172.6699981689453,176.9499969482422,176.9499969482422,3880800
2023-05-26,177.97999572753906,183.75,177.5800018310547,182.4600067138672,182.4600067138672,4137100
2023-05-30,183.50999450683594,184.97000122070312,180.41000366210938,181.80999755859375,181.80999755859375,2266900
2023-05-31,181.08999633789062,181.69000244140625,175.50999450683594,175.89999389648438,175.89999389648438,3138800
2023-06-01,176.50999450683594,180.02000427246094,175.2899932861328,179.0399932861328,179.0399932861328,2083700
2023-06-02,181.41000366210938,187.3800048828125,181.3000030517578,186.47999572753906,186.47999572753906,2763100
2023-06-05,186.3800048828125,186.3800048828125,183.1999969482422,183.58999633789062,183.58999633789062,1769400
2023-06-06,182.82000732421875,185.27000427246094,182.36000061035156,183.4199981689453,183.4199981689453,1176800
2023-06-07,183.47999572753906,188.72000122070312,182.1999969482422,188.60000610351562,188.60000610351562,2623000
2023-06-08,187.44000244140625,188.77999877929688,184.6999969482422,187.82000732421875,187.82000732421875,3045900
2023-06-09,187.89999389648438,188.22999572753906,185.0,187.3000030517578,187.3000030517578,1559300
2023-06-12,187.30999755859375,190.10000610351562,185.5500030517578,189.5500030517578,189.5500030517578,1434900
2023-06-13,189.2899932861328,193.89999389648438,188.35000610351562,193.86000061035156,193.86000061035156,1938500
2023-06-14,193.55999755859375,194.8800048828125,191.92999267578125,193.07000732421875,193.07000732421875,1836700
2023-06-15,192.69000244140625,197.49000549316406,192.1300048828125,196.88999938964844,196.88999938964844,2287400
2023-06-16,192.7899932861328,196.8800048828125,190.27999877929688,191.25999450683594,191.25999450683594,6249200
2023-06-20,189.58999633789062,194.57000732421875,189.25999450683594,194.22999572753906,194.22999572753906,2234900
2023-06-21,193.4499969482422,195.72000122070312,192.85000610351562,194.83999633789062,194.83999633789062,2497300
2023-06-22,194.9199981689453,196.47000122070312,193.14999389648438,195.60000610351562,195.60000610351562,2189800
2023-06-23,193.77999877929688,195.47999572753906,192.97000122070312,194.4600067138672,194.4600067138672,2299400
2023-06-26,194.47000122070312,197.92999267578125,194.25999450683594,196.0800018310547,196.0800018310547,1205900
2023-06-27,196.10000610351562,198.38999938964844,195.7100067138672,197.64999389648438,197.64999389648438,1560700
2023-06-28,197.9600067138672,197.9600067138672,194.14999389648438,194.75,194.75,2791100
2023-06-29,196.05999755859375,199.72000122070312,194.86000061035156,198.85000610351562,198.85000610351562,2471900
2023-06-30,199.80999755859375,202.36000061035156,199.17999267578125,201.10000610351562,201.10000610351562,1745600
2023-07-03,199.75,201.2100067138672,198.5,200.6300048828125,200.6300048828125,740900
2023-07-05,199.08999633789062,200.47999572753906,198.25999450683594,198.89999389648438,198.89999389648438,1585900
2023-07-06,197.5500030517578,198.75,196.35000610351562,197.75,197.75,1862900
2023-07-07,197.25,200.86000061035156,196.75999450683594,198.4600067138672,198.4600067138672,1586700
2023-07-10,199.19000244140625,203.14999389648438,198.94000244140625,203.05999755859375,203.05999755859375,1629100
2023-07-11,201.6699981689453,203.64999389648438,201.27000427246094,202.97000122070312,202.97000122070312,1769100
2023-07-12,205.0,205.02000427246094,201.66000366210938,201.9199981689453,201.9199981689453,1636500
2023-07-13,202.50999450683594,205.14999389648438,201.17999267578125,204.36000061035156,204.36000061035156,1498400
2023-07-14,203.9600067138672,204.33999633789062,202.10000610351562,203.4600067138672,203.4600067138672,1087000
2023-07-17,203.35000610351562,206.58999633789062,202.22000122070312,205.9600067138672,205.9600067138672,1385500
2023-07-18,206.2100067138672,210.72999572753906,205.97000122070312,210.33999633789062,210.33999633789062,2500100
2023-07-19,208.4199981689453,211.1999969482422,208.27999877929688,209.80999755859375,209.80999755859375,2516200
2023-07-20,210.8699951171875,211.8300018310547,209.86000061035156,210.91000366210938,210.91000366210938,1974400
2023-07-21,210.83999633789062,211.52000427246094,206.75999450683594,207.69000244140625,207.69000244140625,2583200
2023-07-24,208.3300018310547,209.67999267578125,207.0,207.36000061035156,207.36000061035156,1651300
2023-07-25,205.5800018310547,207.42999267578125,205.0800018310547,206.2899932861328,206.2899932861328,2275600
2023-07-26,204.83999633789062,205.97999572753906,200.86000061035156,203.0399932861328,203.0399932861328,2676100
2023-07-27,204.60000610351562,204.60000610351562,201.47999572753906,202.10000610351562,202.10000610351562,3367200
2023-07-28,203.91000366210938,204.57000732421875,202.25,203.3000030517578,203.3000030517578,2031400
2023-07-31,204.69000244140625,205.52999877929688,203.25,205.32000732421875,205.32000732421875,2346400
2023-08-01,211.38999938964844,219.89999389648438,211.0,219.0,219.0,5024400
2023-08-02,218.0800018310547,225.75999450683594,216.38999938964844,218.8699951171875,218.8699951171875,3603800
2023-08-03,217.74000549316406,219.44000244140625,215.63999938964844,217.10000610351562,217.10000610351562,2133200
2023-08-04,217.92999267578125,219.27999877929688,215.6999969482422,215.89999389648438,215.89999389648438,2043800
2023-08-07,217.32000732421875,221.72999572753906,217.0,221.08999633789062,221.08999633789062,1478500
2023-08-08,219.99000549316406,220.55999755859375,217.94000244140625,220.1999969482422,220.1999969482422,1593000
2023-08-09,219.91000366210938,220.55999755859375,216.9199981689453,217.8300018310547,217.8300018310547,1709300
2023-08-10,217.6199951171875,220.0399932861328,215.89999389648438,216.92999267578125,216.92999267578125,1314000
2023-08-11,217.69000244140625,219.72000122070312,217.0500030517578,218.36000061035156,218.36000061035156,1034200
2023-08-14,217.27999877929688,220.13999938964844,217.27000427246094,219.0399932861328,219.0399932861328,1274300
2023-08-15,217.8000030517578,218.63999938964844,216.7899932861328,217.94000244140625,217.94000244140625,965600
2023-08-16,218.0,219.89999389648438,216.0,216.08999633789062,216.08999633789062,1245500
2023-08-17,216.86000061035156,218.47000122070312,213.86000061035156,214.3800048828125,214.3800048828125,1092100
2023-08-18,212.74000549316406,216.27000427246094,212.10000610351562,214.64999389648438,214.64999389648438,1728600
2023-08-21,215.47999572753906,216.22999572753906,213.05999755859375,215.74000549316406,215.74000549316406,1342900
2023-08-22,217.11000061035156,217.83999633789062,215.33999633789062,217.2899932861328,217.2899932861328,1492900
2023-08-23,217.77000427246094,222.7899932861328,217.77000427246094,221.3000030517578,221.3000030517578,1757700
2023-08-24,221.8000030517578,224.17999267578125,220.7100067138672,220.91000366210938,220.91000366210938,2822600
2023-08-25,222.0,225.5,219.63999938964844,224.25,224.25,2433500
2023-08-28,224.22000122070312,227.6999969482422,224.16000366210938,226.24000549316406,226.24000549316406,1611300
2023-08-29,225.08999633789062,228.83999633789062,225.08999633789062,228.0800018310547,228.0800018310547,1392100
2023-08-30,229.0399932861328,230.22999572753906,227.9600067138672,230.0800018310547,230.0800018310547,1235500
2023-08-31,230.0,232.24000549316406,229.38999938964844,230.3699951171875,230.3699951171875,2040900
2023-09-01,231.44000244140625,233.97999572753906,231.17999267578125,233.6699981689453,233.6699981689453,1423100
