Date,Open,High,Low,Close,Adj Close,Volume
2004-08-02,43470001537024.0,44717400129536.0,42902998745088.0,42978601074688.0,42978601074688.0,0
2004-08-03,43394399207424.0,43583398739968.0,42524999680000.0,43091998277632.0,43091998277632.0,0
2004-08-04,43091998277632.0,43091998277632.0,42147000614912.0,42676200144896.0,42676200144896.0,0
2004-08-05,42713999212544.0,42713999212544.0,40068001562624.0,41504399687680.0,41504399687680.0,0
2004-08-06,41201998757888.0,41239802019840.0,40068001562624.0,41201998757888.0,41201998757888.0,0
2004-08-09,41201998757888.0,41353199222784.0,40823999692800.0,40823999692800.0,40823999692800.0,0
2004-08-10,41201998757888.0,42373799215104.0,41201998757888.0,41995800150016.0,41995800150016.0,0
2004-08-11,41769001549824.0,42336000147456.0,41769001549824.0,42260402012160.0,42260402012160.0,0
2004-08-12,42260402012160.0,42260402012160.0,40257001095168.0,41390998290432.0,41390998290432.0,0
2004-08-13,41769001549824.0,41769001549824.0,41428801552384.0,41542198755328.0,41542198755328.0,0
2004-08-16,41580002017280.0,41580002017280.0,41164199690240.0,41542198755328.0,41542198755328.0,0
2004-08-17,40446000627712.0,42524999680000.0,40446000627712.0,41769001549824.0,41769001549824.0,0
2004-08-18,41731198287872.0,42147000614912.0,41731198287872.0,41731198287872.0,41731198287872.0,0
2004-08-19,41693399220224.0,41731198287872.0,41466600620032.0,41580002017280.0,41580002017280.0,0
2004-08-20,41693399220224.0,41693399220224.0,41277601087488.0,41428801552384.0,41428801552384.0,0
2004-08-23,41201998757888.0,41466600620032.0,39727801565184.0,40975200157696.0,40975200157696.0,0
2004-08-24,42524999680000.0,42524999680000.0,39954600165376.0,41201998757888.0,41201998757888.0,0
2004-08-25,41958001082368.0,41958001082368.0,40446000627712.0,41201998757888.0,41201998757888.0,0
2004-08-26,41201998757888.0,44377200132096.0,41201998757888.0,41315400155136.0,41315400155136.0,0
2004-08-27,41844599685120.0,42713999212544.0,41012999225344.0,41050798292992.0,41050798292992.0,0
2004-08-30,42524999680000.0,42524999680000.0,41239802019840.0,41466600620032.0,41466600620032.0,0
2004-08-31,47212201508864.0,50085001953280.0,43281002004480.0,44301601996800.0,44301601996800.0,0
2004-09-01,43885799669760.0,45246599659520.0,42713999212544.0,42713999212544.0,42713999212544.0,0
2004-09-02,43848000602112.0,44414999199744.0,41995800150016.0,42940802007040.0,42940802007040.0,0
2004-09-03,43507800604672.0,43507800604672.0,41958001082368.0,42524999680000.0,42524999680000.0,0
2004-09-07,42524999680000.0,43507800604672.0,41428801552384.0,43394399207424.0,43394399207424.0,0
2004-09-08,43470001537024.0,43848000602112.0,42902998745088.0,42902998745088.0,42902998745088.0,0
2004-09-09,43507800604672.0,43507800604672.0,40635000160256.0,41580002017280.0,41580002017280.0,0
2004-09-10,42411598282752.0,42978601074688.0,41088601554944.0,42373799215104.0,42373799215104.0,0
2004-09-13,42524999680000.0,45360001056768.0,42033599217664.0,44792998264832.0,44792998264832.0,0
2004-09-14,45095399194624.0,45473398259712.0,44037000134656.0,44414999199744.0,44414999199744.0,0
2004-09-15,45171001524224.0,45171001524224.0,44037000134656.0,44528400596992.0,44528400596992.0,0
2004-09-16,44225999667200.0,45322201989120.0,43507800604672.0,44225999667200.0,44225999667200.0,0
2004-09-17,44528400596992.0,44792998264832.0,43281002004480.0,43848000602112.0,43848000602112.0,0
2004-09-20,43885799669760.0,48573001498624.0,43848000602112.0,48194998239232.0,48194998239232.0,0
2004-09-21,49480200093696.0,53487001927680.0,48573001498624.0,51407998681088.0,51407998681088.0,0
2004-09-22,53184600997888.0,59308200951808.0,51181200080896.0,52277398208512.0,52277398208512.0,0
2004-09-23,54394200522752.0,57153599569920.0,53335801462784.0,55566000979968.0,55566000979968.0,0
2004-09-24,55944000045056.0,57078001434624.0,52353000538112.0,53827201925120.0,53827201925120.0,0
2004-09-27,54545400987648.0,55944000045056.0,52919999135744.0,54167401922560.0,54167401922560.0,0
2004-09-28,58703399092224.0,59723999084544.0,56321999110144.0,58590001889280.0,58590001889280.0,0
2004-09-29,60253198614528.0,62559000461312.0,58552198627328.0,59534999552000.0,59534999552000.0,0
2004-09-30,60253198614528.0,60858000474112.0,59497200484352.0,60442198147072.0,60442198147072.0,0
2004-10-01,61349400936448.0,61387200004096.0,57645000032256.0,60328800944128.0,60328800944128.0,0
2004-10-04,61387200004096.0,61462798139392.0,56889001902080.0,58174199562240.0,58174199562240.0,0
2004-10-05,58590001889280.0,66149999968256.0,58590001889280.0,65809799970816.0,65809799970816.0,0
2004-10-06,67662000422912.0,73332003176448.0,66187799035904.0,69740999475200.0,69740999475200.0,0
2004-10-07,73256396652544.0,73256396652544.0,66754801827840.0,70421399470080.0,70421399470080.0,0
2004-10-08,71101799464960.0,71857797595136.0,68493600882688.0,71064000397312.0,71064000397312.0,0
2004-10-11,71404200394752.0,71593204121600.0,63352801853440.0,65318399508480.0,65318399508480.0,0
2004-10-12,62634598596608.0,64978199511040.0,59723999084544.0,60480001409024.0,60480001409024.0,0
2004-10-13,60933598609408.0,61538400468992.0,55641599115264.0,56889001902080.0,56889001902080.0,0
2004-10-14,56019598180352.0,65204998111232.0,55566000979968.0,64260000448512.0,64260000448512.0,0
2004-10-15,67775401820160.0,68039999488000.0,64826999046144.0,66112200900608.0,66112200900608.0,0
2004-10-18,66905998098432.0,68039999488000.0,64297799516160.0,65242801373184.0,65242801373184.0,0
2004-10-19,61424999071744.0,63768599986176.0,59421598154752.0,61311601868800.0,61311601868800.0,0
2004-10-20,59534999552000.0,63239400456192.0,59534999552000.0,62067599998976.0,62067599998976.0,0
2004-10-21,63125999058944.0,63503998124032.0,60971401871360.0,62294398599168.0,62294398599168.0,0
2004-10-22,63428399988736.0,63503998124032.0,61424999071744.0,61992001863680.0,61992001863680.0,0
2004-10-25,63352801853440.0,67284001357824.0,62294398599168.0,64675798581248.0,64675798581248.0,0
2004-10-26,64637999513600.0,65923201368064.0,63314998591488.0,64260000448512.0,64260000448512.0,0
2004-10-27,65204998111232.0,65961000435712.0,63466199056384.0,64637999513600.0,64637999513600.0,0
2004-10-28,63693001850880.0,65923201368064.0,62559000461312.0,63919800451072.0,63919800451072.0,0
2004-10-29,64297799516160.0,65583001370624.0,64260000448512.0,64637999513600.0,64637999513600.0,0
2004-11-01,65847599038464.0,65847599038464.0,63882001383424.0,64713601843200.0,64713601843200.0,0
2004-11-02,67473000890368.0,68039999488000.0,60480001409024.0,60858000474112.0,60858000474112.0,0
2004-11-03,62370000928768.0,63466199056384.0,57796200497152.0,59799601414144.0,59799601414144.0,0
2004-11-04,60858000474112.0,62181001396224.0,59761798152192.0,60631201873920.0,60631201873920.0,0
2004-11-05,59308200951808.0,61235999539200.0,58211998629888.0,59346000019456.0,59346000019456.0,0
2004-11-08,59912998617088.0,61235999539200.0,59421598154752.0,60895799541760.0,60895799541760.0,0
2004-11-09,61613998604288.0,62332201861120.0,61047000006656.0,61802998136832.0,61802998136832.0,0
2004-11-10,61992001863680.0,63957599518720.0,61765199069184.0,63730800918528.0,63730800918528.0,0
2004-11-11,64637999513600.0,64826999046144.0,62785799061504.0,63352801853440.0,63352801853440.0,0
2004-11-12,63655198588928.0,63806399053824.0,61689600933888.0,63125999058944.0,63125999058944.0,0
2004-11-15,63806399053824.0,64940400443392.0,62634598596608.0,63844198121472.0,63844198121472.0,0
2004-11-16,64562401378304.0,69325201342464.0,63503998124032.0,69325201342464.0,69325201342464.0,0
2004-11-17,70496997605376.0,73861198512128.0,64751400910848.0,67246198095872.0,67246198095872.0,0
2004-11-18,66905998098432.0,70043400404992.0,64940400443392.0,69892199940096.0,69892199940096.0,0
2004-11-19,70534796673024.0,70874996670464.0,66905998098432.0,69854400872448.0,69854400872448.0,0
2004-11-22,71819998527488.0,77830201278464.0,70345801334784.0,77603398483968.0,77603398483968.0,0
2004-11-23,77225399418880.0,79379996606464.0,75411002228736.0,78850801270784.0,78850801270784.0,0
2004-11-24,81156603117568.0,83500204032000.0,76620597559296.0,83348999372800.0,83348999372800.0,0
2004-11-26,84067198435328.0,86940003074048.0,83651400302592.0,86750999347200.0,86750999347200.0,0
2004-11-29,91249197449216.0,91249197449216.0,85239003086848.0,86637602144256.0,86637602144256.0,0
2004-11-30,84974401224704.0,86940003074048.0,81874802180096.0,85239003086848.0,85239003086848.0,0
2004-12-01,85049999360000.0,86486397485056.0,75599997566976.0,79379996606464.0,79379996606464.0,0
2004-12-02,78245999411200.0,79493402198016.0,72349202251776.0,72387001319424.0,72387001319424.0,0
2004-12-03,72802799452160.0,80627399393280.0,72462599454720.0,80060396601344.0,80060396601344.0,0
2004-12-06,85049999360000.0,85049999360000.0,80362797531136.0,81270000320512.0,81270000320512.0,0
2004-12-07,82215002177536.0,82403997515776.0,73898997579776.0,75033003163648.0,75033003163648.0,0
2004-12-08,72613804113920.0,77754603143168.0,72273604116480.0,74390402236416.0,74390402236416.0,0
2004-12-09,74314804101120.0,75599997566976.0,72273604116480.0,73142999449600.0,73142999449600.0,0
2004-12-10,74919597572096.0,76922998489088.0,68644801347584.0,69363000410112.0,69363000410112.0,0
2004-12-13,69929999007744.0,74768401301504.0,69476401807360.0,74125800374272.0,74125800374272.0,0
2004-12-14,73898997579776.0,74692803166208.0,70686001332224.0,71328602259456.0,71328602259456.0,0
2004-12-15,71819998527488.0,73710002241536.0,70912804126720.0,72840598519808.0,72840598519808.0,0
2004-12-16,73710002241536.0,74617196642304.0,71819998527488.0,72651603181568.0,72651603181568.0,0
2004-12-17,73520998514688.0,73710002241536.0,71290803191808.0,71782199459840.0,71782199459840.0,0
2004-12-20,72765000384512.0,73785600376832.0,70874996670464.0,71819998527488.0,71819998527488.0,0
2004-12-21,73672203173888.0,73672203173888.0,71177397600256.0,71782199459840.0,71782199459840.0,0
2004-12-22,71819998527488.0,72500398522368.0,69778798542848.0,69778798542848.0,69778798542848.0,0
2004-12-23,69778798542848.0,69929999007744.0,63503998124032.0,65204998111232.0,65204998111232.0,0
2004-12-27,64260000448512.0,65394001838080.0,61916399534080.0,63125999058944.0,63125999058944.0,0
2004-12-28,63163798126592.0,65129399975936.0,62483398131712.0,64222201380864.0,64222201380864.0,0
2004-12-29,62559000461312.0,63844198121472.0,60669000941568.0,61084799074304.0,61084799074304.0,0
2004-12-30,61462798139392.0,61954198601728.0,60669000941568.0,61613998604288.0,61613998604288.0,0
2004-12-31,62143198134272.0,62181001396224.0,58968000954368.0,61424999071744.0,61424999071744.0,0
2005-01-03,61651801866240.0,61651801866240.0,55641599115264.0,56699998175232.0,56699998175232.0,0
2005-01-04,54243000057856.0,57267000967168.0,53865000992768.0,55528201912320.0,55528201912320.0,0
2005-01-05,57493799567360.0,59157000486912.0,56321999110144.0,56624400039936.0,56624400039936.0,0
2005-01-06,57191398637568.0,59912998617088.0,56737801437184.0,58174199562240.0,58174199562240.0,0
2005-01-07,58627800956928.0,58816800489472.0,55981799112704.0,55981799112704.0,55981799112704.0,0
2005-01-10,57078001434624.0,58514399559680.0,56321999110144.0,56397601439744.0,56397601439744.0,0
2005-01-11,56284200042496.0,57267000967168.0,54469798658048.0,54885600985088.0,54885600985088.0,0
2005-01-12,55188001914880.0,56397601439744.0,54243000057856.0,55225800982528.0,55225800982528.0,0
2005-01-13,56170798645248.0,58022999097344.0,54998998188032.0,56813399572480.0,56813399572480.0,0
2005-01-14,57720598167552.0,62256599531520.0,57720598167552.0,62067599998976.0,62067599998976.0,0
2005-01-18,63957599518720.0,64448999981056.0,59950801879040.0,60744599076864.0,60744599076864.0,0
2005-01-19,61235999539200.0,61235999539200.0,59308200951808.0,59421598154752.0,59421598154752.0,0
2005-01-20,58022999097344.0,60669000941568.0,56284200042496.0,59534999552000.0,59534999552000.0,0
2005-01-21,60139801411584.0,60858000474112.0,58968000954368.0,60101998149632.0,60101998149632.0,0
2005-01-24,61840801398784.0,62370000928768.0,57796200497152.0,58022999097344.0,58022999097344.0,0
2005-01-25,58930201886720.0,60064199081984.0,58022999097344.0,58552198627328.0,58552198627328.0,0
2005-01-26,58552198627328.0,59988600946688.0,57758401429504.0,59723999084544.0,59723999084544.0,0
2005-01-27,61765199069184.0,63012601856000.0,60933598609408.0,61651801866240.0,61651801866240.0,0
2005-01-28,62747999993856.0,62861401391104.0,60215399546880.0,62747999993856.0,62747999993856.0,0
2005-01-31,63012601856000.0,64826999046144.0,62370000928768.0,63844198121472.0,63844198121472.0,0
2005-02-01,64637999513600.0,66338999500800.0,64071000915968.0,66301200433152.0,66301200433152.0,0
2005-02-02,67095001825280.0,71819998527488.0,66565798100992.0,71744400392192.0,71744400392192.0,0
2005-02-03,71593204121600.0,71819998527488.0,68985001345024.0,71064000397312.0,71064000397312.0,0
2005-02-04,71744400392192.0,71744400392192.0,66868199030784.0,68077798555648.0,68077798555648.0,0
2005-02-07,68531399950336.0,70799398535168.0,66943801360384.0,68796001812480.0,68796001812480.0,0
2005-02-08,68606998085632.0,68796001812480.0,67095001825280.0,68039999488000.0,68039999488000.0,0
2005-02-09,68039999488000.0,71139598532608.0,67057198563328.0,68796001812480.0,68796001812480.0,0
2005-02-10,69929999007744.0,73710002241536.0,69174000877568.0,73710002241536.0,73710002241536.0,0
2005-02-11,73823399444480.0,74466000371712.0,71253004124160.0,73710002241536.0,73710002241536.0,0
2005-02-14,75033003163648.0,77300997554176.0,74088001306624.0,76356004085760.0,76356004085760.0,0
2005-02-15,78245999411200.0,78435003138048.0,70761599467520.0,72197997592576.0,72197997592576.0,0
2005-02-16,72575996657664.0,74201398509568.0,68228999020544.0,74201398509568.0,74201398509568.0,0
2005-02-17,74655004098560.0,75108601298944.0,72009002254336.0,72916196655104.0,72916196655104.0,0
2005-02-18,77300997554176.0,77868000346112.0,74655004098560.0,75146400366592.0,75146400366592.0,0
2005-02-22,76960797556736.0,79758004060160.0,76053603155968.0,76544999424000.0,76544999424000.0,0
2005-02-23,76356004085760.0,78170401275904.0,75221998501888.0,75599997566976.0,75599997566976.0,0
2005-02-24,76393803153408.0,77149801283584.0,75221998501888.0,76771802218496.0,76771802218496.0,0
2005-02-25,76582798491648.0,77414403145728.0,75902398496768.0,76734003150848.0,76734003150848.0,0
2005-02-28,78623998476288.0,83160004034560.0,76771802218496.0,81572401250304.0,81572401250304.0,0
2005-03-01,81610200317952.0,81912601247744.0,78245999411200.0,79039796609024.0,79039796609024.0,0
2005-03-02,79304398471168.0,80778604052480.0,77490001281024.0,78586199408640.0,78586199408640.0,0
2005-03-03,78586199408640.0,79606799400960.0,72009002254336.0,74541598507008.0,74541598507008.0,0
2005-03-04,75221998501888.0,77868000346112.0,74655004098560.0,76620597559296.0,76620597559296.0,0
2005-03-07,76053603155968.0,77678996619264.0,73747801309184.0,74692803166208.0,74692803166208.0,0
2005-03-08,74088001306624.0,74806200369152.0,68909399015424.0,70345801334784.0,70345801334784.0,0
2005-03-09,70572604129280.0,72387001319424.0,69967798075392.0,71215196667904.0,71215196667904.0,0
2005-03-10,72575996657664.0,72613804113920.0,64637999513600.0,65847599038464.0,65847599038464.0,0
2005-03-11,66943801360384.0,69363000410112.0,66943801360384.0,68191199952896.0,68191199952896.0,0
2005-03-14,69816601804800.0,70232399937536.0,68039999488000.0,69098398547968.0,69098398547968.0,0
2005-03-15,70648202264576.0,70874996670464.0,68569199017984.0,68871599947776.0,68871599947776.0,0
2005-03-16,68228999020544.0,70534796673024.0,67095001825280.0,68493600882688.0,68493600882688.0,0
2005-03-17,69665401339904.0,72575996657664.0,69665401339904.0,71290803191808.0,71290803191808.0,0
2005-03-18,72273604116480.0,72575996657664.0,70194600869888.0,71101799464960.0,71101799464960.0,0
2005-03-21,72500398522368.0,72538197590016.0,70307998072832.0,71253004124160.0,71253004124160.0,0
2005-03-22,71819998527488.0,73710002241536.0,71328602259456.0,71517597597696.0,71517597597696.0,0
2005-03-23,71328602259456.0,71441999462400.0,65204998111232.0,67964401352704.0,67964401352704.0,0
2005-03-24,68266798088192.0,69740999475200.0,68039999488000.0,69551999942656.0,69551999942656.0,0
2005-03-28,69514200875008.0,69514200875008.0,67019399495680.0,68758198550528.0,68758198550528.0,0
2005-03-29,67699799490560.0,68871599947776.0,65545198108672.0,66716998565888.0,66716998565888.0,0
2005-03-30,67662000422912.0,68039999488000.0,66187799035904.0,67813200887808.0,67813200887808.0,0
2005-03-31,70648202264576.0,70950603194368.0,68342400417792.0,70118998540288.0,70118998540288.0,0
2005-04-01,71215196667904.0,72084600389632.0,69740999475200.0,70383600402432.0,70383600402432.0,0
2005-04-04,71328602259456.0,73256396652544.0,71139598532608.0,71706601324544.0,71706601324544.0,0
2005-04-05,71441999462400.0,72462599454720.0,69589799010304.0,69929999007744.0,69929999007744.0,0
2005-04-06,69929999007744.0,70118998540288.0,67662000422912.0,69438598545408.0,69438598545408.0,0
2005-04-07,69438598545408.0,70874996670464.0,69098398547968.0,70307998072832.0,70307998072832.0,0
2005-04-08,70912804126720.0,70912804126720.0,68380199485440.0,68682600415232.0,68682600415232.0,0
2005-04-11,68644801347584.0,69060599480320.0,66905998098432.0,68002200420352.0,68002200420352.0,0
2005-04-12,68002200420352.0,68909399015424.0,66263401365504.0,68153400885248.0,68153400885248.0,0
2005-04-13,68039999488000.0,68077798555648.0,65091600908288.0,65885398106112.0,65885398106112.0,0
2005-04-14,65507399041024.0,65885398106112.0,62559000461312.0,63012601856000.0,63012601856000.0,0
2005-04-15,62747999993856.0,63012601856000.0,59270401884160.0,59686200016896.0,59686200016896.0,0
2005-04-18,59383799087104.0,60177600479232.0,56170798645248.0,58892398624768.0,58892398624768.0,0
2005-04-19,59799601414144.0,62559000461312.0,58968000954368.0,62483398131712.0,62483398131712.0,0
2005-04-20,63163798126592.0,63693001850880.0,60858000474112.0,61613998604288.0,61613998604288.0,0
2005-04-21,62370000928768.0,65015998578688.0,62181001396224.0,64713601843200.0,64713601843200.0,0
2005-04-22,64713601843200.0,65015998578688.0,63352801853440.0,64297799516160.0,64297799516160.0,0
2005-04-25,64335598583808.0,65053801840640.0,63693001850880.0,64826999046144.0,64826999046144.0,0
2005-04-26,65015998578688.0,65507399041024.0,60669000941568.0,61727400001536.0,61727400001536.0,0
2005-04-27,61727400001536.0,61727400001536.0,59346000019456.0,60669000941568.0,60669000941568.0,0
2005-04-28,58968000954368.0,60366600011776.0,58174199562240.0,58514399559680.0,58514399559680.0,0
2005-04-29,59648400949248.0,60064199081984.0,58590001889280.0,58968000954368.0,58968000954368.0,0
2005-05-02,58968000954368.0,59534999552000.0,58098601426944.0,59534999552000.0,59534999552000.0,0
2005-05-03,60177600479232.0,60177600479232.0,58211998629888.0,58703399092224.0,58703399092224.0,0
2005-05-04,58779001421824.0,58930201886720.0,57229201899520.0,58590001889280.0,58590001889280.0,0
2005-05-05,58514399559680.0,60253198614528.0,58211998629888.0,58627800956928.0,58627800956928.0,0
2005-05-06,59799601414144.0,59912998617088.0,58741198159872.0,59119201419264.0,59119201419264.0,0
2005-05-09,59346000019456.0,60101998149632.0,57833999564800.0,58816800489472.0,58816800489472.0,0
2005-05-10,58022999097344.0,58968000954368.0,57645000032256.0,57985200029696.0,57985200029696.0,0
2005-05-11,57833999564800.0,58400998162432.0,56699998175232.0,57380398170112.0,57380398170112.0,0
2005-05-12,57456000499712.0,57456000499712.0,53713800527872.0,54809998655488.0,54809998655488.0,0
2005-05-13,55225800982528.0,57947400962048.0,54545400987648.0,57947400962048.0,57947400962048.0,0
2005-05-16,60291001876480.0,60291001876480.0,58703399092224.0,59346000019456.0,59346000019456.0,0
2005-05-17,59534999552000.0,63655198588928.0,59383799087104.0,62370000928768.0,62370000928768.0,0
2005-05-18,62936999526400.0,64222201380864.0,60480001409024.0,61613998604288.0,61613998604288.0,0
2005-05-19,60782398144512.0,61424999071744.0,59157000486912.0,60026400014336.0,60026400014336.0,0
2005-05-20,60291001876480.0,60404399079424.0,58627800956928.0,59723999084544.0,59723999084544.0,0
2005-05-23,59572798619648.0,60215399546880.0,58022999097344.0,58627800956928.0,58627800956928.0,0
2005-05-24,59723999084544.0,60971401871360.0,59119201419264.0,59912998617088.0,59912998617088.0,0
2005-05-25,59761798152192.0,60631201873920.0,58968000954368.0,60442198147072.0,60442198147072.0,0
2005-05-26,60480001409024.0,61235999539200.0,59799601414144.0,61235999539200.0,61235999539200.0,0
2005-05-27,61235999539200.0,61500601401344.0,60480001409024.0,60782398144512.0,60782398144512.0,0
2005-05-31,60744599076864.0,60820201406464.0,59723999084544.0,60253198614528.0,60253198614528.0,0
2005-06-01,59723999084544.0,60026400014336.0,58779001421824.0,59572798619648.0,59572798619648.0,0
2005-06-02,59346000019456.0,60820201406464.0,59308200951808.0,59950801879040.0,59950801879040.0,0
2005-06-03,59875199549440.0,60555599544320.0,59308200951808.0,59648400949248.0,59648400949248.0,0
2005-06-06,59875199549440.0,60404399079424.0,59534999552000.0,59912998617088.0,59912998617088.0,0
2005-06-07,59723999084544.0,60026400014336.0,58590001889280.0,58968000954368.0,58968000954368.0,0
2005-06-08,58400998162432.0,59157000486912.0,57909601894400.0,58022999097344.0,58022999097344.0,0
2005-06-09,57871798632448.0,58590001889280.0,57267000967168.0,57758401429504.0,57758401429504.0,0
2005-06-10,57682799099904.0,57871798632448.0,56699998175232.0,57531598635008.0,57531598635008.0,0
2005-06-13,57456000499712.0,58400998162432.0,57115800502272.0,57758401429504.0,57758401429504.0,0
2005-06-14,57607200964608.0,58060798164992.0,56699998175232.0,56964600037376.0,56964600037376.0,0
2005-06-15,57078001434624.0,57682799099904.0,56775600504832.0,57078001434624.0,57078001434624.0,0
2005-06-16,57153599569920.0,57342599102464.0,56775600504832.0,56851198640128.0,56851198640128.0,0
2005-06-17,56889001902080.0,57342599102464.0,56775600504832.0,57040198172672.0,57040198172672.0,0
2005-06-20,56889001902080.0,57040198172672.0,55679398182912.0,55944000045056.0,55944000045056.0,0
2005-06-21,55755000512512.0,55868401909760.0,54885600985088.0,55036801449984.0,55036801449984.0,0
2005-06-22,55452599582720.0,58400998162432.0,55377001447424.0,58211998629888.0,58211998629888.0,0
2005-06-23,58400998162432.0,59761798152192.0,58022999097344.0,59421598154752.0,59421598154752.0,0
2005-06-24,59723999084544.0,59950801879040.0,58363199094784.0,59383799087104.0,59383799087104.0,0
2005-06-27,59383799087104.0,59875199549440.0,58779001421824.0,58968000954368.0,58968000954368.0,0
2005-06-28,58779001421824.0,61198200471552.0,58779001421824.0,60669000941568.0,60669000941568.0,0
2005-06-29,61613998604288.0,62181001396224.0,59950801879040.0,60404399079424.0,60404399079424.0,0
2005-06-30,60631201873920.0,61009200939008.0,59572798619648.0,59988600946688.0,59988600946688.0,0
2005-07-01,59837400481792.0,60442198147072.0,58400998162432.0,59799601414144.0,59799601414144.0,0
2005-07-05,59799601414144.0,60026400014336.0,58590001889280.0,59497200484352.0,59497200484352.0,0
2005-07-06,60480001409024.0,60782398144512.0,59648400949248.0,59988600946688.0,59988600946688.0,0
2005-07-07,60101998149632.0,60101998149632.0,59157000486912.0,59723999084544.0,59723999084544.0,0
2005-07-08,59837400481792.0,60328800944128.0,59232598622208.0,59686200016896.0,59686200016896.0,0
2005-07-11,60101998149632.0,60404399079424.0,59723999084544.0,60366600011776.0,60366600011776.0,0
2005-07-12,60782398144512.0,63503998124032.0,60744599076864.0,63125999058944.0,63125999058944.0,0
2005-07-13,63125999058944.0,63882001383424.0,61992001863680.0,62256599531520.0,62256599531520.0,0
2005-07-14,62559000461312.0,63163798126592.0,60971401871360.0,61878600466432.0,61878600466432.0,0
2005-07-15,61727400001536.0,61954198601728.0,60669000941568.0,61084799074304.0,61084799074304.0,0
2005-07-18,61084799074304.0,61235999539200.0,59799601414144.0,60101998149632.0,60101998149632.0,0
2005-07-19,60139801411584.0,60669000941568.0,58400998162432.0,58665600024576.0,58665600024576.0,0
2005-07-20,58590001889280.0,60404399079424.0,58400998162432.0,60253198614528.0,60253198614528.0,0
2005-07-21,60101998149632.0,60366600011776.0,58779001421824.0,59157000486912.0,59157000486912.0,0
2005-07-22,59346000019456.0,60101998149632.0,58627800956928.0,59383799087104.0,59383799087104.0,0
2005-07-25,59421598154752.0,59534999552000.0,58249801891840.0,58741198159872.0,58741198159872.0,0
2005-07-26,58665600024576.0,59383799087104.0,57947400962048.0,58136400494592.0,58136400494592.0,0
2005-07-27,58211998629888.0,58590001889280.0,57645000032256.0,58136400494592.0,58136400494592.0,0
2005-07-28,57833999564800.0,57871798632448.0,57267000967168.0,57267000967168.0,57267000967168.0,0
2005-07-29,57078001434624.0,59043599089664.0,57078001434624.0,58098601426944.0,58098601426944.0,0
2005-08-01,58098601426944.0,60480001409024.0,58098601426944.0,59459401416704.0,59459401416704.0,0
2005-08-02,59346000019456.0,59723999084544.0,58665600024576.0,59497200484352.0,59497200484352.0,0
2005-08-03,59572798619648.0,60442198147072.0,59383799087104.0,59988600946688.0,59988600946688.0,0
2005-08-04,59157000486912.0,60177600479232.0,56586600972288.0,56662199107584.0,56662199107584.0,0
2005-08-05,56889001902080.0,56889001902080.0,56284200042496.0,56699998175232.0,56699998175232.0,0
2005-08-08,56699998175232.0,56699998175232.0,54998998188032.0,55339198185472.0,55339198185472.0,0
2005-08-09,55339198185472.0,55339198185472.0,53865000992768.0,54205200990208.0,54205200990208.0,0
2005-08-10,54318598193152.0,56321999110144.0,54318598193152.0,56019598180352.0,56019598180352.0,0
2005-08-11,55944000045056.0,56699998175232.0,55414800515072.0,56624400039936.0,56624400039936.0,0
2005-08-12,56699998175232.0,56889001902080.0,55981799112704.0,56284200042496.0,56284200042496.0,0
2005-08-15,55944000045056.0,56586600972288.0,55377001447424.0,55981799112704.0,55981799112704.0,0
2005-08-16,55755000512512.0,55792799580160.0,54583200055296.0,54696601452544.0,54696601452544.0,0
2005-08-17,54431999590400.0,55074600517632.0,54243000057856.0,54318598193152.0,54318598193152.0,0
2005-08-18,54054000525312.0,54620999122944.0,53373600530432.0,53865000992768.0,53865000992768.0,0
2005-08-19,53676001460224.0,54431999590400.0,53297998200832.0,54394200522752.0,54394200522752.0,0
2005-08-22,54620999122944.0,55150198652928.0,54129598660608.0,54243000057856.0,54243000057856.0,0
2005-08-23,54431999590400.0,54772199587840.0,53487001927680.0,53751599595520.0,53751599595520.0,0
2005-08-24,53751599595520.0,56057401442304.0,53713800527872.0,55150198652928.0,55150198652928.0,0
2005-08-25,55301399117824.0,55490398650368.0,54243000057856.0,54545400987648.0,54545400987648.0,0
2005-08-26,54847801917440.0,54847801917440.0,51975001473024.0,52882200068096.0,52882200068096.0,0
2005-08-29,53108998668288.0,54809998655488.0,52844401000448.0,54318598193152.0,54318598193152.0,0
2005-08-30,54620999122944.0,54734400520192.0,54016201457664.0,54507601920000.0,54507601920000.0,0
2005-08-31,54809998655488.0,58249801891840.0,54545400987648.0,58249801891840.0,58249801891840.0,0
2005-09-01,58779001421824.0,59534999552000.0,56586600972288.0,57645000032256.0,57645000032256.0,0
2005-09-02,59497200484352.0,61387200004096.0,59459401416704.0,60593398611968.0,60593398611968.0,0
2005-09-06,61538400468992.0,61840801398784.0,59723999084544.0,60555599544320.0,60555599544320.0,0
2005-09-07,60480001409024.0,60631201873920.0,58968000954368.0,59383799087104.0,59383799087104.0,0
2005-09-08,59081398157312.0,59912998617088.0,58249801891840.0,59648400949248.0,59648400949248.0,0
2005-09-09,59686200016896.0,59912998617088.0,57833999564800.0,58363199094784.0,58363199094784.0,0
2005-09-12,58590001889280.0,59081398157312.0,57909601894400.0,58325400027136.0,58325400027136.0,0
2005-09-13,58476600492032.0,58590001889280.0,56699998175232.0,56964600037376.0,56964600037376.0,0
2005-09-14,56699998175232.0,57682799099904.0,56624400039936.0,56624400039936.0,56624400039936.0,0
2005-09-15,56548801904640.0,58590001889280.0,56548801904640.0,57456000499712.0,57456000499712.0,0
2005-09-16,58022999097344.0,58400998162432.0,57456000499712.0,58249801891840.0,58249801891840.0,0
2005-09-19,58552198627328.0,59157000486912.0,57153599569920.0,58854599557120.0,58854599557120.0,0
2005-09-20,58930201886720.0,59119201419264.0,57342599102464.0,57796200497152.0,57796200497152.0,0
2005-09-21,57833999564800.0,58514399559680.0,56889001902080.0,57380398170112.0,57380398170112.0,0
2005-09-22,57380398170112.0,60291001876480.0,57229201899520.0,58249801891840.0,58249801891840.0,0
2005-09-23,57909601894400.0,58930201886720.0,57833999564800.0,58627800956928.0,58627800956928.0,0
2005-09-26,58590001889280.0,58930201886720.0,57720598167552.0,58060798164992.0,58060798164992.0,0
2005-09-27,58022999097344.0,58098601426944.0,57380398170112.0,57833999564800.0,57833999564800.0,0
2005-09-28,57796200497152.0,58892398624768.0,57682799099904.0,57909601894400.0,57909601894400.0,0
2005-09-29,57720598167552.0,58211998629888.0,57645000032256.0,57720598167552.0,57720598167552.0,0
2005-09-30,57720598167552.0,58136400494592.0,55792799580160.0,56775600504832.0,56775600504832.0,0
2005-10-03,56435400507392.0,56737801437184.0,54809998655488.0,55036801449984.0,55036801449984.0,0
2005-10-04,55225800982528.0,55868401909760.0,54054000525312.0,54280799125504.0,54280799125504.0,0
2005-10-05,54356401455104.0,54469798658048.0,53487001927680.0,53638198198272.0,53638198198272.0,0
2005-10-06,53487001927680.0,54431999590400.0,52542000070656.0,53789398663168.0,53789398663168.0,0
2005-10-07,53751599595520.0,55339198185472.0,53487001927680.0,54167401922560.0,54167401922560.0,0
2005-10-10,54167401922560.0,54961199120384.0,51370199613440.0,52390799605760.0,52390799605760.0,0
2005-10-11,53297998200832.0,55339198185472.0,52919999135744.0,54696601452544.0,54696601452544.0,0
2005-10-12,54696601452544.0,55452599582720.0,53373600530432.0,53524800995328.0,53524800995328.0,0
2005-10-13,53033400532992.0,53524800995328.0,51823801008128.0,52315201470464.0,52315201470464.0,0
2005-10-14,51786001940480.0,52428598673408.0,51786001940480.0,52353000538112.0,52353000538112.0,0
2005-10-17,52428598673408.0,53033400532992.0,52353000538112.0,52579799138304.0,52579799138304.0,0
2005-10-18,52579799138304.0,52730999603200.0,51407998681088.0,51407998681088.0,51407998681088.0,0
2005-10-19,51294601478144.0,51407998681088.0,48384001966080.0,50160600088576.0,50160600088576.0,0
2005-10-20,49593601490944.0,50689799618560.0,48648599633920.0,48762001031168.0,48762001031168.0,0
2005-10-21,48951000563712.0,49555798228992.0,47250000576512.0,49215598231552.0,49215598231552.0,0
2005-10-24,49140000096256.0,50689799618560.0,49140000096256.0,50538599153664.0,50538599153664.0,0
2005-10-25,50878799151104.0,50878799151104.0,48573001498624.0,49140000096256.0,49140000096256.0,0
2005-10-26,49442401026048.0,49744801955840.0,48762001031168.0,48951000563712.0,48951000563712.0,0
2005-10-27,48724201963520.0,49064401960960.0,47854798241792.0,48157199171584.0,48157199171584.0,0
2005-10-28,48005998706688.0,49140000096256.0,47250000576512.0,48837599166464.0,48837599166464.0,0
2005-10-31,49140000096256.0,49480200093696.0,48308399636480.0,48686398701568.0,48686398701568.0,0
2005-11-01,49102201028608.0,49140000096256.0,48573001498624.0,48648599633920.0,48648599633920.0,0
2005-11-02,48762001031168.0,49404601958400.0,48762001031168.0,49253401493504.0,49253401493504.0,0
2005-11-03,49253401493504.0,50576398221312.0,49140000096256.0,50500800086016.0,50500800086016.0,0
2005-11-04,50992200548352.0,51672600543232.0,50576398221312.0,51521400078336.0,51521400078336.0,0
2005-11-07,51786001940480.0,53146801930240.0,51521400078336.0,52919999135744.0,52919999135744.0,0
2005-11-08,52919999135744.0,53789398663168.0,52466401935360.0,53222400065536.0,53222400065536.0,0
2005-11-09,52919999135744.0,54507601920000.0,52919999135744.0,54091799592960.0,54091799592960.0,0
2005-11-10,55792799580160.0,55868401909760.0,51596998213632.0,52088398675968.0,52088398675968.0,0
2005-11-11,51710399610880.0,52730999603200.0,51634801475584.0,52050599608320.0,52050599608320.0,0
2005-11-14,51861600075776.0,52806601932800.0,49253401493504.0,50387398688768.0,50387398688768.0,0
2005-11-15,50349599621120.0,50463001018368.0,48610800566272.0,48951000563712.0,48951000563712.0,0
2005-11-16,49253401493504.0,49480200093696.0,48497399169024.0,49291200561152.0,49291200561152.0,0
2005-11-17,49593601490944.0,50085001953280.0,48762001031168.0,49064401960960.0,49064401960960.0,0
2005-11-18,49140000096256.0,49404601958400.0,48308399636480.0,48648599633920.0,48648599633920.0,0
2005-11-21,48648599633920.0,49102201028608.0,48119400103936.0,48194998239232.0,48194998239232.0,0
2005-11-22,48497399169024.0,50878799151104.0,48194998239232.0,50803201015808.0,50803201015808.0,0
2005-11-23,50652000550912.0,50878799151104.0,49933801488384.0,50198399156224.0,50198399156224.0,0
2005-11-25,50009399623680.0,50538599153664.0,49328999628800.0,49517999161344.0,49517999161344.0,0
2005-11-28,49631400558592.0,50160600088576.0,49102201028608.0,49215598231552.0,49215598231552.0,0
2005-11-29,49933801488384.0,50425201950720.0,48951000563712.0,49820400091136.0,49820400091136.0,0
2005-11-30,49706998693888.0,50652000550912.0,49631400558592.0,49706998693888.0,49706998693888.0,0
2005-12-01,49593601490944.0,51596998213632.0,49593601490944.0,51332400545792.0,51332400545792.0,0
2005-12-02,51407998681088.0,52050599608320.0,51029999616000.0,51975001473024.0,51975001473024.0,0
2005-12-05,51975001473024.0,53297998200832.0,51861600075776.0,53184600997888.0,53184600997888.0,0
2005-12-06,53449198665728.0,53449198665728.0,51407998681088.0,52315201470464.0,52315201470464.0,0
2005-12-07,51975001473024.0,52353000538112.0,51181200080896.0,51218999148544.0,51218999148544.0,0
2005-12-08,51218999148544.0,51596998213632.0,49669199626240.0,49933801488384.0,49933801488384.0,0
2005-12-09,49820400091136.0,50425201950720.0,49669199626240.0,49895998226432.0,49895998226432.0,0
2005-12-12,49971600556032.0,50878799151104.0,49933801488384.0,50538599153664.0,50538599153664.0,0
2005-12-13,50387398688768.0,50538599153664.0,49291200561152.0,50085001953280.0,50085001953280.0,0
2005-12-14,49895998226432.0,50160600088576.0,48988799631360.0,49328999628800.0,49328999628800.0,0
2005-12-15,48951000563712.0,50160600088576.0,48951000563712.0,50122801020928.0,50122801020928.0,0
2005-12-16,49064401960960.0,50122801020928.0,48951000563712.0,49026598699008.0,49026598699008.0,0
2005-12-19,48988799631360.0,49480200093696.0,47401201041408.0,48119400103936.0,48119400103936.0,0
2005-12-20,48005998706688.0,48951000563712.0,47779200106496.0,48308399636480.0,48308399636480.0,0
2005-12-21,48270600568832.0,49140000096256.0,47930400571392.0,48081601036288.0,48081601036288.0,0
2005-12-22,48384001966080.0,48384001966080.0,47854798241792.0,47930400571392.0,47930400571392.0,0
2005-12-23,47854798241792.0,48421801033728.0,47816999174144.0,48232801501184.0,48232801501184.0,0
2005-12-27,47930400571392.0,49102201028608.0,47627999641600.0,47627999641600.0,47627999641600.0,0
2005-12-28,47627999641600.0,48384001966080.0,47287799644160.0,47439000109056.0,47439000109056.0,0
2005-12-29,47287799644160.0,47439000109056.0,46493998252032.0,46872001511424.0,46872001511424.0,0
2005-12-30,47098800111616.0,47098800111616.0,46380601049088.0,46493998252032.0,46493998252032.0,0
2006-01-03,46531801513984.0,48194998239232.0,46531801513984.0,48043801968640.0,48043801968640.0,0
2006-01-04,48421801033728.0,48837599166464.0,48308399636480.0,48346198704128.0,48346198704128.0,0
2006-01-05,48535198236672.0,48837599166464.0,47968199639040.0,48081601036288.0,48081601036288.0,0
2006-01-06,48157199171584.0,48346198704128.0,48081601036288.0,48308399636480.0,48308399636480.0,0
2006-01-09,48648599633920.0,50047198691328.0,48308399636480.0,49555798228992.0,49555798228992.0,0
2006-01-10,49253401493504.0,49555798228992.0,49064401960960.0,49555798228992.0,49555798228992.0,0
2006-01-11,49555798228992.0,49631400558592.0,49177799163904.0,49215598231552.0,49215598231552.0,0
2006-01-12,49064401960960.0,49064401960960.0,47250000576512.0,47325598711808.0,47325598711808.0,0
2006-01-13,47250000576512.0,47514598244352.0,47061001043968.0,47174398246912.0,47174398246912.0,0
2006-01-17,46872001511424.0,47439000109056.0,46683001978880.0,47023201976320.0,47023201976320.0,0
2006-01-18,47250000576512.0,47514598244352.0,46380601049088.0,46456199184384.0,46456199184384.0,0
2006-01-19,46569600581632.0,47854798241792.0,46456199184384.0,47476799176704.0,47476799176704.0,0
2006-01-20,48005998706688.0,48043801968640.0,46872001511424.0,47439000109056.0,47439000109056.0,0
2006-01-23,47439000109056.0,48384001966080.0,46493998252032.0,46683001978880.0,46683001978880.0,0
2006-01-24,47061001043968.0,48157199171584.0,46683001978880.0,47061001043968.0,47061001043968.0,0
2006-01-25,47476799176704.0,48157199171584.0,46418400116736.0,46758600114176.0,46758600114176.0,0
2006-01-26,47061001043968.0,47250000576512.0,46304998719488.0,47136599179264.0,47136599179264.0,0
2006-01-27,46872001511424.0,47174398246912.0,46493998252032.0,46531801513984.0,46531801513984.0,0
2006-01-30,46531801513984.0,47476799176704.0,46531801513984.0,47212201508864.0,47212201508864.0,0
2006-01-31,47476799176704.0,47476799176704.0,47023201976320.0,47476799176704.0,47476799176704.0,0
2006-02-01,47627999641600.0,47627999641600.0,46947599646720.0,47174398246912.0,47174398246912.0,0
2006-02-02,47325598711808.0,47325598711808.0,44792998264832.0,45662401986560.0,45662401986560.0,0
2006-02-03,45435599192064.0,46720801046528.0,45435599192064.0,46493998252032.0,46493998252032.0,0
2006-02-06,46493998252032.0,46683001978880.0,45775799189504.0,46153798254592.0,46153798254592.0,0
2006-02-07,46645198716928.0,47590200573952.0,45549000589312.0,45662401986560.0,45662401986560.0,0
2006-02-08,45662401986560.0,46078200119296.0,45360001056768.0,45397800124416.0,45397800124416.0,0
2006-02-09,45549000589312.0,46002601984000.0,44982001991680.0,45171001524224.0,45171001524224.0,0
2006-02-10,44944198729728.0,45473398259712.0,44792998264832.0,45171001524224.0,45171001524224.0,0
2006-02-13,44868600594432.0,45700201054208.0,44868600594432.0,44982001991680.0,44982001991680.0,0
2006-02-14,45322201989120.0,46115999186944.0,44603998732288.0,45775799189504.0,45775799189504.0,0
2006-02-15,45813598257152.0,46267199651840.0,45549000589312.0,45851401519104.0,45851401519104.0,0
2006-02-16,46153798254592.0,46153798254592.0,45586799656960.0,45700201054208.0,45700201054208.0,0
2006-02-17,45662401986560.0,45964798722048.0,45246599659520.0,45549000589312.0,45549000589312.0,0
2006-02-21,45208800591872.0,45964798722048.0,45208800591872.0,45397800124416.0,45397800124416.0,0
2006-02-22,45549000589312.0,46040401051648.0,45549000589312.0,45964798722048.0,45964798722048.0,0
2006-02-23,46229400584192.0,48232801501184.0,45775799189504.0,48081601036288.0,48081601036288.0,0
2006-02-24,48119400103936.0,49480200093696.0,47703601971200.0,49328999628800.0,49328999628800.0,0
2006-02-27,50047198691328.0,50954401480704.0,47401201041408.0,49102201028608.0,49102201028608.0,0
2006-02-28,49404601958400.0,49404601958400.0,48005998706688.0,49215598231552.0,49215598231552.0,0
2006-03-01,49706998693888.0,50652000550912.0,48762001031168.0,49026598699008.0,49026598699008.0,0
2006-03-02,49026598699008.0,50009399623680.0,48762001031168.0,49820400091136.0,49820400091136.0,0
2006-03-03,49820400091136.0,51748198678528.0,49555798228992.0,51634801475584.0,51634801475584.0,0
2006-03-06,51710399610880.0,51786001940480.0,50538599153664.0,50878799151104.0,50878799151104.0,0
2006-03-07,51029999616000.0,51067798683648.0,49820400091136.0,50387398688768.0,50387398688768.0,0
2006-03-08,49631400558592.0,51559199145984.0,49631400558592.0,50652000550912.0,50652000550912.0,0
2006-03-09,50841000083456.0,50916598218752.0,50122801020928.0,50576398221312.0,50576398221312.0,0
2006-03-10,51029999616000.0,52428598673408.0,50274001485824.0,52239599140864.0,52239599140864.0,0
2006-03-13,60820201406464.0,63239400456192.0,57267000967168.0,62974798594048.0,62974798594048.0,0
2006-03-14,63730800918528.0,65204998111232.0,63503998124032.0,64562401378304.0,64562401378304.0,0
2006-03-15,64562401378304.0,65242801373184.0,63919800451072.0,65053801840640.0,65053801840640.0,0
2006-03-16,65053801840640.0,65204998111232.0,63579600453632.0,64637999513600.0,64637999513600.0,0
2006-03-17,64751400910848.0,65961000435712.0,64146599051264.0,65923201368064.0,65923201368064.0,0
2006-03-20,66074401832960.0,68720399482880.0,65961000435712.0,68039999488000.0,68039999488000.0,0
2006-03-21,68417998553088.0,69136201809920.0,68039999488000.0,68871599947776.0,68871599947776.0,0
2006-03-22,68947198083072.0,69249599012864.0,67095001825280.0,68417998553088.0,68417998553088.0,0
2006-03-23,65469599973376.0,66036598571008.0,60895799541760.0,64562401378304.0,64562401378304.0,0
2006-03-24,64600200445952.0,65545198108672.0,64562401378304.0,65356198576128.0,65356198576128.0,0
2006-03-27,65204998111232.0,68077798555648.0,64864798113792.0,66943801360384.0,66943801360384.0,0
2006-03-28,49480200093696.0,53373600530432.0,49366798696448.0,51748198678528.0,51748198678528.0,0
2006-03-29,52844401000448.0,52995601465344.0,51710399610880.0,51937198211072.0,51937198211072.0,0
2006-03-30,52315201470464.0,52315201470464.0,50803201015808.0,51521400078336.0,51521400078336.0,0
2006-03-31,51407998681088.0,51483601010688.0,48308399636480.0,49140000096256.0,49140000096256.0,0
2006-04-03,48837599166464.0,48988799631360.0,46683001978880.0,47061001043968.0,47061001043968.0,0
2006-04-04,47212201508864.0,47476799176704.0,45926999654400.0,46456199184384.0,46456199184384.0,0
2006-04-05,46758600114176.0,46872001511424.0,45624598724608.0,45964798722048.0,45964798722048.0,0
2006-04-06,46078200119296.0,46191601516544.0,43507800604672.0,44603998732288.0,44603998732288.0,0
2006-04-07,46002601984000.0,47212201508864.0,45813598257152.0,46683001978880.0,46683001978880.0,0
2006-04-10,46909800579072.0,47816999174144.0,46720801046528.0,47703601971200.0,47703601971200.0,0
2006-04-11,47627999641600.0,48346198704128.0,46947599646720.0,47023201976320.0,47023201976320.0,0
2006-04-12,37459798786048.0,37686601580544.0,34360199741440.0,36628198326272.0,36628198326272.0,0
2006-04-13,37308598321152.0,37762199715840.0,36741599723520.0,37233000185856.0,37233000185856.0,0
2006-04-17,34133399044096.0,34587000438784.0,32470200221696.0,32545800454144.0,32545800454144.0,0
2006-04-18,30617999769600.0,31336200929280.0,29295000944640.0,29408400244736.0,29408400244736.0,0
2006-04-19,29408400244736.0,30617999769600.0,29370599079936.0,30202199539712.0,30202199539712.0,0
2006-04-20,30353400004608.0,30617999769600.0,29559600709632.0,30164400472064.0,30164400472064.0,0
2006-04-21,29861999542272.0,30391199072256.0,29710799077376.0,29786399309824.0,29786399309824.0,0
2006-04-24,29710799077376.0,30126599307264.0,28349999087616.0,28803600482304.0,28803600482304.0,0
2006-04-25,28879200714752.0,29635200942080.0,28387800252416.0,28387800252416.0,28387800252416.0,0
2006-04-26,28576799784960.0,30240000704512.0,28576799784960.0,29181599547392.0,29181599547392.0,0
2006-04-27,30240000704512.0,30277799772160.0,27783000489984.0,28009799090176.0,28009799090176.0,0
2006-04-28,27934200954880.0,28690199085056.0,26724599332864.0,28312200019968.0,28312200019968.0,0
2006-05-01,28312200019968.0,28425599320064.0,27064799330304.0,27404999327744.0,27404999327744.0,0
2006-05-02,27404999327744.0,27972000022528.0,26913600962560.0,26951400030208.0,26951400030208.0,0
2006-05-03,27745199325184.0,27745199325184.0,27027000262656.0,27329399095296.0,27329399095296.0,0
2006-05-04,27253800960000.0,28614600949760.0,27064799330304.0,28349999087616.0,28349999087616.0,0
2006-05-05,28916999782400.0,31336200929280.0,28387800252416.0,31222799532032.0,31222799532032.0,0
2006-05-08,32659199754240.0,33188399284224.0,30277799772160.0,30504600469504.0,30504600469504.0,0
2006-05-09,30806999302144.0,31525200461824.0,30315600936960.0,31260600696832.0,31260600696832.0,0
2006-05-10,31751999062016.0,31903199526912.0,29597399777280.0,30315600936960.0,30315600936960.0,0
2006-05-11,33831000211456.0,34246800441344.0,32167799291904.0,32394599989248.0,32394599989248.0,0
2006-05-12,32507999289344.0,32734799986688.0,30315600936960.0,30769200234496.0,30769200234496.0,0
2006-05-15,30466799304704.0,30504600469504.0,28501199552512.0,28841399549952.0,28841399549952.0,0
2006-05-16,28652400017408.0,30126599307264.0,28652400017408.0,30013200007168.0,30013200007168.0,0
2006-05-17,30240000704512.0,30542399537152.0,28349999087616.0,29143800479744.0,29143800479744.0,0
2006-05-18,29559600709632.0,29899800707072.0,27783000489984.0,28123200487424.0,28123200487424.0,0
2006-05-19,28047600254976.0,28349999087616.0,26800199565312.0,27215999795200.0,27215999795200.0,0
2006-05-22,26989199097856.0,27745199325184.0,26648999100416.0,26875799797760.0,26875799797760.0,0
2006-05-23,27064799330304.0,27707400257536.0,26951400030208.0,27027000262656.0,27027000262656.0,0
2006-05-24,27253800960000.0,27404999327744.0,26648999100416.0,26989199097856.0,26989199097856.0,0
2006-05-25,27064799330304.0,27253800960000.0,26648999100416.0,27027000262656.0,27027000262656.0,0
2006-05-26,26800199565312.0,27896399790080.0,26800199565312.0,27669599092736.0,27669599092736.0,0
2006-05-30,27631800025088.0,27972000022528.0,26838000730112.0,27027000262656.0,27027000262656.0,0
2006-05-31,27631800025088.0,27707400257536.0,27064799330304.0,27442800492544.0,27442800492544.0,0
2006-06-01,26686800265216.0,28312200019968.0,26686800265216.0,28236599787520.0,28236599787520.0,0
2006-06-02,28349999087616.0,28576799784960.0,27934200954880.0,28274400952320.0,28274400952320.0,0
2006-06-05,28501199552512.0,28501199552512.0,27064799330304.0,27442800492544.0,27442800492544.0,0
2006-06-06,27669599092736.0,27669599092736.0,26724599332864.0,26875799797760.0,26875799797760.0,0
2006-06-07,27027000262656.0,27291600027648.0,26686800265216.0,26838000730112.0,26838000730112.0,0
2006-06-08,26762400497664.0,26838000730112.0,25893000970240.0,26308799102976.0,26308799102976.0,0
2006-06-09,26497800732672.0,26573400965120.0,25514999808000.0,25741800505344.0,25741800505344.0,0
2006-06-12,26082000502784.0,26082000502784.0,25326000275456.0,25363799343104.0,25363799343104.0,0
2006-06-13,25363799343104.0,25401600507904.0,22869000060928.0,23020200525824.0,23020200525824.0,0
2006-06-14,23246999126016.0,23625000288256.0,23133599825920.0,23398199590912.0,23398199590912.0,0
2006-06-15,23625000288256.0,24532200980480.0,23625000288256.0,24192000983040.0,24192000983040.0,0
2006-06-16,24532200980480.0,25099199578112.0,24192000983040.0,24683399348224.0,24683399348224.0,0
2006-06-19,24758999580672.0,25363799343104.0,23813999820800.0,24002999353344.0,24002999353344.0,0
2006-06-20,24721200513024.0,24721200513024.0,23625000288256.0,24607799115776.0,24607799115776.0,0
2006-06-21,24305400283136.0,25893000970240.0,24305400283136.0,25514999808000.0,25514999808000.0,0
2006-06-22,25628399108096.0,26157600735232.0,25439399575552.0,26082000502784.0,26082000502784.0,0
2006-06-23,26082000502784.0,27972000022528.0,26006400270336.0,27404999327744.0,27404999327744.0,0
2006-06-26,27594000957440.0,28160999555072.0,27404999327744.0,28009799090176.0,28009799090176.0,0
2006-06-27,28160999555072.0,28349999087616.0,26384399335424.0,26800199565312.0,26800199565312.0,0
2006-06-28,26308799102976.0,26422200500224.0,24229800050688.0,24305400283136.0,24305400283136.0,0
2006-06-29,24494399815680.0,24721200513024.0,23625000288256.0,23776200753152.0,23776200753152.0,0
2006-06-30,24192000983040.0,24192000983040.0,23436000755712.0,23700600520704.0,23700600520704.0,0
2006-07-03,24078599585792.0,24078599585792.0,23322599358464.0,23813999820800.0,23813999820800.0,0
2006-07-05,23662799355904.0,23813999820800.0,23360400523264.0,23587199123456.0,23587199123456.0,0
2006-07-06,23625000288256.0,23662799355904.0,23322599358464.0,23549400055808.0,23549400055808.0,0
2006-07-07,23587199123456.0,23587199123456.0,23246999126016.0,23322599358464.0,23322599358464.0,0
2006-07-10,23360400523264.0,23625000288256.0,22944600293376.0,22944600293376.0,22944600293376.0,0
2006-07-11,23473799823360.0,23587199123456.0,23133599825920.0,23436000755712.0,23436000755712.0,0
2006-07-12,23587199123456.0,23587199123456.0,23246999126016.0,23322599358464.0,23322599358464.0,0
2006-07-13,23549400055808.0,23549400055808.0,23133599825920.0,23284800290816.0,23284800290816.0,0
2006-07-14,23284800290816.0,23549400055808.0,23020200525824.0,23322599358464.0,23322599358464.0,0
2006-07-17,23133599825920.0,23360400523264.0,22869000060928.0,22906799128576.0,22906799128576.0,0
2006-07-18,22831200993280.0,23095800758272.0,21319200538624.0,21999600533504.0,21999600533504.0,0
2006-07-19,21924000301056.0,22944600293376.0,21621599371264.0,22604400295936.0,22604400295936.0,0
2006-07-20,22642199363584.0,22755600760832.0,22188600066048.0,22226399133696.0,22226399133696.0,0
2006-07-21,22453199831040.0,22453199831040.0,21470401003520.0,21924000301056.0,21924000301056.0,0
2006-07-24,22075200765952.0,22717799596032.0,22037399601152.0,22717799596032.0,22717799596032.0,0
2006-07-25,22755600760832.0,23322599358464.0,22339800530944.0,22982399361024.0,22982399361024.0,0
2006-07-26,23095800758272.0,23473799823360.0,22906799128576.0,23473799823360.0,23473799823360.0,0
2006-07-27,23549400055808.0,23889600053248.0,23171400990720.0,23436000755712.0,23436000755712.0,0
2006-07-28,23436000755712.0,23625000288256.0,22793399828480.0,23436000755712.0,23436000755712.0,0
2006-07-31,23587199123456.0,23587199123456.0,22680000528384.0,23057999593472.0,23057999593472.0,0
2006-08-01,23360400523264.0,23851800985600.0,22642199363584.0,23813999820800.0,23813999820800.0,0
2006-08-02,23813999820800.0,25401600507904.0,23776200753152.0,25401600507904.0,25401600507904.0,0
2006-08-03,21961799368704.0,22869000060928.0,21735000768512.0,22301999366144.0,22301999366144.0,0
2006-08-04,22491000995840.0,22604400295936.0,21545999138816.0,21772799836160.0,21772799836160.0,0
2006-08-07,21924000301056.0,22112999833600.0,20827800076288.0,21432599838720.0,21432599838720.0,0
2006-08-08,21319200538624.0,22491000995840.0,21168000073728.0,22264200298496.0,22264200298496.0,0
2006-08-09,22264200298496.0,22264200298496.0,21583800303616.0,22226399133696.0,22226399133696.0,0
2006-08-10,22226399133696.0,22226399133696.0,21432599838720.0,21508200071168.0,21508200071168.0,0
2006-08-11,21470401003520.0,21735000768512.0,21168000073728.0,21281399373824.0,21281399373824.0,0
2006-08-14,21281399373824.0,21583800303616.0,20600999378944.0,20790001008640.0,20790001008640.0,0
2006-08-15,20827800076288.0,21092399841280.0,20638800543744.0,20903400308736.0,20903400308736.0,0
2006-08-16,21092399841280.0,21168000073728.0,20714400776192.0,21168000073728.0,21168000073728.0,0
2006-08-17,21168000073728.0,21621599371264.0,20979000541184.0,21545999138816.0,21545999138816.0,0
2006-08-18,21545999138816.0,21583800303616.0,21092399841280.0,21470401003520.0,21470401003520.0,0
2006-08-21,21697199603712.0,21735000768512.0,21394800771072.0,21697199603712.0,21697199603712.0,0
2006-08-22,21735000768512.0,22604400295936.0,21735000768512.0,22604400295936.0,22604400295936.0,0
2006-08-23,22680000528384.0,23020200525824.0,22339800530944.0,22680000528384.0,22680000528384.0,0
2006-08-24,22680000528384.0,23020200525824.0,22301999366144.0,22301999366144.0,22301999366144.0,0
2006-08-25,22491000995840.0,22642199363584.0,21924000301056.0,22112999833600.0,22112999833600.0,0
2006-08-28,21924000301056.0,22377599598592.0,21772799836160.0,21999600533504.0,21999600533504.0,0
2006-08-29,22226399133696.0,23436000755712.0,21924000301056.0,23171400990720.0,23171400990720.0,0
2006-08-30,23057999593472.0,24192000983040.0,22680000528384.0,23284800290816.0,23284800290816.0,0
2006-08-31,23436000755712.0,24078599585792.0,23360400523264.0,23851800985600.0,23851800985600.0,0
2006-09-01,24116400750592.0,24116400750592.0,23246999126016.0,23776200753152.0,23776200753152.0,0
2006-09-05,23662799355904.0,24002999353344.0,23246999126016.0,23436000755712.0,23436000755712.0,0
2006-09-06,23436000755712.0,24116400750592.0,23284800290816.0,23322599358464.0,23322599358464.0,0
2006-09-07,23246999126016.0,23625000288256.0,23246999126016.0,23549400055808.0,23549400055808.0,0
2006-09-08,23473799823360.0,23511600988160.0,22717799596032.0,22793399828480.0,22793399828480.0,0
2006-09-11,22831200993280.0,23057999593472.0,21735000768512.0,22188600066048.0,22188600066048.0,0
2006-09-12,22112999833600.0,22982399361024.0,21999600533504.0,22680000528384.0,22680000528384.0,0
2006-09-13,22680000528384.0,22982399361024.0,22680000528384.0,22869000060928.0,22869000060928.0,0
2006-09-14,22869000060928.0,22982399361024.0,22339800530944.0,22415400763392.0,22415400763392.0,0
2006-09-15,22491000995840.0,22642199363584.0,21961799368704.0,22301999366144.0,22301999366144.0,0
2006-09-18,22112999833600.0,22604400295936.0,22037399601152.0,22226399133696.0,22226399133696.0,0
2006-09-19,22226399133696.0,22339800530944.0,22037399601152.0,22150800998400.0,22150800998400.0,0
2006-09-20,22112999833600.0,22415400763392.0,21772799836160.0,21810601000960.0,21810601000960.0,0
2006-09-21,21961799368704.0,22112999833600.0,21621599371264.0,21999600533504.0,21999600533504.0,0
2006-09-22,21999600533504.0,22150800998400.0,21735000768512.0,21810601000960.0,21810601000960.0,0
2006-09-25,21848400068608.0,22037399601152.0,21470401003520.0,21545999138816.0,21545999138816.0,0
2006-09-26,21621599371264.0,22264200298496.0,21432599838720.0,22112999833600.0,22112999833600.0,0
2006-09-27,22264200298496.0,22604400295936.0,22112999833600.0,22566599131136.0,22566599131136.0,0
2006-09-28,22642199363584.0,22869000060928.0,22188600066048.0,22491000995840.0,22491000995840.0,0
2006-09-29,22377599598592.0,22566599131136.0,22037399601152.0,22226399133696.0,22226399133696.0,0
2006-10-02,22112999833600.0,22112999833600.0,21621599371264.0,21735000768512.0,21735000768512.0,0
2006-10-03,21621599371264.0,21924000301056.0,21432599838720.0,21659400536064.0,21659400536064.0,0
2006-10-04,21508200071168.0,21961799368704.0,21432599838720.0,21772799836160.0,21772799836160.0,0
2006-10-05,21772799836160.0,21848400068608.0,21432599838720.0,21583800303616.0,21583800303616.0,0
2006-10-06,21432599838720.0,21697199603712.0,21356999606272.0,21583800303616.0,21583800303616.0,0
2006-10-09,21394800771072.0,21621599371264.0,21281399373824.0,21621599371264.0,21621599371264.0,0
2006-10-10,21735000768512.0,21924000301056.0,21659400536064.0,21659400536064.0,21659400536064.0,0
2006-10-11,21659400536064.0,21735000768512.0,21432599838720.0,21545999138816.0,21545999138816.0,0
2006-10-12,20827800076288.0,21394800771072.0,20752199843840.0,21168000073728.0,21168000073728.0,0
2006-10-13,21168000073728.0,21924000301056.0,21016799608832.0,21886199136256.0,21886199136256.0,0
2006-10-16,21886199136256.0,23020200525824.0,21583800303616.0,22982399361024.0,22982399361024.0,0
2006-10-17,22528800063488.0,22982399361024.0,22377599598592.0,22793399828480.0,22793399828480.0,0
2006-10-18,22264200298496.0,22906799128576.0,22264200298496.0,22642199363584.0,22642199363584.0,0
2006-10-19,22528800063488.0,22528800063488.0,22226399133696.0,22264200298496.0,22264200298496.0,0
2006-10-20,22491000995840.0,22642199363584.0,22150800998400.0,22528800063488.0,22528800063488.0,0
2006-10-23,22680000528384.0,22944600293376.0,22075200765952.0,22301999366144.0,22301999366144.0,0
2006-10-24,22453199831040.0,22793399828480.0,22339800530944.0,22528800063488.0,22528800063488.0,0
2006-10-25,22339800530944.0,22869000060928.0,22339800530944.0,22717799596032.0,22717799596032.0,0
2006-10-26,22869000060928.0,23813999820800.0,22869000060928.0,23549400055808.0,23549400055808.0,0
2006-10-27,23398199590912.0,23813999820800.0,23095800758272.0,23360400523264.0,23360400523264.0,0
2006-10-30,23209200058368.0,23738399588352.0,22982399361024.0,23436000755712.0,23436000755712.0,0
2006-10-31,23360400523264.0,23549400055808.0,23095800758272.0,23473799823360.0,23473799823360.0,0
2006-11-01,23398199590912.0,23436000755712.0,22755600760832.0,22793399828480.0,22793399828480.0,0
2006-11-02,22755600760832.0,22906799128576.0,22339800530944.0,22377599598592.0,22377599598592.0,0
2006-11-03,22301999366144.0,23625000288256.0,22301999366144.0,22982399361024.0,22982399361024.0,0
2006-11-06,22944600293376.0,22944600293376.0,22642199363584.0,22680000528384.0,22680000528384.0,0
2006-11-07,22642199363584.0,22869000060928.0,22566599131136.0,22717799596032.0,22717799596032.0,0
2006-11-08,22415400763392.0,22680000528384.0,22339800530944.0,22415400763392.0,22415400763392.0,0
2006-11-09,22415400763392.0,22604400295936.0,22339800530944.0,22453199831040.0,22453199831040.0,0
2006-11-10,22377599598592.0,22491000995840.0,22112999833600.0,22264200298496.0,22264200298496.0,0
2006-11-13,22339800530944.0,22642199363584.0,22264200298496.0,22377599598592.0,22377599598592.0,0
2006-11-14,22339800530944.0,22680000528384.0,22301999366144.0,22415400763392.0,22415400763392.0,0
2006-11-15,22415400763392.0,22604400295936.0,22301999366144.0,22415400763392.0,22415400763392.0,0
2006-11-16,22377599598592.0,22642199363584.0,22339800530944.0,22528800063488.0,22528800063488.0,0
2006-11-17,22453199831040.0,22491000995840.0,22150800998400.0,22150800998400.0,22150800998400.0,0
2006-11-20,22226399133696.0,24116400750592.0,21697199603712.0,24002999353344.0,24002999353344.0,0
2006-11-21,23587199123456.0,24002999353344.0,23095800758272.0,23322599358464.0,23322599358464.0,0
2006-11-22,23436000755712.0,23549400055808.0,22869000060928.0,22906799128576.0,22906799128576.0,0
2006-11-24,23246999126016.0,23587199123456.0,23095800758272.0,23360400523264.0,23360400523264.0,0
2006-11-27,23360400523264.0,23436000755712.0,22491000995840.0,22491000995840.0,22491000995840.0,0
2006-11-28,22453199831040.0,22680000528384.0,22112999833600.0,22150800998400.0,22150800998400.0,0
2006-11-29,18333000794112.0,21092399841280.0,18333000794112.0,19051199856640.0,19051199856640.0,0
2006-11-30,18937800556544.0,19844999151616.0,18899999391744.0,19807200083968.0,19807200083968.0,0
2006-12-01,19731599851520.0,19920599384064.0,19278000553984.0,19504799154176.0,19504799154176.0,0
2006-12-04,19278000553984.0,19467000086528.0,19164599156736.0,19315799621632.0,19315799621632.0,0
2006-12-05,19655999619072.0,19844999151616.0,19467000086528.0,19693800783872.0,19693800783872.0,0
2006-12-06,19807200083968.0,20941199376384.0,19467000086528.0,20827800076288.0,20827800076288.0,0
2006-12-07,19769401016320.0,21470401003520.0,19731599851520.0,20903400308736.0,20903400308736.0,0
2006-12-08,20714400776192.0,20790001008640.0,19882800316416.0,19996199616512.0,19996199616512.0,0
2006-12-11,20071799848960.0,20185199149056.0,19164599156736.0,19278000553984.0,19278000553984.0,0
2006-12-12,19391399854080.0,19504799154176.0,19013400788992.0,19126800089088.0,19126800089088.0,0
2006-12-13,19051199856640.0,19202400321536.0,18635399626752.0,19051199856640.0,19051199856640.0,0
2006-12-14,18824399159296.0,19013400788992.0,18522000326656.0,18748801024000.0,18748801024000.0,0
2006-12-15,18710999859200.0,19240199389184.0,18710999859200.0,18748801024000.0,18748801024000.0,0
2006-12-18,18748801024000.0,18748801024000.0,18446400094208.0,18522000326656.0,18522000326656.0,0
2006-12-19,18408601026560.0,18597600559104.0,18333000794112.0,18370799861760.0,18370799861760.0,0
2006-12-20,18333000794112.0,18824399159296.0,18295199629312.0,18710999859200.0,18710999859200.0,0
2006-12-21,18824399159296.0,18975599624192.0,18635399626752.0,18710999859200.0,18710999859200.0,0
2006-12-22,18597600559104.0,18824399159296.0,18446400094208.0,18522000326656.0,18522000326656.0,0
2006-12-26,18522000326656.0,18899999391744.0,18446400094208.0,18484199161856.0,18484199161856.0,0
2006-12-27,18370799861760.0,18522000326656.0,18333000794112.0,18446400094208.0,18446400094208.0,0
2006-12-28,18181800329216.0,18446400094208.0,18143999164416.0,18295199629312.0,18295199629312.0,0
2006-12-29,18143999164416.0,18257400561664.0,17425800101888.0,17576999518208.0,17576999518208.0,0
2007-01-03,17501400334336.0,17992800796672.0,17463600218112.0,17652600799232.0,17652600799232.0,0
2007-01-04,17690399866880.0,17766000099328.0,17501400334336.0,17576999518208.0,17576999518208.0,0
2007-01-05,17463600218112.0,17841600331776.0,17009999872000.0,17690399866880.0,17690399866880.0,0
2007-01-08,17690399866880.0,18106200096768.0,17350199869440.0,18068401029120.0,18068401029120.0,0
2007-01-09,18030599864320.0,18181800329216.0,17841600331776.0,18143999164416.0,18143999164416.0,0
2007-01-10,18333000794112.0,18710999859200.0,18068401029120.0,18143999164416.0,18143999164416.0,0
2007-01-11,18068401029120.0,19240199389184.0,17917200564224.0,19051199856640.0,19051199856640.0,0
2007-01-12,18937800556544.0,19164599156736.0,18446400094208.0,18748801024000.0,18748801024000.0,0
2007-01-16,18635399626752.0,18862200324096.0,18106200096768.0,18143999164416.0,18143999164416.0,0
2007-01-17,18030599864320.0,18068401029120.0,17463600218112.0,17576999518208.0,17576999518208.0,0
2007-01-18,18333000794112.0,18786600091648.0,17841600331776.0,18295199629312.0,18295199629312.0,0
2007-01-19,18257400561664.0,18673200791552.0,17803799166976.0,18635399626752.0,18635399626752.0,0
2007-01-22,18597600559104.0,18597600559104.0,17652600799232.0,17954999631872.0,17954999631872.0,0
2007-01-23,17954999631872.0,18710999859200.0,17954999631872.0,18219599396864.0,18219599396864.0,0
2007-01-24,18143999164416.0,18370799861760.0,17917200564224.0,18295199629312.0,18295199629312.0,0
2007-01-25,18181800329216.0,18635399626752.0,17954999631872.0,18295199629312.0,18295199629312.0,0
2007-01-26,18257400561664.0,18635399626752.0,18143999164416.0,18333000794112.0,18333000794112.0,0
2007-01-29,17009999872000.0,18673200791552.0,17009999872000.0,18635399626752.0,18635399626752.0,0
2007-01-30,18522000326656.0,19051199856640.0,18370799861760.0,18937800556544.0,18937800556544.0,0
2007-01-31,19051199856640.0,19051199856640.0,18862200324096.0,18975599624192.0,18975599624192.0,0
2007-02-01,18748801024000.0,19731599851520.0,18748801024000.0,19504799154176.0,19504799154176.0,0
2007-02-02,19467000086528.0,19693800783872.0,19315799621632.0,19580399386624.0,19580399386624.0,0
2007-02-05,19655999619072.0,19769401016320.0,19353600786432.0,19504799154176.0,19504799154176.0,0
2007-02-06,19391399854080.0,19467000086528.0,19164599156736.0,19202400321536.0,19202400321536.0,0
2007-02-07,19240199389184.0,19278000553984.0,18824399159296.0,18899999391744.0,18899999391744.0,0
2007-02-08,18899999391744.0,18975599624192.0,18710999859200.0,18748801024000.0,18748801024000.0,0
2007-02-09,18824399159296.0,18862200324096.0,18597600559104.0,18824399159296.0,18824399159296.0,0
2007-02-12,18673200791552.0,18786600091648.0,18522000326656.0,18559799394304.0,18559799394304.0,0
2007-02-13,18748801024000.0,18862200324096.0,18673200791552.0,18748801024000.0,18748801024000.0,0
2007-02-14,18748801024000.0,18824399159296.0,18522000326656.0,18559799394304.0,18559799394304.0,0
2007-02-15,18522000326656.0,18673200791552.0,18333000794112.0,18484199161856.0,18484199161856.0,0
2007-02-16,18370799861760.0,18786600091648.0,18333000794112.0,18786600091648.0,18786600091648.0,0
2007-02-20,18673200791552.0,18824399159296.0,18370799861760.0,18635399626752.0,18635399626752.0,0
2007-02-21,18597600559104.0,18635399626752.0,18219599396864.0,18635399626752.0,18635399626752.0,0
2007-02-22,18635399626752.0,18824399159296.0,18597600559104.0,18673200791552.0,18673200791552.0,0
2007-02-23,18710999859200.0,18899999391744.0,18710999859200.0,18786600091648.0,18786600091648.0,0
2007-02-26,18710999859200.0,19202400321536.0,18522000326656.0,18522000326656.0,18522000326656.0,0
2007-02-27,18295199629312.0,18522000326656.0,17992800796672.0,18106200096768.0,18106200096768.0,0
2007-02-28,17992800796672.0,18597600559104.0,17954999631872.0,18257400561664.0,18257400561664.0,0
2007-03-01,18106200096768.0,18673200791552.0,17954999631872.0,18333000794112.0,18333000794112.0,0
2007-03-02,18181800329216.0,18522000326656.0,18030599864320.0,18030599864320.0,18030599864320.0,0
2007-03-05,17992800796672.0,18710999859200.0,17728201031680.0,18635399626752.0,18635399626752.0,0
2007-03-06,18710999859200.0,19240199389184.0,18522000326656.0,18975599624192.0,18975599624192.0,0
2007-03-07,18824399159296.0,19202400321536.0,18522000326656.0,18975599624192.0,18975599624192.0,0
2007-03-08,19693800783872.0,19844999151616.0,18143999164416.0,18370799861760.0,18370799861760.0,0
2007-03-09,18295199629312.0,18484199161856.0,18143999164416.0,18408601026560.0,18408601026560.0,0
2007-03-12,18295199629312.0,18295199629312.0,17879399399424.0,18106200096768.0,18106200096768.0,0
2007-03-13,17954999631872.0,18219599396864.0,17576999518208.0,17690399866880.0,17690399866880.0,0
2007-03-14,17539200450560.0,17954999631872.0,17199000453120.0,17766000099328.0,17766000099328.0,0
2007-03-15,17652600799232.0,17803799166976.0,17463600218112.0,17614799634432.0,17614799634432.0,0
2007-03-16,17766000099328.0,17766000099328.0,17085600104448.0,17312399753216.0,17312399753216.0,0
2007-03-19,17199000453120.0,17236799520768.0,16821000339456.0,16858800455680.0,16858800455680.0,0
2007-03-20,16896599523328.0,17274599636992.0,16896599523328.0,17274599636992.0,17274599636992.0,0
2007-03-21,17161200336896.0,17274599636992.0,17009999872000.0,17161200336896.0,17161200336896.0,0
2007-03-22,17047799988224.0,17387999985664.0,17047799988224.0,17387999985664.0,17387999985664.0,0
2007-03-23,17350199869440.0,17501400334336.0,17199000453120.0,17312399753216.0,17312399753216.0,0
2007-03-26,17312399753216.0,17539200450560.0,17199000453120.0,17425800101888.0,17425800101888.0,0
2007-03-27,17501400334336.0,17501400334336.0,17199000453120.0,17236799520768.0,17236799520768.0,0
2007-03-28,17236799520768.0,17387999985664.0,17047799988224.0,17085600104448.0,17085600104448.0,0
2007-03-29,17085600104448.0,17350199869440.0,17085600104448.0,17236799520768.0,17236799520768.0,0
2007-03-30,17387999985664.0,17728201031680.0,17274599636992.0,17614799634432.0,17614799634432.0,0
2007-04-02,17879399399424.0,18333000794112.0,17690399866880.0,17766000099328.0,17766000099328.0,0
2007-04-03,17766000099328.0,17954999631872.0,17690399866880.0,17728201031680.0,17728201031680.0,0
2007-04-04,17766000099328.0,17766000099328.0,17387999985664.0,17501400334336.0,17501400334336.0,0
2007-04-05,17387999985664.0,17690399866880.0,17387999985664.0,17539200450560.0,17539200450560.0,0
2007-04-09,17728201031680.0,17728201031680.0,17085600104448.0,17199000453120.0,17199000453120.0,0
2007-04-10,17199000453120.0,17387999985664.0,17123400220672.0,17274599636992.0,17274599636992.0,0
2007-04-11,17425800101888.0,17425800101888.0,17161200336896.0,17274599636992.0,17274599636992.0,0
2007-04-12,17274599636992.0,17501400334336.0,17199000453120.0,17387999985664.0,17387999985664.0,0
2007-04-13,17387999985664.0,17539200450560.0,17274599636992.0,17350199869440.0,17350199869440.0,0
2007-04-16,17350199869440.0,17539200450560.0,17312399753216.0,17387999985664.0,17387999985664.0,0
2007-04-17,17576999518208.0,17576999518208.0,17199000453120.0,17350199869440.0,17350199869440.0,0
2007-04-18,17387999985664.0,17425800101888.0,17274599636992.0,17312399753216.0,17312399753216.0,0
2007-04-19,17274599636992.0,17425800101888.0,17236799520768.0,17312399753216.0,17312399753216.0,0
2007-04-20,17274599636992.0,17539200450560.0,17199000453120.0,17501400334336.0,17501400334336.0,0
2007-04-23,17387999985664.0,18106200096768.0,17350199869440.0,17652600799232.0,17652600799232.0,0
2007-04-24,17841600331776.0,17992800796672.0,17387999985664.0,17539200450560.0,17539200450560.0,0
2007-04-25,17576999518208.0,18068401029120.0,17576999518208.0,17917200564224.0,17917200564224.0,0
2007-04-26,17917200564224.0,17917200564224.0,17274599636992.0,17803799166976.0,17803799166976.0,0
2007-04-27,17766000099328.0,17917200564224.0,17387999985664.0,17803799166976.0,17803799166976.0,0
2007-04-30,17803799166976.0,17879399399424.0,17463600218112.0,17501400334336.0,17501400334336.0,0
2007-05-01,17501400334336.0,17501400334336.0,17085600104448.0,17387999985664.0,17387999985664.0,0
2007-05-02,17274599636992.0,17766000099328.0,17236799520768.0,17501400334336.0,17501400334336.0,0
2007-05-03,17387999985664.0,17652600799232.0,17085600104448.0,17161200336896.0,17161200336896.0,0
2007-05-04,17350199869440.0,17425800101888.0,17123400220672.0,17425800101888.0,17425800101888.0,0
2007-05-07,17387999985664.0,17501400334336.0,16934399639552.0,17236799520768.0,17236799520768.0,0
2007-05-08,17085600104448.0,17350199869440.0,16934399639552.0,17236799520768.0,17236799520768.0,0
2007-05-09,17236799520768.0,17539200450560.0,17123400220672.0,17501400334336.0,17501400334336.0,0
2007-05-10,17463600218112.0,17576999518208.0,17312399753216.0,17350199869440.0,17350199869440.0,0
2007-05-11,17312399753216.0,17690399866880.0,17236799520768.0,17652600799232.0,17652600799232.0,0
2007-05-14,17652600799232.0,17690399866880.0,17387999985664.0,17501400334336.0,17501400334336.0,0
2007-05-15,17312399753216.0,17917200564224.0,17236799520768.0,17917200564224.0,17917200564224.0,0
2007-05-16,17841600331776.0,18333000794112.0,17728201031680.0,18333000794112.0,18333000794112.0,0
2007-05-17,17728201031680.0,19278000553984.0,17728201031680.0,18975599624192.0,18975599624192.0,0
2007-05-18,19164599156736.0,20903400308736.0,18899999391744.0,20714400776192.0,20714400776192.0,0
2007-05-21,21168000073728.0,23057999593472.0,20979000541184.0,21886199136256.0,21886199136256.0,0
2007-05-22,21924000301056.0,22680000528384.0,21886199136256.0,22339800530944.0,22339800530944.0,0
2007-05-23,22680000528384.0,23322599358464.0,22528800063488.0,22680000528384.0,22680000528384.0,0
2007-05-24,22680000528384.0,23284800290816.0,22264200298496.0,22339800530944.0,22339800530944.0,0
2007-05-25,23057999593472.0,23057999593472.0,22604400295936.0,22793399828480.0,22793399828480.0,0
2007-05-29,22037399601152.0,23625000288256.0,21886199136256.0,23284800290816.0,23284800290816.0,0
2007-05-30,23587199123456.0,23700600520704.0,22982399361024.0,23209200058368.0,23209200058368.0,0
2007-05-31,23322599358464.0,23322599358464.0,22717799596032.0,23246999126016.0,23246999126016.0,0
2007-06-01,23171400990720.0,23662799355904.0,22869000060928.0,23549400055808.0,23549400055808.0,0
2007-06-04,23700600520704.0,24381000515584.0,23625000288256.0,24154199818240.0,24154199818240.0,0
2007-06-05,24192000983040.0,24607799115776.0,24116400750592.0,24494399815680.0,24494399815680.0,0
2007-06-06,24570000048128.0,24570000048128.0,23813999820800.0,24002999353344.0,24002999353344.0,0
2007-06-07,23889600053248.0,24305400283136.0,23020200525824.0,23738399588352.0,23738399588352.0,0
2007-06-08,23625000288256.0,24947999113216.0,23625000288256.0,24834599813120.0,24834599813120.0,0
2007-06-11,24947999113216.0,25326000275456.0,24645600280576.0,25174799810560.0,25174799810560.0,0
2007-06-12,24947999113216.0,25174799810560.0,24796800745472.0,24947999113216.0,24947999113216.0,0
2007-06-13,24872400977920.0,25628399108096.0,24570000048128.0,25552800972800.0,25552800972800.0,0
2007-06-14,25666200272896.0,25893000970240.0,25250400043008.0,25477200740352.0,25477200740352.0,0
2007-06-15,25552800972800.0,25893000970240.0,25061400510464.0,25439399575552.0,25439399575552.0,0
2007-06-18,25439399575552.0,26233200967680.0,25250400043008.0,26006400270336.0,26006400270336.0,0
2007-06-19,26044199337984.0,26535599800320.0,25439399575552.0,26459999567872.0,26459999567872.0,0
2007-06-20,27896399790080.0,27896399790080.0,26497800732672.0,26724599332864.0,26724599332864.0,0
2007-06-21,26724599332864.0,27556199792640.0,26724599332864.0,27404999327744.0,27404999327744.0,0
2007-06-22,27367200260096.0,27594000957440.0,26648999100416.0,26800199565312.0,26800199565312.0,0
2007-06-25,26724599332864.0,27140399562752.0,26233200967680.0,26459999567872.0,26459999567872.0,0
2007-06-26,26913600962560.0,27442800492544.0,26271000035328.0,27140399562752.0,27140399562752.0,0
2007-06-27,26989199097856.0,27707400257536.0,25817400737792.0,27594000957440.0,27594000957440.0,0
2007-06-28,27594000957440.0,28236599787520.0,26119799570432.0,27707400257536.0,27707400257536.0,0
2007-06-29,27594000957440.0,27669599092736.0,26535599800320.0,27140399562752.0,27140399562752.0,0
2007-07-02,27215999795200.0,27783000489984.0,27027000262656.0,27745199325184.0,27745199325184.0,0
2007-07-03,27934200954880.0,28349999087616.0,27896399790080.0,28349999087616.0,28349999087616.0,0
2007-07-05,28349999087616.0,30050999074816.0,27594000957440.0,29332800012288.0,29332800012288.0,0
2007-07-06,29219400712192.0,30844800466944.0,29181599547392.0,30429000237056.0,30429000237056.0,0
2007-07-09,30429000237056.0,31487399297024.0,30429000237056.0,30882599534592.0,30882599534592.0,0
2007-07-10,30655800934400.0,31185000464384.0,29332800012288.0,29937599774720.0,29937599774720.0,0
2007-07-11,29861999542272.0,30542399537152.0,29332800012288.0,30202199539712.0,30202199539712.0,0
2007-07-12,30580200701952.0,31336200929280.0,30240000704512.0,30617999769600.0,30617999769600.0,0
2007-07-13,30882599534592.0,31449600229376.0,30806999302144.0,31033799999488.0,31033799999488.0,0
2007-07-16,31336200929280.0,31487399297024.0,30315600936960.0,30617999769600.0,30617999769600.0,0
2007-07-17,30315600936960.0,31147199299584.0,30240000704512.0,30580200701952.0,30580200701952.0,0
2007-07-18,30240000704512.0,30693600002048.0,29484000477184.0,29824200474624.0,29824200474624.0,0
2007-07-19,30088800239616.0,30806999302144.0,30013200007168.0,30466799304704.0,30466799304704.0,0
2007-07-20,30504600469504.0,30920400699392.0,30240000704512.0,30353400004608.0,30353400004608.0,0
2007-07-23,30655800934400.0,30769200234496.0,29559600709632.0,29786399309824.0,29786399309824.0,0
2007-07-24,29408400244736.0,31751999062016.0,27064799330304.0,27631800025088.0,27631800025088.0,0
2007-07-25,27518400724992.0,28349999087616.0,26195399802880.0,27140399562752.0,27140399562752.0,0
2007-07-26,26686800265216.0,26686800265216.0,25137000742912.0,25590600040448.0,25590600040448.0,0
2007-07-27,25628399108096.0,26119799570432.0,25212600975360.0,25930800037888.0,25930800037888.0,0
2007-07-30,25741800505344.0,26384399335424.0,24947999113216.0,25401600507904.0,25401600507904.0,0
2007-07-31,25174799810560.0,25968599105536.0,24985800278016.0,25250400043008.0,25250400043008.0,0
2007-08-01,24947999113216.0,25552800972800.0,22869000060928.0,23587199123456.0,23587199123456.0,0
2007-08-02,23549400055808.0,25439399575552.0,23549400055808.0,25212600975360.0,25212600975360.0,0
2007-08-03,27404999327744.0,27972000022528.0,25893000970240.0,26006400270336.0,26006400270336.0,0
2007-08-06,25514999808000.0,26119799570432.0,22528800063488.0,23625000288256.0,23625000288256.0,0
2007-08-07,23322599358464.0,25741800505344.0,22906799128576.0,23700600520704.0,23700600520704.0,0
2007-08-08,23662799355904.0,24040800518144.0,21924000301056.0,22453199831040.0,22453199831040.0,0
2007-08-09,22491000995840.0,22680000528384.0,19580399386624.0,19580399386624.0,19580399386624.0,0
2007-08-10,19618200551424.0,19958400548864.0,18748801024000.0,18862200324096.0,18862200324096.0,0
2007-08-13,20298600546304.0,24570000048128.0,20034000781312.0,23625000288256.0,23625000288256.0,0
2007-08-14,24381000515584.0,24796800745472.0,22680000528384.0,23133599825920.0,23133599825920.0,0
2007-08-15,23133599825920.0,23133599825920.0,20336399613952.0,20827800076288.0,20827800076288.0,0
2007-08-16,20411999846400.0,20714400776192.0,19164599156736.0,19769401016320.0,19769401016320.0,0
2007-08-17,21356999606272.0,21735000768512.0,19353600786432.0,19618200551424.0,19618200551424.0,0
2007-08-20,19882800316416.0,20411999846400.0,19655999619072.0,20034000781312.0,20034000781312.0,0
2007-08-21,20223000313856.0,20865599143936.0,20034000781312.0,20676599611392.0,20676599611392.0,0
2007-08-22,21130201006080.0,23209200058368.0,20979000541184.0,23171400990720.0,23171400990720.0,0
2007-08-23,23436000755712.0,24040800518144.0,21810601000960.0,22188600066048.0,22188600066048.0,0
2007-08-24,22150800998400.0,22566599131136.0,22112999833600.0,22377599598592.0,22377599598592.0,0
2007-08-27,22075200765952.0,22075200765952.0,21356999606272.0,21659400536064.0,21659400536064.0,0
2007-08-28,21545999138816.0,21848400068608.0,21016799608832.0,21054600773632.0,21054600773632.0,0
2007-08-29,21356999606272.0,22150800998400.0,20941199376384.0,22075200765952.0,22075200765952.0,0
2007-08-30,21508200071168.0,22491000995840.0,21508200071168.0,22339800530944.0,22339800530944.0,0
2007-08-31,22680000528384.0,23549400055808.0,22528800063488.0,23246999126016.0,23246999126016.0,0
2007-09-04,23133599825920.0,23587199123456.0,22717799596032.0,22906799128576.0,22906799128576.0,0
2007-09-05,22604400295936.0,23473799823360.0,21886199136256.0,22906799128576.0,22906799128576.0,0
2007-09-06,22982399361024.0,23209200058368.0,22226399133696.0,22642199363584.0,22642199363584.0,0
2007-09-07,22491000995840.0,22680000528384.0,21092399841280.0,22566599131136.0,22566599131136.0,0
2007-09-10,23095800758272.0,23246999126016.0,22188600066048.0,22377599598592.0,22377599598592.0,0
2007-09-11,22453199831040.0,22453199831040.0,22037399601152.0,22415400763392.0,22415400763392.0,0
2007-09-12,22453199831040.0,23057999593472.0,22150800998400.0,22528800063488.0,22528800063488.0,0
2007-09-13,23020200525824.0,23020200525824.0,22075200765952.0,22339800530944.0,22339800530944.0,0
2007-09-14,21961799368704.0,22339800530944.0,21621599371264.0,22075200765952.0,22075200765952.0,0
2007-09-17,21886199136256.0,21886199136256.0,20979000541184.0,21432599838720.0,21432599838720.0,0
2007-09-18,21394800771072.0,22491000995840.0,21016799608832.0,22339800530944.0,22339800530944.0,0
2007-09-19,22680000528384.0,23246999126016.0,22264200298496.0,22831200993280.0,22831200993280.0,0
2007-09-20,23057999593472.0,23057999593472.0,22339800530944.0,22680000528384.0,22680000528384.0,0
2007-09-21,22755600760832.0,22869000060928.0,22377599598592.0,22755600760832.0,22755600760832.0,0
2007-09-24,22906799128576.0,25099199578112.0,22869000060928.0,24834599813120.0,24834599813120.0,0
2007-09-25,24834599813120.0,27367200260096.0,24418799583232.0,26271000035328.0,26271000035328.0,0
2007-09-26,26459999567872.0,26913600962560.0,25212600975360.0,25514999808000.0,25514999808000.0,0
2007-09-27,25703999340544.0,27442800492544.0,25326000275456.0,27064799330304.0,27064799330304.0,0
2007-09-28,27442800492544.0,27745199325184.0,26233200967680.0,26422200500224.0,26422200500224.0,0
2007-10-01,26648999100416.0,26838000730112.0,26006400270336.0,26422200500224.0,26422200500224.0,0
2007-10-02,26233200967680.0,26648999100416.0,25855199805440.0,26006400270336.0,26006400270336.0,0
2007-10-03,26157600735232.0,26233200967680.0,25326000275456.0,25779599572992.0,25779599572992.0,0
2007-10-04,25741800505344.0,25930800037888.0,24910200045568.0,25779599572992.0,25779599572992.0,0
2007-10-05,26044199337984.0,26346600267776.0,25552800972800.0,26157600735232.0,26157600735232.0,0
2007-10-08,26271000035328.0,28009799090176.0,26119799570432.0,26800199565312.0,26800199565312.0,0
2007-10-09,27140399562752.0,27329399095296.0,26082000502784.0,26459999567872.0,26459999567872.0,0
2007-10-10,25137000742912.0,26611200032768.0,25137000742912.0,26384399335424.0,26384399335424.0,0
2007-10-11,26762400497664.0,26875799797760.0,25174799810560.0,25703999340544.0,25703999340544.0,0
2007-10-12,25666200272896.0,25930800037888.0,25137000742912.0,25250400043008.0,25250400043008.0,0
2007-10-15,25250400043008.0,26082000502784.0,24570000048128.0,24758999580672.0,24758999580672.0,0
2007-10-16,24683399348224.0,24758999580672.0,23322599358464.0,23511600988160.0,23511600988160.0,0
2007-10-17,23776200753152.0,24154199818240.0,22755600760832.0,23360400523264.0,23360400523264.0,0
2007-10-18,23360400523264.0,23473799823360.0,22415400763392.0,23057999593472.0,23057999593472.0,0
2007-10-19,23057999593472.0,23246999126016.0,22112999833600.0,22453199831040.0,22453199831040.0,0
2007-10-22,21999600533504.0,22301999366144.0,21545999138816.0,22037399601152.0,22037399601152.0,0
2007-10-23,22301999366144.0,22680000528384.0,22037399601152.0,22566599131136.0,22566599131136.0,0
2007-10-24,22301999366144.0,23246999126016.0,21961799368704.0,22415400763392.0,22415400763392.0,0
2007-10-25,22377599598592.0,22415400763392.0,21621599371264.0,21924000301056.0,21924000301056.0,0
2007-10-26,22188600066048.0,22188600066048.0,21583800303616.0,21924000301056.0,21924000301056.0,0
2007-10-29,22075200765952.0,23284800290816.0,21924000301056.0,23095800758272.0,23095800758272.0,0
2007-10-30,23133599825920.0,23549400055808.0,22453199831040.0,22528800063488.0,22528800063488.0,0
2007-10-31,22528800063488.0,23284800290816.0,22491000995840.0,22869000060928.0,22869000060928.0,0
2007-11-01,22680000528384.0,22680000528384.0,21735000768512.0,21848400068608.0,21848400068608.0,0
2007-11-02,22301999366144.0,22491000995840.0,20979000541184.0,21356999606272.0,21356999606272.0,0
2007-11-05,20865599143936.0,21168000073728.0,19731599851520.0,20147400081408.0,20147400081408.0,0
2007-11-06,20260799381504.0,20941199376384.0,20260799381504.0,20600999378944.0,20600999378944.0,0
2007-11-07,20790001008640.0,20979000541184.0,18937800556544.0,19051199856640.0,19051199856640.0,0
2007-11-08,18484199161856.0,18748801024000.0,16669799874560.0,17803799166976.0,17803799166976.0,0
2007-11-09,17123400220672.0,17690399866880.0,16065000112128.0,16367399993344.0,16367399993344.0,0
2007-11-12,16216199528448.0,16934399639552.0,15875999531008.0,15875999531008.0,15875999531008.0,0
2007-11-13,16631999758336.0,16934399639552.0,16253999644672.0,16821000339456.0,16821000339456.0,0
2007-11-14,16896599523328.0,17123400220672.0,16329599877120.0,17047799988224.0,17047799988224.0,0
2007-11-15,17009999872000.0,17199000453120.0,16253999644672.0,16291799760896.0,16291799760896.0,0
2007-11-16,16443000225792.0,16631999758336.0,15649199882240.0,15686999998464.0,15686999998464.0,0
2007-11-19,15535799533568.0,15611399766016.0,13532399665152.0,13570199781376.0,13570199781376.0,0
2007-11-20,13797000478720.0,15460200349696.0,13797000478720.0,15082200236032.0,15082200236032.0,0
2007-11-21,14742000238592.0,15384600117248.0,14212799660032.0,14364000124928.0,14364000124928.0,0
2007-11-23,14666400006144.0,15498000465920.0,14666400006144.0,15308999884800.0,15308999884800.0,0
2007-11-26,15498000465920.0,16027199995904.0,14401800241152.0,14552999657472.0,14552999657472.0,0
2007-11-27,12889799786496.0,14477400473600.0,11906999910400.0,13834799546368.0,13834799546368.0,0
2007-11-28,13986000011264.0,15120000352256.0,13986000011264.0,14930999771136.0,14930999771136.0,0
2007-11-29,14893199654912.0,16556399525888.0,14855399538688.0,16405200109568.0,16405200109568.0,0
2007-11-30,16821000339456.0,17350199869440.0,16329599877120.0,16707599990784.0,16707599990784.0,0
2007-12-03,17766000099328.0,17766000099328.0,15346800001024.0,15686999998464.0,15686999998464.0,0
2007-12-04,15120000352256.0,15120000352256.0,14364000124928.0,14401800241152.0,14401800241152.0,0
2007-12-05,11491199680512.0,12814199554048.0,11453399564288.0,12133799559168.0,12133799559168.0,0
2007-12-06,12851999670272.0,13910399778816.0,12360600256512.0,13834799546368.0,13834799546368.0,0
2007-12-07,14590799773696.0,14628599889920.0,13229999783936.0,13532399665152.0,13532399665152.0,0
2007-12-10,13759200362496.0,14174999543808.0,13267799900160.0,13721400246272.0,13721400246272.0,0
2007-12-11,13986000011264.0,14174999543808.0,12663000137728.0,12889799786496.0,12889799786496.0,0
2007-12-12,13343400132608.0,13683600130048.0,12625200021504.0,12738600370176.0,12738600370176.0,0
2007-12-13,12851999670272.0,13607999897600.0,12398400372736.0,12965400018944.0,12965400018944.0,0
2007-12-14,13229999783936.0,13532399665152.0,12625200021504.0,13494599548928.0,13494599548928.0,0
2007-12-17,13267799900160.0,13645800013824.0,12663000137728.0,12814199554048.0,12814199554048.0,0
2007-12-18,12965400018944.0,13229999783936.0,12776400486400.0,12927599902720.0,12927599902720.0,0
2007-12-19,12851999670272.0,13834799546368.0,12851999670272.0,13570199781376.0,13570199781376.0,0
2007-12-20,13834799546368.0,14288399892480.0,13229999783936.0,13721400246272.0,13721400246272.0,0
2007-12-21,14137200476160.0,14364000124928.0,13494599548928.0,13759200362496.0,13759200362496.0,0
2007-12-24,14023800127488.0,14023800127488.0,13607999897600.0,13759200362496.0,13759200362496.0,0
2007-12-26,13607999897600.0,13797000478720.0,13305600016384.0,13645800013824.0,13645800013824.0,0
2007-12-27,13721400246272.0,13797000478720.0,13267799900160.0,13419000365056.0,13419000365056.0,0
2007-12-28,13343400132608.0,13381200248832.0,12889799786496.0,12889799786496.0,12889799786496.0,0
2007-12-31,12700800253952.0,12851999670272.0,12285000024064.0,12625200021504.0,12625200021504.0,0
2008-01-02,12738600370176.0,13229999783936.0,12511799672832.0,12738600370176.0,12738600370176.0,0
2008-01-03,12473999556608.0,13419000365056.0,12285000024064.0,13381200248832.0,13381200248832.0,0
2008-01-04,13381200248832.0,13419000365056.0,12473999556608.0,12549599789056.0,12549599789056.0,0
2008-01-07,12473999556608.0,12738600370176.0,11793599561728.0,11869199794176.0,11869199794176.0,0
2008-01-08,12360600256512.0,12625200021504.0,11982600142848.0,12133799559168.0,12133799559168.0,0
2008-01-09,12360600256512.0,12587399905280.0,11944800026624.0,12436200488960.0,12436200488960.0,0
2008-01-10,12133799559168.0,12398400372736.0,11415600496640.0,11718000377856.0,11718000377856.0,0
2008-01-11,11491199680512.0,12020400259072.0,11453399564288.0,11491199680512.0,11491199680512.0,0
2008-01-14,11528999796736.0,12247199907840.0,11377800380416.0,11377800380416.0,11377800380416.0,0
2008-01-15,11340000264192.0,11415600496640.0,9639000276992.0,10697400385536.0,10697400385536.0,0
2008-01-16,10243800039424.0,10584000036864.0,9147599814656.0,9563400044544.0,9563400044544.0,0
2008-01-17,9639000276992.0,10017000390656.0,9412199579648.0,9449999695872.0,9449999695872.0,0
2008-01-18,10470599688192.0,10584000036864.0,8769600225280.0,9185399930880.0,9185399930880.0,0
2008-01-22,8996400398336.0,8996400398336.0,7635599884288.0,8429400227840.0,8429400227840.0,0
2008-01-23,9034200514560.0,9034200514560.0,8126999822336.0,8542800052224.0,8542800052224.0,0
2008-01-24,8883000049664.0,9147599814656.0,8278199762944.0,8656199876608.0,8656199876608.0,0
2008-01-25,8958600282112.0,10546199920640.0,8883000049664.0,9752399577088.0,9752399577088.0,0
2008-01-28,9639000276992.0,10432799571968.0,9336600395776.0,9827999809536.0,9827999809536.0,0
2008-01-29,10205999923200.0,11377800380416.0,10205999923200.0,10697400385536.0,10697400385536.0,0
2008-01-30,10810799685632.0,11037600382976.0,10659600269312.0,10886399918080.0,10886399918080.0,0
2008-01-31,10962000150528.0,11680200261632.0,10659600269312.0,11680200261632.0,11680200261632.0,0
2008-02-01,11906999910400.0,11906999910400.0,10054800506880.0,10962000150528.0,10962000150528.0,0
2008-02-04,11037600382976.0,11113199566848.0,10735200501760.0,10810799685632.0,10810799685632.0,0
2008-02-05,10962000150528.0,10999800266752.0,10395000504320.0,10962000150528.0,10962000150528.0,0
2008-02-06,11113199566848.0,11113199566848.0,10205999923200.0,10432799571968.0,10432799571968.0,0
2008-02-07,10357200388096.0,10659600269312.0,10319400271872.0,10432799571968.0,10432799571968.0,0
2008-02-08,10205999923200.0,10395000504320.0,9865799925760.0,9979200274432.0,9979200274432.0,0
2008-02-11,9979200274432.0,10962000150528.0,9601200160768.0,10546199920640.0,10546199920640.0,0
2008-02-12,10584000036864.0,11188799799296.0,10319400271872.0,10357200388096.0,10357200388096.0,0
2008-02-13,10357200388096.0,11037600382976.0,10357200388096.0,10810799685632.0,10810799685632.0,0
2008-02-14,10924200034304.0,11944800026624.0,10924200034304.0,11604600029184.0,11604600029184.0,0
2008-02-15,11906999910400.0,12398400372736.0,11302200147968.0,11869199794176.0,11869199794176.0,0
2008-02-19,12209399791616.0,12436200488960.0,11604600029184.0,11944800026624.0,11944800026624.0,0
2008-02-20,11755800494080.0,11982600142848.0,11340000264192.0,11718000377856.0,11718000377856.0,0
2008-02-21,11718000377856.0,12096000491520.0,11415600496640.0,11642400145408.0,11642400145408.0,0
2008-02-22,11566799912960.0,12058200375296.0,11188799799296.0,11453399564288.0,11453399564288.0,0
2008-02-25,11188799799296.0,11755800494080.0,11188799799296.0,11528999796736.0,11528999796736.0,0
2008-02-26,11188799799296.0,11566799912960.0,11188799799296.0,11226599915520.0,11226599915520.0,0
2008-02-27,11302200147968.0,11340000264192.0,10962000150528.0,10999800266752.0,10999800266752.0,0
2008-02-28,10810799685632.0,11113199566848.0,10659600269312.0,10697400385536.0,10697400385536.0,0
2008-02-29,10584000036864.0,10999800266752.0,10281600155648.0,10395000504320.0,10395000504320.0,0
2008-03-03,10092599574528.0,10470599688192.0,10092599574528.0,10205999923200.0,10205999923200.0,0
2008-03-04,10017000390656.0,10130399690752.0,9601200160768.0,9865799925760.0,9865799925760.0,0
2008-03-05,9752399577088.0,10130399690752.0,9714600509440.0,9865799925760.0,9865799925760.0,0
2008-03-06,9865799925760.0,9903600041984.0,9109799698432.0,9261000163328.0,9261000163328.0,0
2008-03-07,9261000163328.0,9827999809536.0,8618399760384.0,9071999582208.0,9071999582208.0,0
2008-03-10,9185399930880.0,9449999695872.0,8504999936000.0,9374400512000.0,9374400512000.0,0
2008-03-11,9639000276992.0,9827999809536.0,9449999695872.0,9639000276992.0,9639000276992.0,0
2008-03-12,9639000276992.0,9827999809536.0,9109799698432.0,9601200160768.0,9601200160768.0,0
2008-03-13,9071999582208.0,9525599928320.0,8580600168448.0,9147599814656.0,9147599814656.0,0
2008-03-14,8958600282112.0,9676800393216.0,8958600282112.0,8996400398336.0,8996400398336.0,0
2008-03-17,8693999992832.0,9109799698432.0,8580600168448.0,8769600225280.0,8769600225280.0,0
2008-03-18,8883000049664.0,9261000163328.0,8883000049664.0,9109799698432.0,9109799698432.0,0
2008-03-19,9449999695872.0,10508399804416.0,8618399760384.0,9298800279552.0,9298800279552.0,0
2008-03-20,9449999695872.0,9953999847424.0,8819999506432.0,9802800431104.0,9802800431104.0,0
2008-03-24,10193400233984.0,10571400347648.0,9953999847424.0,9991799963648.0,9991799963648.0,0
2008-03-25,10508399804416.0,10520999493632.0,10155600117760.0,10520999493632.0,10520999493632.0,0
2008-03-26,10117800001536.0,11970000453632.0,10117800001536.0,11478599991296.0,11478599991296.0,0
2008-03-27,11528999796736.0,12070800064512.0,10294199844864.0,10495800115200.0,10495800115200.0,0
2008-03-28,10143000428544.0,11554200223744.0,10143000428544.0,11062799761408.0,11062799761408.0,0
2008-03-31,11466000302080.0,11478599991296.0,10445400309760.0,10445400309760.0,10445400309760.0,0
2008-04-01,10395000504320.0,10936799723520.0,10395000504320.0,10407600193536.0,10407600193536.0,0
2008-04-02,10331999961088.0,10911600345088.0,10079999885312.0,10079999885312.0,10079999885312.0,0
2008-04-03,10205999923200.0,10508399804416.0,10143000428544.0,10306799534080.0,10306799534080.0,0
2008-04-04,10306799534080.0,10508399804416.0,9903600041984.0,10331999961088.0,10331999961088.0,0
2008-04-07,9827999809536.0,10382399766528.0,9827999809536.0,10382399766528.0,10382399766528.0,0
2008-04-08,10168199806976.0,10445400309760.0,10168199806976.0,10168199806976.0,10168199806976.0,0
2008-04-09,10331999961088.0,10395000504320.0,9827999809536.0,9853200236544.0,9853200236544.0,0
2008-04-10,9891000352768.0,10079999885312.0,9765000314880.0,10017000390656.0,10017000390656.0,0
2008-04-11,9840599498752.0,10193400233984.0,9701999771648.0,9701999771648.0,9701999771648.0,0
2008-04-14,9462600433664.0,10004399652864.0,9462600433664.0,9727200198656.0,9727200198656.0,0
2008-04-15,9626399539200.0,10193400233984.0,9449999695872.0,10079999885312.0,10079999885312.0,0
2008-04-16,10205999923200.0,10584000036864.0,10067400196096.0,10508399804416.0,10508399804416.0,0
2008-04-17,10344599650304.0,10962000150528.0,10281600155648.0,10646999531520.0,10646999531520.0,0
2008-04-18,10243800039424.0,10861199491072.0,10243800039424.0,10483200425984.0,10483200425984.0,0
2008-04-21,11075400499200.0,11327399526400.0,10659600269312.0,10735200501760.0,10735200501760.0,0
2008-04-22,11012399955968.0,11024999645184.0,10357200388096.0,10558799609856.0,10558799609856.0,0
2008-04-23,10609200463872.0,10710000074752.0,10331999961088.0,10432799571968.0,10432799571968.0,0
2008-04-24,10457999998976.0,10710000074752.0,10269000466432.0,10571400347648.0,10571400347648.0,0
2008-04-25,10621800153088.0,10861199491072.0,10495800115200.0,10735200501760.0,10735200501760.0,0
2008-04-28,10987199528960.0,10987199528960.0,10609200463872.0,10760399880192.0,10760399880192.0,0
2008-04-29,10571400347648.0,10785600307200.0,10344599650304.0,10369800077312.0,10369800077312.0,0
2008-04-30,10395000504320.0,10596599726080.0,10395000504320.0,10495800115200.0,10495800115200.0,0
2008-05-01,10395000504320.0,10697400385536.0,10243800039424.0,10520999493632.0,10520999493632.0,0
2008-05-02,10243800039424.0,10684799647744.0,10243800039424.0,10432799571968.0,10432799571968.0,0
2008-05-05,10395000504320.0,10533600231424.0,10269000466432.0,10432799571968.0,10432799571968.0,0
2008-05-06,10571400347648.0,10571400347648.0,10256399728640.0,10319400271872.0,10319400271872.0,0
2008-05-07,10243800039424.0,10407600193536.0,9891000352768.0,10105200312320.0,10105200312320.0,0
2008-05-08,10105200312320.0,10331999961088.0,10079999885312.0,10117800001536.0,10117800001536.0,0
2008-05-09,10092599574528.0,10621800153088.0,10092599574528.0,10344599650304.0,10344599650304.0,0
2008-05-12,10092599574528.0,10697400385536.0,10092599574528.0,10596599726080.0,10596599726080.0,0
2008-05-13,10710000074752.0,10810799685632.0,10407600193536.0,10810799685632.0,10810799685632.0,0
2008-05-14,10747800190976.0,11226599915520.0,10747800190976.0,11100599877632.0,11100599877632.0,0
2008-05-15,11050200072192.0,11453399564288.0,11050200072192.0,11377800380416.0,11377800380416.0,0
2008-05-16,11592000339968.0,11592000339968.0,11214000226304.0,11402999758848.0,11402999758848.0,0
2008-05-19,11340000264192.0,11957399715840.0,11340000264192.0,11428200185856.0,11428200185856.0,0
2008-05-20,11352599953408.0,13066199629824.0,11340000264192.0,12952800329728.0,12952800329728.0,0
2008-05-21,13167000289280.0,13481999859712.0,12524400410624.0,12574800216064.0,12574800216064.0,0
2008-05-22,12562199478272.0,12814199554048.0,11970000453632.0,12347999518720.0,12347999518720.0,0
2008-05-23,11428200185856.0,12385799634944.0,11428200185856.0,11844000415744.0,11844000415744.0,0
2008-05-27,11453399564288.0,12146400296960.0,11453399564288.0,11654999834624.0,11654999834624.0,0
2008-05-28,11654999834624.0,11932200337408.0,11201399488512.0,11226599915520.0,11226599915520.0,0
2008-05-29,11327399526400.0,11453399564288.0,11214000226304.0,11314799837184.0,11314799837184.0,0
2008-05-30,11755800494080.0,11755800494080.0,11201399488512.0,11201399488512.0,11201399488512.0,0
2008-06-02,11730600067072.0,11730600067072.0,10886399918080.0,11088000188416.0,11088000188416.0,0
2008-06-03,11088000188416.0,11150999683072.0,10873800228864.0,11100599877632.0,11100599877632.0,0
2008-06-04,11024999645184.0,11239199604736.0,10962000150528.0,11226599915520.0,11226599915520.0,0
2008-06-05,11239199604736.0,11390400069632.0,10873800228864.0,11150999683072.0,11150999683072.0,0
2008-06-06,10810799685632.0,11012399955968.0,10609200463872.0,10886399918080.0,10886399918080.0,0
2008-06-09,11075400499200.0,11075400499200.0,10331999961088.0,10520999493632.0,10520999493632.0,0
2008-06-10,10331999961088.0,10533600231424.0,9891000352768.0,10269000466432.0,10269000466432.0,0
2008-06-11,10218599612416.0,10269000466432.0,9575999733760.0,9639000276992.0,9639000276992.0,0
2008-06-12,9349200084992.0,9449999695872.0,8567999954944.0,8681399779328.0,8681399779328.0,0
2008-06-13,8782199914496.0,8883000049664.0,8731800109056.0,8731800109056.0,8731800109056.0,0
2008-06-16,8819999506432.0,9147599814656.0,8429400227840.0,8807399817216.0,8807399817216.0,0
2008-06-17,8794800128000.0,8819999506432.0,8290799976448.0,8605800071168.0,8605800071168.0,0
2008-06-18,8769600225280.0,8769600225280.0,8341199781888.0,8441999917056.0,8441999917056.0,0
2008-06-19,8404199800832.0,8630999973888.0,8328600092672.0,8391600111616.0,8391600111616.0,0
2008-06-20,8378999898112.0,8504999936000.0,8189999841280.0,8202600054784.0,8202600054784.0,0
2008-06-23,8252999860224.0,8908200476672.0,8252999860224.0,8845199933440.0,8845199933440.0,0
2008-06-24,8757000011776.0,8757000011776.0,8328600092672.0,8391600111616.0,8391600111616.0,0
2008-06-25,8504999936000.0,8857799622656.0,8492400246784.0,8605800071168.0,8605800071168.0,0
2008-06-26,8593199857664.0,8883000049664.0,8252999860224.0,8819999506432.0,8819999506432.0,0
2008-06-27,8845199933440.0,8883000049664.0,8404199800832.0,8416800014336.0,8416800014336.0,0
2008-06-30,8366400208896.0,8441999917056.0,8063999803392.0,8063999803392.0,8063999803392.0,0
2008-07-01,8063999803392.0,8479800033280.0,7761599922176.0,7812000251904.0,7812000251904.0,0
2008-07-02,7812000251904.0,7950599979008.0,7459200040960.0,7560000176128.0,7560000176128.0,0
2008-07-03,7560000176128.0,7623000195072.0,7270199984128.0,7308000100352.0,7308000100352.0,0
2008-07-07,7295399886848.0,7597799768064.0,6892199870464.0,7030800121856.0,7030800121856.0,0
2008-07-08,6980399792128.0,7333200003072.0,6602400202752.0,7257599770624.0,7257599770624.0,0
2008-07-09,7270199984128.0,7270199984128.0,6526799970304.0,6526799970304.0,6526799970304.0,0
2008-07-10,6551999873024.0,6551999873024.0,6173999759360.0,6488999854080.0,6488999854080.0,0
2008-07-11,6350400126976.0,6551999873024.0,6211799875584.0,6438600048640.0,6438600048640.0,0
2008-07-14,6438600048640.0,8063999803392.0,6438600048640.0,7950599979008.0,7950599979008.0,0
2008-07-15,7837200154624.0,7837200154624.0,7030800121856.0,7282800197632.0,7282800197632.0,0
2008-07-16,7245000081408.0,7623000195072.0,7245000081408.0,7471800254464.0,7471800254464.0,0
2008-07-17,7471800254464.0,7585200078848.0,7383599808512.0,7471800254464.0,7471800254464.0,0
2008-07-18,7396200022016.0,7648200097792.0,7345800216576.0,7358399905792.0,7358399905792.0,0
2008-07-21,7345800216576.0,7509599846400.0,7282800197632.0,7295399886848.0,7295399886848.0,0
2008-07-22,7295399886848.0,7308000100352.0,7182000062464.0,7182000062464.0,7182000062464.0,0
2008-07-23,6425999835136.0,7005600219136.0,6425999835136.0,7005600219136.0,7005600219136.0,0
2008-07-24,7219800178688.0,7219800178688.0,6690600124416.0,6841800065024.0,6841800065024.0,0
2008-07-25,7144199946240.0,7144199946240.0,6715800027136.0,6929999986688.0,6929999986688.0,0
2008-07-28,7333200003072.0,7371000119296.0,6728400240640.0,6803999948800.0,6803999948800.0,0
2008-07-29,6929999986688.0,6929999986688.0,6299999797248.0,6766199832576.0,6766199832576.0,0
2008-07-30,6627600105472.0,6803999948800.0,6564600086528.0,6577199775744.0,6577199775744.0,0
2008-07-31,6614999891968.0,6652800008192.0,6186599972864.0,6501600067584.0,6501600067584.0,0
2008-08-01,6501600067584.0,6501600067584.0,5985000226816.0,6262200205312.0,6262200205312.0,0
2008-08-04,6350400126976.0,6350400126976.0,6161400070144.0,6211799875584.0,6211799875584.0,0
2008-08-05,6211799875584.0,6262200205312.0,5783399956480.0,5833799761920.0,5833799761920.0,0
2008-08-06,5796000169984.0,6010200129536.0,5493599764480.0,5985000226816.0,5985000226816.0,0
2008-08-07,5985000226816.0,6022799818752.0,5707800248320.0,5985000226816.0,5985000226816.0,0
2008-08-08,5619599802368.0,6173999759360.0,5619599802368.0,6098400051200.0,6098400051200.0,0
2008-08-11,6048000245760.0,6211799875584.0,6022799818752.0,6161400070144.0,6161400070144.0,0
2008-08-12,6098400051200.0,6299999797248.0,5972400013312.0,6262200205312.0,6262200205312.0,0
2008-08-13,6287400108032.0,6299999797248.0,6224400089088.0,6287400108032.0,6287400108032.0,0
2008-08-14,6299999797248.0,6299999797248.0,5871599878144.0,5959799799808.0,5959799799808.0,0
2008-08-15,6060599934976.0,6060599934976.0,5619599802368.0,5682599821312.0,5682599821312.0,0
2008-08-18,5821200072704.0,5997599916032.0,5821200072704.0,5997599916032.0,5997599916032.0,0
2008-08-19,5934599897088.0,6035400032256.0,5783399956480.0,5821200072704.0,5821200072704.0,0
2008-08-20,5859000188928.0,5859000188928.0,5695200034816.0,5733000151040.0,5733000151040.0,0
2008-08-21,5670000132096.0,5859000188928.0,5607000113152.0,5632200015872.0,5632200015872.0,0
2008-08-22,5607000113152.0,5859000188928.0,5607000113152.0,5821200072704.0,5821200072704.0,0
2008-08-25,5682599821312.0,5770799742976.0,5594399899648.0,5657399918592.0,5657399918592.0,0
2008-08-26,5821200072704.0,6199200186368.0,5607000113152.0,5770799742976.0,5770799742976.0,0
2008-08-27,5707800248320.0,6866999967744.0,5707800248320.0,6325200224256.0,6325200224256.0,0
2008-08-28,6299999797248.0,6690600124416.0,6274799894528.0,6577199775744.0,6577199775744.0,0
2008-08-29,6514199756800.0,6640199794688.0,6173999759360.0,6614999891968.0,6614999891968.0,0
2008-09-02,6614999891968.0,6892199870464.0,6350400126976.0,6400799932416.0,6400799932416.0,0
2008-09-03,6337799913472.0,6841800065024.0,5859000188928.0,6577199775744.0,6577199775744.0,0
2008-09-04,6703199813632.0,6791400259584.0,6425999835136.0,6589799989248.0,6589799989248.0,0
2008-09-05,6526799970304.0,6526799970304.0,6085799837696.0,6249599991808.0,6249599991808.0,0
2008-09-08,6287400108032.0,6564600086528.0,6287400108032.0,6438600048640.0,6438600048640.0,0
2008-09-09,6350400126976.0,6350400126976.0,6010200129536.0,6060599934976.0,6060599934976.0,0
2008-09-10,6035400032256.0,6098400051200.0,5909399994368.0,6035400032256.0,6035400032256.0,0
2008-09-11,5947200110592.0,5985000226816.0,5770799742976.0,5947200110592.0,5947200110592.0,0
2008-09-12,5884200091648.0,5947200110592.0,5884200091648.0,5909399994368.0,5909399994368.0,0
2008-09-15,5783399956480.0,5909399994368.0,5367600250880.0,5884200091648.0,5884200091648.0,0
2008-09-16,5922000207872.0,5947200110592.0,5518800191488.0,5720399937536.0,5720399937536.0,0
2008-09-17,5481000075264.0,5796000169984.0,5065199845376.0,5443199959040.0,5443199959040.0,0
2008-09-18,5367600250880.0,6123599953920.0,5292000018432.0,6048000245760.0,6048000245760.0,0
2008-09-19,6136200167424.0,6274799894528.0,5506199977984.0,5569199996928.0,5569199996928.0,0
2008-09-22,5670000132096.0,5670000132096.0,5065199845376.0,5228999999488.0,5228999999488.0,0
2008-09-23,5355000037376.0,5468399861760.0,5027400253440.0,5077800058880.0,5077800058880.0,0
2008-09-24,5216399785984.0,5392800153600.0,4787999866880.0,4800600080384.0,4800600080384.0,0
2008-09-25,5859000188928.0,6841800065024.0,5581800210432.0,6514199756800.0,6514199756800.0,0
2008-09-26,6425999835136.0,6425999835136.0,6060599934976.0,6173999759360.0,6173999759360.0,0
2008-09-29,6274799894528.0,6274799894528.0,4422599966720.0,5039999942656.0,5039999942656.0,0
2008-09-30,5178600194048.0,6262200205312.0,4661999828992.0,5846399975424.0,5846399975424.0,0
2008-10-01,5846399975424.0,6136200167424.0,5544000094208.0,5569199996928.0,5569199996928.0,0
2008-10-02,5695200034816.0,5796000169984.0,5292000018432.0,5619599802368.0,5619599802368.0,0
2008-10-03,5670000132096.0,5922000207872.0,5644800229376.0,5871599878144.0,5871599878144.0,0
2008-10-06,5682599821312.0,5682599821312.0,5052600156160.0,5317199921152.0,5317199921152.0,0
2008-10-07,5493599764480.0,5493599764480.0,4309199880192.0,4309199880192.0,4309199880192.0,0
2008-10-08,4132800036864.0,4145399988224.0,3301200101376.0,3427199877120.0,3427199877120.0,0
2008-10-09,3502800109568.0,4195800055808.0,3502800109568.0,3780000088064.0,3780000088064.0,0
2008-10-10,3351599906816.0,3427199877120.0,1890000044032.0,2784599998464.0,2784599998464.0,0
2008-10-13,2835000066048.0,3628799885312.0,2835000066048.0,3124799995904.0,3124799995904.0,0
2008-10-14,3301200101376.0,3578400079872.0,3187800014848.0,3187800014848.0,3187800014848.0,0
2008-10-15,3238200082432.0,3238200082432.0,2961000103936.0,3086999879680.0,3086999879680.0,0
2008-10-16,3086999879680.0,3149999898624.0,2923199987712.0,3137399947264.0,3137399947264.0,0
2008-10-17,2986200006656.0,3149999898624.0,2822400114688.0,3036600074240.0,3036600074240.0,0
2008-10-20,3137399947264.0,3187800014848.0,3061799976960.0,3112200044544.0,3112200044544.0,0
2008-10-21,2898000084992.0,3086999879680.0,2898000084992.0,3061799976960.0,3061799976960.0,0
2008-10-22,2961000103936.0,2961000103936.0,2784599998464.0,2860199968768.0,2860199968768.0,0
2008-10-23,2835000066048.0,2948399890432.0,2633400057856.0,2633400057856.0,2633400057856.0,0
2008-10-24,2293200060416.0,2444400001024.0,1574999949312.0,2280600109056.0,2280600109056.0,0
2008-10-27,2041199984640.0,2230200041472.0,1915199946752.0,2041199984640.0,2041199984640.0,0
2008-10-28,2041199984640.0,2041199984640.0,1675799953408.0,1764000006144.0,1764000006144.0,0
2008-10-29,1890000044032.0,2141999988736.0,1801799991296.0,1890000044032.0,1890000044032.0,0
2008-10-30,1965600014336.0,2003399999488.0,1827000025088.0,1890000044032.0,1890000044032.0,0
2008-10-31,2028600033280.0,2356200079360.0,2003399999488.0,2141999988736.0,2141999988736.0,0
2008-11-03,2318399963136.0,2330999914496.0,2141999988736.0,2141999988736.0,2141999988736.0,0
2008-11-04,2204999876608.0,2330999914496.0,2204999876608.0,2242799992832.0,2242799992832.0,0
2008-11-05,2255399944192.0,2406599884800.0,2192400056320.0,2356200079360.0,2356200079360.0,0
2008-11-06,2482200117248.0,2872799920128.0,1965600014336.0,2129400037376.0,2129400037376.0,0
2008-11-07,2129400037376.0,2141999988736.0,2078999969792.0,2091600052224.0,2091600052224.0,0
2008-11-10,2053799936000.0,2532599922688.0,1940399980544.0,2141999988736.0,2141999988736.0,0
2008-11-11,3200399966208.0,3200399966208.0,2003399999488.0,2015999950848.0,2015999950848.0,0
2008-11-12,2204999876608.0,2204999876608.0,1801799991296.0,1890000044032.0,1890000044032.0,0
2008-11-13,2078999969792.0,2293200060416.0,1902599995392.0,1965600014336.0,1965600014336.0,0
2008-11-14,2053799936000.0,2444400001024.0,2015999950848.0,2356200079360.0,2356200079360.0,0
2008-11-17,2267999895552.0,2646000009216.0,2204999876608.0,2570400038912.0,2570400038912.0,0
2008-11-18,2519999971328.0,2582999990272.0,2356200079360.0,2381399982080.0,2381399982080.0,0
2008-11-19,2204999876608.0,2494800068608.0,2204999876608.0,2393999933440.0,2393999933440.0,0
2008-11-20,2393999933440.0,2393999933440.0,2116799954944.0,2280600109056.0,2280600109056.0,0
2008-11-21,2230200041472.0,2469599903744.0,2230200041472.0,2393999933440.0,2393999933440.0,0
2008-11-24,2305800011776.0,2469599903744.0,2305800011776.0,2393999933440.0,2393999933440.0,0
2008-11-25,2204999876608.0,2494800068608.0,2204999876608.0,2456999952384.0,2456999952384.0,0
2008-11-26,2368800030720.0,2545199874048.0,2368800030720.0,2406599884800.0,2406599884800.0,0
2008-11-28,2482200117248.0,2494800068608.0,2267999895552.0,2456999952384.0,2456999952384.0,0
2008-12-01,2330999914496.0,2444400001024.0,2267999895552.0,2406599884800.0,2406599884800.0,0
2008-12-02,2154599940096.0,2393999933440.0,2154599940096.0,2318399963136.0,2318399963136.0,0
2008-12-03,2204999876608.0,2356200079360.0,2141999988736.0,2280600109056.0,2280600109056.0,0
2008-12-04,2255399944192.0,2267999895552.0,2116799954944.0,2141999988736.0,2141999988736.0,0
2008-12-05,2053799936000.0,2129400037376.0,2053799936000.0,2129400037376.0,2129400037376.0,0
2008-12-08,2116799954944.0,2381399982080.0,2116799954944.0,2267999895552.0,2267999895552.0,0
2008-12-09,2192400056320.0,2608199892992.0,2192400056320.0,2393999933440.0,2393999933440.0,0
2008-12-10,2532599922688.0,2948399890432.0,2330999914496.0,2507400019968.0,2507400019968.0,0
2008-12-11,2431800049664.0,2456999952384.0,2204999876608.0,2242799992832.0,2242799992832.0,0
2008-12-12,2015999950848.0,2217600090112.0,2015999950848.0,2141999988736.0,2141999988736.0,0
2008-12-15,2255399944192.0,2267999895552.0,1953000062976.0,2041199984640.0,2041199984640.0,0
2008-12-16,2091600052224.0,2204999876608.0,1965600014336.0,2116799954944.0,2116799954944.0,0
2008-12-17,2192400056320.0,2293200060416.0,2066400018432.0,2267999895552.0,2267999895552.0,0
2008-12-18,2494800068608.0,2494800068608.0,1890000044032.0,2015999950848.0,2015999950848.0,0
2008-12-19,2356200079360.0,2356200079360.0,1953000062976.0,1965600014336.0,1965600014336.0,0
2008-12-22,2293200060416.0,2305800011776.0,1990800048128.0,2028600033280.0,2028600033280.0,0
2008-12-23,1990800048128.0,2419200098304.0,1915199946752.0,2293200060416.0,2293200060416.0,0
2008-12-24,2293200060416.0,2343600128000.0,2267999895552.0,2293200060416.0,2293200060416.0,0
2008-12-26,1940399980544.0,2293200060416.0,1940399980544.0,2217600090112.0,2217600090112.0,0
2008-12-29,2141999988736.0,2204999876608.0,2078999969792.0,2104200003584.0,2104200003584.0,0
2008-12-30,2267999895552.0,2330999914496.0,1990800048128.0,2154599940096.0,2154599940096.0,0
2008-12-31,1915199946752.0,2141999988736.0,1915199946752.0,2053799936000.0,2053799936000.0,0
2009-01-02,2078999969792.0,2393999933440.0,2078999969792.0,2393999933440.0,2393999933440.0,0
2009-01-05,2305800011776.0,2431800049664.0,2255399944192.0,2343600128000.0,2343600128000.0,0
2009-01-06,2356200079360.0,2494800068608.0,2343600128000.0,2406599884800.0,2406599884800.0,0
2009-01-07,2356200079360.0,2393999933440.0,2204999876608.0,2330999914496.0,2330999914496.0,0
2009-01-08,2356200079360.0,2847600017408.0,2343600128000.0,2835000066048.0,2835000066048.0,0
2009-01-09,2898000084992.0,3049200025600.0,2570400038912.0,2885399871488.0,2885399871488.0,0
2009-01-12,2835000066048.0,2835000066048.0,2658599960576.0,2822400114688.0,2822400114688.0,0
2009-01-13,2822400114688.0,2935799939072.0,2658599960576.0,2898000084992.0,2898000084992.0,0
2009-01-14,2671199911936.0,2885399871488.0,2671199911936.0,2709000028160.0,2709000028160.0,0
2009-01-15,2759400095744.0,2797199949824.0,2482200117248.0,2734199930880.0,2734199930880.0,0
2009-01-16,2671199911936.0,2759400095744.0,2595599941632.0,2620800106496.0,2620800106496.0,0
2009-01-20,2532599922688.0,2835000066048.0,2482200117248.0,2482200117248.0,2482200117248.0,0
2009-01-21,2507400019968.0,2797199949824.0,2507400019968.0,2734199930880.0,2734199930880.0,0
2009-01-22,2709000028160.0,2709000028160.0,2507400019968.0,2545199874048.0,2545199874048.0,0
2009-01-23,2633400057856.0,2835000066048.0,2570400038912.0,2721599979520.0,2721599979520.0,0
2009-01-26,2784599998464.0,2784599998464.0,2545199874048.0,2620800106496.0,2620800106496.0,0
2009-01-27,2545199874048.0,2746799882240.0,2116799954944.0,2582999990272.0,2582999990272.0,0
2009-01-28,2646000009216.0,2646000009216.0,2444400001024.0,2582999990272.0,2582999990272.0,0
2009-01-29,2494800068608.0,2570400038912.0,2469599903744.0,2519999971328.0,2519999971328.0,0
2009-01-30,2482200117248.0,2519999971328.0,2293200060416.0,2305800011776.0,2305800011776.0,0
2009-02-02,2217600090112.0,2381399982080.0,2217600090112.0,2293200060416.0,2293200060416.0,0
2009-02-03,2431800049664.0,2444400001024.0,2242799992832.0,2293200060416.0,2293200060416.0,0
2009-02-04,2293200060416.0,2293200060416.0,2204999876608.0,2280600109056.0,2280600109056.0,0
2009-02-05,2393999933440.0,2393999933440.0,2192400056320.0,2255399944192.0,2255399944192.0,0
2009-02-06,2179799973888.0,2330999914496.0,2104200003584.0,2154599940096.0,2154599940096.0,0
2009-02-09,2141999988736.0,2318399963136.0,2104200003584.0,2318399963136.0,2318399963136.0,0
2009-02-10,2293200060416.0,2293200060416.0,2116799954944.0,2154599940096.0,2154599940096.0,0
2009-02-11,2204999876608.0,2204999876608.0,2104200003584.0,2129400037376.0,2129400037376.0,0
2009-02-12,2141999988736.0,2141999988736.0,1927800029184.0,2116799954944.0,2116799954944.0,0
2009-02-13,2066400018432.0,2141999988736.0,2015999950848.0,2141999988736.0,2141999988736.0,0
2009-02-17,2041199984640.0,2570400038912.0,1978199965696.0,2519999971328.0,2519999971328.0,0
2009-02-18,2456999952384.0,2482200117248.0,2267999895552.0,2267999895552.0,2267999895552.0,0
2009-02-19,2482200117248.0,2482200117248.0,2192400056320.0,2192400056320.0,2192400056320.0,0
2009-02-20,1978199965696.0,2015999950848.0,1890000044032.0,1902599995392.0,1902599995392.0,0
2009-02-23,2003399999488.0,2003399999488.0,1738799972352.0,1764000006144.0,1764000006144.0,0
2009-02-24,1990800048128.0,1990800048128.0,1852200058880.0,1852200058880.0,1852200058880.0,0
2009-02-25,1953000062976.0,1990800048128.0,1764000006144.0,1789200039936.0,1789200039936.0,0
2009-02-26,1978199965696.0,1978199965696.0,1801799991296.0,1827000025088.0,1827000025088.0,0
2009-02-27,1764000006144.0,1839599976448.0,1587600031744.0,1587600031744.0,1587600031744.0,0
2009-03-02,1574999949312.0,1574999949312.0,1285200019456.0,1285200019456.0,1285200019456.0,0
2009-03-03,1259999985664.0,1259999985664.0,1070999994368.0,1171800064000.0,1171800064000.0,0
2009-03-04,1171800064000.0,1297799970816.0,1020599992320.0,1108800045056.0,1108800045056.0,0
2009-03-05,1234799951872.0,1234799951872.0,1007999975424.0,1108800045056.0,1108800045056.0,0
2009-03-06,1196999966720.0,1196999966720.0,844200017920.0,970199990272.0,970199990272.0,0
2009-03-09,970199990272.0,1045800026112.0,970199990272.0,1033200009216.0,1033200009216.0,0
2009-03-10,882000003072.0,1133999947776.0,882000003072.0,1133999947776.0,1133999947776.0,0
2009-03-11,1133999947776.0,1146600030208.0,1108800045056.0,1146600030208.0,1146600030208.0,0
2009-03-12,1159199981568.0,1196999966720.0,1033200009216.0,1033200009216.0,1033200009216.0,0
2009-03-13,1184400015360.0,1196999966720.0,919799988224.0,1133999947776.0,1133999947776.0,0
2009-03-16,1323000004608.0,1323000004608.0,995400024064.0,1133999947776.0,1133999947776.0,0
2009-03-17,1310400053248.0,1310400053248.0,1196999966720.0,1272599937024.0,1272599937024.0,0
2009-03-18,1323000004608.0,1323000004608.0,1045800026112.0,1121399996416.0,1121399996416.0,0
2009-03-19,1045800026112.0,1259999985664.0,1033200009216.0,1247400034304.0,1247400034304.0,0
2009-03-20,1247400034304.0,1247400034304.0,1133999947776.0,1133999947776.0,1133999947776.0,0
2009-03-23,1247400034304.0,1247400034304.0,1133999947776.0,1146600030208.0,1146600030208.0,0
2009-03-24,1196999966720.0,1234799951872.0,1070999994368.0,1222200000512.0,1222200000512.0,0
2009-03-25,1222200000512.0,1222200000512.0,1096200028160.0,1096200028160.0,1096200028160.0,0
2009-03-26,1222200000512.0,1222200000512.0,1184400015360.0,1184400015360.0,1184400015360.0,0
2009-03-27,1247400034304.0,1360799989760.0,1146600030208.0,1360799989760.0,1360799989760.0,0
2009-03-30,1373399941120.0,1373399941120.0,1096200028160.0,1259999985664.0,1259999985664.0,0
2009-03-31,1259999985664.0,1259999985664.0,1146600030208.0,1234799951872.0,1234799951872.0,0
2009-04-01,1234799951872.0,1259999985664.0,1196999966720.0,1234799951872.0,1234799951872.0,0
2009-04-02,1827000025088.0,1827000025088.0,1398599974912.0,1449000042496.0,1449000042496.0,0
2009-04-03,1449000042496.0,1474199945216.0,1411200057344.0,1449000042496.0,1449000042496.0,0
2009-04-06,1411200057344.0,1461599993856.0,1348200038400.0,1360799989760.0,1360799989760.0,0
2009-04-07,1360799989760.0,1373399941120.0,1247400034304.0,1297799970816.0,1297799970816.0,0
2009-04-08,1386000023552.0,1386000023552.0,1335599955968.0,1360799989760.0,1360799989760.0,0
2009-04-09,1360799989760.0,1512000061440.0,1348200038400.0,1449000042496.0,1449000042496.0,0
2009-04-13,1612800065536.0,1688400035840.0,1549800046592.0,1688400035840.0,1688400035840.0,0
2009-04-14,1637999968256.0,1890000044032.0,1612800065536.0,1839599976448.0,1839599976448.0,0
2009-04-15,1877399961600.0,1902599995392.0,1864800010240.0,1890000044032.0,1890000044032.0,0
2009-04-16,2015999950848.0,2015999950848.0,1827000025088.0,1877399961600.0,1877399961600.0,0
2009-04-17,2003399999488.0,2230200041472.0,1827000025088.0,2078999969792.0,2078999969792.0,0
2009-04-20,2116799954944.0,2154599940096.0,1902599995392.0,1902599995392.0,1902599995392.0,0
2009-04-21,1827000025088.0,1990800048128.0,1827000025088.0,1915199946752.0,1915199946752.0,0
2009-04-22,2255399944192.0,2255399944192.0,1864800010240.0,1953000062976.0,1953000062976.0,0
2009-04-23,1953000062976.0,1990800048128.0,1839599976448.0,1890000044032.0,1890000044032.0,0
2009-04-24,1764000006144.0,2041199984640.0,1764000006144.0,1978199965696.0,1978199965696.0,0
2009-04-27,2015999950848.0,2066400018432.0,1940399980544.0,1953000062976.0,1953000062976.0,0
2009-04-28,1890000044032.0,1902599995392.0,1890000044032.0,1890000044032.0,1890000044032.0,0
2009-04-29,1915199946752.0,1953000062976.0,1915199946752.0,1915199946752.0,1915199946752.0,0
2009-04-30,1953000062976.0,1953000062976.0,1927800029184.0,1940399980544.0,1940399980544.0,0
2009-05-01,2129400037376.0,2129400037376.0,1927800029184.0,1965600014336.0,1965600014336.0,0
2009-05-04,2053799936000.0,2053799936000.0,1927800029184.0,1978199965696.0,1978199965696.0,0
2009-05-05,1953000062976.0,2053799936000.0,1940399980544.0,2015999950848.0,2015999950848.0,0
2009-05-06,2015999950848.0,2053799936000.0,1927800029184.0,1953000062976.0,1953000062976.0,0
2009-05-07,1953000062976.0,2280600109056.0,1953000062976.0,2078999969792.0,2078999969792.0,0
2009-05-08,2204999876608.0,2204999876608.0,2028600033280.0,2129400037376.0,2129400037376.0,0
2009-05-11,2041199984640.0,2167200022528.0,2015999950848.0,2104200003584.0,2104200003584.0,0
2009-05-12,2116799954944.0,2129400037376.0,2078999969792.0,2129400037376.0,2129400037376.0,0
2009-05-13,2078999969792.0,2078999969792.0,1978199965696.0,1978199965696.0,1978199965696.0,0
2009-05-14,2116799954944.0,2116799954944.0,1915199946752.0,1940399980544.0,1940399980544.0,0
2009-05-15,1965600014336.0,2053799936000.0,1953000062976.0,1965600014336.0,1965600014336.0,0
2009-05-18,2141999988736.0,2141999988736.0,2041199984640.0,2078999969792.0,2078999969792.0,0
2009-05-19,1978199965696.0,2104200003584.0,1978199965696.0,2078999969792.0,2078999969792.0,0
2009-05-20,2116799954944.0,2141999988736.0,2091600052224.0,2091600052224.0,2091600052224.0,0
2009-05-21,2141999988736.0,2141999988736.0,1978199965696.0,1978199965696.0,1978199965696.0,0
2009-05-22,2116799954944.0,2141999988736.0,2066400018432.0,2066400018432.0,2066400018432.0,0
2009-05-26,2078999969792.0,2141999988736.0,2041199984640.0,2116799954944.0,2116799954944.0,0
2009-05-27,2141999988736.0,2167200022528.0,2116799954944.0,2141999988736.0,2141999988736.0,0
2009-05-28,2141999988736.0,2242799992832.0,2141999988736.0,2179799973888.0,2179799973888.0,0
2009-05-29,2242799992832.0,2368800030720.0,2204999876608.0,2230200041472.0,2230200041472.0,0
2009-06-01,2393999933440.0,2885399871488.0,2393999933440.0,2885399871488.0,2885399871488.0,0
2009-06-02,2772000047104.0,4699799945216.0,2772000047104.0,4435200180224.0,4435200180224.0,0
2009-06-03,4472999772160.0,4472999772160.0,3553199915008.0,3968999882752.0,3968999882752.0,0
2009-06-04,4346999996416.0,4888800002048.0,3843000107008.0,3906000125952.0,3906000125952.0,0
2009-06-05,4409999753216.0,4409999753216.0,3175200063488.0,3628799885312.0,3628799885312.0,0
2009-06-08,3464999993344.0,3464999993344.0,2986200006656.0,3225600131072.0,3225600131072.0,0
2009-06-09,3238200082432.0,3780000088064.0,3149999898624.0,3490199896064.0,3490199896064.0,0
2009-06-10,3654000050176.0,3679199952896.0,3212999917568.0,3351599906816.0,3351599906816.0,0
2009-06-11,3275999936512.0,3376800071680.0,3099600093184.0,3149999898624.0,3149999898624.0,0
2009-06-12,3149999898624.0,3275999936512.0,3149999898624.0,3225600131072.0,3225600131072.0,0
2009-06-15,3351599906816.0,3389400023040.0,2923199987712.0,3036600074240.0,3036600074240.0,0
2009-06-16,3036600074240.0,3175200063488.0,2973600055296.0,2986200006656.0,2986200006656.0,0
2009-06-17,2961000103936.0,2973600055296.0,2658599960576.0,2822400114688.0,2822400114688.0,0
2009-06-18,2822400114688.0,3036600074240.0,2797199949824.0,2998799958016.0,2998799958016.0,0
2009-06-19,3162600112128.0,3162600112128.0,2986200006656.0,3024000122880.0,3024000122880.0,0
2009-06-22,3124799995904.0,3124799995904.0,2519999971328.0,2519999971328.0,2519999971328.0,0
2009-06-23,2532599922688.0,2582999990272.0,2482200117248.0,2494800068608.0,2494800068608.0,0
2009-06-24,2633400057856.0,2696400076800.0,2570400038912.0,2570400038912.0,2570400038912.0,0
2009-06-25,2519999971328.0,2620800106496.0,2519999971328.0,2545199874048.0,2545199874048.0,0
2009-06-26,2532599922688.0,2646000009216.0,2519999971328.0,2646000009216.0,2646000009216.0,0
2009-06-29,2709000028160.0,2759400095744.0,2608199892992.0,2721599979520.0,2721599979520.0,0
2009-06-30,2835000066048.0,2835000066048.0,2519999971328.0,2557800087552.0,2557800087552.0,0
2009-07-01,2557800087552.0,2658599960576.0,2532599922688.0,2646000009216.0,2646000009216.0,0
2009-07-02,2721599979520.0,2721599979520.0,2305800011776.0,2671199911936.0,2671199911936.0,0
2009-07-06,2532599922688.0,2532599922688.0,2242799992832.0,2406599884800.0,2406599884800.0,0
2009-07-07,2318399963136.0,2318399963136.0,2041199984640.0,2078999969792.0,2078999969792.0,0
2009-07-08,2015999950848.0,2633400057856.0,1890000044032.0,1927800029184.0,1927800029184.0,0
2009-07-09,2015999950848.0,2141999988736.0,1978199965696.0,2003399999488.0,2003399999488.0,0
2009-07-10,2066400018432.0,2091600052224.0,1990800048128.0,2066400018432.0,2066400018432.0,0
2009-07-13,2066400018432.0,2066400018432.0,1990800048128.0,1990800048128.0,1990800048128.0,0
2009-07-14,2015999950848.0,2204999876608.0,2015999950848.0,2091600052224.0,2091600052224.0,0
2009-07-15,2192400056320.0,2456999952384.0,2192400056320.0,2255399944192.0,2255399944192.0,0
2009-07-16,2267999895552.0,2305800011776.0,2242799992832.0,2267999895552.0,2267999895552.0,0
2009-07-17,2242799992832.0,2267999895552.0,2204999876608.0,2230200041472.0,2230200041472.0,0
2009-07-20,2230200041472.0,2267999895552.0,2141999988736.0,2154599940096.0,2154599940096.0,0
2009-07-21,2419200098304.0,2419200098304.0,2141999988736.0,2230200041472.0,2230200041472.0,0
2009-07-22,2519999971328.0,2519999971328.0,2230200041472.0,2356200079360.0,2356200079360.0,0
2009-07-23,2431800049664.0,2431800049664.0,2179799973888.0,2204999876608.0,2204999876608.0,0
2009-07-24,2519999971328.0,2519999971328.0,2179799973888.0,2318399963136.0,2318399963136.0,0
2009-07-27,2330999914496.0,2519999971328.0,2330999914496.0,2507400019968.0,2507400019968.0,0
2009-07-28,2507400019968.0,2507400019968.0,2343600128000.0,2406599884800.0,2406599884800.0,0
2009-07-29,2419200098304.0,2419200098304.0,2255399944192.0,2255399944192.0,2255399944192.0,0
2009-07-30,2356200079360.0,2368800030720.0,2267999895552.0,2267999895552.0,2267999895552.0,0
2009-07-31,2343600128000.0,2343600128000.0,2267999895552.0,2305800011776.0,2305800011776.0,0
2009-08-03,2280600109056.0,2343600128000.0,2255399944192.0,2343600128000.0,2343600128000.0,0
2009-08-04,2330999914496.0,2368800030720.0,2280600109056.0,2293200060416.0,2293200060416.0,0
2009-08-05,2267999895552.0,2393999933440.0,2267999895552.0,2393999933440.0,2393999933440.0,0
2009-08-06,2519999971328.0,2519999971328.0,2330999914496.0,2330999914496.0,2330999914496.0,0
2009-08-07,2494800068608.0,2507400019968.0,2343600128000.0,2381399982080.0,2381399982080.0,0
2009-08-10,2431800049664.0,2519999971328.0,2330999914496.0,2343600128000.0,2343600128000.0,0
2009-08-11,2267999895552.0,2305800011776.0,2242799992832.0,2305800011776.0,2305800011776.0,0
2009-08-12,2242799992832.0,2305800011776.0,2217600090112.0,2230200041472.0,2230200041472.0,0
2009-08-13,2230200041472.0,2343600128000.0,2204999876608.0,2293200060416.0,2293200060416.0,0
2009-08-14,2318399963136.0,2393999933440.0,2267999895552.0,2356200079360.0,2356200079360.0,0
2009-08-17,2305800011776.0,2305800011776.0,2204999876608.0,2242799992832.0,2242799992832.0,0
2009-08-18,2242799992832.0,2242799992832.0,2204999876608.0,2204999876608.0,2204999876608.0,0
2009-08-19,2204999876608.0,2255399944192.0,2141999988736.0,2167200022528.0,2167200022528.0,0
2009-08-20,2141999988736.0,2217600090112.0,2141999988736.0,2154599940096.0,2154599940096.0,0
2009-08-21,2204999876608.0,2204999876608.0,2015999950848.0,2015999950848.0,2015999950848.0,0
2009-08-24,2015999950848.0,2192400056320.0,2015999950848.0,2141999988736.0,2141999988736.0,0
2009-08-25,2141999988736.0,2179799973888.0,2015999950848.0,2041199984640.0,2041199984640.0,0
2009-08-26,2129400037376.0,2204999876608.0,2041199984640.0,2041199984640.0,2041199984640.0,0
2009-08-27,2053799936000.0,2129400037376.0,2003399999488.0,2003399999488.0,2003399999488.0,0
2009-08-28,2116799954944.0,2129400037376.0,1902599995392.0,1965600014336.0,1965600014336.0,0
2009-08-31,1978199965696.0,1990800048128.0,1890000044032.0,1915199946752.0,1915199946752.0,0
2009-09-01,1927800029184.0,1965600014336.0,1675799953408.0,1801799991296.0,1801799991296.0,0
2009-09-02,1814399942656.0,1814399942656.0,1700999987200.0,1700999987200.0,1700999987200.0,0
2009-09-03,1700999987200.0,1700999987200.0,1574999949312.0,1612800065536.0,1612800065536.0,0
2009-09-04,1688400035840.0,1688400035840.0,1537199964160.0,1587600031744.0,1587600031744.0,0
2009-09-08,1625400016896.0,1688400035840.0,1625400016896.0,1663200002048.0,1663200002048.0,0
2009-09-09,1700999987200.0,1864800010240.0,1675799953408.0,1738799972352.0,1738799972352.0,0
2009-09-10,1764000006144.0,1864800010240.0,1764000006144.0,1852200058880.0,1852200058880.0,0
2009-09-11,1890000044032.0,1940399980544.0,1852200058880.0,1864800010240.0,1864800010240.0,0
2009-09-14,1814399942656.0,1839599976448.0,1764000006144.0,1789200039936.0,1789200039936.0,0
2009-09-15,1801799991296.0,1890000044032.0,1764000006144.0,1776599957504.0,1776599957504.0,0
2009-09-16,1789200039936.0,1902599995392.0,1751400054784.0,1764000006144.0,1764000006144.0,0
2009-09-17,1839599976448.0,1839599976448.0,1700999987200.0,1713599938560.0,1713599938560.0,0
2009-09-18,1700999987200.0,1764000006144.0,1650600050688.0,1675799953408.0,1675799953408.0,0
2009-09-21,1675799953408.0,1688400035840.0,1600199983104.0,1612800065536.0,1612800065536.0,0
2009-09-22,1612800065536.0,1663200002048.0,1587600031744.0,1625400016896.0,1625400016896.0,0
2009-09-23,1612800065536.0,1637999968256.0,1574999949312.0,1587600031744.0,1587600031744.0,0
2009-09-24,1574999949312.0,1600199983104.0,1499399979008.0,1499399979008.0,1499399979008.0,0
2009-09-25,1486800027648.0,1537199964160.0,1449000042496.0,1486800027648.0,1486800027648.0,0
2009-09-28,1537199964160.0,1537199964160.0,1449000042496.0,1461599993856.0,1461599993856.0,0
2009-09-29,1461599993856.0,1537199964160.0,1411200057344.0,1537199964160.0,1537199964160.0,0
2009-09-30,1625400016896.0,1625400016896.0,1537199964160.0,1549800046592.0,1549800046592.0,0
2009-10-01,1625400016896.0,1625400016896.0,1524600012800.0,1524600012800.0,1524600012800.0,0
2009-10-02,1574999949312.0,1574999949312.0,1449000042496.0,1461599993856.0,1461599993856.0,0
2009-10-05,1549800046592.0,1549800046592.0,1423800008704.0,1499399979008.0,1499399979008.0,0
2009-10-06,1512000061440.0,1537199964160.0,1449000042496.0,1512000061440.0,1512000061440.0,0
2009-10-07,1512000061440.0,1512000061440.0,1449000042496.0,1499399979008.0,1499399979008.0,0
2009-10-08,1549800046592.0,1637999968256.0,1549800046592.0,1562399997952.0,1562399997952.0,0
2009-10-09,1574999949312.0,1625400016896.0,1549800046592.0,1549800046592.0,1549800046592.0,0
2009-10-12,1612800065536.0,1612800065536.0,1537199964160.0,1549800046592.0,1549800046592.0,0
2009-10-13,1562399997952.0,1574999949312.0,1512000061440.0,1537199964160.0,1537199964160.0,0
2009-10-14,1537199964160.0,1600199983104.0,1537199964160.0,1587600031744.0,1587600031744.0,0
2009-10-15,1587600031744.0,1600199983104.0,1512000061440.0,1524600012800.0,1524600012800.0,0
2009-10-16,1524600012800.0,1574999949312.0,1423800008704.0,1461599993856.0,1461599993856.0,0
2009-10-19,1398599974912.0,1512000061440.0,1398599974912.0,1423800008704.0,1423800008704.0,0
2009-10-20,1423800008704.0,1499399979008.0,1398599974912.0,1411200057344.0,1411200057344.0,0
2009-10-21,1436399960064.0,1461599993856.0,1398599974912.0,1398599974912.0,1398599974912.0,0
2009-10-22,1411200057344.0,1461599993856.0,1411200057344.0,1423800008704.0,1423800008704.0,0
2009-10-23,1461599993856.0,1461599993856.0,1423800008704.0,1449000042496.0,1449000042496.0,0
2009-10-26,1461599993856.0,1461599993856.0,1398599974912.0,1411200057344.0,1411200057344.0,0
2009-10-27,1461599993856.0,1461599993856.0,1222200000512.0,1323000004608.0,1323000004608.0,0
2009-10-28,1285200019456.0,1386000023552.0,1196999966720.0,1259999985664.0,1259999985664.0,0
2009-10-29,1310400053248.0,1386000023552.0,1247400034304.0,1297799970816.0,1297799970816.0,0
2009-10-30,1285200019456.0,1285200019456.0,1222200000512.0,1222200000512.0,1222200000512.0,0
2009-11-02,1222200000512.0,1234799951872.0,1184400015360.0,1184400015360.0,1184400015360.0,0
2009-11-03,1209600049152.0,1209600049152.0,1184400015360.0,1184400015360.0,1184400015360.0,0
2009-11-04,1196999966720.0,1323000004608.0,1196999966720.0,1310400053248.0,1310400053248.0,0
2009-11-05,1285200019456.0,1297799970816.0,1259999985664.0,1259999985664.0,1259999985664.0,0
2009-11-06,1310400053248.0,1310400053248.0,1272599937024.0,1297799970816.0,1297799970816.0,0
2009-11-09,1247400034304.0,1373399941120.0,1247400034304.0,1323000004608.0,1323000004608.0,0
2009-11-10,1247400034304.0,1348200038400.0,1209600049152.0,1259999985664.0,1259999985664.0,0
2009-11-11,1259999985664.0,1272599937024.0,1222200000512.0,1234799951872.0,1234799951872.0,0
2009-11-12,1234799951872.0,1247400034304.0,1222200000512.0,1222200000512.0,1222200000512.0,0
2009-11-13,1247400034304.0,1259999985664.0,1247400034304.0,1247400034304.0,1247400034304.0,0
2009-11-16,1259999985664.0,1259999985664.0,1234799951872.0,1259999985664.0,1259999985664.0,0
2009-11-17,1323000004608.0,1323000004608.0,1259999985664.0,1272599937024.0,1272599937024.0,0
2009-11-18,1259999985664.0,1373399941120.0,1259999985664.0,1348200038400.0,1348200038400.0,0
2009-11-19,1373399941120.0,1461599993856.0,1285200019456.0,1449000042496.0,1449000042496.0,0
2009-11-20,1486800027648.0,1499399979008.0,1411200057344.0,1461599993856.0,1461599993856.0,0
2009-11-23,1524600012800.0,1549800046592.0,1285200019456.0,1285200019456.0,1285200019456.0,0
2009-11-24,1285200019456.0,1310400053248.0,1259999985664.0,1259999985664.0,1259999985664.0,0
2009-11-25,1259999985664.0,1310400053248.0,1259999985664.0,1310400053248.0,1310400053248.0,0
2009-11-27,1259999985664.0,1348200038400.0,1247400034304.0,1297799970816.0,1297799970816.0,0
2009-11-30,1285200019456.0,1360799989760.0,1285200019456.0,1348200038400.0,1348200038400.0,0
2009-12-01,1360799989760.0,1360799989760.0,1323000004608.0,1335599955968.0,1335599955968.0,0
2009-12-02,1323000004608.0,1386000023552.0,1259999985664.0,1297799970816.0,1297799970816.0,0
2009-12-03,1310400053248.0,1310400053248.0,1285200019456.0,1285200019456.0,1285200019456.0,0
2009-12-04,1285200019456.0,1323000004608.0,1259999985664.0,1272599937024.0,1272599937024.0,0
2009-12-07,1297799970816.0,1297799970816.0,1247400034304.0,1272599937024.0,1272599937024.0,0
2009-12-08,1297799970816.0,1310400053248.0,1272599937024.0,1297799970816.0,1297799970816.0,0
2009-12-09,1285200019456.0,1323000004608.0,1259999985664.0,1259999985664.0,1259999985664.0,0
2009-12-10,1247400034304.0,1310400053248.0,1234799951872.0,1234799951872.0,1234799951872.0,0
2009-12-11,1272599937024.0,1272599937024.0,1234799951872.0,1247400034304.0,1247400034304.0,0
2009-12-14,1234799951872.0,1259999985664.0,1222200000512.0,1222200000512.0,1222200000512.0,0
2009-12-15,1222200000512.0,1259999985664.0,1222200000512.0,1234799951872.0,1234799951872.0,0
2009-12-16,1247400034304.0,1259999985664.0,1222200000512.0,1259999985664.0,1259999985664.0,0
2009-12-17,1259999985664.0,1323000004608.0,1234799951872.0,1259999985664.0,1259999985664.0,0
2009-12-18,1297799970816.0,1310400053248.0,1247400034304.0,1259999985664.0,1259999985664.0,0
2009-12-21,1259999985664.0,1285200019456.0,1234799951872.0,1234799951872.0,1234799951872.0,0
2009-12-22,1234799951872.0,1272599937024.0,1222200000512.0,1259999985664.0,1259999985664.0,0
2009-12-23,1259999985664.0,1285200019456.0,1259999985664.0,1259999985664.0,1259999985664.0,0
2009-12-24,1272599937024.0,1323000004608.0,1259999985664.0,1297799970816.0,1297799970816.0,0
2009-12-28,1297799970816.0,1310400053248.0,1196999966720.0,1209600049152.0,1209600049152.0,0
2009-12-29,1209600049152.0,1449000042496.0,1209600049152.0,1436399960064.0,1436399960064.0,0
2009-12-30,1348200038400.0,1360799989760.0,1222200000512.0,1247400034304.0,1247400034304.0,0
2009-12-31,1247400034304.0,1310400053248.0,1234799951872.0,1272599937024.0,1272599937024.0,0
2010-01-04,1272599937024.0,1272599937024.0,1234799951872.0,1247400034304.0,1247400034304.0,0
2010-01-05,1323000004608.0,1360799989760.0,1247400034304.0,1335599955968.0,1335599955968.0,0
2010-01-06,1386000023552.0,1398599974912.0,1335599955968.0,1386000023552.0,1386000023552.0,0
2010-01-07,1386000023552.0,1449000042496.0,1360799989760.0,1436399960064.0,1436399960064.0,0
2010-01-08,1436399960064.0,1449000042496.0,1373399941120.0,1436399960064.0,1436399960064.0,0
2010-01-11,1486800027648.0,1537199964160.0,1449000042496.0,1499399979008.0,1499399979008.0,0
2010-01-12,1486800027648.0,1574999949312.0,1449000042496.0,1474199945216.0,1474199945216.0,0
2010-01-13,1512000061440.0,1574999949312.0,1461599993856.0,1524600012800.0,1524600012800.0,0
2010-01-14,1574999949312.0,1637999968256.0,1524600012800.0,1562399997952.0,1562399997952.0,0
2010-01-15,1612800065536.0,1612800065536.0,1461599993856.0,1474199945216.0,1474199945216.0,0
2010-01-19,1474199945216.0,1474199945216.0,1285200019456.0,1310400053248.0,1310400053248.0,0
2010-01-20,1398599974912.0,1398599974912.0,1297799970816.0,1323000004608.0,1323000004608.0,0
2010-01-21,1297799970816.0,1386000023552.0,1297799970816.0,1386000023552.0,1386000023552.0,0
2010-01-22,1360799989760.0,1398599974912.0,1335599955968.0,1398599974912.0,1398599974912.0,0
2010-01-25,1423800008704.0,1461599993856.0,1386000023552.0,1423800008704.0,1423800008704.0,0
2010-01-26,1398599974912.0,1461599993856.0,1348200038400.0,1436399960064.0,1436399960064.0,0
2010-01-27,1461599993856.0,1461599993856.0,1360799989760.0,1411200057344.0,1411200057344.0,0
2010-01-28,1386000023552.0,1411200057344.0,1360799989760.0,1411200057344.0,1411200057344.0,0
2010-01-29,1398599974912.0,1423800008704.0,1348200038400.0,1386000023552.0,1386000023552.0,0
2010-02-01,1461599993856.0,1461599993856.0,1373399941120.0,1386000023552.0,1386000023552.0,0
2010-02-02,1449000042496.0,1449000042496.0,1386000023552.0,1386000023552.0,1386000023552.0,0
2010-02-03,1449000042496.0,1449000042496.0,1386000023552.0,1386000023552.0,1386000023552.0,0
2010-02-04,1386000023552.0,1398599974912.0,1386000023552.0,1386000023552.0,1386000023552.0,0
2010-02-05,1348200038400.0,1398599974912.0,1348200038400.0,1386000023552.0,1386000023552.0,0
2010-02-08,1436399960064.0,1436399960064.0,1386000023552.0,1386000023552.0,1386000023552.0,0
2010-02-09,1360799989760.0,1423800008704.0,1360799989760.0,1386000023552.0,1386000023552.0,0
2010-02-10,1411200057344.0,1411200057344.0,1373399941120.0,1386000023552.0,1386000023552.0,0
2010-02-11,1386000023552.0,1386000023552.0,1323000004608.0,1373399941120.0,1373399941120.0,0
2010-02-12,1398599974912.0,1436399960064.0,1398599974912.0,1436399960064.0,1436399960064.0,0
2010-02-16,1436399960064.0,1461599993856.0,1398599974912.0,1461599993856.0,1461599993856.0,0
2010-02-17,1474199945216.0,1474199945216.0,1360799989760.0,1373399941120.0,1373399941120.0,0
2010-02-18,1386000023552.0,1386000023552.0,1323000004608.0,1348200038400.0,1348200038400.0,0
2010-02-19,1323000004608.0,1348200038400.0,1285200019456.0,1297799970816.0,1297799970816.0,0
2010-02-22,1297799970816.0,1360799989760.0,1297799970816.0,1360799989760.0,1360799989760.0,0
2010-02-23,1335599955968.0,1360799989760.0,1297799970816.0,1348200038400.0,1348200038400.0,0
2010-02-24,1335599955968.0,1348200038400.0,1297799970816.0,1348200038400.0,1348200038400.0,0
2010-02-25,1386000023552.0,1386000023552.0,1285200019456.0,1373399941120.0,1373399941120.0,0
2010-02-26,1386000023552.0,1398599974912.0,1310400053248.0,1360799989760.0,1360799989760.0,0
2010-03-01,1386000023552.0,1411200057344.0,1335599955968.0,1386000023552.0,1386000023552.0,0
2010-03-02,1386000023552.0,1386000023552.0,1323000004608.0,1335599955968.0,1335599955968.0,0
2010-03-03,1373399941120.0,1411200057344.0,1335599955968.0,1360799989760.0,1360799989760.0,0
2010-03-04,1348200038400.0,1360799989760.0,1335599955968.0,1360799989760.0,1360799989760.0,0
2010-03-05,1373399941120.0,1386000023552.0,1348200038400.0,1348200038400.0,1348200038400.0,0
2010-03-08,1373399941120.0,1499399979008.0,1335599955968.0,1411200057344.0,1411200057344.0,0
2010-03-09,1360799989760.0,1486800027648.0,1310400053248.0,1436399960064.0,1436399960064.0,0
2010-03-10,1436399960064.0,1436399960064.0,1360799989760.0,1411200057344.0,1411200057344.0,0
2010-03-11,1411200057344.0,1411200057344.0,1373399941120.0,1398599974912.0,1398599974912.0,0
2010-03-12,1373399941120.0,1436399960064.0,1310400053248.0,1436399960064.0,1436399960064.0,0
2010-03-15,1423800008704.0,1436399960064.0,1411200057344.0,1436399960064.0,1436399960064.0,0
2010-03-16,1436399960064.0,1449000042496.0,1411200057344.0,1411200057344.0,1411200057344.0,0
2010-03-17,1411200057344.0,1436399960064.0,1398599974912.0,1423800008704.0,1423800008704.0,0
2010-03-18,1411200057344.0,1449000042496.0,1360799989760.0,1411200057344.0,1411200057344.0,0
2010-03-19,1323000004608.0,1436399960064.0,1323000004608.0,1323000004608.0,1323000004608.0,0
2010-03-22,1323000004608.0,1373399941120.0,1323000004608.0,1348200038400.0,1348200038400.0,0
2010-03-23,1348200038400.0,1360799989760.0,1335599955968.0,1348200038400.0,1348200038400.0,0
2010-03-24,1348200038400.0,1373399941120.0,1335599955968.0,1360799989760.0,1360799989760.0,0
2010-03-25,1411200057344.0,1411200057344.0,1348200038400.0,1360799989760.0,1360799989760.0,0
2010-03-26,1360799989760.0,1398599974912.0,1360799989760.0,1398599974912.0,1398599974912.0,0
2010-03-29,1411200057344.0,1411200057344.0,1386000023552.0,1386000023552.0,1386000023552.0,0
2010-03-30,1386000023552.0,1398599974912.0,1386000023552.0,1386000023552.0,1386000023552.0,0
2010-03-31,1398599974912.0,1411200057344.0,1386000023552.0,1386000023552.0,1386000023552.0,0
2010-04-01,1386000023552.0,1411200057344.0,1386000023552.0,1386000023552.0,1386000023552.0,0
2010-04-05,1411200057344.0,1423800008704.0,1386000023552.0,1398599974912.0,1398599974912.0,0
2010-04-06,1398599974912.0,1423800008704.0,1398599974912.0,1411200057344.0,1411200057344.0,0
2010-04-07,1411200057344.0,1411200057344.0,1386000023552.0,1398599974912.0,1398599974912.0,0
2010-04-08,1411200057344.0,1411200057344.0,1386000023552.0,1398599974912.0,1398599974912.0,0
2010-04-09,1398599974912.0,1423800008704.0,1398599974912.0,1398599974912.0,1398599974912.0,0
2010-04-12,1499399979008.0,1562399997952.0,1436399960064.0,1524600012800.0,1524600012800.0,0
2010-04-13,1549800046592.0,1574999949312.0,1524600012800.0,1549800046592.0,1549800046592.0,0
2010-04-14,1612800065536.0,1612800065536.0,1537199964160.0,1612800065536.0,1612800065536.0,0
2010-04-15,1600199983104.0,1637999968256.0,1562399997952.0,1574999949312.0,1574999949312.0,0
2010-04-16,1562399997952.0,1587600031744.0,1449000042496.0,1562399997952.0,1562399997952.0,0
2010-04-19,1474199945216.0,1537199964160.0,1423800008704.0,1436399960064.0,1436399960064.0,0
2010-04-20,1461599993856.0,1499399979008.0,1449000042496.0,1449000042496.0,1449000042496.0,0
2010-04-21,1449000042496.0,1474199945216.0,1436399960064.0,1449000042496.0,1449000042496.0,0
2010-04-22,1436399960064.0,1512000061440.0,1436399960064.0,1512000061440.0,1512000061440.0,0
2010-04-23,1512000061440.0,1537199964160.0,1474199945216.0,1486800027648.0,1486800027648.0,0
2010-04-26,1562399997952.0,1562399997952.0,1486800027648.0,1524600012800.0,1524600012800.0,0
2010-04-27,1512000061440.0,1512000061440.0,1486800027648.0,1512000061440.0,1512000061440.0,0
2010-04-28,1486800027648.0,1524600012800.0,1486800027648.0,1524600012800.0,1524600012800.0,0
2010-04-29,1512000061440.0,1562399997952.0,1486800027648.0,1512000061440.0,1512000061440.0,0
2010-04-30,1512000061440.0,1549800046592.0,1486800027648.0,1549800046592.0,1549800046592.0,0
2010-05-03,1574999949312.0,1574999949312.0,1499399979008.0,1537199964160.0,1537199964160.0,0
2010-05-04,1524600012800.0,1537199964160.0,1486800027648.0,1486800027648.0,1486800027648.0,0
2010-05-05,1486800027648.0,1512000061440.0,1449000042496.0,1474199945216.0,1474199945216.0,0
2010-05-06,1449000042496.0,1486800027648.0,1360799989760.0,1386000023552.0,1386000023552.0,0
2010-05-07,1335599955968.0,1436399960064.0,1335599955968.0,1360799989760.0,1360799989760.0,0
2010-05-10,1373399941120.0,1512000061440.0,1373399941120.0,1512000061440.0,1512000061440.0,0
2010-05-11,1549800046592.0,1549800046592.0,1461599993856.0,1524600012800.0,1524600012800.0,0
2010-05-12,1512000061440.0,1537199964160.0,1461599993856.0,1524600012800.0,1524600012800.0,0
2010-05-13,1524600012800.0,1574999949312.0,1461599993856.0,1512000061440.0,1512000061440.0,0
2010-05-14,1549800046592.0,1562399997952.0,1411200057344.0,1499399979008.0,1499399979008.0,0
2010-05-17,1474199945216.0,1499399979008.0,1423800008704.0,1499399979008.0,1499399979008.0,0
2010-05-18,1486800027648.0,1486800027648.0,1386000023552.0,1474199945216.0,1474199945216.0,0
2010-05-19,1449000042496.0,1449000042496.0,1323000004608.0,1386000023552.0,1386000023552.0,0
2010-05-20,1386000023552.0,1386000023552.0,1272599937024.0,1285200019456.0,1285200019456.0,0
2010-05-21,1386000023552.0,1449000042496.0,1297799970816.0,1423800008704.0,1423800008704.0,0
2010-05-24,1398599974912.0,1398599974912.0,1323000004608.0,1348200038400.0,1348200038400.0,0
2010-05-25,1272599937024.0,1436399960064.0,1259999985664.0,1436399960064.0,1436399960064.0,0
2010-05-26,1398599974912.0,1411200057344.0,1323000004608.0,1373399941120.0,1373399941120.0,0
2010-05-27,1398599974912.0,1398599974912.0,1323000004608.0,1373399941120.0,1373399941120.0,0
2010-05-28,1348200038400.0,1449000042496.0,1335599955968.0,1449000042496.0,1449000042496.0,0
2010-06-01,1398599974912.0,1449000042496.0,1323000004608.0,1449000042496.0,1449000042496.0,0
2010-06-02,1436399960064.0,1461599993856.0,1373399941120.0,1461599993856.0,1461599993856.0,0
2010-06-03,1461599993856.0,1461599993856.0,1386000023552.0,1398599974912.0,1398599974912.0,0
2010-06-04,1436399960064.0,1436399960064.0,1360799989760.0,1360799989760.0,1360799989760.0,0
2010-06-07,1360799989760.0,1436399960064.0,1272599937024.0,1436399960064.0,1436399960064.0,0
2010-06-08,1436399960064.0,1436399960064.0,1323000004608.0,1411200057344.0,1411200057344.0,0
2010-06-09,1423800008704.0,1436399960064.0,1348200038400.0,1436399960064.0,1436399960064.0,0
2010-06-10,1398599974912.0,1423800008704.0,1323000004608.0,1411200057344.0,1411200057344.0,0
2010-06-11,1335599955968.0,1423800008704.0,1335599955968.0,1423800008704.0,1423800008704.0,0
2010-06-14,1360799989760.0,1423800008704.0,1323000004608.0,1423800008704.0,1423800008704.0,0
2010-06-15,1411200057344.0,1449000042496.0,1373399941120.0,1436399960064.0,1436399960064.0,0
2010-06-16,1360799989760.0,1386000023552.0,1323000004608.0,1386000023552.0,1386000023552.0,0
2010-06-17,1348200038400.0,1436399960064.0,1323000004608.0,1436399960064.0,1436399960064.0,0
2010-06-18,1436399960064.0,1436399960064.0,1348200038400.0,1436399960064.0,1436399960064.0,0
2010-06-21,1423800008704.0,1436399960064.0,1297799970816.0,1411200057344.0,1411200057344.0,0
2010-06-22,1386000023552.0,1449000042496.0,1348200038400.0,1373399941120.0,1373399941120.0,0
2010-06-23,1348200038400.0,1411200057344.0,1310400053248.0,1411200057344.0,1411200057344.0,0
2010-06-24,1335599955968.0,1373399941120.0,1310400053248.0,1373399941120.0,1373399941120.0,0
2010-06-25,1323000004608.0,1360799989760.0,1272599937024.0,1360799989760.0,1360799989760.0,0
2010-06-28,1335599955968.0,1335599955968.0,1285200019456.0,1310400053248.0,1310400053248.0,0
2010-06-29,1285200019456.0,1310400053248.0,1171800064000.0,1259999985664.0,1259999985664.0,0
2010-06-30,1259999985664.0,1272599937024.0,1133999947776.0,1222200000512.0,1222200000512.0,0
2010-07-01,1234799951872.0,1234799951872.0,1083600011264.0,1083600011264.0,1083600011264.0,0
2010-07-02,1133999947776.0,1133999947776.0,1058399977472.0,1096200028160.0,1096200028160.0,0
2010-07-06,1070999994368.0,1070999994368.0,1058399977472.0,1058399977472.0,1058399977472.0,0
2010-07-07,1058399977472.0,1108800045056.0,957599973376.0,1020599992320.0,1020599992320.0,0
2010-07-08,995400024064.0,1045800026112.0,982800007168.0,1045800026112.0,1045800026112.0,0
2010-07-09,1058399977472.0,1058399977472.0,1007999975424.0,1020599992320.0,1020599992320.0,0
2010-07-12,1007999975424.0,1121399996416.0,1007999975424.0,1121399996416.0,1121399996416.0,0
2010-07-13,1096200028160.0,1108800045056.0,1033200009216.0,1033200009216.0,1033200009216.0,0
2010-07-14,1096200028160.0,1096200028160.0,1033200009216.0,1083600011264.0,1083600011264.0,0
2010-07-15,1045800026112.0,1083600011264.0,1020599992320.0,1070999994368.0,1070999994368.0,0
2010-07-16,1033200009216.0,1083600011264.0,1020599992320.0,1083600011264.0,1083600011264.0,0
2010-07-19,1033200009216.0,1083600011264.0,1007999975424.0,1083600011264.0,1083600011264.0,0
2010-07-20,1058399977472.0,1121399996416.0,1007999975424.0,1121399996416.0,1121399996416.0,0
2010-07-21,1108800045056.0,1108800045056.0,1033200009216.0,1058399977472.0,1058399977472.0,0
2010-07-22,1058399977472.0,1121399996416.0,1020599992320.0,1121399996416.0,1121399996416.0,0
2010-07-23,1070999994368.0,1196999966720.0,1058399977472.0,1184400015360.0,1184400015360.0,0
2010-07-26,1159199981568.0,1259999985664.0,1159199981568.0,1259999985664.0,1259999985664.0,0
2010-07-27,1259999985664.0,1272599937024.0,1196999966720.0,1272599937024.0,1272599937024.0,0
2010-07-28,1209600049152.0,1259999985664.0,1171800064000.0,1259999985664.0,1259999985664.0,0
2010-07-29,1171800064000.0,1234799951872.0,1133999947776.0,1234799951872.0,1234799951872.0,0
2010-07-30,1196999966720.0,1196999966720.0,1133999947776.0,1159199981568.0,1159199981568.0,0
2010-08-02,1146600030208.0,1146600030208.0,1133999947776.0,1146600030208.0,1146600030208.0,0
2010-08-03,1146600030208.0,1184400015360.0,1133999947776.0,1171800064000.0,1171800064000.0,0
2010-08-04,1171800064000.0,1234799951872.0,1121399996416.0,1234799951872.0,1234799951872.0,0
2010-08-05,1146600030208.0,1234799951872.0,1083600011264.0,1133999947776.0,1133999947776.0,0
2010-08-06,1070999994368.0,1146600030208.0,1070999994368.0,1108800045056.0,1108800045056.0,0
2010-08-09,1146600030208.0,1159199981568.0,1070999994368.0,1108800045056.0,1108800045056.0,0
2010-08-10,1108800045056.0,1108800045056.0,1033200009216.0,1108800045056.0,1108800045056.0,0
2010-08-11,1108800045056.0,1108800045056.0,982800007168.0,1045800026112.0,1045800026112.0,0
2010-08-12,1033200009216.0,1070999994368.0,1007999975424.0,1070999994368.0,1070999994368.0,0
2010-08-13,1083600011264.0,1083600011264.0,1007999975424.0,1070999994368.0,1070999994368.0,0
2010-08-16,970199990272.0,1045800026112.0,894600019968.0,957599973376.0,957599973376.0,0
2010-08-17,982800007168.0,1033200009216.0,970199990272.0,1033200009216.0,1033200009216.0,0
2010-08-18,1007999975424.0,1007999975424.0,957599973376.0,970199990272.0,970199990272.0,0
2010-08-19,957599973376.0,957599973376.0,882000003072.0,932400005120.0,932400005120.0,0
2010-08-20,907199971328.0,907199971328.0,856799969280.0,856799969280.0,856799969280.0,0
2010-08-23,869399986176.0,945000022016.0,856799969280.0,932400005120.0,932400005120.0,0
2010-08-24,919799988224.0,919799988224.0,856799969280.0,869399986176.0,869399986176.0,0
2010-08-25,818999984128.0,894600019968.0,818999984128.0,882000003072.0,882000003072.0,0
2010-08-26,882000003072.0,882000003072.0,844200017920.0,869399986176.0,869399986176.0,0
2010-08-27,856799969280.0,856799969280.0,818999984128.0,844200017920.0,844200017920.0,0
2010-08-30,844200017920.0,882000003072.0,844200017920.0,869399986176.0,869399986176.0,0
2010-08-31,882000003072.0,882000003072.0,856799969280.0,856799969280.0,856799969280.0,0
2010-09-01,869399986176.0,894600019968.0,869399986176.0,882000003072.0,882000003072.0,0
2010-09-02,856799969280.0,919799988224.0,844200017920.0,882000003072.0,882000003072.0,0
2010-09-03,882000003072.0,919799988224.0,818999984128.0,831600001024.0,831600001024.0,0
2010-09-07,806400032768.0,945000022016.0,781199998976.0,894600019968.0,894600019968.0,0
2010-09-08,894600019968.0,894600019968.0,869399986176.0,869399986176.0,869399986176.0,0
2010-09-09,882000003072.0,882000003072.0,844200017920.0,844200017920.0,844200017920.0,0
2010-09-10,856799969280.0,856799969280.0,831600001024.0,856799969280.0,856799969280.0,0
2010-09-13,844200017920.0,907199971328.0,831600001024.0,894600019968.0,894600019968.0,0
2010-09-14,932400005120.0,945000022016.0,869399986176.0,869399986176.0,869399986176.0,0
2010-09-15,831600001024.0,882000003072.0,831600001024.0,869399986176.0,869399986176.0,0
2010-09-16,831600001024.0,932400005120.0,831600001024.0,932400005120.0,932400005120.0,0
2010-09-17,932400005120.0,932400005120.0,844200017920.0,844200017920.0,844200017920.0,0
2010-09-20,894600019968.0,932400005120.0,869399986176.0,882000003072.0,882000003072.0,0
2010-09-21,907199971328.0,907199971328.0,882000003072.0,907199971328.0,907199971328.0,0
2010-09-22,894600019968.0,894600019968.0,831600001024.0,831600001024.0,831600001024.0,0
2010-09-23,818999984128.0,831600001024.0,781199998976.0,831600001024.0,831600001024.0,0
2010-09-24,831600001024.0,894600019968.0,818999984128.0,818999984128.0,818999984128.0,0
2010-09-27,793800015872.0,869399986176.0,781199998976.0,818999984128.0,818999984128.0,0
2010-09-28,856799969280.0,907199971328.0,806400032768.0,844200017920.0,844200017920.0,0
2010-09-29,831600001024.0,856799969280.0,793800015872.0,806400032768.0,806400032768.0,0
2010-09-30,856799969280.0,894600019968.0,844200017920.0,869399986176.0,869399986176.0,0
2010-10-01,831600001024.0,882000003072.0,831600001024.0,856799969280.0,856799969280.0,0
2010-10-04,882000003072.0,882000003072.0,818999984128.0,818999984128.0,818999984128.0,0
2010-10-05,818999984128.0,882000003072.0,818999984128.0,882000003072.0,882000003072.0,0
2010-10-06,882000003072.0,907199971328.0,818999984128.0,844200017920.0,844200017920.0,0
2010-10-07,856799969280.0,907199971328.0,856799969280.0,907199971328.0,907199971328.0,0
2010-10-08,869399986176.0,894600019968.0,869399986176.0,869399986176.0,869399986176.0,0
2010-10-11,882000003072.0,894600019968.0,869399986176.0,882000003072.0,882000003072.0,0
2010-10-12,882000003072.0,907199971328.0,882000003072.0,907199971328.0,907199971328.0,0
2010-10-13,882000003072.0,894600019968.0,856799969280.0,856799969280.0,856799969280.0,0
2010-10-14,856799969280.0,894600019968.0,856799969280.0,882000003072.0,882000003072.0,0
2010-10-15,894600019968.0,894600019968.0,882000003072.0,894600019968.0,894600019968.0,0
2010-10-18,894600019968.0,894600019968.0,856799969280.0,894600019968.0,894600019968.0,0
2010-10-19,894600019968.0,907199971328.0,856799969280.0,907199971328.0,907199971328.0,0
2010-10-20,869399986176.0,882000003072.0,856799969280.0,869399986176.0,869399986176.0,0
2010-10-21,869399986176.0,894600019968.0,856799969280.0,894600019968.0,894600019968.0,0
2010-10-22,831600001024.0,907199971328.0,831600001024.0,882000003072.0,882000003072.0,0
2010-10-25,869399986176.0,907199971328.0,844200017920.0,844200017920.0,844200017920.0,0
2010-10-26,869399986176.0,869399986176.0,844200017920.0,844200017920.0,844200017920.0,0
2010-10-27,856799969280.0,869399986176.0,844200017920.0,844200017920.0,844200017920.0,0
2010-10-28,932400005120.0,932400005120.0,844200017920.0,869399986176.0,869399986176.0,0
2010-10-29,882000003072.0,894600019968.0,856799969280.0,856799969280.0,856799969280.0,0
2010-11-01,919799988224.0,932400005120.0,856799969280.0,856799969280.0,856799969280.0,0
2010-11-02,882000003072.0,932400005120.0,869399986176.0,869399986176.0,869399986176.0,0
2010-11-03,882000003072.0,882000003072.0,856799969280.0,869399986176.0,869399986176.0,0
2010-11-04,856799969280.0,932400005120.0,856799969280.0,919799988224.0,919799988224.0,0
2010-11-05,919799988224.0,945000022016.0,856799969280.0,945000022016.0,945000022016.0,0
2010-11-08,932400005120.0,1070999994368.0,932400005120.0,1058399977472.0,1058399977472.0,0
2010-11-09,1070999994368.0,1083600011264.0,1033200009216.0,1045800026112.0,1045800026112.0,0
2010-11-10,1033200009216.0,1133999947776.0,1007999975424.0,1121399996416.0,1121399996416.0,0
2010-11-11,1058399977472.0,1133999947776.0,1058399977472.0,1108800045056.0,1108800045056.0,0
2010-11-12,1196999966720.0,1196999966720.0,1133999947776.0,1184400015360.0,1184400015360.0,0
2010-11-15,1196999966720.0,1196999966720.0,1083600011264.0,1196999966720.0,1196999966720.0,0
2010-11-16,1171800064000.0,1171800064000.0,1058399977472.0,1096200028160.0,1096200028160.0,0
2010-11-17,1070999994368.0,1196999966720.0,1058399977472.0,1108800045056.0,1108800045056.0,0
2010-11-18,1184400015360.0,1184400015360.0,1108800045056.0,1108800045056.0,1108800045056.0,0
2010-11-19,1070999994368.0,1133999947776.0,1070999994368.0,1070999994368.0,1070999994368.0,0
2010-11-22,1058399977472.0,1096200028160.0,957599973376.0,957599973376.0,957599973376.0,0
2010-11-23,957599973376.0,1070999994368.0,957599973376.0,995400024064.0,995400024064.0,0
2010-11-24,1045800026112.0,1070999994368.0,995400024064.0,1045800026112.0,1045800026112.0,0
2010-11-26,1007999975424.0,1083600011264.0,1007999975424.0,1083600011264.0,1083600011264.0,0
2010-11-29,1070999994368.0,1083600011264.0,919799988224.0,982800007168.0,982800007168.0,0
2010-11-30,995400024064.0,1070999994368.0,957599973376.0,1020599992320.0,1020599992320.0,0
2010-12-01,1007999975424.0,1083600011264.0,1007999975424.0,1058399977472.0,1058399977472.0,0
2010-12-02,1058399977472.0,1058399977472.0,1020599992320.0,1058399977472.0,1058399977472.0,0
2010-12-03,1033200009216.0,1058399977472.0,1033200009216.0,1033200009216.0,1033200009216.0,0
2010-12-06,1058399977472.0,1096200028160.0,1020599992320.0,1070999994368.0,1070999994368.0,0
2010-12-07,1058399977472.0,1146600030208.0,1045800026112.0,1058399977472.0,1058399977472.0,0
2010-12-08,1020599992320.0,1184400015360.0,1020599992320.0,1058399977472.0,1058399977472.0,0
2010-12-09,1058399977472.0,1070999994368.0,1020599992320.0,1033200009216.0,1033200009216.0,0
2010-12-10,1096200028160.0,1133999947776.0,1083600011264.0,1133999947776.0,1133999947776.0,0
2010-12-13,1196999966720.0,1196999966720.0,1108800045056.0,1133999947776.0,1133999947776.0,0
2010-12-14,1133999947776.0,1184400015360.0,1133999947776.0,1146600030208.0,1146600030208.0,0
2010-12-15,1196999966720.0,1196999966720.0,1133999947776.0,1133999947776.0,1133999947776.0,0
2010-12-16,1159199981568.0,1196999966720.0,1159199981568.0,1196999966720.0,1196999966720.0,0
2010-12-17,1196999966720.0,1209600049152.0,1159199981568.0,1196999966720.0,1196999966720.0,0
2010-12-20,1196999966720.0,1222200000512.0,1196999966720.0,1196999966720.0,1196999966720.0,0
2010-12-21,1209600049152.0,1310400053248.0,1209600049152.0,1285200019456.0,1285200019456.0,0
2010-12-22,1323000004608.0,1423800008704.0,1310400053248.0,1386000023552.0,1386000023552.0,0
2010-12-23,1398599974912.0,1411200057344.0,1272599937024.0,1335599955968.0,1335599955968.0,0
2010-12-27,1436399960064.0,1436399960064.0,1348200038400.0,1423800008704.0,1423800008704.0,0
2010-12-28,1449000042496.0,1449000042496.0,1360799989760.0,1360799989760.0,1360799989760.0,0
2010-12-29,1449000042496.0,1449000042496.0,1335599955968.0,1348200038400.0,1348200038400.0,0
2010-12-30,1348200038400.0,1436399960064.0,1348200038400.0,1373399941120.0,1373399941120.0,0
2010-12-31,1386000023552.0,1386000023552.0,1373399941120.0,1373399941120.0,1373399941120.0,0
2011-01-03,1373399941120.0,1386000023552.0,1348200038400.0,1348200038400.0,1348200038400.0,0
2011-01-04,1348200038400.0,1411200057344.0,1285200019456.0,1285200019456.0,1285200019456.0,0
2011-01-05,1348200038400.0,1461599993856.0,1259999985664.0,1348200038400.0,1348200038400.0,0
2011-01-06,1436399960064.0,1436399960064.0,1323000004608.0,1348200038400.0,1348200038400.0,0
2011-01-07,1398599974912.0,1423800008704.0,1348200038400.0,1348200038400.0,1348200038400.0,0
2011-01-10,1386000023552.0,1398599974912.0,1323000004608.0,1323000004608.0,1323000004608.0,0
2011-01-11,1310400053248.0,1386000023552.0,1297799970816.0,1323000004608.0,1323000004608.0,0
2011-01-12,1310400053248.0,1398599974912.0,1310400053248.0,1360799989760.0,1360799989760.0,0
2011-01-13,1373399941120.0,1386000023552.0,1323000004608.0,1360799989760.0,1360799989760.0,0
2011-01-14,1386000023552.0,1386000023552.0,1297799970816.0,1335599955968.0,1335599955968.0,0
2011-01-18,1386000023552.0,1386000023552.0,1272599937024.0,1285200019456.0,1285200019456.0,0
2011-01-19,1310400053248.0,1310400053248.0,1196999966720.0,1222200000512.0,1222200000512.0,0
2011-01-20,1247400034304.0,1272599937024.0,1209600049152.0,1259999985664.0,1259999985664.0,0
2011-01-21,1259999985664.0,1310400053248.0,1259999985664.0,1297799970816.0,1297799970816.0,0
2011-01-24,1323000004608.0,1360799989760.0,1285200019456.0,1323000004608.0,1323000004608.0,0
2011-01-25,1348200038400.0,1348200038400.0,1285200019456.0,1310400053248.0,1310400053248.0,0
2011-01-26,1285200019456.0,1335599955968.0,1285200019456.0,1297799970816.0,1297799970816.0,0
2011-01-27,1285200019456.0,1297799970816.0,1285200019456.0,1285200019456.0,1285200019456.0,0
2011-01-28,1272599937024.0,1348200038400.0,1247400034304.0,1272599937024.0,1272599937024.0,0
2011-01-31,1297799970816.0,1348200038400.0,1247400034304.0,1348200038400.0,1348200038400.0,0
2011-02-01,1348200038400.0,1348200038400.0,1272599937024.0,1323000004608.0,1323000004608.0,0
2011-02-02,1310400053248.0,1360799989760.0,1297799970816.0,1348200038400.0,1348200038400.0,0
2011-02-03,1360799989760.0,1360799989760.0,1297799970816.0,1297799970816.0,1297799970816.0,0
2011-02-04,1297799970816.0,1360799989760.0,1285200019456.0,1323000004608.0,1323000004608.0,0
2011-02-07,1360799989760.0,1360799989760.0,1272599937024.0,1285200019456.0,1285200019456.0,0
2011-02-08,1272599937024.0,1323000004608.0,1234799951872.0,1259999985664.0,1259999985664.0,0
2011-02-09,1297799970816.0,1323000004608.0,1259999985664.0,1297799970816.0,1297799970816.0,0
2011-02-10,1285200019456.0,1285200019456.0,1234799951872.0,1247400034304.0,1247400034304.0,0
2011-02-11,1285200019456.0,1285200019456.0,1247400034304.0,1247400034304.0,1247400034304.0,0
2011-02-14,1259999985664.0,1272599937024.0,1209600049152.0,1209600049152.0,1209600049152.0,0
2011-02-15,1209600049152.0,1222200000512.0,1184400015360.0,1196999966720.0,1196999966720.0,0
2011-02-16,1171800064000.0,1222200000512.0,1171800064000.0,1222200000512.0,1222200000512.0,0
2011-02-17,1222200000512.0,1272599937024.0,1184400015360.0,1259999985664.0,1259999985664.0,0
2011-02-18,1234799951872.0,1234799951872.0,1196999966720.0,1209600049152.0,1209600049152.0,0
2011-02-22,1196999966720.0,1209600049152.0,1159199981568.0,1159199981568.0,1159199981568.0,0
2011-02-23,1159199981568.0,1184400015360.0,1159199981568.0,1171800064000.0,1171800064000.0,0
2011-02-24,1196999966720.0,1209600049152.0,1171800064000.0,1184400015360.0,1184400015360.0,0
2011-02-25,1171800064000.0,1196999966720.0,1171800064000.0,1171800064000.0,1171800064000.0,0
2011-02-28,1171800064000.0,1171800064000.0,1159199981568.0,1159199981568.0,1159199981568.0,0
2011-03-01,1159199981568.0,1184400015360.0,1159199981568.0,1159199981568.0,1159199981568.0,0
2011-03-02,1159199981568.0,1171800064000.0,1159199981568.0,1159199981568.0,1159199981568.0,0
2011-03-03,1159199981568.0,1171800064000.0,1083600011264.0,1083600011264.0,1083600011264.0,0
2011-03-04,1083600011264.0,1133999947776.0,1083600011264.0,1083600011264.0,1083600011264.0,0
2011-03-07,1083600011264.0,1159199981568.0,1083600011264.0,1083600011264.0,1083600011264.0,0
2011-03-08,1108800045056.0,1133999947776.0,1108800045056.0,1108800045056.0,1108800045056.0,0
2011-03-09,1108800045056.0,1108800045056.0,1083600011264.0,1096200028160.0,1096200028160.0,0
2011-03-10,1096200028160.0,1121399996416.0,1045800026112.0,1108800045056.0,1108800045056.0,0
2011-03-11,1070999994368.0,1108800045056.0,1058399977472.0,1070999994368.0,1070999994368.0,0
2011-03-14,1058399977472.0,1083600011264.0,1058399977472.0,1058399977472.0,1058399977472.0,0
2011-03-15,1058399977472.0,1083600011264.0,1033200009216.0,1033200009216.0,1033200009216.0,0
2011-03-16,1045800026112.0,1070999994368.0,1033200009216.0,1045800026112.0,1045800026112.0,0
2011-03-17,1133999947776.0,1133999947776.0,1045800026112.0,1121399996416.0,1121399996416.0,0
2011-03-18,1159199981568.0,1184400015360.0,1070999994368.0,1108800045056.0,1108800045056.0,0
2011-03-21,1108800045056.0,1108800045056.0,1007999975424.0,1007999975424.0,1007999975424.0,0
2011-03-22,982800007168.0,1007999975424.0,919799988224.0,945000022016.0,945000022016.0,0
2011-03-23,970199990272.0,970199990272.0,907199971328.0,907199971328.0,907199971328.0,0
2011-03-24,907199971328.0,1007999975424.0,882000003072.0,1007999975424.0,1007999975424.0,0
2011-03-25,1007999975424.0,1007999975424.0,957599973376.0,995400024064.0,995400024064.0,0
2011-03-28,1007999975424.0,1058399977472.0,982800007168.0,982800007168.0,982800007168.0,0
2011-03-29,1045800026112.0,1045800026112.0,932400005120.0,945000022016.0,945000022016.0,0
2011-03-30,932400005120.0,957599973376.0,894600019968.0,945000022016.0,945000022016.0,0
2011-03-31,907199971328.0,919799988224.0,882000003072.0,919799988224.0,919799988224.0,0
2011-04-01,894600019968.0,945000022016.0,894600019968.0,907199971328.0,907199971328.0,0
2011-04-04,907199971328.0,945000022016.0,894600019968.0,894600019968.0,894600019968.0,0
2011-04-05,882000003072.0,945000022016.0,882000003072.0,907199971328.0,907199971328.0,0
2011-04-06,907199971328.0,932400005120.0,894600019968.0,907199971328.0,907199971328.0,0
2011-04-07,932400005120.0,932400005120.0,907199971328.0,907199971328.0,907199971328.0,0
2011-04-08,919799988224.0,919799988224.0,882000003072.0,894600019968.0,894600019968.0,0
2011-04-11,894600019968.0,970199990272.0,894600019968.0,932400005120.0,932400005120.0,0
2011-04-12,957599973376.0,970199990272.0,894600019968.0,945000022016.0,945000022016.0,0
2011-04-13,894600019968.0,932400005120.0,882000003072.0,932400005120.0,932400005120.0,0
2011-04-14,932400005120.0,932400005120.0,882000003072.0,919799988224.0,919799988224.0,0
2011-04-15,932400005120.0,932400005120.0,882000003072.0,882000003072.0,882000003072.0,0
2011-04-18,882000003072.0,882000003072.0,756000030720.0,793800015872.0,793800015872.0,0
2011-04-19,793800015872.0,818999984128.0,781199998976.0,793800015872.0,793800015872.0,0
2011-04-20,793800015872.0,869399986176.0,781199998976.0,806400032768.0,806400032768.0,0
2011-04-21,806400032768.0,844200017920.0,793800015872.0,844200017920.0,844200017920.0,0
2011-04-25,882000003072.0,945000022016.0,831600001024.0,882000003072.0,882000003072.0,0
2011-04-26,869399986176.0,970199990272.0,869399986176.0,945000022016.0,945000022016.0,0
2011-04-27,945000022016.0,970199990272.0,831600001024.0,844200017920.0,844200017920.0,0
2011-04-28,844200017920.0,945000022016.0,844200017920.0,882000003072.0,882000003072.0,0
2011-04-29,894600019968.0,945000022016.0,882000003072.0,932400005120.0,932400005120.0,0
2011-05-02,932400005120.0,932400005120.0,844200017920.0,907199971328.0,907199971328.0,0
2011-05-03,856799969280.0,932400005120.0,856799969280.0,907199971328.0,907199971328.0,0
2011-05-04,882000003072.0,945000022016.0,856799969280.0,882000003072.0,882000003072.0,0
2011-05-05,907199971328.0,907199971328.0,856799969280.0,856799969280.0,856799969280.0,0
2011-05-06,844200017920.0,932400005120.0,844200017920.0,932400005120.0,932400005120.0,0
2011-05-09,982800007168.0,982800007168.0,781199998976.0,882000003072.0,882000003072.0,0
2011-05-10,882000003072.0,919799988224.0,793800015872.0,856799969280.0,856799969280.0,0
2011-05-11,793800015872.0,856799969280.0,793800015872.0,818999984128.0,818999984128.0,0
2011-05-12,818999984128.0,882000003072.0,806400032768.0,806400032768.0,806400032768.0,0
2011-05-13,882000003072.0,882000003072.0,781199998976.0,818999984128.0,818999984128.0,0
2011-05-16,806400032768.0,818999984128.0,756000030720.0,806400032768.0,806400032768.0,0
2011-05-17,806400032768.0,806400032768.0,756000030720.0,756000030720.0,756000030720.0,0
2011-05-18,768599982080.0,781199998976.0,756000030720.0,768599982080.0,768599982080.0,0
2011-05-19,781199998976.0,882000003072.0,781199998976.0,793800015872.0,793800015872.0,0
2011-05-20,768599982080.0,793800015872.0,756000030720.0,756000030720.0,756000030720.0,0
2011-05-23,756000030720.0,882000003072.0,756000030720.0,818999984128.0,818999984128.0,0
2011-05-24,818999984128.0,831600001024.0,818999984128.0,818999984128.0,818999984128.0,0
2011-05-25,793800015872.0,882000003072.0,793800015872.0,882000003072.0,882000003072.0,0
2011-05-26,856799969280.0,856799969280.0,818999984128.0,844200017920.0,844200017920.0,0
2011-05-27,768599982080.0,793800015872.0,768599982080.0,768599982080.0,768599982080.0,0
2011-05-31,768599982080.0,793800015872.0,756000030720.0,756000030720.0,756000030720.0,0
2011-06-01,818999984128.0,818999984128.0,730799996928.0,730799996928.0,730799996928.0,0
2011-06-02,756000030720.0,793800015872.0,756000030720.0,781199998976.0,781199998976.0,0
2011-06-03,781199998976.0,781199998976.0,756000030720.0,781199998976.0,781199998976.0,0
2011-06-06,756000030720.0,756000030720.0,718199980032.0,718199980032.0,718199980032.0,0
2011-06-07,756000030720.0,756000030720.0,718199980032.0,718199980032.0,718199980032.0,0
2011-06-08,718199980032.0,756000030720.0,718199980032.0,743400013824.0,743400013824.0,0
2011-06-09,743400013824.0,743400013824.0,693000011776.0,693000011776.0,693000011776.0,0
2011-06-10,680399994880.0,680399994880.0,629999992832.0,629999992832.0,629999992832.0,0
2011-06-13,629999992832.0,655200026624.0,566999973888.0,566999973888.0,566999973888.0,0
2011-06-14,554400022528.0,579599990784.0,541800005632.0,541800005632.0,541800005632.0,0
2011-06-15,529199988736.0,566999973888.0,503999987712.0,516600004608.0,516600004608.0,0
2011-06-16,503999987712.0,516600004608.0,478799986688.0,503999987712.0,503999987712.0,0
2011-06-17,503999987712.0,516600004608.0,491400003584.0,491400003584.0,491400003584.0,0
2011-06-20,491400003584.0,529199988736.0,491400003584.0,503999987712.0,503999987712.0,0
2011-06-21,516600004608.0,516600004608.0,478799986688.0,478799986688.0,478799986688.0,0
2011-06-22,491400003584.0,503999987712.0,478799986688.0,503999987712.0,503999987712.0,0
2011-06-23,503999987712.0,503999987712.0,441000001536.0,453599985664.0,453599985664.0,0
2011-06-24,502739992576.0,502739992576.0,472500011008.0,472500011008.0,472500011008.0,0
2011-06-27,396900007936.0,396900007936.0,396900007936.0,396900007936.0,396900007936.0,0
2011-06-28,396900007936.0,409499992064.0,396900007936.0,409499992064.0,409499992064.0,0
2011-06-29,403200016384.0,403200016384.0,396900007936.0,396900007936.0,396900007936.0,0
2011-06-30,409499992064.0,409499992064.0,403200016384.0,403200016384.0,403200016384.0,0
2011-07-01,405720006656.0,408239996928.0,405720006656.0,408239996928.0,408239996928.0,0
2011-07-05,409499992064.0,441000001536.0,409499992064.0,441000001536.0,441000001536.0,0
2011-07-06,441000001536.0,441000001536.0,441000001536.0,441000001536.0,441000001536.0,0
2011-07-07,441000001536.0,529199988736.0,441000001536.0,441000001536.0,441000001536.0,0
2011-07-08,441000001536.0,503999987712.0,441000001536.0,503999987712.0,503999987712.0,0
2011-07-11,503999987712.0,503999987712.0,456120008704.0,503999987712.0,503999987712.0,0
2011-07-12,502739992576.0,524160008192.0,492659998720.0,498960007168.0,498960007168.0,0
2011-07-13,492659998720.0,516600004608.0,441000001536.0,441000001536.0,441000001536.0,0
2011-07-14,442259996672.0,447300009984.0,379260010496.0,380520005632.0,380520005632.0,0
2011-07-15,379260010496.0,400679993344.0,378000015360.0,378000015360.0,378000015360.0,0
2011-07-18,376739987456.0,393119989760.0,374219997184.0,376739987456.0,376739987456.0,0
2011-07-19,378000015360.0,414540005376.0,376739987456.0,384299991040.0,384299991040.0,0
2011-07-20,380520005632.0,395640012800.0,370440011776.0,370440011776.0,370440011776.0,0
2011-07-21,371700006912.0,389340004352.0,359099990016.0,361620013056.0,361620013056.0,0
2011-07-22,361620013056.0,384299991040.0,361620013056.0,383039995904.0,383039995904.0,0
2011-07-25,375479992320.0,401939988480.0,313740001280.0,362880008192.0,362880008192.0,0
2011-07-26,369179983872.0,371700006912.0,340199997440.0,343980015616.0,343980015616.0,0
2011-07-27,349019996160.0,352800014336.0,312480006144.0,336420012032.0,336420012032.0,0
2011-07-28,313740001280.0,313740001280.0,313740001280.0,313740001280.0,313740001280.0,0
2011-07-29,321300004864.0,322560000000.0,314999996416.0,321300004864.0,321300004864.0,0
2011-08-01,328860008448.0,331379998720.0,321300004864.0,331379998720.0,331379998720.0,0
2011-08-02,327600013312.0,327600013312.0,327600013312.0,327600013312.0,327600013312.0,0
2011-08-03,321300004864.0,326339985408.0,303660007424.0,326339985408.0,326339985408.0,0
2011-08-04,314999996416.0,314999996416.0,297359998976.0,297359998976.0,297359998976.0,0
2011-08-05,297359998976.0,297359998976.0,277200011264.0,288540000256.0,288540000256.0,0
2011-08-08,288540000256.0,288540000256.0,204119998464.0,241920000000.0,241920000000.0,0
2011-08-09,239399993344.0,251999993856.0,239399993344.0,251999993856.0,251999993856.0,0
2011-08-10,245700001792.0,274680004608.0,245700001792.0,264599994368.0,264599994368.0,0
2011-08-11,269640007680.0,306179997696.0,267120001024.0,296100003840.0,296100003840.0,0
2011-08-12,296100003840.0,317519986688.0,280979996672.0,317519986688.0,317519986688.0,0
2011-08-15,318780014592.0,342719987712.0,318780014592.0,323819995136.0,323819995136.0,0
2011-08-16,325079990272.0,345240010752.0,325079990272.0,345240010752.0,345240010752.0,0
2011-08-17,337680007168.0,337680007168.0,303660007424.0,314999996416.0,314999996416.0,0
2011-08-18,312480006144.0,312480006144.0,277200011264.0,277200011264.0,277200011264.0,0
2011-08-19,263339999232.0,283499986944.0,212939997184.0,253260005376.0,253260005376.0,0
2011-08-22,259559997440.0,265860005888.0,251999993856.0,263339999232.0,263339999232.0,0
2011-08-23,259559997440.0,259559997440.0,234359996416.0,245700001792.0,245700001792.0,0
2011-08-24,245700001792.0,258300002304.0,228060004352.0,235620007936.0,235620007936.0,0
2011-08-25,249480003584.0,264599994368.0,249480003584.0,264599994368.0,264599994368.0,0
2011-08-26,267120001024.0,302400012288.0,257040007168.0,302400012288.0,302400012288.0,0
2011-08-29,302400012288.0,302400012288.0,273419993088.0,273419993088.0,273419993088.0,0
2011-08-30,278460006400.0,302400012288.0,253260005376.0,302400012288.0,302400012288.0,0
2011-08-31,280979996672.0,283499986944.0,223020007424.0,230579994624.0,230579994624.0,0
2011-09-01,249480003584.0,260819992576.0,230579994624.0,238139998208.0,238139998208.0,0
2011-09-02,225539997696.0,277200011264.0,221759995904.0,259559997440.0,259559997440.0,0
2011-09-06,263339999232.0,263339999232.0,207900000256.0,223020007424.0,223020007424.0,0
2011-09-07,235620007936.0,251999993856.0,214199992320.0,224280002560.0,224280002560.0,0
2011-09-08,221759995904.0,231840006144.0,207900000256.0,215460003840.0,215460003840.0,0
2011-09-09,215460003840.0,233100001280.0,207900000256.0,214199992320.0,214199992320.0,0
2011-09-12,214199992320.0,220500000768.0,207900000256.0,209159995392.0,209159995392.0,0
2011-09-13,210420006912.0,224280002560.0,207900000256.0,207900000256.0,207900000256.0,0
2011-09-14,214199992320.0,214199992320.0,207900000256.0,207900000256.0,207900000256.0,0
2011-09-15,207900000256.0,207900000256.0,202860003328.0,207900000256.0,207900000256.0,0
2011-09-16,210420006912.0,210420006912.0,192779993088.0,192779993088.0,192779993088.0,0
2011-09-19,196559994880.0,207900000256.0,195299999744.0,207900000256.0,207900000256.0,0
2011-09-20,207900000256.0,207900000256.0,207900000256.0,207900000256.0,207900000256.0,0
2011-09-21,207900000256.0,207900000256.0,196559994880.0,196559994880.0,196559994880.0,0
2011-09-22,202860003328.0,202860003328.0,192779993088.0,194040004608.0,194040004608.0,0
2011-09-23,190260002816.0,190260002816.0,189000007680.0,189000007680.0,189000007680.0,0
2011-09-26,171359993856.0,182699999232.0,163800006656.0,182699999232.0,182699999232.0,0
2011-09-27,181440004096.0,181440004096.0,165060001792.0,166319996928.0,166319996928.0,0
2011-09-28,171359993856.0,171359993856.0,167579992064.0,167579992064.0,167579992064.0,0
2011-09-29,173880000512.0,189000007680.0,163800006656.0,182699999232.0,182699999232.0,0
2011-09-30,170099998720.0,183959994368.0,170099998720.0,182699999232.0,182699999232.0,0
2011-10-03,172620005376.0,189000007680.0,158759993344.0,158759993344.0,158759993344.0,0
2011-10-04,170099998720.0,170099998720.0,153719996416.0,153719996416.0,153719996416.0,0
2011-10-05,158759993344.0,162539995136.0,153719996416.0,153719996416.0,153719996416.0,0
2011-10-06,138600005632.0,148679999488.0,125999996928.0,138600005632.0,138600005632.0,0
2011-10-07,144899997696.0,154980007936.0,127260000256.0,133560000512.0,133560000512.0,0
2011-10-10,147420004352.0,151200006144.0,128520003584.0,128520003584.0,128520003584.0,0
2011-10-11,128520003584.0,129779998720.0,125999996928.0,128520003584.0,128520003584.0,0
2011-10-12,128520003584.0,264599994368.0,128520003584.0,245700001792.0,245700001792.0,0
2011-10-13,250739998720.0,268379996160.0,190260002816.0,254520000512.0,254520000512.0,0
2011-10-14,250739998720.0,275940016128.0,239399993344.0,265860005888.0,265860005888.0,0
2011-10-17,270900002816.0,354060009472.0,262080004096.0,264599994368.0,264599994368.0,0
2011-10-18,288540000256.0,312480006144.0,249480003584.0,280979996672.0,280979996672.0,0
2011-10-19,278460006400.0,307439992832.0,278460006400.0,289799995392.0,289799995392.0,0
2011-10-20,289799995392.0,309960015872.0,283499986944.0,289799995392.0,289799995392.0,0
2011-10-21,201600008192.0,289799995392.0,196559994880.0,272159997952.0,272159997952.0,0
2011-10-24,263339999232.0,277200011264.0,259559997440.0,270900002816.0,270900002816.0,0
2011-10-25,280979996672.0,284760014848.0,268379996160.0,272159997952.0,272159997952.0,0
2011-10-26,280979996672.0,309960015872.0,279720001536.0,293580013568.0,293580013568.0,0
2011-10-27,298619994112.0,336420012032.0,292319985664.0,321300004864.0,321300004864.0,0
2011-10-28,331379998720.0,364140003328.0,318780014592.0,355320004608.0,355320004608.0,0
2011-10-31,331379998720.0,359099990016.0,328860008448.0,351539986432.0,351539986432.0,0
2011-11-01,325079990272.0,331379998720.0,314999996416.0,320040009728.0,320040009728.0,0
2011-11-02,320040009728.0,336420012032.0,304920002560.0,333899988992.0,333899988992.0,0
2011-11-03,331379998720.0,331379998720.0,309960015872.0,327600013312.0,327600013312.0,0
2011-11-04,317519986688.0,337680007168.0,311220011008.0,314999996416.0,314999996416.0,0
2011-11-07,294840008704.0,306179997696.0,284760014848.0,306179997696.0,306179997696.0,0
2011-11-08,299879989248.0,301139984384.0,279720001536.0,289799995392.0,289799995392.0,0
2011-11-09,282239991808.0,296100003840.0,282239991808.0,293580013568.0,293580013568.0,0
2011-11-10,293580013568.0,302400012288.0,286020009984.0,288540000256.0,288540000256.0,0
2011-11-11,283499986944.0,287280005120.0,280979996672.0,286020009984.0,286020009984.0,0
2011-11-14,283499986944.0,286020009984.0,279720001536.0,286020009984.0,286020009984.0,0
2011-11-15,289799995392.0,293580013568.0,284760014848.0,293580013568.0,293580013568.0,0
2011-11-16,302400012288.0,308699987968.0,293580013568.0,302400012288.0,302400012288.0,0
2011-11-17,311220011008.0,314999996416.0,304920002560.0,314999996416.0,314999996416.0,0
2011-11-18,314999996416.0,340199997440.0,296100003840.0,314999996416.0,314999996416.0,0
2011-11-21,308699987968.0,327600013312.0,308699987968.0,327600013312.0,327600013312.0,0
2011-11-22,327600013312.0,340199997440.0,297359998976.0,316259991552.0,316259991552.0,0
2011-11-23,308699987968.0,325079990272.0,308699987968.0,312480006144.0,312480006144.0,0
2011-11-25,308699987968.0,308699987968.0,308699987968.0,308699987968.0,308699987968.0,0
2011-11-28,308699987968.0,308699987968.0,294840008704.0,304920002560.0,304920002560.0,0
2011-11-29,299879989248.0,299879989248.0,277200011264.0,288540000256.0,288540000256.0,0
2011-11-30,288540000256.0,303660007424.0,288540000256.0,303660007424.0,303660007424.0,0
2011-12-01,303660007424.0,313740001280.0,292319985664.0,313740001280.0,313740001280.0,0
2011-12-02,307439992832.0,333899988992.0,304920002560.0,327600013312.0,327600013312.0,0
2011-12-05,316259991552.0,330120003584.0,316259991552.0,321300004864.0,321300004864.0,0
2011-12-06,314999996416.0,331379998720.0,314999996416.0,331379998720.0,331379998720.0,0
2011-12-07,318780014592.0,332639993856.0,316259991552.0,327600013312.0,327600013312.0,0
2011-12-08,325079990272.0,325079990272.0,325079990272.0,325079990272.0,325079990272.0,0
2011-12-09,325079990272.0,333899988992.0,325079990272.0,327600013312.0,327600013312.0,0
2011-12-12,323819995136.0,337680007168.0,320040009728.0,321300004864.0,321300004864.0,0
2011-12-13,317519986688.0,323819995136.0,304920002560.0,313740001280.0,313740001280.0,0
2011-12-14,309960015872.0,312480006144.0,307439992832.0,307439992832.0,307439992832.0,0
2011-12-15,308699987968.0,308699987968.0,260819992576.0,273419993088.0,273419993088.0,0
2011-12-16,270900002816.0,277200011264.0,270900002816.0,275940016128.0,275940016128.0,0
2011-12-19,272159997952.0,272159997952.0,253260005376.0,255779995648.0,255779995648.0,0
2011-12-20,258300002304.0,264599994368.0,251999993856.0,251999993856.0,251999993856.0,0
2011-12-21,250739998720.0,250739998720.0,214199992320.0,239399993344.0,239399993344.0,0
2011-12-22,248219992064.0,251999993856.0,240660004864.0,250739998720.0,250739998720.0,0
2011-12-23,240660004864.0,251999993856.0,239399993344.0,251999993856.0,251999993856.0,0
2011-12-27,240660004864.0,245700001792.0,239399993344.0,240660004864.0,240660004864.0,0
2011-12-28,240660004864.0,240660004864.0,204119998464.0,217979994112.0,217979994112.0,0
2011-12-29,219240005632.0,267120001024.0,209159995392.0,245700001792.0,245700001792.0,0
2011-12-30,244440006656.0,255779995648.0,223020007424.0,225539997696.0,225539997696.0,0
2012-01-03,224280002560.0,233100001280.0,214199992320.0,214199992320.0,214199992320.0,0
2012-01-04,275940016128.0,275940016128.0,214199992320.0,214199992320.0,214199992320.0,0
2012-01-05,226799992832.0,231840006144.0,226799992832.0,231840006144.0,231840006144.0,0
2012-01-06,214199992320.0,233100001280.0,214199992320.0,231840006144.0,231840006144.0,0
2012-01-09,226799992832.0,226799992832.0,226799992832.0,226799992832.0,226799992832.0,0
2012-01-10,226799992832.0,231840006144.0,226799992832.0,230579994624.0,230579994624.0,0
2012-01-11,228060004352.0,231840006144.0,224280002560.0,231840006144.0,231840006144.0,0
2012-01-12,231840006144.0,231840006144.0,231840006144.0,231840006144.0,231840006144.0,0
2012-01-13,223020007424.0,226799992832.0,223020007424.0,226799992832.0,226799992832.0,0
2012-01-17,216719998976.0,226799992832.0,216719998976.0,221759995904.0,221759995904.0,0
2012-01-18,236880003072.0,236880003072.0,225539997696.0,225539997696.0,225539997696.0,0
2012-01-19,221759995904.0,231840006144.0,214199992320.0,230579994624.0,230579994624.0,0
2012-01-20,230579994624.0,230579994624.0,230579994624.0,230579994624.0,230579994624.0,0
2012-01-23,199080001536.0,233100001280.0,199080001536.0,221759995904.0,221759995904.0,0
2012-01-24,216719998976.0,216719998976.0,214199992320.0,214199992320.0,214199992320.0,0
2012-01-25,214199992320.0,225539997696.0,214199992320.0,215460003840.0,215460003840.0,0
2012-01-26,214199992320.0,220500000768.0,214199992320.0,220500000768.0,220500000768.0,0
2012-01-27,214199992320.0,214199992320.0,214199992320.0,214199992320.0,214199992320.0,0
2012-01-30,214199992320.0,220500000768.0,214199992320.0,220500000768.0,220500000768.0,0
2012-01-31,215460003840.0,216719998976.0,214199992320.0,216719998976.0,216719998976.0,0
2012-02-01,216719998976.0,216719998976.0,191519997952.0,191519997952.0,191519997952.0,0
2012-02-02,201600008192.0,204119998464.0,182699999232.0,182699999232.0,182699999232.0,0
2012-02-03,183959994368.0,187739996160.0,163800006656.0,171359993856.0,171359993856.0,0
2012-02-06,171359993856.0,211680002048.0,171359993856.0,211680002048.0,211680002048.0,0
2012-02-07,211680002048.0,211680002048.0,187739996160.0,195299999744.0,195299999744.0,0
2012-02-08,201600008192.0,211680002048.0,201600008192.0,207900000256.0,207900000256.0,0
2012-02-09,216719998976.0,230579994624.0,214199992320.0,225539997696.0,225539997696.0,0
2012-02-10,223020007424.0,236880003072.0,223020007424.0,235620007936.0,235620007936.0,0
2012-02-13,235620007936.0,235620007936.0,228060004352.0,228060004352.0,228060004352.0,0
2012-02-14,268379996160.0,270900002816.0,196559994880.0,246959996928.0,246959996928.0,0
2012-02-15,246959996928.0,253260005376.0,243179995136.0,251999993856.0,251999993856.0,0
2012-02-16,264599994368.0,265860005888.0,257040007168.0,264599994368.0,264599994368.0,0
2012-02-17,259559997440.0,314999996416.0,259559997440.0,283499986944.0,283499986944.0,0
2012-02-21,357839994880.0,414540005376.0,307439992832.0,399419998208.0,399419998208.0,0
2012-02-22,409499992064.0,655200026624.0,409499992064.0,483840000000.0,483840000000.0,0
2012-02-23,488880013312.0,522900013056.0,429660012544.0,441000001536.0,441000001536.0,0
2012-02-24,418319990784.0,483840000000.0,376739987456.0,381780000768.0,381780000768.0,0
2012-02-27,381780000768.0,409499992064.0,381780000768.0,395640012800.0,395640012800.0,0
2012-02-28,398160003072.0,414540005376.0,384299991040.0,390599999488.0,390599999488.0,0
2012-02-29,409499992064.0,418319990784.0,333899988992.0,341459992576.0,341459992576.0,0
2012-03-01,343980015616.0,343980015616.0,321300004864.0,322560000000.0,322560000000.0,0
2012-03-02,322560000000.0,322560000000.0,297359998976.0,302400012288.0,302400012288.0,0
2012-03-05,309960015872.0,309960015872.0,279720001536.0,298619994112.0,298619994112.0,0
2012-03-06,298619994112.0,298619994112.0,275940016128.0,278460006400.0,278460006400.0,0
2012-03-07,279720001536.0,309960015872.0,279720001536.0,292319985664.0,292319985664.0,0
2012-03-08,297359998976.0,309960015872.0,292319985664.0,302400012288.0,302400012288.0,0
2012-03-09,302400012288.0,332639993856.0,302400012288.0,309960015872.0,309960015872.0,0
2012-03-12,313740001280.0,347760001024.0,269640007680.0,279720001536.0,279720001536.0,0
2012-03-13,279720001536.0,297359998976.0,265860005888.0,279720001536.0,279720001536.0,0
2012-03-14,274680004608.0,279720001536.0,260819992576.0,277200011264.0,277200011264.0,0
2012-03-15,274680004608.0,288540000256.0,267120001024.0,280979996672.0,280979996672.0,0
2012-03-16,279720001536.0,336420012032.0,279720001536.0,288540000256.0,288540000256.0,0
2012-03-19,292319985664.0,328860008448.0,289799995392.0,293580013568.0,293580013568.0,0
2012-03-20,296100003840.0,299879989248.0,277200011264.0,282239991808.0,282239991808.0,0
2012-03-21,280979996672.0,283499986944.0,268379996160.0,273419993088.0,273419993088.0,0
2012-03-22,273419993088.0,292319985664.0,251999993856.0,286020009984.0,286020009984.0,0
2012-03-23,288540000256.0,291059990528.0,263339999232.0,273419993088.0,273419993088.0,0
2012-03-26,264599994368.0,286020009984.0,262080004096.0,277200011264.0,277200011264.0,0
2012-03-27,277200011264.0,279720001536.0,264599994368.0,265860005888.0,265860005888.0,0
2012-03-28,272159997952.0,286020009984.0,264599994368.0,272159997952.0,272159997952.0,0
2012-03-29,278460006400.0,313740001280.0,265860005888.0,293580013568.0,293580013568.0,0
2012-03-30,288540000256.0,311220011008.0,286020009984.0,293580013568.0,293580013568.0,0
2012-04-02,286020009984.0,313740001280.0,284760014848.0,306179997696.0,306179997696.0,0
2012-04-03,312480006144.0,312480006144.0,302400012288.0,311220011008.0,311220011008.0,0
2012-04-04,302400012288.0,302400012288.0,270900002816.0,274680004608.0,274680004608.0,0
2012-04-05,274680004608.0,274680004608.0,270900002816.0,272159997952.0,272159997952.0,0
2012-04-09,269640007680.0,273419993088.0,262080004096.0,268379996160.0,268379996160.0,0
2012-04-10,283499986944.0,286020009984.0,251999993856.0,264599994368.0,264599994368.0,0
2012-04-11,275940016128.0,346500005888.0,275940016128.0,299879989248.0,299879989248.0,0
2012-04-12,346500005888.0,472500011008.0,327600013312.0,366659993600.0,366659993600.0,0
2012-04-13,347760001024.0,360359985152.0,297359998976.0,299879989248.0,299879989248.0,0
2012-04-16,330120003584.0,330120003584.0,287280005120.0,308699987968.0,308699987968.0,0
2012-04-17,317519986688.0,323819995136.0,296100003840.0,316259991552.0,316259991552.0,0
2012-04-18,306179997696.0,306179997696.0,269640007680.0,269640007680.0,269640007680.0,0
2012-04-19,277200011264.0,287280005120.0,270900002816.0,272159997952.0,272159997952.0,0
2012-04-20,273419993088.0,284760014848.0,270900002816.0,272159997952.0,272159997952.0,0
2012-04-23,284760014848.0,288540000256.0,264599994368.0,268379996160.0,268379996160.0,0
2012-04-24,265860005888.0,287280005120.0,265860005888.0,270900002816.0,270900002816.0,0
2012-04-25,286020009984.0,322560000000.0,246959996928.0,260819992576.0,260819992576.0,0
2012-04-26,260819992576.0,279720001536.0,245700001792.0,267120001024.0,267120001024.0,0
2012-04-27,265860005888.0,265860005888.0,259559997440.0,260819992576.0,260819992576.0,0
2012-04-30,263339999232.0,264599994368.0,248219992064.0,255779995648.0,255779995648.0,0
2012-05-01,257040007168.0,270900002816.0,257040007168.0,258300002304.0,258300002304.0,0
2012-05-02,260819992576.0,284760014848.0,258300002304.0,280979996672.0,280979996672.0,0
2012-05-03,269640007680.0,269640007680.0,250739998720.0,251999993856.0,251999993856.0,0
2012-05-04,246959996928.0,255779995648.0,229319999488.0,233100001280.0,233100001280.0,0
2012-05-07,229319999488.0,246959996928.0,229319999488.0,245700001792.0,245700001792.0,0
2012-05-08,220500000768.0,226799992832.0,214199992320.0,217979994112.0,217979994112.0,0
2012-05-09,217979994112.0,217979994112.0,194040004608.0,195299999744.0,195299999744.0,0
2012-05-10,204119998464.0,234359996416.0,204119998464.0,216719998976.0,216719998976.0,0
2012-05-11,217979994112.0,221759995904.0,217979994112.0,221759995904.0,221759995904.0,0
2012-05-14,219240005632.0,219240005632.0,195299999744.0,207900000256.0,207900000256.0,0
2012-05-15,209159995392.0,226799992832.0,209159995392.0,226799992832.0,226799992832.0,0
2012-05-16,214199992320.0,225539997696.0,207900000256.0,217979994112.0,217979994112.0,0
2012-05-17,207900000256.0,210420006912.0,201600008192.0,201600008192.0,201600008192.0,0
2012-05-18,205379993600.0,205379993600.0,190260002816.0,190260002816.0,190260002816.0,0
2012-05-21,195299999744.0,225539997696.0,190260002816.0,191519997952.0,191519997952.0,0
2012-05-22,201600008192.0,224280002560.0,187739996160.0,187739996160.0,187739996160.0,0
2012-05-23,189000007680.0,190260002816.0,176400007168.0,181440004096.0,181440004096.0,0
2012-05-24,181440004096.0,212939997184.0,181440004096.0,185220005888.0,185220005888.0,0
2012-05-25,185220005888.0,205379993600.0,185220005888.0,190260002816.0,190260002816.0,0
2012-05-29,186480001024.0,210420006912.0,172620005376.0,196559994880.0,196559994880.0,0
2012-05-30,191519997952.0,209159995392.0,171359993856.0,190260002816.0,190260002816.0,0
2012-05-31,185220005888.0,185220005888.0,175139995648.0,176400007168.0,176400007168.0,0
2012-06-01,175139995648.0,175139995648.0,157499998208.0,173880000512.0,173880000512.0,0
2012-06-04,171359993856.0,171359993856.0,163800006656.0,168840003584.0,168840003584.0,0
2012-06-05,161280000000.0,175139995648.0,161280000000.0,175139995648.0,175139995648.0,0
2012-06-06,175139995648.0,185220005888.0,173880000512.0,176400007168.0,176400007168.0,0
2012-06-07,180179992576.0,180179992576.0,170099998720.0,175139995648.0,175139995648.0,0
2012-06-08,171359993856.0,171359993856.0,160020004864.0,167579992064.0,167579992064.0,0
2012-06-11,177660002304.0,177660002304.0,158759993344.0,158759993344.0,158759993344.0,0
2012-06-12,160020004864.0,160020004864.0,160020004864.0,160020004864.0,160020004864.0,0
2012-06-13,157499998208.0,158759993344.0,154980007936.0,157499998208.0,157499998208.0,0
2012-06-14,156240003072.0,182699999232.0,153719996416.0,158759993344.0,158759993344.0,0
2012-06-15,158759993344.0,158759993344.0,158759993344.0,158759993344.0,158759993344.0,0
2012-06-18,165060001792.0,172620005376.0,152460001280.0,153719996416.0,153719996416.0,0
2012-06-19,161280000000.0,211680002048.0,154980007936.0,189000007680.0,189000007680.0,0
2012-06-20,220500000768.0,269640007680.0,210420006912.0,221759995904.0,221759995904.0,0
2012-06-21,258300002304.0,260819992576.0,195299999744.0,202860003328.0,202860003328.0,0
2012-06-22,199080001536.0,229319999488.0,199080001536.0,215460003840.0,215460003840.0,0
2012-06-25,216719998976.0,216719998976.0,202860003328.0,202860003328.0,202860003328.0,0
2012-06-26,209159995392.0,212939997184.0,205379993600.0,206640005120.0,206640005120.0,0
2012-06-27,206640005120.0,212939997184.0,201600008192.0,202860003328.0,202860003328.0,0
2012-06-28,201600008192.0,201600008192.0,195299999744.0,197820006400.0,197820006400.0,0
2012-06-29,210420006912.0,212939997184.0,202860003328.0,211680002048.0,211680002048.0,0
2012-07-02,205379993600.0,205379993600.0,201600008192.0,204119998464.0,204119998464.0,0
2012-07-03,204119998464.0,235620007936.0,204119998464.0,209159995392.0,209159995392.0,0
2012-07-05,210420006912.0,235620007936.0,194040004608.0,206640005120.0,206640005120.0,0
2012-07-06,235620007936.0,235620007936.0,215460003840.0,231840006144.0,231840006144.0,0
2012-07-09,228060004352.0,228060004352.0,226799992832.0,226799992832.0,226799992832.0,0
2012-07-10,210420006912.0,219240005632.0,196559994880.0,216719998976.0,216719998976.0,0
2012-07-11,199080001536.0,200339996672.0,199080001536.0,200339996672.0,200339996672.0,0
2012-07-12,215460003840.0,215460003840.0,205379993600.0,205379993600.0,205379993600.0,0
2012-07-13,206640005120.0,207900000256.0,199080001536.0,199080001536.0,199080001536.0,0
2012-07-16,201600008192.0,201600008192.0,201600008192.0,201600008192.0,201600008192.0,0
2012-07-17,201600008192.0,201600008192.0,200339996672.0,201600008192.0,201600008192.0,0
2012-07-18,201600008192.0,201600008192.0,201600008192.0,201600008192.0,201600008192.0,0
2012-07-19,194040004608.0,194040004608.0,190260002816.0,190260002816.0,190260002816.0,0
2012-07-20,195299999744.0,195299999744.0,195299999744.0,195299999744.0,195299999744.0,0
2012-07-23,207900000256.0,207900000256.0,170099998720.0,180179992576.0,180179992576.0,0
2012-07-24,178919997440.0,180179992576.0,178919997440.0,178919997440.0,178919997440.0,0
2012-07-25,183959994368.0,187739996160.0,178919997440.0,178919997440.0,178919997440.0,0
2012-07-26,183959994368.0,183959994368.0,153719996416.0,170099998720.0,170099998720.0,0
2012-07-27,161280000000.0,173880000512.0,161280000000.0,173880000512.0,173880000512.0,0
2012-07-30,165060001792.0,173880000512.0,165060001792.0,173880000512.0,173880000512.0,0
2012-07-31,157499998208.0,166319996928.0,157499998208.0,166319996928.0,166319996928.0,0
2012-08-01,158759993344.0,172620005376.0,158759993344.0,172620005376.0,172620005376.0,0
2012-08-02,158759993344.0,167579992064.0,158759993344.0,158759993344.0,158759993344.0,0
2012-08-03,158759993344.0,165060001792.0,158759993344.0,158759993344.0,158759993344.0,0
2012-08-06,166319996928.0,166319996928.0,157499998208.0,160020004864.0,160020004864.0,0
2012-08-07,170099998720.0,172620005376.0,157499998208.0,161280000000.0,161280000000.0,0
2012-08-08,161280000000.0,161280000000.0,161280000000.0,161280000000.0,161280000000.0,0
2012-08-09,170099998720.0,170099998720.0,170099998720.0,170099998720.0,170099998720.0,0
2012-08-10,158759993344.0,161280000000.0,157499998208.0,157499998208.0,157499998208.0,0
2012-08-13,170099998720.0,170099998720.0,157499998208.0,157499998208.0,157499998208.0,0
2012-08-14,157499998208.0,162539995136.0,157499998208.0,157499998208.0,157499998208.0,0
2012-08-15,157499998208.0,158759993344.0,157499998208.0,158759993344.0,158759993344.0,0
2012-08-16,162539995136.0,170099998720.0,162539995136.0,168840003584.0,168840003584.0,0
2012-08-17,157499998208.0,157499998208.0,157499998208.0,157499998208.0,157499998208.0,0
2012-08-20,162539995136.0,162539995136.0,162539995136.0,162539995136.0,162539995136.0,0
2012-08-21,157499998208.0,157499998208.0,157499998208.0,157499998208.0,157499998208.0,0
2012-08-22,157499998208.0,158759993344.0,157499998208.0,158759993344.0,158759993344.0,0
2012-08-23,162539995136.0,162539995136.0,162539995136.0,162539995136.0,162539995136.0,0
2012-08-24,157499998208.0,157499998208.0,157499998208.0,157499998208.0,157499998208.0,0
2012-08-27,154980007936.0,156240003072.0,154980007936.0,156240003072.0,156240003072.0,0
2012-08-28,156240003072.0,156240003072.0,156240003072.0,156240003072.0,156240003072.0,0
2012-08-29,156240003072.0,156240003072.0,156240003072.0,156240003072.0,156240003072.0,0
2012-08-30,160020004864.0,160020004864.0,160020004864.0,160020004864.0,160020004864.0,0
2012-08-31,156240003072.0,156240003072.0,156240003072.0,156240003072.0,156240003072.0,0
2012-09-04,154980007936.0,167579992064.0,139860000768.0,167579992064.0,167579992064.0,0
2012-09-05,158759993344.0,168840003584.0,147420004352.0,168840003584.0,168840003584.0,0
2012-09-06,165060001792.0,165060001792.0,144899997696.0,162539995136.0,162539995136.0,0
2012-09-07,167579992064.0,167579992064.0,152460001280.0,152460001280.0,152460001280.0,0
2012-09-10,158759993344.0,168840003584.0,151200006144.0,151200006144.0,151200006144.0,0
2012-09-11,149939994624.0,151200006144.0,147420004352.0,149939994624.0,149939994624.0,0
2012-09-12,165060001792.0,165060001792.0,147420004352.0,153719996416.0,153719996416.0,0
2012-09-13,153719996416.0,153719996416.0,153719996416.0,153719996416.0,153719996416.0,0
2012-09-14,149939994624.0,168840003584.0,148679999488.0,153719996416.0,153719996416.0,0
2012-09-17,151200006144.0,162539995136.0,151200006144.0,162539995136.0,162539995136.0,0
2012-09-18,146159992832.0,167579992064.0,146159992832.0,157499998208.0,157499998208.0,0
2012-09-19,154980007936.0,157499998208.0,147420004352.0,149939994624.0,149939994624.0,0
2012-09-20,149939994624.0,149939994624.0,149939994624.0,149939994624.0,149939994624.0,0
2012-09-21,153719996416.0,153719996416.0,144899997696.0,144899997696.0,144899997696.0,0
2012-09-24,141119995904.0,147420004352.0,141119995904.0,142380007424.0,142380007424.0,0
2012-09-25,149939994624.0,161280000000.0,139860000768.0,142380007424.0,142380007424.0,0
2012-09-26,151200006144.0,153719996416.0,146159992832.0,149939994624.0,149939994624.0,0
2012-09-27,148679999488.0,148679999488.0,141119995904.0,142380007424.0,142380007424.0,0
2012-09-28,139860000768.0,139860000768.0,139860000768.0,139860000768.0,139860000768.0,0
2012-10-01,144899997696.0,151200006144.0,144899997696.0,151200006144.0,151200006144.0,0
2012-10-02,149939994624.0,149939994624.0,149939994624.0,149939994624.0,149939994624.0,0
2012-10-03,149939994624.0,149939994624.0,149939994624.0,149939994624.0,149939994624.0,0
2012-10-04,134820003840.0,148679999488.0,134820003840.0,148679999488.0,148679999488.0,0
2012-10-05,156240003072.0,156240003072.0,143640002560.0,143640002560.0,143640002560.0,0
2012-10-08,139860000768.0,143640002560.0,137340002304.0,139860000768.0,139860000768.0,0
2012-10-09,138600005632.0,141119995904.0,138600005632.0,141119995904.0,141119995904.0,0
2012-10-10,142380007424.0,144899997696.0,141119995904.0,141119995904.0,141119995904.0,0
2012-10-11,139860000768.0,139860000768.0,139860000768.0,139860000768.0,139860000768.0,0
2012-10-12,139860000768.0,139860000768.0,139860000768.0,139860000768.0,139860000768.0,0
2012-10-15,132299997184.0,132299997184.0,125999996928.0,128520003584.0,128520003584.0,0
2012-10-16,138600005632.0,141119995904.0,125999996928.0,128520003584.0,128520003584.0,0
2012-10-17,124740001792.0,137340002304.0,122220003328.0,137340002304.0,137340002304.0,0
2012-10-18,138600005632.0,141119995904.0,138600005632.0,138600005632.0,138600005632.0,0
2012-10-19,138600005632.0,138600005632.0,138600005632.0,138600005632.0,138600005632.0,0
2012-10-22,125999996928.0,127260000256.0,125999996928.0,127260000256.0,127260000256.0,0
2012-10-23,131040002048.0,137340002304.0,127260000256.0,137340002304.0,137340002304.0,0
2012-10-24,132299997184.0,132299997184.0,132299997184.0,132299997184.0,132299997184.0,0
2012-10-25,133560000512.0,136079998976.0,133560000512.0,136079998976.0,136079998976.0,0
2012-10-26,133560000512.0,133560000512.0,132299997184.0,132299997184.0,132299997184.0,0
2012-10-31,138600005632.0,138600005632.0,138600005632.0,138600005632.0,138600005632.0,0
2012-11-01,138600005632.0,138600005632.0,138600005632.0,138600005632.0,138600005632.0,0
2012-11-02,138600005632.0,138600005632.0,138600005632.0,138600005632.0,138600005632.0,0
2012-11-05,136079998976.0,139860000768.0,136079998976.0,139860000768.0,139860000768.0,0
2012-11-06,127260000256.0,138600005632.0,127260000256.0,138600005632.0,138600005632.0,0
2012-11-07,138600005632.0,138600005632.0,138600005632.0,138600005632.0,138600005632.0,0
2012-11-08,139860000768.0,141119995904.0,139860000768.0,141119995904.0,141119995904.0,0
2012-11-09,125999996928.0,125999996928.0,125999996928.0,125999996928.0,125999996928.0,0
2012-11-12,137340002304.0,143640002560.0,137340002304.0,138600005632.0,138600005632.0,0
2012-11-13,138600005632.0,138600005632.0,138600005632.0,138600005632.0,138600005632.0,0
2012-11-14,138600005632.0,138600005632.0,138600005632.0,138600005632.0,138600005632.0,0
2012-11-15,128520003584.0,143640002560.0,128520003584.0,143640002560.0,143640002560.0,0
2012-11-16,156240003072.0,156240003072.0,138600005632.0,138600005632.0,138600005632.0,0
2012-11-19,149939994624.0,161280000000.0,131040002048.0,161280000000.0,161280000000.0,0
2012-11-20,151200006144.0,151200006144.0,151200006144.0,151200006144.0,151200006144.0,0
2012-11-21,156240003072.0,156240003072.0,137340002304.0,137340002304.0,137340002304.0,0
2012-11-23,160020004864.0,163800006656.0,157499998208.0,157499998208.0,157499998208.0,0
2012-11-26,137340002304.0,137340002304.0,137340002304.0,137340002304.0,137340002304.0,0
2012-11-27,161280000000.0,182699999232.0,142380007424.0,142380007424.0,142380007424.0,0
2012-11-28,141119995904.0,141119995904.0,141119995904.0,141119995904.0,141119995904.0,0
2012-11-29,158759993344.0,158759993344.0,142380007424.0,147420004352.0,147420004352.0,0
2012-11-30,142380007424.0,157499998208.0,142380007424.0,157499998208.0,157499998208.0,0
2012-12-03,154980007936.0,157499998208.0,144899997696.0,156240003072.0,156240003072.0,0
2012-12-04,157499998208.0,157499998208.0,144899997696.0,151200006144.0,151200006144.0,0
2012-12-05,146159992832.0,175139995648.0,142380007424.0,175139995648.0,175139995648.0,0
2012-12-06,153719996416.0,173880000512.0,144899997696.0,173880000512.0,173880000512.0,0
2012-12-07,144899997696.0,172620005376.0,133560000512.0,133560000512.0,133560000512.0,0
2012-12-10,153719996416.0,153719996416.0,132299997184.0,132299997184.0,132299997184.0,0
2012-12-11,137340002304.0,138600005632.0,110879997952.0,110879997952.0,110879997952.0,0
2012-12-12,139860000768.0,141119995904.0,124740001792.0,124740001792.0,124740001792.0,0
2012-12-13,128520003584.0,133560000512.0,125999996928.0,125999996928.0,125999996928.0,0
2012-12-14,125999996928.0,142380007424.0,125999996928.0,125999996928.0,125999996928.0,0
2012-12-17,125999996928.0,125999996928.0,124740001792.0,125999996928.0,125999996928.0,0
2012-12-18,125999996928.0,125999996928.0,118440001536.0,119699996672.0,119699996672.0,0
2012-12-19,125999996928.0,132299997184.0,124740001792.0,124740001792.0,124740001792.0,0
2012-12-20,127260000256.0,137340002304.0,124740001792.0,124740001792.0,124740001792.0,0
2012-12-21,127260000256.0,127260000256.0,127260000256.0,127260000256.0,127260000256.0,0
2012-12-24,128520003584.0,131040002048.0,128520003584.0,128520003584.0,128520003584.0,0
2012-12-26,128520003584.0,132299997184.0,128520003584.0,132299997184.0,132299997184.0,0
2012-12-27,134820003840.0,134820003840.0,114659999744.0,114659999744.0,114659999744.0,0
2012-12-28,115920003072.0,120960000000.0,114659999744.0,118440001536.0,118440001536.0,0
2012-12-31,118440001536.0,124740001792.0,114659999744.0,118440001536.0,118440001536.0,0
2013-01-02,125999996928.0,125999996928.0,113399996416.0,115920003072.0,115920003072.0,0
2013-01-03,123479998464.0,124740001792.0,117179998208.0,118440001536.0,118440001536.0,0
2013-01-04,124740001792.0,151200006144.0,124740001792.0,132299997184.0,132299997184.0,0
2013-01-07,137340002304.0,151200006144.0,132299997184.0,139860000768.0,139860000768.0,0
2013-01-08,139860000768.0,144899997696.0,138600005632.0,142380007424.0,142380007424.0,0
2013-01-09,141119995904.0,162539995136.0,141119995904.0,157499998208.0,157499998208.0,0
2013-01-10,162539995136.0,170099998720.0,149939994624.0,152460001280.0,152460001280.0,0
2013-01-11,146159992832.0,170099998720.0,146159992832.0,163800006656.0,163800006656.0,0
2013-01-14,168840003584.0,168840003584.0,151200006144.0,157499998208.0,157499998208.0,0
2013-01-15,151200006144.0,151200006144.0,144899997696.0,149939994624.0,149939994624.0,0
2013-01-16,148679999488.0,151200006144.0,138600005632.0,147420004352.0,147420004352.0,0
2013-01-17,148679999488.0,151200006144.0,134820003840.0,136079998976.0,136079998976.0,0
2013-01-18,142380007424.0,142380007424.0,137340002304.0,141119995904.0,141119995904.0,0
2013-01-22,138600005632.0,139860000768.0,128520003584.0,139860000768.0,139860000768.0,0
2013-01-23,139860000768.0,139860000768.0,139860000768.0,139860000768.0,139860000768.0,0
2013-01-24,129779998720.0,138600005632.0,129779998720.0,138600005632.0,138600005632.0,0
2013-01-25,138600005632.0,138600005632.0,138600005632.0,138600005632.0,138600005632.0,0
2013-01-28,134820003840.0,134820003840.0,128520003584.0,128520003584.0,128520003584.0,0
2013-01-29,133560000512.0,133560000512.0,128520003584.0,128520003584.0,128520003584.0,0
2013-01-30,133560000512.0,137340002304.0,117179998208.0,122220003328.0,122220003328.0,0
2013-01-31,117179998208.0,132299997184.0,117179998208.0,132299997184.0,132299997184.0,0
2013-02-01,125999996928.0,134820003840.0,124740001792.0,125999996928.0,125999996928.0,0
2013-02-04,123479998464.0,132299997184.0,122220003328.0,132299997184.0,132299997184.0,0
2013-02-05,132299997184.0,132299997184.0,132299997184.0,132299997184.0,132299997184.0,0
2013-02-06,119699996672.0,125999996928.0,119699996672.0,124740001792.0,124740001792.0,0
2013-02-07,119699996672.0,125999996928.0,117179998208.0,118440001536.0,118440001536.0,0
2013-02-08,127260000256.0,137340002304.0,118440001536.0,127260000256.0,127260000256.0,0
2013-02-11,128520003584.0,136079998976.0,125999996928.0,127260000256.0,127260000256.0,0
2013-02-12,122220003328.0,132299997184.0,122220003328.0,132299997184.0,132299997184.0,0
2013-02-13,132299997184.0,132299997184.0,132299997184.0,132299997184.0,132299997184.0,0
2013-02-14,127260000256.0,127260000256.0,122220003328.0,124740001792.0,124740001792.0,0
2013-02-15,123479998464.0,123479998464.0,120960000000.0,120960000000.0,120960000000.0,0
2013-02-19,122220003328.0,122220003328.0,122220003328.0,122220003328.0,122220003328.0,0
2013-02-20,122220003328.0,122220003328.0,120960000000.0,120960000000.0,120960000000.0,0
2013-02-21,120960000000.0,125999996928.0,120960000000.0,125999996928.0,125999996928.0,0
2013-02-22,119699996672.0,122220003328.0,119699996672.0,122220003328.0,122220003328.0,0
2013-02-25,120960000000.0,120960000000.0,117179998208.0,119699996672.0,119699996672.0,0
2013-02-26,124740001792.0,125999996928.0,118440001536.0,118440001536.0,118440001536.0,0
2013-02-27,118440001536.0,118440001536.0,114659999744.0,114659999744.0,114659999744.0,0
2013-02-28,117179998208.0,124740001792.0,114659999744.0,114659999744.0,114659999744.0,0
2013-03-01,114659999744.0,114659999744.0,110879997952.0,113399996416.0,113399996416.0,0
2013-03-04,113399996416.0,113399996416.0,107099996160.0,109620002816.0,109620002816.0,0
2013-03-05,108359999488.0,112140001280.0,108359999488.0,112140001280.0,112140001280.0,0
2013-03-06,112140001280.0,118440001536.0,98279997440.0,98279997440.0,98279997440.0,0
2013-03-07,98279997440.0,107099996160.0,88200003584.0,104579997696.0,104579997696.0,0
2013-03-08,112140001280.0,112140001280.0,94500003840.0,95759998976.0,95759998976.0,0
2013-03-11,93240000512.0,93240000512.0,93240000512.0,93240000512.0,93240000512.0,0
2013-03-12,93240000512.0,99540000768.0,93240000512.0,94500003840.0,94500003840.0,0
2013-03-13,93240000512.0,99540000768.0,93240000512.0,99540000768.0,99540000768.0,0
2013-03-14,105840001024.0,109620002816.0,95759998976.0,109620002816.0,109620002816.0,0
2013-03-15,109620002816.0,115920003072.0,109620002816.0,115920003072.0,115920003072.0,0
2013-03-18,113399996416.0,125999996928.0,113399996416.0,119699996672.0,119699996672.0,0
2013-03-19,115920003072.0,125999996928.0,115920003072.0,125999996928.0,125999996928.0,0
2013-03-20,125999996928.0,136079998976.0,125999996928.0,127260000256.0,127260000256.0,0
2013-03-21,133560000512.0,137340002304.0,125999996928.0,125999996928.0,125999996928.0,0
2013-03-22,131040002048.0,195299999744.0,131040002048.0,168840003584.0,168840003584.0,0
2013-03-25,178919997440.0,178919997440.0,139860000768.0,144899997696.0,144899997696.0,0
2013-03-26,141119995904.0,157499998208.0,141119995904.0,149939994624.0,149939994624.0,0
2013-03-27,149939994624.0,165060001792.0,144899997696.0,153719996416.0,153719996416.0,0
2013-03-28,167579992064.0,170099998720.0,157499998208.0,168840003584.0,168840003584.0,0
2013-04-01,171359993856.0,173880000512.0,146159992832.0,157499998208.0,157499998208.0,0
2013-04-02,157499998208.0,163800006656.0,148679999488.0,157499998208.0,157499998208.0,0
2013-04-03,165060001792.0,165060001792.0,148679999488.0,153719996416.0,153719996416.0,0
2013-04-04,149939994624.0,151200006144.0,148679999488.0,149939994624.0,149939994624.0,0
2013-04-05,149939994624.0,166319996928.0,146159992832.0,165060001792.0,165060001792.0,0
2013-04-08,166319996928.0,171359993856.0,163800006656.0,171359993856.0,171359993856.0,0
2013-04-09,176400007168.0,176400007168.0,156240003072.0,175139995648.0,175139995648.0,0
2013-04-10,156240003072.0,183959994368.0,156240003072.0,182699999232.0,182699999232.0,0
2013-04-11,182699999232.0,187739996160.0,170099998720.0,183959994368.0,183959994368.0,0
2013-04-12,189000007680.0,197820006400.0,189000007680.0,197820006400.0,197820006400.0,0
2013-04-15,192779993088.0,197820006400.0,181440004096.0,195299999744.0,195299999744.0,0
2013-04-16,195299999744.0,212939997184.0,181440004096.0,210420006912.0,210420006912.0,0
2013-04-17,201600008192.0,219240005632.0,195299999744.0,195299999744.0,195299999744.0,0
2013-04-18,190260002816.0,199080001536.0,183959994368.0,189000007680.0,189000007680.0,0
2013-04-19,189000007680.0,189000007680.0,173880000512.0,189000007680.0,189000007680.0,0
2013-04-22,187739996160.0,195299999744.0,176400007168.0,195299999744.0,195299999744.0,0
2013-04-23,200339996672.0,204119998464.0,182699999232.0,186480001024.0,186480001024.0,0
2013-04-24,194040004608.0,194040004608.0,189000007680.0,192779993088.0,192779993088.0,0
2013-04-25,190260002816.0,192779993088.0,178919997440.0,181440004096.0,181440004096.0,0
2013-04-26,183959994368.0,199080001536.0,180179992576.0,195299999744.0,195299999744.0,0
2013-04-29,202860003328.0,207900000256.0,181440004096.0,195299999744.0,195299999744.0,0
2013-04-30,182699999232.0,201600008192.0,182699999232.0,200339996672.0,200339996672.0,0
2013-05-01,196559994880.0,196559994880.0,183959994368.0,187739996160.0,187739996160.0,0
2013-05-02,183959994368.0,183959994368.0,182699999232.0,182699999232.0,182699999232.0,0
2013-05-03,183959994368.0,183959994368.0,170099998720.0,182699999232.0,182699999232.0,0
2013-05-06,171359993856.0,190260002816.0,171359993856.0,190260002816.0,190260002816.0,0
2013-05-07,194040004608.0,195299999744.0,176400007168.0,176400007168.0,176400007168.0,0
2013-05-08,182699999232.0,194040004608.0,182699999232.0,194040004608.0,194040004608.0,0
2013-05-09,194040004608.0,217979994112.0,190260002816.0,199080001536.0,199080001536.0,0
2013-05-10,194040004608.0,194040004608.0,192779993088.0,192779993088.0,192779993088.0,0
2013-05-13,192779993088.0,195299999744.0,192779993088.0,195299999744.0,195299999744.0,0
2013-05-14,192779993088.0,192779993088.0,192779993088.0,192779993088.0,192779993088.0,0
2013-05-15,192779993088.0,195299999744.0,190260002816.0,190260002816.0,190260002816.0,0
2013-05-16,196559994880.0,207900000256.0,178919997440.0,200339996672.0,200339996672.0,0
2013-05-17,195299999744.0,196559994880.0,183959994368.0,183959994368.0,183959994368.0,0
2013-05-20,182699999232.0,190260002816.0,177660002304.0,180179992576.0,180179992576.0,0
2013-05-21,185220005888.0,195299999744.0,178919997440.0,195299999744.0,195299999744.0,0
2013-05-22,183959994368.0,189000007680.0,175139995648.0,177660002304.0,177660002304.0,0
2013-05-23,175139995648.0,204119998464.0,175139995648.0,199080001536.0,199080001536.0,0
2013-05-24,199080001536.0,199080001536.0,196559994880.0,196559994880.0,196559994880.0,0
2013-05-28,195299999744.0,195299999744.0,182699999232.0,192779993088.0,192779993088.0,0
2013-05-29,182699999232.0,192779993088.0,182699999232.0,185220005888.0,185220005888.0,0
2013-05-30,177660002304.0,189000007680.0,177660002304.0,180179992576.0,180179992576.0,0
2013-05-31,180179992576.0,180179992576.0,180179992576.0,180179992576.0,180179992576.0,0
2013-06-03,181440004096.0,190260002816.0,176400007168.0,189000007680.0,189000007680.0,0
2013-06-04,189000007680.0,189000007680.0,189000007680.0,189000007680.0,189000007680.0,0
2013-06-05,178919997440.0,185220005888.0,178919997440.0,185220005888.0,185220005888.0,0
2013-06-06,180179992576.0,187739996160.0,178919997440.0,178919997440.0,178919997440.0,0
2013-06-07,180179992576.0,180179992576.0,178919997440.0,178919997440.0,178919997440.0,0
2013-06-10,176400007168.0,182699999232.0,176400007168.0,182699999232.0,182699999232.0,0
2013-06-11,182699999232.0,182699999232.0,182699999232.0,182699999232.0,182699999232.0,0
2013-06-12,176400007168.0,194040004608.0,176400007168.0,189000007680.0,189000007680.0,0
2013-06-13,189000007680.0,189000007680.0,189000007680.0,189000007680.0,189000007680.0,0
2013-06-14,178919997440.0,178919997440.0,178919997440.0,178919997440.0,178919997440.0,0
2013-06-17,176400007168.0,195299999744.0,176400007168.0,195299999744.0,195299999744.0,0
2013-06-18,180179992576.0,195299999744.0,180179992576.0,186480001024.0,186480001024.0,0
2013-06-19,186480001024.0,186480001024.0,186480001024.0,186480001024.0,186480001024.0,0
2013-06-20,176400007168.0,186480001024.0,176400007168.0,182699999232.0,182699999232.0,0
2013-06-21,181440004096.0,185220005888.0,177660002304.0,185220005888.0,185220005888.0,0
2013-06-24,177660002304.0,185220005888.0,177660002304.0,185220005888.0,185220005888.0,0
2013-06-25,180179992576.0,196559994880.0,177660002304.0,182699999232.0,182699999232.0,0
2013-06-26,182699999232.0,182699999232.0,182699999232.0,182699999232.0,182699999232.0,0
2013-06-27,182699999232.0,182699999232.0,182699999232.0,182699999232.0,182699999232.0,0
2013-06-28,189000007680.0,194040004608.0,189000007680.0,192779993088.0,192779993088.0,0
2013-07-01,190260002816.0,206640005120.0,177660002304.0,182699999232.0,182699999232.0,0
2013-07-02,185220005888.0,195299999744.0,178919997440.0,180179992576.0,180179992576.0,0
2013-07-03,181440004096.0,181440004096.0,181440004096.0,181440004096.0,181440004096.0,0
2013-07-05,185220005888.0,185220005888.0,177660002304.0,178919997440.0,178919997440.0,0
2013-07-08,178919997440.0,178919997440.0,178919997440.0,178919997440.0,178919997440.0,0
2013-07-09,178919997440.0,178919997440.0,165060001792.0,176400007168.0,176400007168.0,0
2013-07-10,176400007168.0,187739996160.0,176400007168.0,187739996160.0,187739996160.0,0
2013-07-11,196559994880.0,196559994880.0,195299999744.0,195299999744.0,195299999744.0,0
2013-07-12,195299999744.0,195299999744.0,195299999744.0,195299999744.0,195299999744.0,0
2013-07-15,195299999744.0,195299999744.0,195299999744.0,195299999744.0,195299999744.0,0
2013-07-16,186480001024.0,186480001024.0,177660002304.0,178919997440.0,178919997440.0,0
2013-07-17,178919997440.0,178919997440.0,178919997440.0,178919997440.0,178919997440.0,0
2013-07-18,196559994880.0,196559994880.0,195299999744.0,196559994880.0,196559994880.0,0
2013-07-19,196559994880.0,201600008192.0,196559994880.0,201600008192.0,201600008192.0,0
2013-07-22,201600008192.0,204119998464.0,201600008192.0,202860003328.0,202860003328.0,0
2013-07-23,189000007680.0,220500000768.0,189000007680.0,209159995392.0,209159995392.0,0
2013-07-24,212939997184.0,352800014336.0,212939997184.0,264599994368.0,264599994368.0,0
2013-07-25,257040007168.0,277200011264.0,236880003072.0,264599994368.0,264599994368.0,0
2013-07-26,269640007680.0,308699987968.0,258300002304.0,283499986944.0,283499986944.0,0
2013-07-29,288540000256.0,304920002560.0,270900002816.0,302400012288.0,302400012288.0,0
2013-07-30,297359998976.0,302400012288.0,221759995904.0,254520000512.0,254520000512.0,0
2013-07-31,243179995136.0,257040007168.0,209159995392.0,251999993856.0,251999993856.0,0
2013-08-01,248219992064.0,258300002304.0,248219992064.0,251999993856.0,251999993856.0,0
2013-08-02,230579994624.0,278460006400.0,230579994624.0,257040007168.0,257040007168.0,0
2013-08-05,270900002816.0,277200011264.0,259559997440.0,259559997440.0,259559997440.0,0
2013-08-06,253260005376.0,259559997440.0,253260005376.0,255779995648.0,255779995648.0,0
2013-08-07,253260005376.0,253260005376.0,239399993344.0,240660004864.0,240660004864.0,0
2013-08-08,258300002304.0,259559997440.0,251999993856.0,254520000512.0,254520000512.0,0
2013-08-09,251999993856.0,260819992576.0,251999993856.0,260819992576.0,260819992576.0,0
2013-08-12,253260005376.0,282239991808.0,240660004864.0,259559997440.0,259559997440.0,0
2013-08-13,254520000512.0,282239991808.0,249480003584.0,264599994368.0,264599994368.0,0
2013-08-14,277200011264.0,283499986944.0,253260005376.0,264599994368.0,264599994368.0,0
2013-08-15,267120001024.0,283499986944.0,265860005888.0,267120001024.0,267120001024.0,0
2013-08-16,277200011264.0,302400012288.0,264599994368.0,294840008704.0,294840008704.0,0
2013-08-19,267120001024.0,269640007680.0,251999993856.0,251999993856.0,251999993856.0,0
2013-08-20,264599994368.0,267120001024.0,250739998720.0,267120001024.0,267120001024.0,0
2013-08-21,267120001024.0,269640007680.0,255779995648.0,260819992576.0,260819992576.0,0
2013-08-22,260819992576.0,277200011264.0,257040007168.0,259559997440.0,259559997440.0,0
2013-08-23,269640007680.0,294840008704.0,269640007680.0,294840008704.0,294840008704.0,0
2013-08-26,296100003840.0,296100003840.0,267120001024.0,268379996160.0,268379996160.0,0
2013-08-27,262080004096.0,293580013568.0,258300002304.0,267120001024.0,267120001024.0,0
2013-08-28,287280005120.0,291059990528.0,264599994368.0,270900002816.0,270900002816.0,0
2013-08-29,289799995392.0,289799995392.0,265860005888.0,277200011264.0,277200011264.0,0
2013-08-30,270900002816.0,270900002816.0,270900002816.0,270900002816.0,270900002816.0,0
2013-09-03,272159997952.0,272159997952.0,270900002816.0,270900002816.0,270900002816.0,0
2013-09-04,273419993088.0,273419993088.0,267120001024.0,267120001024.0,267120001024.0,0
2013-09-05,277200011264.0,288540000256.0,274680004608.0,274680004608.0,274680004608.0,0
2013-09-06,302400012288.0,369179983872.0,226799992832.0,239399993344.0,239399993344.0,0
2013-09-09,241920000000.0,262080004096.0,239399993344.0,253260005376.0,253260005376.0,0
2013-09-10,253260005376.0,253260005376.0,228060004352.0,239399993344.0,239399993344.0,0
2013-09-11,229319999488.0,248219992064.0,205379993600.0,240660004864.0,240660004864.0,0
2013-09-12,245700001792.0,245700001792.0,240660004864.0,244440006656.0,244440006656.0,0
2013-09-13,244440006656.0,244440006656.0,229319999488.0,233100001280.0,233100001280.0,0
2013-09-16,238139998208.0,238139998208.0,229319999488.0,229319999488.0,229319999488.0,0
2013-09-17,229319999488.0,250739998720.0,229319999488.0,234359996416.0,234359996416.0,0
2013-09-18,244440006656.0,248219992064.0,233100001280.0,233100001280.0,233100001280.0,0
2013-09-19,241920000000.0,264599994368.0,240660004864.0,250739998720.0,250739998720.0,0
2013-09-20,255779995648.0,255779995648.0,231840006144.0,239399993344.0,239399993344.0,0
2013-09-23,243179995136.0,264599994368.0,230579994624.0,234359996416.0,234359996416.0,0
2013-09-24,251999993856.0,251999993856.0,235620007936.0,235620007936.0,235620007936.0,0
2013-09-25,230579994624.0,235620007936.0,230579994624.0,234359996416.0,234359996416.0,0
2013-09-26,230579994624.0,248219992064.0,230579994624.0,236880003072.0,236880003072.0,0
2013-09-27,248219992064.0,248219992064.0,234359996416.0,234359996416.0,234359996416.0,0
2013-09-30,236880003072.0,236880003072.0,229319999488.0,230579994624.0,230579994624.0,0
2013-10-01,234359996416.0,250739998720.0,229319999488.0,229319999488.0,229319999488.0,0
2013-10-02,229319999488.0,243179995136.0,229319999488.0,243179995136.0,243179995136.0,0
2013-10-03,240660004864.0,240660004864.0,226799992832.0,229319999488.0,229319999488.0,0
2013-10-04,226799992832.0,235620007936.0,226799992832.0,228060004352.0,228060004352.0,0
2013-10-07,241920000000.0,241920000000.0,224280002560.0,224280002560.0,224280002560.0,0
2013-10-08,226799992832.0,239399993344.0,223020007424.0,224280002560.0,224280002560.0,0
2013-10-09,223020007424.0,223020007424.0,212939997184.0,214199992320.0,214199992320.0,0
2013-10-10,211680002048.0,220500000768.0,211680002048.0,212939997184.0,212939997184.0,0
2013-10-11,209159995392.0,209159995392.0,195299999744.0,202860003328.0,202860003328.0,0
2013-10-14,210420006912.0,214199992320.0,190260002816.0,212939997184.0,212939997184.0,0
2013-10-15,212939997184.0,212939997184.0,212939997184.0,212939997184.0,212939997184.0,0
2013-10-16,204119998464.0,210420006912.0,204119998464.0,210420006912.0,210420006912.0,0
2013-10-17,202860003328.0,209159995392.0,202860003328.0,207900000256.0,207900000256.0,0
2013-10-18,204119998464.0,205379993600.0,202860003328.0,205379993600.0,205379993600.0,0
2013-10-21,204119998464.0,210420006912.0,204119998464.0,210420006912.0,210420006912.0,0
2013-10-22,201600008192.0,206640005120.0,201600008192.0,206640005120.0,206640005120.0,0
2013-10-23,201600008192.0,206640005120.0,201600008192.0,206640005120.0,206640005120.0,0
2013-10-24,206640005120.0,206640005120.0,206640005120.0,206640005120.0,206640005120.0,0
2013-10-25,201600008192.0,210420006912.0,190260002816.0,191519997952.0,191519997952.0,0
2013-10-28,192779993088.0,199080001536.0,177660002304.0,180179992576.0,180179992576.0,0
2013-10-29,187739996160.0,190260002816.0,181440004096.0,187739996160.0,187739996160.0,0
2013-10-30,186480001024.0,186480001024.0,186480001024.0,186480001024.0,186480001024.0,0
2013-10-31,181440004096.0,186480001024.0,181440004096.0,186480001024.0,186480001024.0,0
2013-11-01,186480001024.0,186480001024.0,186480001024.0,186480001024.0,186480001024.0,0
2013-11-04,183959994368.0,207900000256.0,183959994368.0,195299999744.0,195299999744.0,0
2013-11-05,220500000768.0,239399993344.0,199080001536.0,207900000256.0,207900000256.0,0
2013-11-06,199080001536.0,239399993344.0,192779993088.0,215460003840.0,215460003840.0,0
2013-11-07,230579994624.0,230579994624.0,220500000768.0,220500000768.0,220500000768.0,0
2013-11-08,226799992832.0,238139998208.0,207900000256.0,214199992320.0,214199992320.0,0
2013-11-11,221759995904.0,236880003072.0,214199992320.0,214199992320.0,214199992320.0,0
2013-11-12,209159995392.0,209159995392.0,207900000256.0,207900000256.0,207900000256.0,0
2013-11-13,210420006912.0,214199992320.0,207900000256.0,214199992320.0,214199992320.0,0
2013-11-14,214199992320.0,214199992320.0,214199992320.0,214199992320.0,214199992320.0,0
2013-11-15,214199992320.0,214199992320.0,214199992320.0,214199992320.0,214199992320.0,0
2013-11-18,214199992320.0,214199992320.0,214199992320.0,214199992320.0,214199992320.0,0
2013-11-19,206640005120.0,206640005120.0,199080001536.0,205379993600.0,205379993600.0,0
2013-11-20,202860003328.0,202860003328.0,167579992064.0,185220005888.0,185220005888.0,0
2013-11-21,187739996160.0,189000007680.0,182699999232.0,182699999232.0,182699999232.0,0
2013-11-22,182699999232.0,187739996160.0,167579992064.0,175139995648.0,175139995648.0,0
2013-11-25,166319996928.0,190260002816.0,163800006656.0,175139995648.0,175139995648.0,0
2013-11-26,181440004096.0,190260002816.0,181440004096.0,186480001024.0,186480001024.0,0
2013-11-27,189000007680.0,215460003840.0,189000007680.0,201600008192.0,201600008192.0,0
2013-11-29,224280002560.0,224280002560.0,214199992320.0,223020007424.0,223020007424.0,0
2013-12-02,223020007424.0,223020007424.0,214199992320.0,214199992320.0,214199992320.0,0
2013-12-03,201600008192.0,224280002560.0,201600008192.0,224280002560.0,224280002560.0,0
2013-12-04,199080001536.0,199080001536.0,185220005888.0,190260002816.0,190260002816.0,0
2013-12-05,196559994880.0,202860003328.0,191519997952.0,199080001536.0,199080001536.0,0
2013-12-06,196559994880.0,204119998464.0,196559994880.0,199080001536.0,199080001536.0,0
2013-12-09,196559994880.0,223020007424.0,196559994880.0,197820006400.0,197820006400.0,0
2013-12-10,195299999744.0,197820006400.0,195299999744.0,195299999744.0,195299999744.0,0
2013-12-11,195299999744.0,196559994880.0,195299999744.0,196559994880.0,196559994880.0,0
2013-12-12,191519997952.0,206640005120.0,190260002816.0,201600008192.0,201600008192.0,0
2013-12-13,206640005120.0,219240005632.0,204119998464.0,204119998464.0,204119998464.0,0
2013-12-16,202860003328.0,214199992320.0,202860003328.0,214199992320.0,214199992320.0,0
2013-12-17,216719998976.0,216719998976.0,195299999744.0,200339996672.0,200339996672.0,0
2013-12-18,196559994880.0,220500000768.0,196559994880.0,201600008192.0,201600008192.0,0
2013-12-19,216719998976.0,229319999488.0,201600008192.0,220500000768.0,220500000768.0,0
2013-12-20,226799992832.0,226799992832.0,214199992320.0,219240005632.0,219240005632.0,0
2013-12-23,225539997696.0,229319999488.0,224280002560.0,229319999488.0,229319999488.0,0
2013-12-24,230579994624.0,235620007936.0,230579994624.0,233100001280.0,233100001280.0,0
2013-12-26,236880003072.0,264599994368.0,236880003072.0,240660004864.0,240660004864.0,0
2013-12-27,255779995648.0,264599994368.0,244440006656.0,250739998720.0,250739998720.0,0
2013-12-30,243179995136.0,245700001792.0,239399993344.0,244440006656.0,244440006656.0,0
2013-12-31,239399993344.0,240660004864.0,221759995904.0,226799992832.0,226799992832.0,0
2014-01-02,223020007424.0,223020007424.0,201600008192.0,206640005120.0,206640005120.0,0
2014-01-03,205379993600.0,217979994112.0,205379993600.0,215460003840.0,215460003840.0,0
2014-01-06,216719998976.0,216719998976.0,207900000256.0,211680002048.0,211680002048.0,0
2014-01-07,212939997184.0,229319999488.0,212939997184.0,215460003840.0,215460003840.0,0
2014-01-08,209159995392.0,220500000768.0,206640005120.0,214199992320.0,214199992320.0,0
2014-01-09,214199992320.0,215460003840.0,205379993600.0,214199992320.0,214199992320.0,0
2014-01-10,230579994624.0,230579994624.0,220500000768.0,220500000768.0,220500000768.0,0
2014-01-13,229319999488.0,229319999488.0,206640005120.0,206640005120.0,206640005120.0,0
2014-01-14,207900000256.0,217979994112.0,205379993600.0,217979994112.0,217979994112.0,0
2014-01-15,220500000768.0,230579994624.0,214199992320.0,214199992320.0,214199992320.0,0
2014-01-16,214199992320.0,220500000768.0,212939997184.0,220500000768.0,220500000768.0,0
2014-01-17,225539997696.0,251999993856.0,220500000768.0,220500000768.0,220500000768.0,0
2014-01-21,264599994368.0,265860005888.0,221759995904.0,235620007936.0,235620007936.0,0
2014-01-22,244440006656.0,254520000512.0,223020007424.0,250739998720.0,250739998720.0,0
2014-01-23,226799992832.0,251999993856.0,226799992832.0,240660004864.0,240660004864.0,0
2014-01-24,230579994624.0,238139998208.0,230579994624.0,238139998208.0,238139998208.0,0
2014-01-27,238139998208.0,251999993856.0,229319999488.0,231840006144.0,231840006144.0,0
2014-01-28,229319999488.0,229319999488.0,229319999488.0,229319999488.0,229319999488.0,0
2014-01-29,230579994624.0,230579994624.0,211680002048.0,219240005632.0,219240005632.0,0
2014-01-30,220500000768.0,220500000768.0,210420006912.0,214199992320.0,214199992320.0,0
2014-01-31,210420006912.0,219240005632.0,210420006912.0,217979994112.0,217979994112.0,0
2014-02-03,219240005632.0,219240005632.0,212939997184.0,212939997184.0,212939997184.0,0
2014-02-04,210420006912.0,212939997184.0,201600008192.0,207900000256.0,207900000256.0,0
2014-02-05,202860003328.0,216719998976.0,192779993088.0,212939997184.0,212939997184.0,0
2014-02-06,210420006912.0,210420006912.0,189000007680.0,209159995392.0,209159995392.0,0
2014-02-07,199080001536.0,214199992320.0,195299999744.0,207900000256.0,207900000256.0,0
2014-02-10,201600008192.0,207900000256.0,195299999744.0,207900000256.0,207900000256.0,0
2014-02-11,197820006400.0,197820006400.0,197820006400.0,197820006400.0,197820006400.0,0
2014-02-12,189000007680.0,206640005120.0,189000007680.0,201600008192.0,201600008192.0,0
2014-02-13,201600008192.0,201600008192.0,201600008192.0,201600008192.0,201600008192.0,0
2014-02-14,201600008192.0,201600008192.0,201600008192.0,201600008192.0,201600008192.0,0
2014-02-18,190260002816.0,194040004608.0,152460001280.0,170099998720.0,170099998720.0,0
2014-02-19,165060001792.0,190260002816.0,165060001792.0,180179992576.0,180179992576.0,0
2014-02-20,187739996160.0,187739996160.0,173880000512.0,176400007168.0,176400007168.0,0
2014-02-21,176400007168.0,176400007168.0,170099998720.0,170099998720.0,170099998720.0,0
2014-02-24,170099998720.0,170099998720.0,165060001792.0,167579992064.0,167579992064.0,0
2014-02-25,163800006656.0,173880000512.0,163800006656.0,165060001792.0,165060001792.0,0
2014-02-26,167579992064.0,173880000512.0,167579992064.0,171359993856.0,171359993856.0,0
2014-02-27,175139995648.0,175139995648.0,162539995136.0,170099998720.0,170099998720.0,0
2014-02-28,170099998720.0,194040004608.0,161280000000.0,172620005376.0,172620005376.0,0
2014-03-03,171359993856.0,176400007168.0,167579992064.0,173880000512.0,173880000512.0,0
2014-03-04,178919997440.0,180179992576.0,170099998720.0,180179992576.0,180179992576.0,0
2014-03-05,182699999232.0,183959994368.0,173880000512.0,177660002304.0,177660002304.0,0
2014-03-06,182699999232.0,182699999232.0,176400007168.0,176400007168.0,176400007168.0,0
2014-03-07,168840003584.0,189000007680.0,168840003584.0,187739996160.0,187739996160.0,0
2014-03-10,189000007680.0,189000007680.0,176400007168.0,176400007168.0,176400007168.0,0
2014-03-11,171359993856.0,199080001536.0,171359993856.0,187739996160.0,187739996160.0,0
2014-03-12,181440004096.0,192779993088.0,168840003584.0,187739996160.0,187739996160.0,0
2014-03-13,178919997440.0,191519997952.0,176400007168.0,176400007168.0,176400007168.0,0
2014-03-14,182699999232.0,189000007680.0,181440004096.0,189000007680.0,189000007680.0,0
2014-03-17,182699999232.0,191519997952.0,180179992576.0,180179992576.0,180179992576.0,0
2014-03-18,183959994368.0,189000007680.0,183959994368.0,189000007680.0,189000007680.0,0
2014-03-19,192779993088.0,192779993088.0,185220005888.0,187739996160.0,187739996160.0,0
2014-03-20,183959994368.0,185220005888.0,183959994368.0,185220005888.0,185220005888.0,0
2014-03-21,190260002816.0,190260002816.0,176400007168.0,182699999232.0,182699999232.0,0
2014-03-24,191519997952.0,191519997952.0,177660002304.0,177660002304.0,177660002304.0,0
2014-03-25,177660002304.0,182699999232.0,177660002304.0,182699999232.0,182699999232.0,0
2014-03-26,182699999232.0,182699999232.0,181440004096.0,182699999232.0,182699999232.0,0
2014-03-27,182699999232.0,182699999232.0,177660002304.0,177660002304.0,177660002304.0,0
2014-03-28,178919997440.0,185220005888.0,177660002304.0,185220005888.0,185220005888.0,0
2014-03-31,180179992576.0,182699999232.0,178919997440.0,180179992576.0,180179992576.0,0
2014-04-01,181440004096.0,181440004096.0,172620005376.0,173880000512.0,173880000512.0,0
2014-04-02,176400007168.0,183959994368.0,167579992064.0,175139995648.0,175139995648.0,0
2014-04-03,180179992576.0,180179992576.0,180179992576.0,180179992576.0,180179992576.0,0
2014-04-04,185220005888.0,185220005888.0,166319996928.0,178919997440.0,178919997440.0,0
2014-04-07,189000007680.0,195299999744.0,172620005376.0,175139995648.0,175139995648.0,0
2014-04-08,183959994368.0,190260002816.0,168840003584.0,182699999232.0,182699999232.0,0
2014-04-09,186480001024.0,190260002816.0,180179992576.0,182699999232.0,182699999232.0,0
2014-04-10,177660002304.0,177660002304.0,175139995648.0,175139995648.0,175139995648.0,0
2014-04-11,176400007168.0,182699999232.0,176400007168.0,176400007168.0,176400007168.0,0
2014-04-14,180179992576.0,186480001024.0,173880000512.0,176400007168.0,176400007168.0,0
2014-04-15,182699999232.0,182699999232.0,170099998720.0,172620005376.0,172620005376.0,0
2014-04-16,181440004096.0,189000007680.0,157499998208.0,161280000000.0,161280000000.0,0
2014-04-17,163800006656.0,163800006656.0,157499998208.0,157499998208.0,157499998208.0,0
2014-04-21,156240003072.0,156240003072.0,125999996928.0,137159999488.0,137159999488.0,0
2014-04-22,139499995136.0,150840000512.0,130679996416.0,136979996672.0,136979996672.0,0
2014-04-23,137699999744.0,137699999744.0,126360002560.0,128520003584.0,128520003584.0,0
2014-04-24,134100000768.0,134280003584.0,126900002816.0,132299997184.0,132299997184.0,0
2014-04-25,132480000000.0,132480000000.0,125820002304.0,125820002304.0,125820002304.0,0
2014-04-28,127619997696.0,127980003328.0,123300003840.0,127619997696.0,127619997696.0,0
2014-04-29,127619997696.0,127619997696.0,120600002560.0,126720000000.0,126720000000.0,0
2014-04-30,122399997952.0,122399997952.0,118079995904.0,118259998720.0,118259998720.0,0
2014-05-01,121140002816.0,121140002816.0,114479996928.0,114659999744.0,114659999744.0,0
2014-05-02,114300002304.0,114300002304.0,106199998464.0,109080002560.0,109080002560.0,0
2014-05-05,102599999488.0,105119997952.0,102599999488.0,105119997952.0,105119997952.0,0
2014-05-06,103860002816.0,103860002816.0,97920000000.0,99720003584.0,99720003584.0,0
2014-05-07,96659996672.0,97739997184.0,96659996672.0,97020002304.0,97020002304.0,0
2014-05-08,94320001024.0,94320001024.0,90539999232.0,91800002560.0,91800002560.0,0
2014-05-09,91260002304.0,93599997952.0,91260002304.0,93599997952.0,93599997952.0,0
2014-05-12,94500003840.0,98279997440.0,94320001024.0,97739997184.0,97739997184.0,0
2014-05-13,97199996928.0,100620001280.0,97199996928.0,100620001280.0,100620001280.0,0
2014-05-14,100800004096.0,100800004096.0,93780000768.0,96119996416.0,96119996416.0,0
2014-05-15,97920000000.0,97920000000.0,84599996416.0,84599996416.0,84599996416.0,0
2014-05-16,84420001792.0,84420001792.0,81180000256.0,81180000256.0,81180000256.0,0
2014-05-19,84420001792.0,84599996416.0,83519995904.0,83519995904.0,83519995904.0,0
2014-05-20,81720000512.0,83519995904.0,80999997440.0,83519995904.0,83519995904.0,0
2014-05-21,80999997440.0,84059996160.0,80999997440.0,84059996160.0,84059996160.0,0
2014-05-22,81360003072.0,81360003072.0,72179998720.0,72360001536.0,72360001536.0,0
2014-05-23,74339999744.0,77220003840.0,74339999744.0,77220003840.0,77220003840.0,0
2014-05-27,75779997696.0,75779997696.0,70200000512.0,71999995904.0,71999995904.0,0
2014-05-28,76859998208.0,77760004096.0,74880000000.0,77399998464.0,77399998464.0,0
2014-05-29,76859998208.0,78479998976.0,69300002816.0,70559997952.0,70559997952.0,0
2014-05-30,69300002816.0,69300002816.0,65159999488.0,65159999488.0,65159999488.0,0
2014-06-02,67860000768.0,73799999488.0,55620001792.0,58500001792.0,58500001792.0,0
2014-06-03,54000001024.0,57239998464.0,50400002048.0,54359998464.0,54359998464.0,0
2014-06-04,53460000768.0,65339998208.0,51299999744.0,56880001024.0,56880001024.0,0
2014-06-05,55979999232.0,56340000768.0,52019998720.0,52200001536.0,52200001536.0,0
2014-06-06,34019999744.0,34380001280.0,32399998976.0,33300000768.0,33300000768.0,0
2014-06-09,33840001024.0,33840001024.0,33120000000.0,33300000768.0,33300000768.0,0
2014-06-10,33660000256.0,35640000512.0,32399998976.0,33479999488.0,33479999488.0,0
2014-06-11,34560000000.0,34920001536.0,33300000768.0,33300000768.0,33300000768.0,0
2014-06-12,33300000768.0,34019999744.0,32579999744.0,32579999744.0,32579999744.0,0
2014-06-13,33660000256.0,39779999744.0,32399998976.0,39419998208.0,39419998208.0,0
2014-06-16,39600001024.0,41400000512.0,36899999744.0,37980000256.0,37980000256.0,0
2014-06-17,37800001536.0,40320000000.0,37800001536.0,39600001024.0,39600001024.0,0
2014-06-18,41400000512.0,41400000512.0,37800001536.0,38159998976.0,38159998976.0,0
2014-06-19,35999997952.0,39419998208.0,35999997952.0,37800001536.0,37800001536.0,0
2014-06-20,38699999232.0,39600001024.0,37440000000.0,39239999488.0,39239999488.0,0
2014-06-23,39779999744.0,40499998720.0,38159998976.0,38880002048.0,38880002048.0,0
2014-06-24,39060000768.0,41940000768.0,37800001536.0,40140001280.0,40140001280.0,0
2014-06-25,41400000512.0,41940000768.0,39060000768.0,40320000000.0,40320000000.0,0
2014-06-26,40499998720.0,41220001792.0,39779999744.0,39959998464.0,39959998464.0,0
2014-06-27,38699999232.0,40499998720.0,38699999232.0,39060000768.0,39060000768.0,0
2014-06-30,40140001280.0,40140001280.0,38699999232.0,39239999488.0,39239999488.0,0
2014-07-01,38880002048.0,39779999744.0,37800001536.0,38699999232.0,38699999232.0,0
2014-07-02,39600001024.0,40499998720.0,37079998464.0,39600001024.0,39600001024.0,0
2014-07-03,38880002048.0,39600001024.0,38699999232.0,39060000768.0,39060000768.0,0
2014-07-07,38699999232.0,39060000768.0,38699999232.0,38699999232.0,38699999232.0,0
2014-07-08,38880002048.0,39060000768.0,37440000000.0,37800001536.0,37800001536.0,0
2014-07-09,37260001280.0,38699999232.0,37260001280.0,38340001792.0,38340001792.0,0
2014-07-10,37980000256.0,38880002048.0,36899999744.0,37800001536.0,37800001536.0,0
2014-07-11,37800001536.0,38520000512.0,37440000000.0,37440000000.0,37440000000.0,0
2014-07-14,37440000000.0,37440000000.0,35100000256.0,36180000768.0,36180000768.0,0
2014-07-15,34200000512.0,34920001536.0,32039999488.0,32760000512.0,32760000512.0,0
2014-07-16,32760000512.0,34739998720.0,32399998976.0,33300000768.0,33300000768.0,0
2014-07-17,34380001280.0,34380001280.0,32939999232.0,33479999488.0,33479999488.0,0
2014-07-18,34380001280.0,34380001280.0,33120000000.0,33479999488.0,33479999488.0,0
2014-07-21,33300000768.0,33660000256.0,32939999232.0,32939999232.0,32939999232.0,0
2014-07-22,33840001024.0,33840001024.0,32939999232.0,33300000768.0,33300000768.0,0
2014-07-23,34019999744.0,34019999744.0,32399998976.0,32579999744.0,32579999744.0,0
2014-07-24,32399998976.0,32939999232.0,31499999232.0,31860000768.0,31860000768.0,0
2014-07-25,31499999232.0,32939999232.0,31499999232.0,31680000000.0,31680000000.0,0
2014-07-28,31499999232.0,32039999488.0,31499999232.0,31860000768.0,31860000768.0,0
2014-07-29,34200000512.0,39419998208.0,33479999488.0,35999997952.0,35999997952.0,0
2014-07-30,34200000512.0,36180000768.0,33120000000.0,34739998720.0,34739998720.0,0
2014-07-31,34200000512.0,36720001024.0,34200000512.0,36359999488.0,36359999488.0,0
2014-08-01,35460001792.0,36720001024.0,35100000256.0,36180000768.0,36180000768.0,0
2014-08-04,35100000256.0,37980000256.0,35100000256.0,35999997952.0,35999997952.0,0
2014-08-05,35640000512.0,37079998464.0,34200000512.0,36180000768.0,36180000768.0,0
2014-08-06,36720001024.0,36720001024.0,35100000256.0,35640000512.0,35640000512.0,0
2014-08-07,35279998976.0,36180000768.0,34380001280.0,34739998720.0,34739998720.0,0
2014-08-08,34380001280.0,35640000512.0,34200000512.0,34739998720.0,34739998720.0,0
2014-08-11,35640000512.0,35640000512.0,34380001280.0,34560000000.0,34560000000.0,0
2014-08-12,34380001280.0,34920001536.0,33300000768.0,34200000512.0,34200000512.0,0
2014-08-13,34920001536.0,35460001792.0,33840001024.0,34380001280.0,34380001280.0,0
2014-08-14,34380001280.0,34380001280.0,33120000000.0,33660000256.0,33660000256.0,0
2014-08-15,33479999488.0,33840001024.0,33120000000.0,33840001024.0,33840001024.0,0
2014-08-18,34380001280.0,34739998720.0,33479999488.0,34200000512.0,34200000512.0,0
2014-08-19,34019999744.0,35100000256.0,34019999744.0,34560000000.0,34560000000.0,0
2014-08-20,34019999744.0,34560000000.0,33660000256.0,33660000256.0,33660000256.0,0
2014-08-21,34200000512.0,34200000512.0,33660000256.0,34019999744.0,34019999744.0,0
2014-08-22,37260001280.0,40499998720.0,35279998976.0,36720001024.0,36720001024.0,0
2014-08-25,37260001280.0,38159998976.0,35279998976.0,36899999744.0,36899999744.0,0
2014-08-26,37260001280.0,38520000512.0,35999997952.0,38159998976.0,38159998976.0,0
2014-08-27,38520000512.0,38520000512.0,36180000768.0,36899999744.0,36899999744.0,0
2014-08-28,37260001280.0,37800001536.0,36180000768.0,36539998208.0,36539998208.0,0
2014-08-29,37079998464.0,37619998720.0,36359999488.0,37079998464.0,37079998464.0,0
2014-09-02,37260001280.0,38159998976.0,37260001280.0,37619998720.0,37619998720.0,0
2014-09-03,37800001536.0,37980000256.0,37260001280.0,37440000000.0,37440000000.0,0
2014-09-04,38159998976.0,38880002048.0,35999997952.0,36359999488.0,36359999488.0,0
2014-09-05,36539998208.0,36899999744.0,34920001536.0,36539998208.0,36539998208.0,0
2014-09-08,36180000768.0,37440000000.0,36180000768.0,36720001024.0,36720001024.0,0
2014-09-09,37440000000.0,37619998720.0,36180000768.0,36180000768.0,36180000768.0,0
2014-09-10,37079998464.0,37079998464.0,35279998976.0,35999997952.0,35999997952.0,0
2014-09-11,35279998976.0,35819999232.0,35279998976.0,35640000512.0,35640000512.0,0
2014-09-12,36180000768.0,37079998464.0,36180000768.0,36539998208.0,36539998208.0,0
2014-09-15,36720001024.0,36899999744.0,35640000512.0,35640000512.0,35640000512.0,0
2014-09-16,35100000256.0,38520000512.0,34920001536.0,36539998208.0,36539998208.0,0
2014-09-17,36720001024.0,36720001024.0,35640000512.0,35819999232.0,35819999232.0,0
2014-09-18,35819999232.0,35819999232.0,34920001536.0,34920001536.0,34920001536.0,0
2014-09-19,34739998720.0,35999997952.0,34739998720.0,35279998976.0,35279998976.0,0
2014-09-22,35100000256.0,35819999232.0,34560000000.0,35100000256.0,35100000256.0,0
2014-09-23,34739998720.0,34920001536.0,33479999488.0,34019999744.0,34019999744.0,0
2014-09-24,33479999488.0,34380001280.0,33479999488.0,34019999744.0,34019999744.0,0
2014-09-25,33660000256.0,34019999744.0,33479999488.0,33479999488.0,33479999488.0,0
2014-09-26,33840001024.0,34200000512.0,33479999488.0,33660000256.0,33660000256.0,0
2014-09-29,33660000256.0,34380001280.0,33660000256.0,34019999744.0,34019999744.0,0
2014-09-30,34019999744.0,35819999232.0,33479999488.0,35819999232.0,35819999232.0,0
2014-10-01,34739998720.0,34920001536.0,33479999488.0,33840001024.0,33840001024.0,0
2014-10-02,34200000512.0,34200000512.0,32939999232.0,33120000000.0,33120000000.0,0
2014-10-03,32939999232.0,34200000512.0,32760000512.0,34019999744.0,34019999744.0,0
2014-10-06,34560000000.0,35279998976.0,33479999488.0,33840001024.0,33840001024.0,0
2014-10-07,33840001024.0,33840001024.0,33120000000.0,33120000000.0,33120000000.0,0
2014-10-08,32579999744.0,33300000768.0,32579999744.0,32760000512.0,32760000512.0,0
2014-10-09,32579999744.0,32579999744.0,31680000000.0,31680000000.0,31680000000.0,0
2014-10-10,31499999232.0,31499999232.0,30599999488.0,30780000256.0,30780000256.0,0
2014-10-13,30780000256.0,30780000256.0,29519998976.0,29699999744.0,29699999744.0,0
2014-10-14,29880000512.0,30059999232.0,29699999744.0,29699999744.0,29699999744.0,0
2014-10-15,29880000512.0,29880000512.0,28800000000.0,28980000768.0,28980000768.0,0
2014-10-16,29699999744.0,30059999232.0,28440000512.0,29159999488.0,29159999488.0,0
2014-10-17,29880000512.0,30059999232.0,29880000512.0,29880000512.0,29880000512.0,0
2014-10-20,28619999232.0,29880000512.0,28619999232.0,29699999744.0,29699999744.0,0
2014-10-21,30059999232.0,32939999232.0,30059999232.0,32579999744.0,32579999744.0,0
2014-10-22,33120000000.0,33479999488.0,31139999744.0,32399998976.0,32399998976.0,0
2014-10-23,31499999232.0,32399998976.0,31499999232.0,31860000768.0,31860000768.0,0
2014-10-24,32220000256.0,32220000256.0,28619999232.0,29699999744.0,29699999744.0,0
2014-10-27,29699999744.0,29880000512.0,29159999488.0,29159999488.0,29159999488.0,0
2014-10-28,29519998976.0,30059999232.0,29519998976.0,30059999232.0,30059999232.0,0
2014-10-29,30599999488.0,31499999232.0,29880000512.0,31139999744.0,31139999744.0,0
2014-10-30,30599999488.0,33479999488.0,30599999488.0,32579999744.0,32579999744.0,0
2014-10-31,33300000768.0,33660000256.0,30960001024.0,33479999488.0,33479999488.0,0
2014-11-03,32760000512.0,33300000768.0,31499999232.0,32039999488.0,32039999488.0,0
2014-11-04,31499999232.0,32399998976.0,31499999232.0,32399998976.0,32399998976.0,0
2014-11-05,33660000256.0,33660000256.0,31499999232.0,31860000768.0,31860000768.0,0
2014-11-06,31680000000.0,31680000000.0,29519998976.0,29880000512.0,29880000512.0,0
2014-11-07,30420000768.0,30960001024.0,29699999744.0,30420000768.0,30420000768.0,0
2014-11-10,31320000512.0,31320000512.0,29880000512.0,30599999488.0,30599999488.0,0
2014-11-11,31499999232.0,31499999232.0,29519998976.0,29880000512.0,29880000512.0,0
2014-11-12,30420000768.0,30420000768.0,29519998976.0,30420000768.0,30420000768.0,0
2014-11-13,29880000512.0,29880000512.0,29880000512.0,29880000512.0,29880000512.0,0
2014-11-14,30059999232.0,30420000768.0,29880000512.0,30059999232.0,30059999232.0,0
2014-11-17,29880000512.0,29880000512.0,29519998976.0,29880000512.0,29880000512.0,0
2014-11-18,29699999744.0,30240000000.0,29519998976.0,29699999744.0,29699999744.0,0
2014-11-19,29519998976.0,29880000512.0,29519998976.0,29699999744.0,29699999744.0,0
2014-11-20,29340000256.0,30059999232.0,28440000512.0,28980000768.0,28980000768.0,0
2014-11-21,28800000000.0,29880000512.0,27900000256.0,28619999232.0,28619999232.0,0
2014-11-24,29340000256.0,29340000256.0,27900000256.0,28619999232.0,28619999232.0,0
2014-11-25,28619999232.0,28619999232.0,27900000256.0,27900000256.0,27900000256.0,0
2014-11-26,27900000256.0,28080001024.0,27000000512.0,27000000512.0,27000000512.0,0
2014-11-28,27900000256.0,27900000256.0,26639998976.0,27719999488.0,27719999488.0,0
2014-12-01,26100000768.0,27000000512.0,24660000768.0,25200001024.0,25200001024.0,0
2014-12-02,25200001024.0,25379999744.0,23759998976.0,24660000768.0,24660000768.0,0
2014-12-03,25020000256.0,27000000512.0,25020000256.0,25739999232.0,25739999232.0,0
2014-12-04,25200001024.0,26100000768.0,25200001024.0,25200001024.0,25200001024.0,0
2014-12-05,25920000000.0,26639998976.0,25379999744.0,26639998976.0,26639998976.0,0
2014-12-08,26100000768.0,26460000256.0,24480000000.0,24660000768.0,24660000768.0,0
2014-12-09,24299999232.0,24839999488.0,24120000512.0,24120000512.0,24120000512.0,0
2014-12-10,23759998976.0,23939999744.0,22499999744.0,23040000000.0,23040000000.0,0
2014-12-11,23399999488.0,23399999488.0,21780000768.0,21959999488.0,21959999488.0,0
2014-12-12,21600000000.0,25020000256.0,20340000768.0,23220000768.0,23220000768.0,0
2014-12-15,21959999488.0,23759998976.0,21780000768.0,21959999488.0,21959999488.0,0
2014-12-16,22499999744.0,22680000512.0,20160000000.0,20700000256.0,20700000256.0,0
2014-12-17,20160000000.0,20340000768.0,18900000768.0,19440001024.0,19440001024.0,0
2014-12-18,19800000512.0,20160000000.0,18720000000.0,18720000000.0,18720000000.0,0
2014-12-19,18900000768.0,19979999232.0,18720000000.0,19260000256.0,19260000256.0,0
2014-12-22,19079999488.0,19619999744.0,18179999744.0,19619999744.0,19619999744.0,0
2014-12-23,19800000512.0,20700000256.0,18900000768.0,20340000768.0,20340000768.0,0
2014-12-24,19979999232.0,20700000256.0,18900000768.0,20700000256.0,20700000256.0,0
2014-12-26,20160000000.0,21059999744.0,19440001024.0,20340000768.0,20340000768.0,0
2014-12-29,20340000768.0,20340000768.0,18720000000.0,18720000000.0,18720000000.0,0
2014-12-30,18720000000.0,19800000512.0,18360000512.0,19800000512.0,19800000512.0,0
2014-12-31,19440001024.0,19800000512.0,18360000512.0,19079999488.0,19079999488.0,0
2015-01-02,19619999744.0,20700000256.0,19619999744.0,19979999232.0,19979999232.0,0
2015-01-05,20700000256.0,20700000256.0,17999998976.0,18900000768.0,18900000768.0,0
2015-01-06,18360000512.0,18900000768.0,17999998976.0,18179999744.0,18179999744.0,0
2015-01-07,18720000000.0,18720000000.0,17280000000.0,17999998976.0,17999998976.0,0
2015-01-08,18179999744.0,19979999232.0,18179999744.0,18900000768.0,18900000768.0,0
2015-01-09,19440001024.0,23580000256.0,18900000768.0,22499999744.0,22499999744.0,0
2015-01-12,23399999488.0,30420000768.0,22499999744.0,26819999744.0,26819999744.0,0
2015-01-13,30599999488.0,32220000256.0,22499999744.0,23040000000.0,23040000000.0,0
2015-01-14,20700000256.0,22859999232.0,20340000768.0,22680000512.0,22680000512.0,0
2015-01-15,24299999232.0,24480000000.0,21240000512.0,21240000512.0,21240000512.0,0
2015-01-16,21240000512.0,23220000768.0,20879998976.0,21959999488.0,21959999488.0,0
2015-01-20,22499999744.0,22859999232.0,21059999744.0,21600000000.0,21600000000.0,0
2015-01-21,20700000256.0,22320001024.0,19800000512.0,20519999488.0,20519999488.0,0
2015-01-22,19800000512.0,21240000512.0,19440001024.0,19979999232.0,19979999232.0,0
2015-01-23,19260000256.0,20700000256.0,19260000256.0,19619999744.0,19619999744.0,0
2015-01-26,19440001024.0,19800000512.0,19260000256.0,19260000256.0,19260000256.0,0
2015-01-27,19619999744.0,19619999744.0,17999998976.0,18539999232.0,18539999232.0,0
2015-01-28,18720000000.0,19260000256.0,17999998976.0,18720000000.0,18720000000.0,0
2015-01-29,19440001024.0,19440001024.0,17460000768.0,17999998976.0,17999998976.0,0
2015-01-30,17999998976.0,19440001024.0,17999998976.0,18720000000.0,18720000000.0,0
2015-02-02,19440001024.0,19440001024.0,17999998976.0,18360000512.0,18360000512.0,0
2015-02-03,18539999232.0,21240000512.0,18360000512.0,20160000000.0,20160000000.0,0
2015-02-04,20519999488.0,21780000768.0,19079999488.0,19260000256.0,19260000256.0,0
2015-02-05,20340000768.0,20340000768.0,18900000768.0,19619999744.0,19619999744.0,0
2015-02-06,20160000000.0,20160000000.0,19440001024.0,19979999232.0,19979999232.0,0
2015-02-09,19619999744.0,20160000000.0,19440001024.0,19979999232.0,19979999232.0,0
2015-02-10,19619999744.0,20519999488.0,19619999744.0,20340000768.0,20340000768.0,0
2015-02-11,19979999232.0,20340000768.0,19800000512.0,20160000000.0,20160000000.0,0
2015-02-12,20340000768.0,20519999488.0,19260000256.0,20160000000.0,20160000000.0,0
2015-02-13,19800000512.0,20700000256.0,19619999744.0,20519999488.0,20519999488.0,0
2015-02-17,20879998976.0,21419999232.0,20700000256.0,21419999232.0,21419999232.0,0
2015-02-18,21600000000.0,21600000000.0,21240000512.0,21600000000.0,21600000000.0,0
2015-02-19,21600000000.0,22320001024.0,20700000256.0,21780000768.0,21780000768.0,0
2015-02-20,21959999488.0,21959999488.0,21059999744.0,21240000512.0,21240000512.0,0
2015-02-23,20519999488.0,21059999744.0,19440001024.0,19619999744.0,19619999744.0,0
2015-02-24,19079999488.0,20160000000.0,19079999488.0,19979999232.0,19979999232.0,0
2015-02-25,19440001024.0,20519999488.0,18720000000.0,20519999488.0,20519999488.0,0
2015-02-26,20519999488.0,20519999488.0,19440001024.0,19619999744.0,19619999744.0,0
2015-02-27,20340000768.0,20340000768.0,19079999488.0,19079999488.0,19079999488.0,0
2015-03-02,18900000768.0,19440001024.0,18900000768.0,19079999488.0,19079999488.0,0
2015-03-03,18720000000.0,19079999488.0,17999998976.0,18720000000.0,18720000000.0,0
2015-03-04,18539999232.0,18900000768.0,18360000512.0,18900000768.0,18900000768.0,0
2015-03-05,18900000768.0,20519999488.0,18900000768.0,19800000512.0,19800000512.0,0
2015-03-06,19800000512.0,20519999488.0,19800000512.0,20340000768.0,20340000768.0,0
2015-03-09,20879998976.0,20879998976.0,19079999488.0,19619999744.0,19619999744.0,0
2015-03-10,19619999744.0,19979999232.0,19079999488.0,19440001024.0,19440001024.0,0
2015-03-11,19079999488.0,19260000256.0,19079999488.0,19260000256.0,19260000256.0,0
2015-03-12,19079999488.0,19260000256.0,18900000768.0,19079999488.0,19079999488.0,0
2015-03-13,19440001024.0,19440001024.0,18720000000.0,19079999488.0,19079999488.0,0
2015-03-16,19079999488.0,19979999232.0,18900000768.0,19800000512.0,19800000512.0,0
2015-03-17,19260000256.0,19800000512.0,19079999488.0,19260000256.0,19260000256.0,0
2015-03-18,19619999744.0,19800000512.0,18900000768.0,18900000768.0,18900000768.0,0
2015-03-19,19440001024.0,19800000512.0,18900000768.0,19079999488.0,19079999488.0,0
2015-03-20,19800000512.0,20340000768.0,19260000256.0,19440001024.0,19440001024.0,0
2015-03-23,19800000512.0,20519999488.0,18900000768.0,19619999744.0,19619999744.0,0
2015-03-24,20519999488.0,20700000256.0,19079999488.0,19979999232.0,19979999232.0,0
2015-03-25,20160000000.0,20160000000.0,19079999488.0,19079999488.0,19079999488.0,0
2015-03-26,19079999488.0,19979999232.0,19079999488.0,19619999744.0,19619999744.0,0
2015-03-27,19619999744.0,19979999232.0,18179999744.0,18539999232.0,18539999232.0,0
2015-03-30,18539999232.0,19619999744.0,18539999232.0,19260000256.0,19260000256.0,0
2015-03-31,19619999744.0,19800000512.0,19079999488.0,19619999744.0,19619999744.0,0
2015-04-01,20340000768.0,21240000512.0,19619999744.0,20519999488.0,20519999488.0,0
2015-04-02,20879998976.0,21059999744.0,19979999232.0,20519999488.0,20519999488.0,0
2015-04-06,20340000768.0,20879998976.0,19979999232.0,20519999488.0,20519999488.0,0
2015-04-07,20160000000.0,21780000768.0,20160000000.0,21059999744.0,21059999744.0,0
2015-04-08,21600000000.0,21600000000.0,21059999744.0,21059999744.0,21059999744.0,0
2015-04-09,20519999488.0,20700000256.0,19440001024.0,20340000768.0,20340000768.0,0
2015-04-10,19800000512.0,19979999232.0,19800000512.0,19800000512.0,19800000512.0,0
2015-04-13,20519999488.0,20700000256.0,19979999232.0,19979999232.0,19979999232.0,0
2015-04-14,19979999232.0,19979999232.0,19979999232.0,19979999232.0,19979999232.0,0
2015-04-15,19979999232.0,19979999232.0,18720000000.0,19619999744.0,19619999744.0,0
2015-04-16,19619999744.0,19619999744.0,19619999744.0,19619999744.0,19619999744.0,0
2015-04-17,19619999744.0,20340000768.0,19619999744.0,19619999744.0,19619999744.0,0
2015-04-20,19979999232.0,19979999232.0,19079999488.0,19800000512.0,19800000512.0,0
2015-04-21,19619999744.0,19800000512.0,18720000000.0,19800000512.0,19800000512.0,0
2015-04-22,19260000256.0,20340000768.0,18179999744.0,19260000256.0,19260000256.0,0
2015-04-23,19079999488.0,21419999232.0,18720000000.0,20879998976.0,20879998976.0,0
2015-04-24,21419999232.0,25379999744.0,19619999744.0,20340000768.0,20340000768.0,0
2015-04-27,19440001024.0,20519999488.0,19440001024.0,19979999232.0,19979999232.0,0
2015-04-28,20160000000.0,20160000000.0,19619999744.0,19619999744.0,19619999744.0,0
2015-04-29,19979999232.0,19979999232.0,19260000256.0,19440001024.0,19440001024.0,0
2015-04-30,19260000256.0,19440001024.0,19260000256.0,19260000256.0,19260000256.0,0
2015-05-01,19979999232.0,19979999232.0,19440001024.0,19440001024.0,19440001024.0,0
2015-05-04,19440001024.0,19979999232.0,19440001024.0,19979999232.0,19979999232.0,0
2015-05-05,19800000512.0,19800000512.0,18900000768.0,19619999744.0,19619999744.0,0
2015-05-06,19079999488.0,19079999488.0,18539999232.0,18539999232.0,18539999232.0,0
2015-05-07,18539999232.0,19260000256.0,18539999232.0,18720000000.0,18720000000.0,0
2015-05-08,19260000256.0,19260000256.0,18539999232.0,19079999488.0,19079999488.0,0
2015-05-11,20340000768.0,20700000256.0,18720000000.0,18720000000.0,18720000000.0,0
2015-05-12,19260000256.0,19440001024.0,18539999232.0,18539999232.0,18539999232.0,0
2015-05-13,18720000000.0,19079999488.0,18720000000.0,18900000768.0,18900000768.0,0
2015-05-14,18720000000.0,19619999744.0,18720000000.0,19619999744.0,19619999744.0,0
2015-05-15,18900000768.0,19800000512.0,18539999232.0,18539999232.0,18539999232.0,0
2015-05-18,18900000768.0,18900000768.0,18720000000.0,18900000768.0,18900000768.0,0
2015-05-19,18900000768.0,19260000256.0,18179999744.0,19260000256.0,19260000256.0,0
2015-05-20,18720000000.0,22140000256.0,18179999744.0,18900000768.0,18900000768.0,0
2015-05-21,19619999744.0,19619999744.0,18539999232.0,19079999488.0,19079999488.0,0
2015-05-22,18720000000.0,18900000768.0,18179999744.0,18900000768.0,18900000768.0,0
2015-05-26,18539999232.0,18720000000.0,18539999232.0,18720000000.0,18720000000.0,0
2015-05-27,18720000000.0,18900000768.0,18720000000.0,18900000768.0,18900000768.0,0
2015-05-28,18900000768.0,18900000768.0,18900000768.0,18900000768.0,18900000768.0,0
2015-05-29,18720000000.0,19260000256.0,18720000000.0,19260000256.0,19260000256.0,0
2015-06-01,19260000256.0,19260000256.0,18720000000.0,18900000768.0,18900000768.0,0
2015-06-02,18900000768.0,18900000768.0,18720000000.0,18720000000.0,18720000000.0,0
2015-06-03,18720000000.0,18900000768.0,17999998976.0,18900000768.0,18900000768.0,0
2015-06-04,18179999744.0,18720000000.0,17999998976.0,18720000000.0,18720000000.0,0
2015-06-05,18539999232.0,18720000000.0,18539999232.0,18720000000.0,18720000000.0,0
2015-06-08,18900000768.0,19079999488.0,18360000512.0,18539999232.0,18539999232.0,0
2015-06-09,18539999232.0,19440001024.0,18539999232.0,19260000256.0,19260000256.0,0
2015-06-10,18900000768.0,19079999488.0,18900000768.0,18900000768.0,18900000768.0,0
2015-06-11,18900000768.0,19440001024.0,18900000768.0,18900000768.0,18900000768.0,0
2015-06-12,19260000256.0,19260000256.0,19079999488.0,19079999488.0,19079999488.0,0
2015-06-15,18900000768.0,18900000768.0,17999998976.0,18900000768.0,18900000768.0,0
2015-06-16,18179999744.0,18900000768.0,17999998976.0,18360000512.0,18360000512.0,0
2015-06-17,17820000256.0,19260000256.0,17820000256.0,19260000256.0,19260000256.0,0
2015-06-18,19079999488.0,19079999488.0,18179999744.0,18179999744.0,18179999744.0,0
2015-06-19,18900000768.0,21959999488.0,18900000768.0,19079999488.0,19079999488.0,0
2015-06-22,19079999488.0,20519999488.0,18900000768.0,19619999744.0,19619999744.0,0
2015-06-23,20340000768.0,20340000768.0,18720000000.0,19260000256.0,19260000256.0,0
2015-06-24,18539999232.0,19440001024.0,18539999232.0,19260000256.0,19260000256.0,0
2015-06-25,19260000256.0,19260000256.0,18539999232.0,18900000768.0,18900000768.0,0
2015-06-26,18720000000.0,18720000000.0,17820000256.0,18539999232.0,18539999232.0,0
2015-06-29,17820000256.0,19079999488.0,17639999488.0,19079999488.0,19079999488.0,0
2015-06-30,18720000000.0,19079999488.0,18179999744.0,18539999232.0,18539999232.0,0
2015-07-01,19079999488.0,21780000768.0,18539999232.0,18900000768.0,18900000768.0,0
2015-07-02,18720000000.0,19260000256.0,18539999232.0,18539999232.0,18539999232.0,0
2015-07-06,18720000000.0,19800000512.0,18720000000.0,18900000768.0,18900000768.0,0
2015-07-07,18900000768.0,18900000768.0,18539999232.0,18720000000.0,18720000000.0,0
2015-07-08,18720000000.0,18900000768.0,18720000000.0,18720000000.0,18720000000.0,0
2015-07-09,18900000768.0,20519999488.0,18900000768.0,20519999488.0,20519999488.0,0
2015-07-10,20160000000.0,20160000000.0,19079999488.0,19800000512.0,19800000512.0,0
2015-07-13,19440001024.0,19800000512.0,19260000256.0,19260000256.0,19260000256.0,0
2015-07-14,19079999488.0,22320001024.0,19079999488.0,21419999232.0,21419999232.0,0
2015-07-15,20879998976.0,23399999488.0,19800000512.0,21419999232.0,21419999232.0,0
2015-07-16,20879998976.0,23220000768.0,20879998976.0,21780000768.0,21780000768.0,0
2015-07-17,21780000768.0,23220000768.0,21600000000.0,22680000512.0,22680000512.0,0
2015-07-20,23040000000.0,23220000768.0,19979999232.0,21959999488.0,21959999488.0,0
2015-07-21,21240000512.0,21780000768.0,19619999744.0,20160000000.0,20160000000.0,0
2015-07-22,20879998976.0,20879998976.0,19440001024.0,20340000768.0,20340000768.0,0
2015-07-23,20519999488.0,21059999744.0,19979999232.0,20340000768.0,20340000768.0,0
2015-07-24,20700000256.0,20700000256.0,19619999744.0,20700000256.0,20700000256.0,0
2015-07-27,20519999488.0,20519999488.0,19440001024.0,19979999232.0,19979999232.0,0
2015-07-28,20700000256.0,21059999744.0,20340000768.0,21059999744.0,21059999744.0,0
2015-07-29,21059999744.0,21059999744.0,20519999488.0,21059999744.0,21059999744.0,0
2015-07-30,22320001024.0,22320001024.0,20879998976.0,21600000000.0,21600000000.0,0
2015-07-31,22140000256.0,22140000256.0,21059999744.0,21059999744.0,21059999744.0,0
2015-08-03,21600000000.0,21600000000.0,20519999488.0,21600000000.0,21600000000.0,0
2015-08-04,21059999744.0,21419999232.0,20519999488.0,21059999744.0,21059999744.0,0
2015-08-05,20879998976.0,21240000512.0,20160000000.0,20160000000.0,20160000000.0,0
2015-08-06,19979999232.0,20879998976.0,19979999232.0,20879998976.0,20879998976.0,0
2015-08-07,21059999744.0,21059999744.0,19079999488.0,19619999744.0,19619999744.0,0
2015-08-10,19079999488.0,20519999488.0,19079999488.0,19979999232.0,19979999232.0,0
2015-08-11,19440001024.0,20519999488.0,19440001024.0,20340000768.0,20340000768.0,0
2015-08-12,20160000000.0,20519999488.0,19619999744.0,20160000000.0,20160000000.0,0
2015-08-13,19979999232.0,20700000256.0,19079999488.0,20700000256.0,20700000256.0,0
2015-08-14,20519999488.0,21059999744.0,19800000512.0,20700000256.0,20700000256.0,0
2015-08-17,19979999232.0,20519999488.0,19800000512.0,19979999232.0,19979999232.0,0
2015-08-18,19260000256.0,19979999232.0,19260000256.0,19619999744.0,19619999744.0,0
2015-08-19,20700000256.0,20700000256.0,19800000512.0,19979999232.0,19979999232.0,0
2015-08-20,19800000512.0,19800000512.0,19440001024.0,19619999744.0,19619999744.0,0
2015-08-21,20519999488.0,20519999488.0,19440001024.0,19979999232.0,19979999232.0,0
2015-08-24,19260000256.0,19260000256.0,16199999488.0,18539999232.0,18539999232.0,0
2015-08-25,17999998976.0,19800000512.0,17460000768.0,19800000512.0,19800000512.0,0
2015-08-26,19619999744.0,19619999744.0,17999998976.0,19260000256.0,19260000256.0,0
2015-08-27,20160000000.0,20160000000.0,18179999744.0,18360000512.0,18360000512.0,0
2015-08-28,18179999744.0,19979999232.0,17460000768.0,18720000000.0,18720000000.0,0
2015-08-31,20700000256.0,20700000256.0,18179999744.0,18720000000.0,18720000000.0,0
2015-09-01,17999998976.0,18539999232.0,17999998976.0,18539999232.0,18539999232.0,0
2015-09-02,17639999488.0,18539999232.0,17639999488.0,18539999232.0,18539999232.0,0
2015-09-03,18900000768.0,19079999488.0,18179999744.0,18720000000.0,18720000000.0,0
2015-09-04,19260000256.0,19800000512.0,18179999744.0,19800000512.0,19800000512.0,0
2015-09-08,17999998976.0,19440001024.0,17999998976.0,19260000256.0,19260000256.0,0
2015-09-09,18179999744.0,20160000000.0,18179999744.0,18900000768.0,18900000768.0,0
2015-09-10,19440001024.0,19619999744.0,18900000768.0,18900000768.0,18900000768.0,0
2015-09-11,18900000768.0,19260000256.0,17999998976.0,19260000256.0,19260000256.0,0
2015-09-14,18179999744.0,19260000256.0,18179999744.0,18179999744.0,18179999744.0,0
2015-09-15,18179999744.0,18720000000.0,18179999744.0,18539999232.0,18539999232.0,0
2015-09-16,17999998976.0,18360000512.0,17999998976.0,18360000512.0,18360000512.0,0
2015-09-17,17999998976.0,18720000000.0,17999998976.0,18720000000.0,18720000000.0,0
2015-09-18,17999998976.0,18720000000.0,17999998976.0,18360000512.0,18360000512.0,0
2015-09-21,18179999744.0,18720000000.0,18179999744.0,18720000000.0,18720000000.0,0
2015-09-22,18539999232.0,18720000000.0,17999998976.0,18720000000.0,18720000000.0,0
2015-09-23,18539999232.0,18720000000.0,17820000256.0,17999998976.0,17999998976.0,0
2015-09-24,17999998976.0,17999998976.0,17280000000.0,17999998976.0,17999998976.0,0
2015-09-25,17999998976.0,17999998976.0,14220000256.0,15660000256.0,15660000256.0,0
2015-09-28,15660000256.0,16920000512.0,15480000512.0,16920000512.0,16920000512.0,0
2015-09-29,16920000512.0,16920000512.0,16560000000.0,16560000000.0,16560000000.0,0
2015-09-30,16380000256.0,16739999744.0,15480000512.0,16739999744.0,16739999744.0,0
2015-10-01,17100000256.0,17100000256.0,15840000000.0,15840000000.0,15840000000.0,0
2015-10-02,16199999488.0,16560000000.0,16199999488.0,16560000000.0,16560000000.0,0
2015-10-05,15840000000.0,16920000512.0,15840000000.0,16560000000.0,16560000000.0,0
2015-10-06,16199999488.0,16199999488.0,15299999744.0,15660000256.0,15660000256.0,0
2015-10-07,15299999744.0,16019999744.0,15299999744.0,16019999744.0,16019999744.0,0
2015-10-08,15299999744.0,15299999744.0,15299999744.0,15299999744.0,15299999744.0,0
2015-10-09,15660000256.0,16739999744.0,15299999744.0,15299999744.0,15299999744.0,0
2015-10-12,15840000000.0,15840000000.0,15480000512.0,15840000000.0,15840000000.0,0
2015-10-13,15660000256.0,16019999744.0,15660000256.0,16019999744.0,16019999744.0,0
2015-10-14,15660000256.0,15660000256.0,15660000256.0,15660000256.0,15660000256.0,0
2015-10-15,15660000256.0,16019999744.0,15299999744.0,15299999744.0,15299999744.0,0
2015-10-16,15840000000.0,17820000256.0,15840000000.0,17639999488.0,17639999488.0,0
2015-10-19,17100000256.0,17100000256.0,17100000256.0,17100000256.0,17100000256.0,0
2015-10-20,15840000000.0,17100000256.0,15840000000.0,16560000000.0,16560000000.0,0
2015-10-21,16380000256.0,16380000256.0,15480000512.0,15660000256.0,15660000256.0,0
2015-10-22,17460000768.0,17460000768.0,15299999744.0,15299999744.0,15299999744.0,0
2015-10-23,15480000512.0,15840000000.0,15480000512.0,15840000000.0,15840000000.0,0
2015-10-26,17280000000.0,17460000768.0,15660000256.0,16739999744.0,16739999744.0,0
2015-10-27,16739999744.0,16739999744.0,16739999744.0,16739999744.0,16739999744.0,0
2015-10-28,17100000256.0,17100000256.0,15120000000.0,15480000512.0,15480000512.0,0
2015-10-29,15660000256.0,15660000256.0,15120000000.0,15120000000.0,15120000000.0,0
2015-10-30,15120000000.0,15120000000.0,15120000000.0,15120000000.0,15120000000.0,0
2015-11-02,15299999744.0,15840000000.0,15299999744.0,15840000000.0,15840000000.0,0
2015-11-03,15299999744.0,15480000512.0,15120000000.0,15120000000.0,15120000000.0,0
2015-11-04,15120000000.0,15299999744.0,15120000000.0,15299999744.0,15299999744.0,0
2015-11-05,15840000000.0,15840000000.0,14940000256.0,15299999744.0,15299999744.0,0
2015-11-06,15480000512.0,15480000512.0,15480000512.0,15480000512.0,15480000512.0,0
2015-11-09,15480000512.0,15840000000.0,15299999744.0,15299999744.0,15299999744.0,0
2015-11-10,14579999744.0,15480000512.0,14579999744.0,15480000512.0,15480000512.0,0
2015-11-11,15480000512.0,15480000512.0,15480000512.0,15480000512.0,15480000512.0,0
2015-11-12,14940000256.0,14940000256.0,13500000256.0,14400000000.0,14400000000.0,0
2015-11-13,14040000512.0,14040000512.0,12600000512.0,12600000512.0,12600000512.0,0
2015-11-16,12960000000.0,15660000256.0,12780000256.0,14040000512.0,14040000512.0,0
2015-11-17,13859999744.0,14040000512.0,13500000256.0,14040000512.0,14040000512.0,0
2015-11-18,14040000512.0,14040000512.0,14040000512.0,14040000512.0,14040000512.0,0
2015-11-19,14400000000.0,14400000000.0,14220000256.0,14400000000.0,14400000000.0,0
2015-11-20,14400000000.0,14400000000.0,14400000000.0,14400000000.0,14400000000.0,0
2015-11-23,14759999488.0,14759999488.0,14400000000.0,14400000000.0,14400000000.0,0
2015-11-24,14400000000.0,14400000000.0,14220000256.0,14220000256.0,14220000256.0,0
2015-11-25,14040000512.0,14040000512.0,14040000512.0,14040000512.0,14040000512.0,0
2015-11-27,14220000256.0,14220000256.0,14220000256.0,14220000256.0,14220000256.0,0
2015-11-30,14040000512.0,14400000000.0,13859999744.0,14400000000.0,14400000000.0,0
2015-12-01,14579999744.0,14579999744.0,13680000000.0,14400000000.0,14400000000.0,0
2015-12-02,13500000256.0,14220000256.0,13319999488.0,13319999488.0,13319999488.0,0
2015-12-03,13500000256.0,13500000256.0,13500000256.0,13500000256.0,13500000256.0,0
2015-12-04,13139999744.0,13500000256.0,12960000000.0,12960000000.0,12960000000.0,0
2015-12-07,13319999488.0,13319999488.0,12780000256.0,12780000256.0,12780000256.0,0
2015-12-08,12780000256.0,13859999744.0,9180000256.0,11699999744.0,11699999744.0,0
2015-12-09,11340000256.0,12960000000.0,9360000000.0,10800000000.0,10800000000.0,0
2015-12-10,10800000000.0,10800000000.0,9360000000.0,10439999488.0,10439999488.0,0
2015-12-11,9900000256.0,10620000256.0,8099999744.0,9180000256.0,9180000256.0,0
2015-12-14,8999999488.0,8999999488.0,7920000000.0,7920000000.0,7920000000.0,0
2015-12-15,7560000000.0,7560000000.0,5580000256.0,6300000256.0,6300000256.0,0
2015-12-16,5760000000.0,7740000256.0,5760000000.0,7020000256.0,7020000256.0,0
2015-12-17,5939999744.0,7200000000.0,5939999744.0,6659999744.0,6659999744.0,0
2015-12-18,7020000256.0,7200000000.0,6120000000.0,6120000000.0,6120000000.0,0
2015-12-21,6659999744.0,7200000000.0,6120000000.0,6120000000.0,6120000000.0,0
2015-12-22,6120000000.0,6120000000.0,5760000000.0,5760000000.0,5760000000.0,0
2015-12-23,5760000000.0,7020000256.0,5400000000.0,5939999744.0,5939999744.0,0
2015-12-24,5939999744.0,7020000256.0,5939999744.0,6659999744.0,6659999744.0,0
2015-12-28,6659999744.0,7920000000.0,6480000000.0,6480000000.0,6480000000.0,0
2015-12-29,6480000000.0,6480000000.0,6120000000.0,6300000256.0,6300000256.0,0
2015-12-30,5939999744.0,6300000256.0,4860000256.0,6120000000.0,6120000000.0,0
2015-12-31,6120000000.0,6120000000.0,5040000000.0,5760000000.0,5760000000.0,0
2016-01-04,5400000000.0,5580000256.0,5400000000.0,5580000256.0,5580000256.0,0
2016-01-05,7560000000.0,7560000000.0,5939999744.0,6480000000.0,6480000000.0,0
2016-01-06,5760000000.0,6120000000.0,5760000000.0,5939999744.0,5939999744.0,0
2016-01-07,5760000000.0,5760000000.0,5760000000.0,5760000000.0,5760000000.0,0
2016-01-08,5400000000.0,5580000256.0,5400000000.0,5400000000.0,5400000000.0,0
2016-01-11,5400000000.0,5400000000.0,4499999744.0,5040000000.0,5040000000.0,0
2016-01-12,4499999744.0,5760000000.0,4499999744.0,4860000256.0,4860000256.0,0
2016-01-13,5760000000.0,5760000000.0,4860000256.0,4860000256.0,4860000256.0,0
2016-01-14,4499999744.0,5040000000.0,4499999744.0,4860000256.0,4860000256.0,0
2016-01-15,4680000000.0,5400000000.0,4499999744.0,4499999744.0,4499999744.0,0
2016-01-19,4499999744.0,4680000000.0,4499999744.0,4499999744.0,4499999744.0,0
2016-01-20,4499999744.0,4499999744.0,3600000000.0,3600000000.0,3600000000.0,0
2016-01-21,2340000000.0,3600000000.0,2340000000.0,3420000000.0,3420000000.0,0
2016-01-22,3240000000.0,5580000256.0,3240000000.0,5400000000.0,5400000000.0,0
2016-01-25,5760000000.0,5939999744.0,3960000000.0,4680000000.0,4680000000.0,0
2016-01-26,5760000000.0,5760000000.0,5760000000.0,5760000000.0,5760000000.0,0
2016-01-27,5760000000.0,5760000000.0,4680000000.0,4680000000.0,4680000000.0,0
2016-01-28,5040000000.0,5040000000.0,5040000000.0,5040000000.0,5040000000.0,0
2016-01-29,5580000256.0,5580000256.0,4499999744.0,4860000256.0,4860000256.0,0
2016-02-01,4499999744.0,5400000000.0,4499999744.0,4860000256.0,4860000256.0,0
2016-02-02,4860000256.0,4860000256.0,4499999744.0,4860000256.0,4860000256.0,0
2016-02-03,4860000256.0,5400000000.0,4860000256.0,5400000000.0,5400000000.0,0
2016-02-04,5400000000.0,5400000000.0,4680000000.0,4680000000.0,4680000000.0,0
2016-02-05,5040000000.0,5400000000.0,5040000000.0,5219999744.0,5219999744.0,0
2016-02-08,5219999744.0,5219999744.0,3600000000.0,4320000000.0,4320000000.0,0
2016-02-09,4680000000.0,4680000000.0,4680000000.0,4680000000.0,4680000000.0,0
2016-02-10,2700000000.0,4499999744.0,2700000000.0,3780000000.0,3780000000.0,0
2016-02-11,4140000000.0,4140000000.0,3960000000.0,3960000000.0,3960000000.0,0
2016-02-12,3960000000.0,3960000000.0,3960000000.0,3960000000.0,3960000000.0,0
2016-02-16,4320000000.0,4320000000.0,4320000000.0,4320000000.0,4320000000.0,0
2016-02-17,4320000000.0,4320000000.0,3780000000.0,3780000000.0,3780000000.0,0
2016-02-18,5219999744.0,5219999744.0,3780000000.0,4140000000.0,4140000000.0,0
2016-02-19,5040000000.0,5040000000.0,3780000000.0,3780000000.0,3780000000.0,0
2016-02-22,4140000000.0,5400000000.0,3726000128.0,4049999872.0,4049999872.0,0
2016-02-23,3510000128.0,4104000000.0,2718000128.0,3924000000.0,3924000000.0,0
2016-02-24,3761999872.0,3833999872.0,3438000128.0,3689999872.0,3689999872.0,0
2016-02-25,4068000000.0,7577999872.0,4068000000.0,5040000000.0,5040000000.0,0
2016-02-26,4841999872.0,5345999872.0,4590000128.0,5057999872.0,5057999872.0,0
2016-02-29,5057999872.0,5400000000.0,4824000000.0,5201999872.0,5201999872.0,0
2016-03-01,5219999744.0,6803999744.0,5148000256.0,6371999744.0,6371999744.0,0
2016-03-02,6246000128.0,6246000128.0,5004000256.0,6030000128.0,6030000128.0,0
2016-03-03,5580000256.0,6750000128.0,5580000256.0,6246000128.0,6246000128.0,0
2016-03-04,6497999872.0,7992000000.0,5777999872.0,6300000256.0,6300000256.0,0
2016-03-07,6641999872.0,7182000128.0,5886000128.0,5886000128.0,5886000128.0,0
2016-03-08,5651999744.0,5832000000.0,5219999744.0,5598000128.0,5598000128.0,0
2016-03-09,5184000000.0,5814000128.0,5129999872.0,5417999872.0,5417999872.0,0
2016-03-10,5219999744.0,5310000128.0,4860000256.0,4860000256.0,4860000256.0,0
2016-03-11,5328000000.0,5328000000.0,4752000000.0,4769999872.0,4769999872.0,0
2016-03-14,4824000000.0,4824000000.0,4049999872.0,4337999872.0,4337999872.0,0
2016-03-15,4320000000.0,4553999872.0,4068000000.0,4086000128.0,4086000128.0,0
2016-03-16,4068000000.0,4464000000.0,4049999872.0,4086000128.0,4086000128.0,0
2016-03-17,4140000000.0,4464000000.0,4140000000.0,4446000128.0,4446000128.0,0
2016-03-18,4392000000.0,4392000000.0,3329999872.0,3960000000.0,3960000000.0,0
2016-03-21,4086000128.0,4086000128.0,3960000000.0,3960000000.0,3960000000.0,0
2016-03-22,3600000000.0,4302000128.0,3600000000.0,3942000128.0,3942000128.0,0
2016-03-23,3905999872.0,3942000128.0,3348000000.0,3617999872.0,3617999872.0,0
2016-03-24,3582000128.0,3689999872.0,3582000128.0,3617999872.0,3617999872.0,0
2016-03-28,3582000128.0,3924000000.0,3528000000.0,3564000000.0,3564000000.0,0
2016-03-29,3942000128.0,3942000128.0,3420000000.0,3528000000.0,3528000000.0,0
2016-03-30,3617999872.0,3636000000.0,3564000000.0,3564000000.0,3564000000.0,0
2016-03-31,3438000128.0,3761999872.0,3438000128.0,3582000128.0,3582000128.0,0
2016-04-01,3582000128.0,3617999872.0,3564000000.0,3617999872.0,3617999872.0,0
2016-04-04,3473999872.0,3528000000.0,3438000128.0,3456000000.0,3456000000.0,0
2016-04-05,3816000000.0,3852000000.0,3600000000.0,3636000000.0,3636000000.0,0
2016-04-06,3510000128.0,3510000128.0,3257999872.0,3276000000.0,3276000000.0,0
2016-04-07,3654000128.0,3888000000.0,3401999872.0,3401999872.0,3401999872.0,0
2016-04-08,3348000000.0,3438000128.0,3312000000.0,3366000128.0,3366000128.0,0
2016-04-11,3528000000.0,3689999872.0,3510000128.0,3654000128.0,3654000128.0,0
2016-04-12,3852000000.0,3852000000.0,3473999872.0,3582000128.0,3582000128.0,0
2016-04-13,3600000000.0,3726000128.0,3600000000.0,3726000128.0,3726000128.0,0
2016-04-14,3780000000.0,3942000128.0,3744000000.0,3888000000.0,3888000000.0,0
2016-04-15,3798000128.0,3888000000.0,3545999872.0,3761999872.0,3761999872.0,0
2016-04-18,3420000000.0,3780000000.0,3420000000.0,3600000000.0,3600000000.0,0
2016-04-19,3761999872.0,5958000128.0,3761999872.0,4553999872.0,4553999872.0,0
2016-04-20,4553999872.0,4950000128.0,4248000000.0,4643999744.0,4643999744.0,0
2016-04-21,4769999872.0,4841999872.0,4518000128.0,4680000000.0,4680000000.0,0
2016-04-22,4806000128.0,5148000256.0,4446000128.0,4878000128.0,4878000128.0,0
2016-04-25,4806000128.0,5094000128.0,4806000128.0,4950000128.0,4950000128.0,0
2016-04-26,5112000000.0,5112000000.0,4824000000.0,4824000000.0,4824000000.0,0
2016-04-27,4968000000.0,4968000000.0,4590000128.0,4734000128.0,4734000128.0,0
2016-04-28,4716000256.0,6192000000.0,4499999744.0,4968000000.0,4968000000.0,0
2016-04-29,5219999744.0,5814000128.0,4697999872.0,5022000128.0,5022000128.0,0
2016-05-02,4824000000.0,4913999872.0,4625999872.0,4625999872.0,4625999872.0,0
2016-05-03,4625999872.0,4625999872.0,4193999872.0,4248000000.0,4248000000.0,0
2016-05-04,4193999872.0,4734000128.0,4193999872.0,4409999872.0,4409999872.0,0
2016-05-05,4428000256.0,4428000256.0,4121999872.0,4158000128.0,4158000128.0,0
2016-05-06,4284000000.0,4536000000.0,4265999872.0,4284000000.0,4284000000.0,0
2016-05-09,4337999872.0,4337999872.0,4265999872.0,4265999872.0,4265999872.0,0
2016-05-10,4302000128.0,4302000128.0,4230000128.0,4265999872.0,4265999872.0,0
2016-05-11,4320000000.0,4320000000.0,4230000128.0,4248000000.0,4248000000.0,0
2016-05-12,4337999872.0,4337999872.0,4265999872.0,4265999872.0,4265999872.0,0
2016-05-13,4284000000.0,4428000256.0,4158000128.0,4248000000.0,4248000000.0,0
2016-05-16,4320000000.0,4320000000.0,3977999872.0,4158000128.0,4158000128.0,0
2016-05-17,4158000128.0,4158000128.0,4140000000.0,4140000000.0,4140000000.0,0
2016-05-18,4140000000.0,4302000128.0,4086000128.0,4302000128.0,4302000128.0,0
2016-05-19,4248000000.0,4752000000.0,4121999872.0,4158000128.0,4158000128.0,0
2016-05-20,4193999872.0,4553999872.0,4193999872.0,4409999872.0,4409999872.0,0
2016-05-23,4374000128.0,4716000256.0,4248000000.0,4697999872.0,4697999872.0,0
2016-05-24,4518000128.0,4625999872.0,4284000000.0,4284000000.0,4284000000.0,0
2016-05-25,4302000128.0,4320000000.0,3708000000.0,3942000128.0,3942000128.0,0
2016-05-26,3977999872.0,3977999872.0,3905999872.0,3942000128.0,3942000128.0,0
2016-05-27,4284000000.0,4337999872.0,4032000000.0,4140000000.0,4140000000.0,0
2016-05-31,4518000128.0,4518000128.0,4068000000.0,4068000000.0,4068000000.0,0
2016-06-01,4212000000.0,4302000128.0,4193999872.0,4230000128.0,4230000128.0,0
2016-06-02,4337999872.0,4355999744.0,4212000000.0,4212000000.0,4212000000.0,0
2016-06-03,4193999872.0,4193999872.0,4193999872.0,4193999872.0,4193999872.0,0
2016-06-06,4230000128.0,4230000128.0,4193999872.0,4193999872.0,4193999872.0,0
2016-06-07,4265999872.0,4302000128.0,4248000000.0,4302000128.0,4302000128.0,0
2016-06-08,4337999872.0,5417999872.0,3924000000.0,3960000000.0,3960000000.0,0
2016-06-09,3996000000.0,4302000128.0,3977999872.0,3996000000.0,3996000000.0,0
2016-06-10,3977999872.0,3977999872.0,3528000000.0,3600000000.0,3600000000.0,0
2016-06-13,3942000128.0,3942000128.0,3672000000.0,3672000000.0,3672000000.0,0
2016-06-14,3780000000.0,3780000000.0,3222000128.0,3240000000.0,3240000000.0,0
2016-06-15,3401999872.0,3689999872.0,3060000000.0,3384000000.0,3384000000.0,0
2016-06-16,3185999872.0,3617999872.0,3185999872.0,3456000000.0,3456000000.0,0
2016-06-17,3456000000.0,3456000000.0,3456000000.0,3456000000.0,3456000000.0,0
2016-06-20,3222000128.0,3438000128.0,2916000000.0,3257999872.0,3257999872.0,0
2016-06-21,3312000000.0,3312000000.0,3041999872.0,3168000000.0,3168000000.0,0
2016-06-22,3078000128.0,3078000128.0,3078000128.0,3078000128.0,3078000128.0,0
2016-06-23,3257999872.0,3257999872.0,3257999872.0,3257999872.0,3257999872.0,0
2016-06-24,2700000000.0,3096000000.0,2609999872.0,2988000000.0,2988000000.0,0
2016-06-27,2880000000.0,2880000000.0,2880000000.0,2880000000.0,2880000000.0,0
2016-06-28,3041999872.0,3294000128.0,3041999872.0,3041999872.0,3041999872.0,0
2016-06-29,2916000000.0,3041999872.0,2916000000.0,3041999872.0,3041999872.0,0
2016-06-30,2934000128.0,3041999872.0,2897999872.0,3041999872.0,3041999872.0,0
2016-07-01,3041999872.0,3041999872.0,3041999872.0,3041999872.0,3041999872.0,0
2016-07-05,2916000000.0,2952000000.0,2916000000.0,2916000000.0,2916000000.0,0
2016-07-06,2880000000.0,2880000000.0,2808000000.0,2808000000.0,2808000000.0,0
2016-07-07,2808000000.0,2952000000.0,2753999872.0,2934000128.0,2934000128.0,0
2016-07-08,2844000000.0,2844000000.0,2681999872.0,2681999872.0,2681999872.0,0
2016-07-11,2825999872.0,2825999872.0,2790000128.0,2790000128.0,2790000128.0,0
2016-07-12,2700000000.0,2700000000.0,2700000000.0,2700000000.0,2700000000.0,0
2016-07-13,2862000128.0,2916000000.0,2862000128.0,2916000000.0,2916000000.0,0
2016-07-14,2844000000.0,2844000000.0,2808000000.0,2825999872.0,2825999872.0,0
2016-07-15,2862000128.0,2952000000.0,2664000000.0,2772000000.0,2772000000.0,0
2016-07-18,2772000000.0,2772000000.0,2772000000.0,2772000000.0,2772000000.0,0
2016-07-19,2808000000.0,2952000000.0,2808000000.0,2952000000.0,2952000000.0,0
2016-07-20,2988000000.0,4625999872.0,2969999872.0,3996000000.0,3996000000.0,0
2016-07-21,5363999744.0,7721999872.0,5219999744.0,5795999744.0,5795999744.0,0
2016-07-22,5489999872.0,8819999744.0,5400000000.0,7272000000.0,7272000000.0,0
2016-07-25,8081999872.0,8081999872.0,5886000128.0,6209999872.0,6209999872.0,0
2016-07-26,6318000128.0,6318000128.0,5292000256.0,5795999744.0,5795999744.0,0
2016-07-27,5742000128.0,6750000128.0,5705999872.0,6336000000.0,6336000000.0,0
2016-07-28,6120000000.0,6336000000.0,5400000000.0,5489999872.0,5489999872.0,0
2016-07-29,5310000128.0,5489999872.0,4553999872.0,4662000128.0,4662000128.0,0
2016-08-01,7830000128.0,12762000384.0,7830000128.0,11898000384.0,11898000384.0,0
2016-08-02,13859999744.0,15120000000.0,11088000000.0,11249999872.0,11249999872.0,0
2016-08-03,10800000000.0,10890000384.0,9450000384.0,10385999872.0,10385999872.0,0
2016-08-04,9918000128.0,10241999872.0,9395999744.0,9539999744.0,9539999744.0,0
2016-08-05,9324000256.0,11664000000.0,9054000128.0,10368000000.0,10368000000.0,0
2016-08-08,9792000000.0,10350000128.0,9450000384.0,9468000256.0,9468000256.0,0
2016-08-09,10080000000.0,10080000000.0,8892000256.0,9180000256.0,9180000256.0,0
2016-08-10,9720000512.0,10926000128.0,8550000128.0,8622000128.0,8622000128.0,0
2016-08-11,8730000384.0,8801999872.0,7793999872.0,8243999744.0,8243999744.0,0
2016-08-12,8153999872.0,8243999744.0,7865999872.0,8243999744.0,8243999744.0,0
2016-08-15,8496000000.0,9144000512.0,7704000000.0,8693999616.0,8693999616.0,0
2016-08-16,8280000000.0,8496000000.0,8009999872.0,8225999872.0,8225999872.0,0
2016-08-17,8225999872.0,8225999872.0,7830000128.0,7974000128.0,7974000128.0,0
2016-08-18,7740000256.0,8280000000.0,7740000256.0,7865999872.0,7865999872.0,0
2016-08-19,7649999872.0,7758000128.0,7470000128.0,7560000000.0,7560000000.0,0
2016-08-22,7272000000.0,7992000000.0,7001999872.0,7110000128.0,7110000128.0,0
2016-08-23,6912000000.0,7164000256.0,6768000000.0,6822000128.0,6822000128.0,0
2016-08-24,6606000128.0,9756000256.0,6606000128.0,8369999872.0,8369999872.0,0
2016-08-25,8369999872.0,9269999616.0,8099999744.0,8585999872.0,8585999872.0,0
2016-08-26,8424000000.0,9144000512.0,7200000000.0,7686000128.0,7686000128.0,0
2016-08-29,7758000128.0,7758000128.0,7001999872.0,7217999872.0,7217999872.0,0
2016-08-30,7289999872.0,7793999872.0,7020000256.0,7145999872.0,7145999872.0,0
2016-08-31,7308000256.0,7308000256.0,6588000256.0,7128000000.0,7128000000.0,0
2016-09-01,6876000256.0,8675999744.0,6840000000.0,7272000000.0,7272000000.0,0
2016-09-02,7289999872.0,7649999872.0,6947999744.0,7254000128.0,7254000128.0,0
2016-09-06,7289999872.0,7865999872.0,7038000128.0,7379999744.0,7379999744.0,0
2016-09-07,7577999872.0,7758000128.0,7200000000.0,7326000128.0,7326000128.0,0
2016-09-08,7289999872.0,7974000128.0,7289999872.0,7289999872.0,7289999872.0,0
2016-09-09,7289999872.0,7452000256.0,6984000000.0,7020000256.0,7020000256.0,0
2016-09-12,7056000000.0,7505999872.0,7001999872.0,7235999744.0,7235999744.0,0
2016-09-13,7308000256.0,7308000256.0,6750000128.0,6840000000.0,6840000000.0,0
2016-09-14,7164000256.0,7379999744.0,6678000128.0,6857999872.0,6857999872.0,0
2016-09-15,6713999872.0,6840000000.0,6083999744.0,6353999872.0,6353999872.0,0
2016-09-16,6120000000.0,6425999872.0,6083999744.0,6102000128.0,6102000128.0,0
2016-09-19,6227999744.0,6336000000.0,5598000128.0,5616000000.0,5616000000.0,0
2016-09-20,5651999744.0,6390000128.0,5616000000.0,6083999744.0,6083999744.0,0
2016-09-21,5993999872.0,6912000000.0,5849999872.0,6641999872.0,6641999872.0,0
2016-09-22,6678000128.0,6912000000.0,6246000128.0,6408000000.0,6408000000.0,0
2016-09-23,6497999872.0,6497999872.0,5939999744.0,6120000000.0,6120000000.0,0
2016-09-26,6083999744.0,6281999872.0,5777999872.0,6030000128.0,6030000128.0,0
2016-09-27,5939999744.0,6065999872.0,5580000256.0,5777999872.0,5777999872.0,0
2016-09-28,5670000128.0,6030000128.0,5616000000.0,6012000256.0,6012000256.0,0
2016-09-29,6083999744.0,8009999872.0,6083999744.0,6606000128.0,6606000128.0,0
2016-09-30,6606000128.0,6929999872.0,6120000000.0,6264000000.0,6264000000.0,0
2016-10-03,6390000128.0,6390000128.0,5868000256.0,6209999872.0,6209999872.0,0
2016-10-04,6156000256.0,6371999744.0,5849999872.0,5939999744.0,5939999744.0,0
2016-10-05,5849999872.0,6137999872.0,5777999872.0,5939999744.0,5939999744.0,0
2016-10-06,5868000256.0,6444000256.0,5849999872.0,5976000000.0,5976000000.0,0
2016-10-07,5904000000.0,5958000128.0,5688000000.0,5777999872.0,5777999872.0,0
2016-10-10,5633999872.0,6120000000.0,5633999872.0,6012000256.0,6012000256.0,0
2016-10-11,6065999872.0,6065999872.0,5526000128.0,5561999872.0,5561999872.0,0
2016-10-12,5598000128.0,5814000128.0,5256000000.0,5382000128.0,5382000128.0,0
2016-10-13,5400000000.0,5400000000.0,4931999744.0,5057999872.0,5057999872.0,0
2016-10-14,5112000000.0,5112000000.0,4787999744.0,4806000128.0,4806000128.0,0
2016-10-17,4716000256.0,4950000128.0,4499999744.0,4680000000.0,4680000000.0,0
2016-10-18,4841999872.0,4841999872.0,4499999744.0,4697999872.0,4697999872.0,0
2016-10-19,4662000128.0,5256000000.0,4662000128.0,4787999744.0,4787999744.0,0
2016-10-20,4985999872.0,6606000128.0,4985999872.0,5400000000.0,5400000000.0,0
2016-10-21,5148000256.0,5400000000.0,4787999744.0,5057999872.0,5057999872.0,0
2016-10-24,5040000000.0,5166000128.0,4680000000.0,4841999872.0,4841999872.0,0
2016-10-25,5382000128.0,5382000128.0,4824000000.0,4950000128.0,4950000128.0,0
2016-10-26,5040000000.0,5129999872.0,4716000256.0,4806000128.0,4806000128.0,0
2016-10-27,4806000128.0,4968000000.0,4572000256.0,4752000000.0,4752000000.0,0
2016-10-28,4608000000.0,5057999872.0,4608000000.0,4680000000.0,4680000000.0,0
2016-10-31,4716000256.0,4878000128.0,4428000256.0,4518000128.0,4518000128.0,0
2016-11-01,4608000000.0,4806000128.0,4320000000.0,4536000000.0,4536000000.0,0
2016-11-02,4680000000.0,4680000000.0,3600000000.0,3888000000.0,3888000000.0,0
2016-11-03,3905999872.0,4499999744.0,3654000128.0,4140000000.0,4140000000.0,0
2016-11-04,4014000128.0,4355999744.0,3726000128.0,3888000000.0,3888000000.0,0
2016-11-07,3689999872.0,4302000128.0,3689999872.0,3977999872.0,3977999872.0,0
2016-11-08,3833999872.0,4428000256.0,3833999872.0,4176000000.0,4176000000.0,0
2016-11-09,4068000000.0,4320000000.0,3689999872.0,4230000128.0,4230000128.0,0
2016-11-10,4518000128.0,6065999872.0,4230000128.0,5273999872.0,5273999872.0,0
2016-11-11,5057999872.0,6480000000.0,4536000000.0,5094000128.0,5094000128.0,0
2016-11-14,5004000256.0,6480000000.0,4950000128.0,6120000000.0,6120000000.0,0
2016-11-15,8910000128.0,11736000512.0,8297999872.0,9701999616.0,9701999616.0,0
2016-11-16,11664000000.0,15120000000.0,10080000000.0,10961999872.0,10961999872.0,0
2016-11-17,13500000256.0,14273999872.0,6840000000.0,7830000128.0,7830000128.0,0
2016-11-18,7848000000.0,8460000256.0,6480000000.0,6947999744.0,6947999744.0,0
2016-11-21,7056000000.0,7416000000.0,5814000128.0,5921999872.0,5921999872.0,0
2016-11-22,5742000128.0,6390000128.0,5580000256.0,6174000128.0,6174000128.0,0
2016-11-23,5688000000.0,6966000128.0,5580000256.0,6102000128.0,6102000128.0,0
2016-11-25,6102000128.0,6425999872.0,5580000256.0,5777999872.0,5777999872.0,0
2016-11-28,5705999872.0,6156000256.0,5363999744.0,5400000000.0,5400000000.0,0
2016-11-29,5417999872.0,5760000000.0,5273999872.0,5544000000.0,5544000000.0,0
2016-11-30,5598000128.0,6048000000.0,5436000256.0,5742000128.0,5742000128.0,0
2016-12-01,6030000128.0,6030000128.0,5238000128.0,5616000000.0,5616000000.0,0
2016-12-02,5616000000.0,5777999872.0,5310000128.0,5472000000.0,5472000000.0,0
2016-12-05,5561999872.0,5724000256.0,5382000128.0,5598000128.0,5598000128.0,0
2016-12-06,5705999872.0,5705999872.0,5328000000.0,5417999872.0,5417999872.0,0
2016-12-07,5310000128.0,5651999744.0,5310000128.0,5400000000.0,5400000000.0,0
2016-12-08,5436000256.0,5489999872.0,5040000000.0,5310000128.0,5310000128.0,0
2016-12-09,5166000128.0,5454000128.0,5094000128.0,5363999744.0,5363999744.0,0
2016-12-12,5382000128.0,5382000128.0,5129999872.0,5129999872.0,5129999872.0,0
2016-12-13,5040000000.0,5166000128.0,4697999872.0,4950000128.0,4950000128.0,0
2016-12-14,4824000000.0,5004000256.0,4302000128.0,4302000128.0,4302000128.0,0
2016-12-15,4499999744.0,5760000000.0,4392000000.0,5400000000.0,5400000000.0,0
2016-12-16,5849999872.0,5921999872.0,4860000256.0,5004000256.0,5004000256.0,0
2016-12-19,4950000128.0,5094000128.0,4608000000.0,4860000256.0,4860000256.0,0
2016-12-20,4734000128.0,5040000000.0,4680000000.0,4734000128.0,4734000128.0,0
2016-12-21,4896000000.0,4968000000.0,4680000000.0,4734000128.0,4734000128.0,0
2016-12-22,4680000000.0,4787999744.0,4049999872.0,4608000000.0,4608000000.0,0
2016-12-23,4446000128.0,4643999744.0,4248000000.0,4374000128.0,4374000128.0,0
2016-12-27,4374000128.0,4590000128.0,4212000000.0,4355999744.0,4355999744.0,0
2016-12-28,4337999872.0,4464000000.0,4158000128.0,4230000128.0,4230000128.0,0
2016-12-29,4140000000.0,4320000000.0,4104000000.0,4176000000.0,4176000000.0,0
2016-12-30,4104000000.0,4230000128.0,4049999872.0,4049999872.0,4049999872.0,0
2017-01-03,4049999872.0,4337999872.0,3960000000.0,4212000000.0,4212000000.0,0
2017-01-04,4409999872.0,4409999872.0,4104000000.0,4302000128.0,4302000128.0,0
2017-01-05,4320000000.0,4572000256.0,4284000000.0,4374000128.0,4374000128.0,0
2017-01-06,4374000128.0,4553999872.0,4248000000.0,4409999872.0,4409999872.0,0
2017-01-09,4409999872.0,4446000128.0,4230000128.0,4230000128.0,4230000128.0,0
2017-01-10,4140000000.0,4374000128.0,4104000000.0,4104000000.0,4104000000.0,0
2017-01-11,4068000000.0,4481999872.0,3977999872.0,4193999872.0,4193999872.0,0
2017-01-12,4104000000.0,4212000000.0,4049999872.0,4086000128.0,4086000128.0,0
2017-01-13,4049999872.0,4824000000.0,4049999872.0,4499999744.0,4499999744.0,0
2017-01-17,4499999744.0,4536000000.0,4158000128.0,4158000128.0,4158000128.0,0
2017-01-18,4193999872.0,4572000256.0,4158000128.0,4265999872.0,4265999872.0,0
2017-01-19,4212000000.0,4409999872.0,4176000000.0,4284000000.0,4284000000.0,0
2017-01-20,4392000000.0,4643999744.0,4176000000.0,4284000000.0,4284000000.0,0
2017-01-23,4230000128.0,4392000000.0,4049999872.0,4176000000.0,4176000000.0,0
2017-01-24,4086000128.0,4230000128.0,4086000128.0,4140000000.0,4140000000.0,0
2017-01-25,4086000128.0,4374000128.0,4068000000.0,4176000000.0,4176000000.0,0
2017-01-26,4320000000.0,4320000000.0,4104000000.0,4121999872.0,4121999872.0,0
2017-01-27,4212000000.0,4230000128.0,3798000128.0,3852000000.0,3852000000.0,0
2017-01-30,3924000000.0,3924000000.0,3636000000.0,3654000128.0,3654000128.0,0
2017-01-31,4176000000.0,4176000000.0,3780000000.0,3977999872.0,3977999872.0,0
2017-02-01,3942000128.0,4140000000.0,3726000128.0,3816000000.0,3816000000.0,0
2017-02-02,3744000000.0,3798000128.0,3708000000.0,3744000000.0,3744000000.0,0
2017-02-03,3689999872.0,3833999872.0,3654000128.0,3744000000.0,3744000000.0,0
2017-02-06,3744000000.0,4140000000.0,3672000000.0,4014000128.0,4014000128.0,0
2017-02-07,4049999872.0,4104000000.0,3744000000.0,3816000000.0,3816000000.0,0
2017-02-08,3870000128.0,3870000128.0,3689999872.0,3761999872.0,3761999872.0,0
2017-02-09,3761999872.0,3798000128.0,3600000000.0,3761999872.0,3761999872.0,0
2017-02-10,3761999872.0,3780000000.0,3672000000.0,3744000000.0,3744000000.0,0
2017-02-13,3744000000.0,4086000128.0,3689999872.0,3798000128.0,3798000128.0,0
2017-02-14,4320000000.0,4320000000.0,3780000000.0,3888000000.0,3888000000.0,0
2017-02-15,3870000128.0,4032000000.0,3780000000.0,3942000128.0,3942000128.0,0
2017-02-16,4014000128.0,5400000000.0,3960000000.0,5400000000.0,5400000000.0,0
2017-02-17,8099999744.0,8910000128.0,5760000000.0,5795999744.0,5795999744.0,0
2017-02-21,5849999872.0,5904000000.0,4536000000.0,4824000000.0,4824000000.0,0
2017-02-22,4860000256.0,4985999872.0,4121999872.0,4320000000.0,4320000000.0,0
2017-02-23,4409999872.0,4409999872.0,3924000000.0,4068000000.0,4068000000.0,0
2017-02-24,4014000128.0,4680000000.0,3924000000.0,4302000128.0,4302000128.0,0
2017-02-27,4284000000.0,4464000000.0,3977999872.0,4014000128.0,4014000128.0,0
2017-02-28,4068000000.0,4140000000.0,3744000000.0,3870000128.0,3870000128.0,0
2017-03-01,3761999872.0,3888000000.0,3672000000.0,3744000000.0,3744000000.0,0
2017-03-02,3617999872.0,3689999872.0,3329999872.0,3492000000.0,3492000000.0,0
2017-03-03,3456000000.0,3905999872.0,3420000000.0,3689999872.0,3689999872.0,0
2017-03-06,3689999872.0,3689999872.0,3276000000.0,3401999872.0,3401999872.0,0
2017-03-07,3240000000.0,3276000000.0,2916000000.0,3006000128.0,3006000128.0,0
2017-03-08,3006000128.0,3024000000.0,2718000128.0,2825999872.0,2825999872.0,0
2017-03-09,2825999872.0,3096000000.0,2430000128.0,2574000128.0,2574000128.0,0
2017-03-10,2520000000.0,2681999872.0,2340000000.0,2448000000.0,2448000000.0,0
2017-03-13,2502000128.0,2520000000.0,2142000000.0,2214000128.0,2214000128.0,0
2017-03-14,2124000000.0,2268000000.0,1854000000.0,2106000000.0,2106000000.0,0
2017-03-15,2052000000.0,2124000000.0,1890000000.0,1890000000.0,1890000000.0,0
2017-03-16,2070000000.0,4499999744.0,2016000000.0,3960000000.0,3960000000.0,0
2017-03-17,3654000128.0,4014000128.0,3276000000.0,3545999872.0,3545999872.0,0
2017-03-20,3329999872.0,3348000000.0,2393999872.0,2465999872.0,2465999872.0,0
2017-03-21,2537999872.0,2556000000.0,2160000000.0,2376000000.0,2376000000.0,0
2017-03-22,2177999872.0,2412000000.0,2160000000.0,2340000000.0,2340000000.0,0
2017-03-23,2214000128.0,2268000000.0,1980000000.0,1998000000.0,1998000000.0,0
2017-03-24,1998000000.0,2772000000.0,1998000000.0,2088000000.0,2088000000.0,0
2017-03-27,2124000000.0,2412000000.0,2088000000.0,2214000128.0,2214000128.0,0
2017-03-28,2249999872.0,2430000128.0,2016000000.0,2052000000.0,2052000000.0,0
2017-03-29,2160000000.0,2177999872.0,1908000000.0,2034000000.0,2034000000.0,0
2017-03-30,2070000000.0,2088000000.0,1872000000.0,1890000000.0,1890000000.0,0
2017-03-31,1944000000.0,2016000000.0,1908000000.0,1944000000.0,1944000000.0,0
2017-04-03,1944000000.0,1962000000.0,1908000000.0,1926000000.0,1926000000.0,0
2017-04-04,1926000000.0,1962000000.0,1854000000.0,1944000000.0,1944000000.0,0
2017-04-05,1818000000.0,1836000000.0,1476000000.0,1548000000.0,1548000000.0,0
2017-04-06,1584000000.0,1584000000.0,1170000000.0,1170000000.0,1170000000.0,0
2017-04-07,1080000000.0,1098000000.0,900000000.0,900000000.0,900000000.0,0
2017-04-10,1008000000.0,1404000000.0,918000000.0,936000000.0,936000000.0,0
2017-04-11,1026000000.0,1044000000.0,882000000.0,900000000.0,900000000.0,0
2017-04-12,936000000.0,1170000000.0,900000000.0,1098000000.0,1098000000.0,0
2017-04-13,1080000000.0,1098000000.0,972000000.0,1026000000.0,1026000000.0,0
2017-04-17,1026000000.0,1026000000.0,936000000.0,936000000.0,936000000.0,0
2017-04-18,972000000.0,990000000.0,936000000.0,954000000.0,954000000.0,0
2017-04-19,990000000.0,1008000000.0,936000000.0,972000000.0,972000000.0,0
2017-04-20,990000000.0,990000000.0,936000000.0,936000000.0,936000000.0,0
2017-04-21,954000000.0,1008000000.0,918000000.0,954000000.0,954000000.0,0
2017-04-24,972000000.0,972000000.0,648000000.0,702000000.0,702000000.0,0
2017-04-25,792000000.0,810000000.0,702000000.0,720000000.0,720000000.0,0
2017-04-26,774000000.0,774000000.0,702000000.0,720000000.0,720000000.0,0
2017-04-27,720000000.0,720000000.0,648000000.0,666000000.0,666000000.0,0
2017-04-28,612000000.0,612000000.0,504000000.0,522000000.0,522000000.0,0
2017-05-01,504000000.0,522000000.0,396000000.0,396000000.0,396000000.0,0
2017-05-02,396000000.0,414000000.0,378000000.0,396000000.0,396000000.0,0
2017-05-03,360000000.0,396000000.0,342000000.0,396000000.0,396000000.0,0
2017-05-04,414000000.0,414000000.0,378000000.0,396000000.0,396000000.0,0
2017-05-05,378000000.0,522000000.0,378000000.0,396000000.0,396000000.0,0
2017-05-08,432000000.0,450000000.0,378000000.0,396000000.0,396000000.0,0
2017-05-09,396000000.0,414000000.0,378000000.0,378000000.0,378000000.0,0
2017-05-10,360000000.0,360000000.0,306000000.0,324000000.0,324000000.0,0
2017-05-11,252000000.0,287100000.0,158400000.0,164700000.0,164700000.0,0
2017-05-12,164700000.0,169200000.0,126900000.0,130500000.0,130500000.0,0
2017-05-15,127800000.0,133200000.0,84600000.0,86400000.0,86400000.0,0
2017-05-16,90000000.0,109800000.0,81900000.0,88200000.0,88200000.0,0
2017-05-17,87300000.0,87300000.0,74700000.0,78300000.0,78300000.0,0
2017-05-18,75600000.0,79200000.0,61200000.0,62100000.0,62100000.0,0
2017-05-19,59400000.0,69300000.0,58500000.0,60300000.0,60300000.0,0
2017-05-22,63000000.0,63000000.0,45000000.0,45900000.0,45900000.0,0
2017-05-23,45900000.0,45900000.0,41400000.0,43200000.0,43200000.0,0
2017-05-24,43200000.0,43200000.0,36900000.0,36900000.0,36900000.0,0
2017-05-25,39600000.0,54900000.0,34200000.0,35100000.0,35100000.0,0
2017-05-26,38700000.0,38700000.0,33300000.0,33300000.0,33300000.0,0
2017-05-30,35100000.0,42300000.0,33300000.0,35100000.0,35100000.0,0
2017-05-31,36000000.0,36000000.0,27000000.0,28800000.0,28800000.0,0
2017-06-01,27000000.0,30600000.0,23400000.0,27000000.0,27000000.0,0
2017-06-02,27000000.0,27000000.0,25200000.0,26100000.0,26100000.0,0
2017-06-05,25200000.0,29700000.0,24300000.0,27000000.0,27000000.0,0
2017-06-06,27000000.0,33300000.0,26100000.0,28800000.0,28800000.0,0
2017-06-07,27900000.0,28800000.0,20700000.0,24300000.0,24300000.0,0
2017-06-08,24300000.0,25200000.0,20700000.0,22500000.0,22500000.0,0
2017-06-09,23400000.0,24300000.0,21600000.0,23400000.0,23400000.0,0
2017-06-12,23400000.0,23400000.0,19800000.0,20700000.0,20700000.0,0
2017-06-13,21600000.0,23400000.0,19800000.0,19800000.0,19800000.0,0
2017-06-14,20700000.0,21600000.0,19800000.0,20700000.0,20700000.0,0
2017-06-15,19800000.0,27000000.0,18900000.0,19800000.0,19800000.0,0
2017-06-16,20700000.0,20700000.0,19800000.0,19800000.0,19800000.0,0
2017-06-19,18900000.0,19800000.0,16200000.0,18000000.0,18000000.0,0
2017-06-20,17100000.0,18900000.0,17100000.0,18900000.0,18900000.0,0
2017-06-21,18900000.0,18900000.0,18000000.0,18900000.0,18900000.0,0
2017-06-22,16200000.0,17100000.0,14400000.0,14400000.0,14400000.0,0
2017-06-23,8460000.0,8460000.0,4500000.0,4800000.0,4800000.0,1
2017-06-26,4560000.0,5040000.0,3600000.0,4080000.0,4080000.0,0
2017-06-27,5460000.0,6240000.0,4260000.0,4680000.0,4680000.0,1
2017-06-28,4380000.0,4560000.0,3360000.0,3540000.0,3540000.0,1
2017-06-29,3300000.0,3300000.0,2520000.0,2580000.0,2580000.0,1
2017-06-30,2580000.0,3420000.0,2400000.0,2520000.0,2520000.0,1
2017-07-03,2280000.0,2340000.0,1920000.0,2220000.0,2220000.0,0
2017-07-05,2460000.0,2760000.0,2040000.0,2160000.0,2160000.0,1
2017-07-06,2040000.0,2160000.0,1800000.0,1920000.0,1920000.0,0
2017-07-07,1860000.0,1920000.0,1620000.0,1680000.0,1680000.0,0
2017-07-10,1680000.0,1680000.0,1500000.0,1560000.0,1560000.0,0
2017-07-11,1620000.0,1680000.0,1440000.0,1500000.0,1500000.0,0
2017-07-12,1680000.0,1920000.0,1440000.0,1440000.0,1440000.0,2
2017-07-13,1440000.0,1440000.0,1260000.0,1320000.0,1320000.0,1
2017-07-14,1320000.0,1380000.0,1200000.0,1260000.0,1260000.0,1
2017-07-17,1200000.0,1260000.0,1080000.0,1140000.0,1140000.0,0
2017-07-18,1140000.0,1440000.0,1080000.0,1260000.0,1260000.0,1
2017-07-19,1200000.0,1380000.0,1140000.0,1260000.0,1260000.0,1
2017-07-20,1320000.0,1440000.0,1200000.0,1260000.0,1260000.0,0
2017-07-21,1320000.0,2160000.0,1200000.0,1560000.0,1560000.0,2
2017-07-24,1920000.0,3960000.0,1800000.0,2700000.0,2700000.0,8
2017-07-25,2460000.0,3540000.0,2100000.0,2760000.0,2760000.0,4
2017-07-26,2520000.0,3000000.0,1800000.0,1920000.0,1920000.0,2
2017-07-27,2160000.0,2400000.0,1920000.0,2160000.0,2160000.0,1
2017-07-28,2160000.0,2400000.0,1860000.0,2040000.0,2040000.0,1
2017-07-31,1920000.0,2100000.0,1500000.0,1560000.0,1560000.0,1
2017-08-01,1620000.0,2040000.0,1560000.0,1980000.0,1980000.0,1
2017-08-02,1560000.0,1800000.0,1380000.0,1440000.0,1440000.0,2
2017-08-03,600000.0,1202000.0,460000.0,460000.0,460000.0,18
2017-08-04,446000.0,510000.0,360000.0,378000.0,378000.0,9
2017-08-07,392000.0,460000.0,360000.0,374000.0,374000.0,4
2017-08-08,356000.0,360000.0,280000.0,312000.0,312000.0,6
2017-08-09,290000.0,300000.0,256000.0,272000.0,272000.0,9
2017-08-10,266000.0,312000.0,242000.0,244000.0,244000.0,14
2017-08-11,340000.0,350000.0,248000.0,282000.0,282000.0,22
2017-08-14,280000.0,332000.0,260000.0,300000.0,300000.0,17
2017-08-15,308000.0,312000.0,276000.0,282000.0,282000.0,9
2017-08-16,286000.0,290000.0,252000.0,264000.0,264000.0,6
2017-08-17,268000.0,270000.0,250000.0,262000.0,262000.0,4
2017-08-18,286000.0,308000.0,254000.0,254000.0,254000.0,16
2017-08-21,266000.0,266000.0,248000.0,260000.0,260000.0,5
2017-08-22,260000.0,260000.0,216000.0,240000.0,240000.0,10
2017-08-23,234000.0,234000.0,216000.0,220000.0,220000.0,7
2017-08-24,206000.0,210000.0,194000.0,198000.0,198000.0,9
2017-08-25,200000.0,216000.0,198000.0,206000.0,206000.0,5
2017-08-28,200000.0,206000.0,148000.0,174000.0,174000.0,5
2017-08-29,156000.0,160000.0,134000.0,144000.0,144000.0,11
2017-08-30,136000.0,138000.0,110000.0,110000.0,110000.0,9
2017-08-31,100000.0,126000.0,94000.0,114000.0,114000.0,10
2017-09-01,116000.0,116000.0,102000.0,104000.0,104000.0,5
2017-09-05,108000.0,108000.0,88000.0,88000.0,88000.0,8
2017-09-06,90000.0,94000.0,80000.0,92000.0,92000.0,5
2017-09-07,92000.0,124000.0,90000.0,102000.0,102000.0,15
2017-09-08,102000.0,104000.0,80000.0,88000.0,88000.0,10
2017-09-11,88000.0,94000.0,82000.0,88000.0,88000.0,7
2017-09-12,88000.0,88000.0,82000.0,82000.0,82000.0,8
2017-09-13,86000.0,86000.0,72000.0,76000.0,76000.0,5
2017-09-14,94000.0,154000.0,94000.0,104000.0,104000.0,69
2017-09-15,102000.0,102000.0,84000.0,86000.0,86000.0,22
2017-09-18,92000.0,92000.0,82000.0,86000.0,86000.0,8
2017-09-19,88000.0,88000.0,78000.0,82000.0,82000.0,7
2017-09-20,82000.0,84000.0,76000.0,76000.0,76000.0,8
2017-09-21,80000.0,88000.0,72000.0,80000.0,80000.0,12
2017-09-22,78000.0,86000.0,74000.0,76000.0,76000.0,8
2017-09-25,76000.0,78000.0,74000.0,74000.0,74000.0,5
2017-09-26,76000.0,76000.0,66000.0,68000.0,68000.0,9
2017-09-27,70000.0,84000.0,66000.0,70000.0,70000.0,26
2017-09-28,70000.0,70000.0,60000.0,66000.0,66000.0,15
2017-09-29,66000.0,66000.0,58000.0,62000.0,62000.0,10
2017-10-02,60000.0,66000.0,56000.0,58000.0,58000.0,11
2017-10-03,60000.0,68000.0,56000.0,60000.0,60000.0,22
2017-10-04,60000.0,68000.0,56000.0,62000.0,62000.0,19
2017-10-05,56000.0,58000.0,54000.0,54000.0,54000.0,15
2017-10-06,50000.0,64000.0,47000.0,53000.0,53000.0,24
2017-10-09,54000.0,58000.0,52000.0,55000.0,55000.0,8
2017-10-10,51000.0,56000.0,48000.0,54000.0,54000.0,9
2017-10-11,54000.0,56000.0,49000.0,50000.0,50000.0,8
2017-10-12,53000.0,53000.0,48000.0,52000.0,52000.0,19
2017-10-13,77000.0,82000.0,57000.0,60000.0,60000.0,112
2017-10-16,57000.0,62000.0,52000.0,52000.0,52000.0,26
2017-10-17,53000.0,60000.0,52000.0,59000.0,59000.0,13
2017-10-18,57000.0,63000.0,55000.0,55000.0,55000.0,10
2017-10-19,57000.0,57000.0,49000.0,51000.0,51000.0,13
2017-10-20,48000.0,49000.0,32000.0,40000.0,40000.0,50
2017-10-23,44000.0,46000.0,40000.0,41000.0,41000.0,16
2017-10-24,41000.0,42000.0,36000.0,38000.0,38000.0,11
2017-10-25,38000.0,55000.0,37000.0,50000.0,50000.0,43
2017-10-26,55000.0,70000.0,53000.0,67000.0,67000.0,139
2017-10-27,62000.0,66000.0,43000.0,52000.0,52000.0,31
2017-10-30,53000.0,60000.0,45000.0,53000.0,53000.0,18
2017-10-31,50000.0,55000.0,45000.0,48000.0,48000.0,14
2017-11-01,47000.0,48000.0,40000.0,43000.0,43000.0,14
2017-11-02,46000.0,49000.0,40000.0,43000.0,43000.0,16
2017-11-03,48000.0,132000.0,47000.0,72000.0,72000.0,551
2017-11-06,112000.0,184000.0,110000.0,168000.0,168000.0,1028
2017-11-07,338000.0,355000.0,201000.0,232000.0,232000.0,956
2017-11-08,165000.0,170000.0,81000.0,90000.0,90000.0,457
2017-11-09,90000.0,119000.0,81000.0,87000.0,87000.0,281
2017-11-10,105000.0,107000.0,68000.0,72000.0,72000.0,228
2017-11-13,78000.0,82000.0,68000.0,71000.0,71000.0,108
2017-11-14,71000.0,73000.0,49000.0,62000.0,62000.0,182
2017-11-15,58000.0,68000.0,51000.0,55000.0,55000.0,121
2017-11-16,57000.0,58000.0,51000.0,54000.0,54000.0,65
2017-11-17,75000.0,78000.0,56000.0,57000.0,57000.0,367
2017-11-20,61000.0,61000.0,55000.0,58000.0,58000.0,110
2017-11-21,60000.0,60000.0,53000.0,56000.0,56000.0,111
2017-11-22,53000.0,53000.0,49000.0,50000.0,50000.0,81
2017-11-24,49000.0,50000.0,43000.0,47000.0,47000.0,52
2017-11-27,52000.0,53000.0,47000.0,51000.0,51000.0,93
2017-11-28,48000.0,49000.0,45000.0,46000.0,46000.0,64
2017-11-29,46000.0,48000.0,45000.0,46000.0,46000.0,47
2017-11-30,47000.0,47000.0,41000.0,43000.0,43000.0,64
2017-12-01,44000.0,44000.0,40000.0,43000.0,43000.0,56
2017-12-04,42000.0,43000.0,40000.0,41000.0,41000.0,46
2017-12-05,41000.0,42000.0,39000.0,40000.0,40000.0,57
2017-12-06,39000.0,40000.0,36000.0,37000.0,37000.0,52
2017-12-07,37000.0,57000.0,37000.0,43000.0,43000.0,392
2017-12-08,55000.0,55000.0,42000.0,43000.0,43000.0,267
2017-12-11,45000.0,45000.0,36000.0,39000.0,39000.0,210
2017-12-12,37000.0,37000.0,35000.0,36000.0,36000.0,99
2017-12-13,35000.0,36000.0,30000.0,32000.0,32000.0,149
2017-12-14,31000.0,37000.0,26000.0,31000.0,31000.0,232
2017-12-15,31000.0,34000.0,30000.0,31000.0,31000.0,110
2017-12-18,31000.0,31000.0,28000.0,29000.0,29000.0,99
2017-12-19,29000.0,29000.0,26000.0,27000.0,27000.0,78
2017-12-20,26000.0,27000.0,24000.0,27000.0,27000.0,84
2017-12-21,25000.0,27000.0,24000.0,25000.0,25000.0,81
2017-12-22,31000.0,31000.0,26000.0,27000.0,27000.0,119
2017-12-26,28000.0,28000.0,25000.0,26000.0,26000.0,52
2017-12-27,27000.0,27000.0,25000.0,26000.0,26000.0,67
2017-12-28,26000.0,27000.0,25000.0,26000.0,26000.0,72
2017-12-29,26000.0,26000.0,25000.0,25000.0,25000.0,77
2018-01-02,25000.0,25000.0,23000.0,23000.0,23000.0,81
2018-01-03,24000.0,27000.0,24000.0,25000.0,25000.0,127
2018-01-04,30000.0,30000.0,25000.0,27000.0,27000.0,254
2018-01-05,27000.0,27000.0,25000.0,25000.0,25000.0,100
2018-01-08,26000.0,26000.0,25000.0,26000.0,26000.0,66
2018-01-09,26000.0,26000.0,25000.0,25000.0,25000.0,64
2018-01-10,26000.0,26000.0,25000.0,25000.0,25000.0,48
2018-01-11,25000.0,26000.0,25000.0,25000.0,25000.0,40
2018-01-12,25000.0,25000.0,24000.0,24000.0,24000.0,54
2018-01-16,24000.0,25000.0,22000.0,23000.0,23000.0,96
2018-01-17,23000.0,24000.0,22000.0,23000.0,23000.0,72
2018-01-18,23000.0,23000.0,23000.0,23000.0,23000.0,47
2018-01-19,23000.0,23000.0,22000.0,22000.0,22000.0,50
2018-01-22,23000.0,27000.0,23000.0,23000.0,23000.0,209
2018-01-23,24000.0,24000.0,22000.0,23000.0,23000.0,68
2018-01-24,23000.0,23000.0,23000.0,23000.0,23000.0,36
2018-01-25,23000.0,23000.0,20000.0,20000.0,20000.0,171
2018-01-26,21000.0,21000.0,18000.0,20000.0,20000.0,105
2018-01-29,19000.0,22000.0,19000.0,19000.0,19000.0,94
2018-01-30,20000.0,21000.0,19000.0,20000.0,20000.0,47
2018-01-31,21000.0,22000.0,20000.0,21000.0,21000.0,60
2018-02-01,22000.0,23000.0,21000.0,22000.0,22000.0,58
2018-02-02,23000.0,23000.0,20000.0,20000.0,20000.0,77
2018-02-05,29000.0,35000.0,22000.0,25000.0,25000.0,700
2018-02-06,27000.0,27000.0,22000.0,23000.0,23000.0,205
2018-02-07,24000.0,24000.0,22000.0,22000.0,22000.0,144
2018-02-08,23000.0,23000.0,20000.0,21000.0,21000.0,124
2018-02-09,22000.0,22000.0,20000.0,21000.0,21000.0,118
2018-02-12,20000.0,20000.0,19000.0,20000.0,20000.0,138
2018-02-13,20000.0,20000.0,19000.0,20000.0,20000.0,96
2018-02-14,20000.0,21000.0,19000.0,20000.0,20000.0,130
2018-02-15,21000.0,23000.0,20000.0,23000.0,23000.0,266
2018-02-16,23000.0,23000.0,20000.0,20000.0,20000.0,163
2018-02-20,21000.0,21000.0,20000.0,20000.0,20000.0,92
2018-02-21,20000.0,20000.0,19000.0,19000.0,19000.0,128
2018-02-22,18000.0,19000.0,17000.0,18000.0,18000.0,118
2018-02-23,19000.0,19000.0,18000.0,18000.0,18000.0,87
2018-02-26,18000.0,18000.0,17000.0,17000.0,17000.0,124
2018-02-27,17000.0,17000.0,13000.0,16000.0,16000.0,176
2018-02-28,15000.0,16000.0,15000.0,15000.0,15000.0,112
2018-03-01,15000.0,15000.0,14000.0,14000.0,14000.0,149
2018-03-02,14000.0,14000.0,13000.0,14000.0,14000.0,121
2018-03-05,14000.0,15000.0,14000.0,14000.0,14000.0,111
2018-03-06,15000.0,15000.0,14000.0,14000.0,14000.0,103
2018-03-07,14000.0,14000.0,14000.0,14000.0,14000.0,75
2018-03-08,14000.0,16000.0,14000.0,15000.0,15000.0,168
2018-03-09,17000.0,22000.0,16000.0,18000.0,18000.0,687
2018-03-12,20000.0,21000.0,19000.0,20000.0,20000.0,280
2018-03-13,20000.0,21000.0,19000.0,20000.0,20000.0,194
2018-03-14,20000.0,20000.0,18000.0,19000.0,19000.0,118
2018-03-15,19000.0,19000.0,18000.0,18000.0,18000.0,98
2018-03-16,19000.0,19000.0,17000.0,19000.0,19000.0,81
2018-03-19,19000.0,19000.0,18000.0,18000.0,18000.0,55
2018-03-20,18000.0,19000.0,17000.0,18000.0,18000.0,44
2018-03-21,19000.0,19000.0,18000.0,18000.0,18000.0,57
2018-03-22,18000.0,19000.0,18000.0,18000.0,18000.0,97
2018-03-23,23000.0,25000.0,19000.0,19000.0,19000.0,703
2018-03-26,20100.0,25000.0,18100.0,22000.0,22000.0,926
2018-03-27,22000.0,28400.0,21900.0,25200.0,25200.0,1227
2018-03-28,26000.0,28200.0,20300.0,20700.0,20700.0,642
2018-03-29,21400.0,21400.0,18000.0,18400.0,18400.0,344
2018-04-02,19100.0,19100.0,16200.0,16500.0,16500.0,202
2018-04-03,16200.0,16700.0,14500.0,15900.0,15900.0,198
2018-04-04,16500.0,19300.0,15500.0,17900.0,17900.0,315
2018-04-05,18100.0,18300.0,17300.0,17600.0,17600.0,116
2018-04-06,18000.0,18000.0,16500.0,17000.0,17000.0,99
2018-04-09,17100.0,18800.0,16800.0,18000.0,18000.0,117
2018-04-10,17400.0,17800.0,17000.0,17200.0,17200.0,45
2018-04-11,17400.0,18300.0,17400.0,18100.0,18100.0,107
2018-04-12,17800.0,18300.0,17700.0,17900.0,17900.0,45
2018-04-13,17500.0,17900.0,17000.0,17500.0,17500.0,38
2018-04-16,17600.0,17900.0,17100.0,17200.0,17200.0,54
2018-04-17,16800.0,17500.0,16800.0,17100.0,17100.0,43
2018-04-18,17100.0,17300.0,16500.0,16700.0,16700.0,98
2018-04-19,16800.0,17100.0,16600.0,16600.0,16600.0,58
2018-04-20,16600.0,16700.0,16000.0,16100.0,16100.0,81
2018-04-23,16000.0,16100.0,15100.0,15300.0,15300.0,97
2018-04-24,15200.0,15500.0,15000.0,15100.0,15100.0,47
2018-04-25,15200.0,15500.0,15100.0,15400.0,15400.0,38
2018-04-26,15400.0,16700.0,15100.0,16600.0,16600.0,77
2018-04-27,16200.0,17400.0,16200.0,16900.0,16900.0,84
2018-04-30,16900.0,17100.0,16200.0,16400.0,16400.0,45
2018-05-01,16500.0,17300.0,16200.0,16900.0,16900.0,46
2018-05-02,17000.0,17100.0,15500.0,15600.0,15600.0,72
2018-05-03,15700.0,16400.0,15600.0,15900.0,15900.0,61
2018-05-04,15700.0,16300.0,15700.0,15900.0,15900.0,37
2018-05-07,16100.0,16800.0,15800.0,16000.0,16000.0,66
2018-05-08,16500.0,16500.0,15700.0,16200.0,16200.0,52
2018-05-09,17400.0,18700.0,16300.0,17200.0,17200.0,358
2018-05-10,16000.0,17200.0,15800.0,16300.0,16300.0,74
2018-05-11,16700.0,16700.0,16000.0,16200.0,16200.0,47
2018-05-14,16000.0,16500.0,15900.0,16100.0,16100.0,44
2018-05-15,15800.0,16100.0,15500.0,15600.0,15600.0,54
2018-05-16,15600.0,15700.0,15100.0,15400.0,15400.0,80
2018-05-17,15500.0,16100.0,15500.0,16000.0,16000.0,58
2018-05-18,16000.0,16000.0,15300.0,15600.0,15600.0,46
2018-05-21,15600.0,15700.0,15200.0,15500.0,15500.0,41
2018-05-22,15400.0,15500.0,15000.0,15300.0,15300.0,45
2018-05-23,15300.0,15500.0,15000.0,15400.0,15400.0,36
2018-05-24,15300.0,15500.0,15200.0,15300.0,15300.0,25
2018-05-25,15500.0,16100.0,15200.0,15200.0,15200.0,97
2018-05-29,11000.0,11000.0,9800.0,10200.0,10200.0,407
2018-05-30,10300.0,10400.0,8700.0,8800.0,8800.0,255
2018-05-31,8700.0,8800.0,6900.0,7100.0,7100.0,315
2018-06-01,7400.0,7900.0,7200.0,7900.0,7900.0,148
2018-06-04,8400.0,8400.0,7600.0,8000.0,8000.0,95
2018-06-05,8000.0,8200.0,7700.0,8100.0,8100.0,78
2018-06-06,8000.0,8300.0,7600.0,8000.0,8000.0,78
2018-06-07,8400.0,14400.0,8400.0,11800.0,11800.0,2611
2018-06-08,10700.0,11800.0,10000.0,10700.0,10700.0,430
2018-06-11,10500.0,11500.0,10000.0,11400.0,11400.0,176
2018-06-12,11200.0,11300.0,10500.0,11000.0,11000.0,90
2018-06-13,11100.0,11100.0,10500.0,10800.0,10800.0,66
2018-06-14,11100.0,11600.0,10600.0,11100.0,11100.0,246
2018-06-15,11500.0,11500.0,10700.0,10700.0,10700.0,110
2018-06-18,10800.0,11400.0,10600.0,11000.0,11000.0,116
2018-06-19,11300.0,11300.0,10300.0,10600.0,10600.0,72
2018-06-20,11100.0,11500.0,10700.0,10900.0,10900.0,141
2018-06-21,10900.0,11400.0,10600.0,10800.0,10800.0,188
2018-06-22,10900.0,11500.0,10500.0,10800.0,10800.0,253
2018-06-25,10800.0,10800.0,10100.0,10200.0,10200.0,113
2018-06-26,10500.0,10500.0,9300.0,9600.0,9600.0,122
2018-06-27,10000.0,10100.0,9500.0,9800.0,9800.0,69
2018-06-28,9900.0,10000.0,9400.0,9700.0,9700.0,57
2018-06-29,9900.0,9900.0,9300.0,9500.0,9500.0,46
2018-07-02,9900.0,10000.0,9500.0,9500.0,9500.0,49
2018-07-03,9500.0,9600.0,9100.0,9300.0,9300.0,26
2018-07-05,9200.0,9300.0,8500.0,9000.0,9000.0,69
2018-07-06,10100.0,11100.0,10000.0,10300.0,10300.0,513
2018-07-09,10300.0,10600.0,9500.0,10000.0,10000.0,162
2018-07-10,10200.0,10200.0,9600.0,9800.0,9800.0,58
2018-07-11,9800.0,9800.0,9400.0,9700.0,9700.0,42
2018-07-12,9700.0,9800.0,9400.0,9700.0,9700.0,31
2018-07-13,9500.0,9700.0,9300.0,9600.0,9600.0,44
2018-07-16,9600.0,9700.0,9100.0,9500.0,9500.0,38
2018-07-17,9400.0,9500.0,9200.0,9300.0,9300.0,39
2018-07-18,9500.0,10000.0,9300.0,9400.0,9400.0,56
2018-07-19,9700.0,9700.0,9100.0,9200.0,9200.0,34
2018-07-20,9200.0,9400.0,8600.0,8800.0,8800.0,81
2018-07-23,9000.0,9000.0,8700.0,8700.0,8700.0,33
2018-07-24,9700.0,11400.0,9700.0,10100.0,10100.0,594
2018-07-25,10000.0,10800.0,9600.0,10600.0,10600.0,134
2018-07-26,10600.0,10700.0,9700.0,9900.0,9900.0,79
2018-07-27,10000.0,10200.0,9400.0,9600.0,9600.0,81
2018-07-30,9900.0,9900.0,9500.0,9700.0,9700.0,41
2018-07-31,9700.0,10100.0,9300.0,9700.0,9700.0,59
2018-08-01,9600.0,9800.0,9400.0,9700.0,9700.0,38
2018-08-02,9900.0,10300.0,9600.0,10300.0,10300.0,97
2018-08-03,10300.0,10400.0,10100.0,10200.0,10200.0,64
2018-08-06,10400.0,10500.0,10200.0,10400.0,10400.0,50
2018-08-07,10300.0,10500.0,10200.0,10300.0,10300.0,47
2018-08-08,10500.0,10500.0,9800.0,10000.0,10000.0,39
2018-08-09,10200.0,10500.0,9700.0,9800.0,9800.0,61
2018-08-10,10000.0,10000.0,9600.0,9800.0,9800.0,35
2018-08-13,9700.0,10000.0,9500.0,9700.0,9700.0,51
2018-08-14,9600.0,9800.0,9200.0,9300.0,9300.0,65
2018-08-15,9400.0,9500.0,9000.0,9200.0,9200.0,49
2018-08-16,9200.0,9500.0,9000.0,9100.0,9100.0,32
2018-08-17,9200.0,9400.0,9000.0,9200.0,9200.0,15
2018-08-20,9400.0,9400.0,9000.0,9200.0,9200.0,51
2018-08-21,9500.0,9600.0,9300.0,9400.0,9400.0,36
2018-08-22,9400.0,9700.0,9300.0,9400.0,9400.0,18
2018-08-23,9400.0,9400.0,9100.0,9300.0,9300.0,15
2018-08-24,9300.0,9300.0,9100.0,9100.0,9100.0,19
2018-08-27,9100.0,9200.0,9100.0,9100.0,9100.0,27
2018-08-28,9200.0,9400.0,9100.0,9300.0,9300.0,26
2018-08-29,9100.0,9200.0,9100.0,9200.0,9200.0,23
2018-08-30,9100.0,9200.0,9100.0,9200.0,9200.0,15
2018-08-31,9200.0,9400.0,9100.0,9400.0,9400.0,16
2018-09-04,9200.0,9300.0,8800.0,9000.0,9000.0,60
2018-09-05,9100.0,9100.0,8800.0,9000.0,9000.0,25
2018-09-06,9000.0,9200.0,9000.0,9000.0,9000.0,12
2018-09-07,9100.0,9100.0,8900.0,9100.0,9100.0,17
2018-09-10,9100.0,9200.0,8900.0,9000.0,9000.0,18
2018-09-11,9100.0,9200.0,9000.0,9000.0,9000.0,30
2018-09-12,9100.0,9100.0,9000.0,9100.0,9100.0,14
2018-09-13,9000.0,9100.0,8900.0,9000.0,9000.0,19
2018-09-14,9200.0,9200.0,8900.0,9000.0,9000.0,11
2018-09-17,9200.0,9200.0,9000.0,9100.0,9100.0,14
2018-09-18,9100.0,9300.0,9100.0,9200.0,9200.0,25
2018-09-19,9400.0,10500.0,9200.0,10100.0,10100.0,155
2018-09-20,9900.0,11300.0,9400.0,10900.0,10900.0,311
2018-09-21,11200.0,12400.0,10400.0,11900.0,11900.0,243
2018-09-24,11800.0,11900.0,10600.0,11200.0,11200.0,124
2018-09-25,11700.0,13200.0,10500.0,11900.0,11900.0,280
2018-09-26,12700.0,12800.0,11100.0,11100.0,11100.0,138
2018-09-27,11300.0,12000.0,10800.0,11800.0,11800.0,80
2018-09-28,11500.0,12500.0,11500.0,11700.0,11700.0,95
2018-10-01,12100.0,12200.0,11600.0,11800.0,11800.0,48
2018-10-02,11900.0,11900.0,10600.0,10700.0,10700.0,58
2018-10-03,11100.0,11700.0,10700.0,11600.0,11600.0,42
2018-10-04,11600.0,12200.0,11200.0,11600.0,11600.0,95
2018-10-05,11800.0,11800.0,10900.0,11500.0,11500.0,39
2018-10-08,11400.0,11700.0,11000.0,11100.0,11100.0,27
2018-10-09,11200.0,11400.0,10700.0,11000.0,11000.0,26
2018-10-10,11000.0,11100.0,9500.0,9900.0,9900.0,63
2018-10-11,10200.0,10200.0,9500.0,9600.0,9600.0,31
2018-10-12,9900.0,10400.0,9800.0,10400.0,10400.0,51
2018-10-15,10400.0,12900.0,9900.0,11700.0,11700.0,241
2018-10-16,11600.0,11800.0,10800.0,11100.0,11100.0,76
2018-10-17,10900.0,11400.0,10800.0,11300.0,11300.0,31
2018-10-18,11300.0,12500.0,11200.0,11900.0,11900.0,106
2018-10-19,12400.0,13800.0,12100.0,12700.0,12700.0,252
2018-10-22,18400.0,27000.0,17700.0,19700.0,19700.0,5193
2018-10-23,16800.0,18300.0,15100.0,17100.0,17100.0,629
2018-10-24,15400.0,17300.0,14700.0,15400.0,15400.0,502
2018-10-25,16000.0,16900.0,15400.0,16300.0,16300.0,254
2018-10-26,16000.0,17400.0,15300.0,16600.0,16600.0,301
2018-10-29,19300.0,21400.0,17500.0,18500.0,18500.0,1090
2018-10-30,18700.0,19800.0,18000.0,18700.0,18700.0,382
2018-10-31,19200.0,21200.0,18800.0,21000.0,21000.0,488
2018-11-01,22000.0,23600.0,20000.0,20500.0,20500.0,985
2018-11-02,19800.0,20500.0,17700.0,20200.0,20200.0,396
2018-11-05,19500.0,19800.0,16400.0,17100.0,17100.0,300
2018-11-06,19400.0,19600.0,17100.0,18100.0,18100.0,366
2018-11-07,17400.0,17500.0,16200.0,16700.0,16700.0,226
2018-11-08,15500.0,15500.0,13800.0,14400.0,14400.0,307
2018-11-09,14400.0,16300.0,14200.0,16200.0,16200.0,207
2018-11-12,15900.0,16000.0,14500.0,14800.0,14800.0,195
2018-11-13,16500.0,16700.0,15100.0,15700.0,15700.0,318
2018-11-14,15200.0,15300.0,13800.0,14300.0,14300.0,195
2018-11-15,13800.0,14200.0,12200.0,13800.0,13800.0,113
2018-11-16,13000.0,13800.0,13000.0,13000.0,13000.0,67
2018-11-19,12800.0,14000.0,12500.0,13100.0,13100.0,122
2018-11-20,12800.0,13600.0,12100.0,12900.0,12900.0,143
2018-11-21,12600.0,13000.0,12200.0,12400.0,12400.0,104
2018-11-23,12100.0,12200.0,11200.0,11400.0,11400.0,96
2018-11-26,11100.0,11600.0,10700.0,11000.0,11000.0,112
2018-11-27,10800.0,11700.0,10600.0,11500.0,11500.0,73
2018-11-28,11500.0,11900.0,11000.0,11800.0,11800.0,55
2018-11-29,11200.0,11800.0,11200.0,11700.0,11700.0,30
2018-11-30,11500.0,11500.0,10900.0,11100.0,11100.0,61
2018-12-03,11000.0,11300.0,10800.0,11000.0,11000.0,67
2018-12-04,10800.0,10800.0,9900.0,10400.0,10400.0,135
2018-12-06,10000.0,10000.0,9200.0,9800.0,9800.0,95
2018-12-07,9500.0,10800.0,9500.0,10500.0,10500.0,94
2018-12-10,10800.0,10800.0,9800.0,10000.0,10000.0,44
2018-12-11,10000.0,11500.0,9900.0,10700.0,10700.0,150
2018-12-12,10500.0,10800.0,10200.0,10600.0,10600.0,41
2018-12-13,10500.0,10700.0,10000.0,10100.0,10100.0,35
2018-12-14,10200.0,10500.0,10000.0,10300.0,10300.0,29
2018-12-17,10200.0,10400.0,9200.0,9600.0,9600.0,62
2018-12-18,9600.0,10000.0,9100.0,9300.0,9300.0,38
2018-12-19,9500.0,9800.0,9200.0,9400.0,9400.0,29
2018-12-20,9300.0,9500.0,8200.0,8900.0,8900.0,55
2018-12-21,9000.0,9000.0,7500.0,7800.0,7800.0,83
2018-12-24,8000.0,8400.0,7400.0,7400.0,7400.0,43
2018-12-26,7700.0,8100.0,7600.0,8100.0,8100.0,44
2018-12-27,8100.0,9000.0,8100.0,8700.0,8700.0,56
2018-12-28,9000.0,9000.0,8500.0,8500.0,8500.0,48
2018-12-31,9000.0,9000.0,8100.0,8200.0,8200.0,33
2019-01-02,7500.0,8800.0,7500.0,8700.0,8700.0,36
2019-01-03,8700.0,8800.0,8000.0,8100.0,8100.0,62
2019-01-04,8300.0,8700.0,7900.0,8600.0,8600.0,46
2019-01-07,8700.0,9900.0,8400.0,9800.0,9800.0,109
2019-01-08,11500.0,12500.0,10400.0,11000.0,11000.0,616
2019-01-09,10800.0,10900.0,9600.0,10400.0,10400.0,170
2019-01-10,11100.0,11100.0,10300.0,10600.0,10600.0,109
2019-01-11,9900.0,10900.0,9600.0,10600.0,10600.0,110
2019-01-14,10100.0,10400.0,9900.0,10400.0,10400.0,51
2019-01-15,9700.0,10200.0,9700.0,10100.0,10100.0,43
2019-01-16,10100.0,10500.0,9700.0,10300.0,10300.0,85
2019-01-17,10400.0,11100.0,10100.0,10700.0,10700.0,115
2019-01-18,10700.0,10800.0,10300.0,10600.0,10600.0,53
2019-01-22,10800.0,10800.0,10400.0,10400.0,10400.0,60
2019-01-23,10300.0,10600.0,9900.0,10100.0,10100.0,51
2019-01-24,10100.0,10400.0,9900.0,10000.0,10000.0,35
2019-01-25,10000.0,10100.0,9800.0,9900.0,9900.0,42
2019-01-28,10200.0,10200.0,9700.0,9800.0,9800.0,40
2019-01-29,9600.0,9800.0,9100.0,9300.0,9300.0,75
2019-01-30,9600.0,9800.0,9200.0,9400.0,9400.0,32
2019-01-31,9400.0,9600.0,9200.0,9300.0,9300.0,30
2019-02-01,9500.0,9700.0,9200.0,9500.0,9500.0,39
2019-02-04,9400.0,9700.0,9300.0,9400.0,9400.0,36
2019-02-05,9400.0,9600.0,9300.0,9300.0,9300.0,41
2019-02-06,9300.0,9300.0,8400.0,8800.0,8800.0,139
2019-02-07,8800.0,8800.0,8300.0,8500.0,8500.0,67
2019-02-08,8400.0,8400.0,7700.0,7800.0,7800.0,136
2019-02-11,8100.0,8500.0,7600.0,8400.0,8400.0,92
2019-02-12,8400.0,8600.0,8200.0,8400.0,8400.0,70
2019-02-13,8400.0,8600.0,8200.0,8600.0,8600.0,45
2019-02-14,8600.0,8700.0,8500.0,8600.0,8600.0,42
2019-02-15,8600.0,8900.0,8400.0,8600.0,8600.0,61
2019-02-19,8600.0,8800.0,8500.0,8800.0,8800.0,41
2019-02-20,8600.0,8800.0,8600.0,8800.0,8800.0,28
2019-02-21,8900.0,9400.0,8800.0,8800.0,8800.0,105
2019-02-22,8900.0,9200.0,8600.0,8600.0,8600.0,35
2019-02-25,8800.0,9000.0,8500.0,8600.0,8600.0,53
2019-02-26,8500.0,8900.0,8100.0,8300.0,8300.0,60
2019-02-27,8300.0,8400.0,8000.0,8300.0,8300.0,49
2019-02-28,8300.0,8300.0,8000.0,8300.0,8300.0,33
2019-03-01,8200.0,8500.0,8100.0,8500.0,8500.0,39
2019-03-04,8300.0,8500.0,8300.0,8400.0,8400.0,39
2019-03-05,8500.0,8500.0,8300.0,8300.0,8300.0,24
2019-03-06,8300.0,8300.0,8000.0,8100.0,8100.0,36
2019-03-07,8000.0,8800.0,8000.0,8400.0,8400.0,103
2019-03-08,8400.0,9200.0,8100.0,8900.0,8900.0,322
2019-03-11,9600.0,9600.0,9000.0,9200.0,9200.0,282
2019-03-12,9400.0,9400.0,8300.0,9000.0,9000.0,112
2019-03-13,8700.0,8900.0,8500.0,8600.0,8600.0,63
2019-03-14,8600.0,8700.0,8200.0,8400.0,8400.0,50
2019-03-15,8500.0,8500.0,8100.0,8300.0,8300.0,63
2019-03-18,8300.0,8500.0,8100.0,8200.0,8200.0,50
2019-03-19,8200.0,8400.0,8100.0,8200.0,8200.0,39
2019-03-20,8300.0,8300.0,8100.0,8200.0,8200.0,37
2019-03-21,8400.0,9400.0,8200.0,9200.0,9200.0,313
2019-03-22,9200.0,9400.0,8400.0,8500.0,8500.0,225
2019-03-25,8600.0,9200.0,8400.0,8600.0,8600.0,107
2019-03-26,8500.0,8900.0,8400.0,8400.0,8400.0,91
2019-03-27,8700.0,8900.0,8400.0,8700.0,8700.0,76
2019-03-28,8200.0,8500.0,7600.0,8200.0,8200.0,164
2019-03-29,8100.0,8300.0,7800.0,8200.0,8200.0,101
2019-04-01,8000.0,8200.0,8000.0,8200.0,8200.0,57
2019-04-02,8300.0,8400.0,8000.0,8100.0,8100.0,164
2019-04-03,8100.0,8200.0,7800.0,7900.0,7900.0,88
2019-04-04,8000.0,8000.0,7700.0,7900.0,7900.0,49
2019-04-05,7900.0,8000.0,7800.0,7900.0,7900.0,55
2019-04-08,8000.0,8000.0,7700.0,7800.0,7800.0,46
2019-04-09,7800.0,8300.0,7800.0,8000.0,8000.0,109
2019-04-10,8100.0,8100.0,7800.0,8000.0,8000.0,68
2019-04-11,8000.0,8100.0,7700.0,7800.0,7800.0,73
2019-04-12,7800.0,8000.0,7700.0,7700.0,7700.0,51
2019-04-15,7700.0,7900.0,7500.0,7600.0,7600.0,43
2019-04-16,7600.0,7700.0,7300.0,7400.0,7400.0,53
2019-04-17,7400.0,7500.0,7200.0,7200.0,7200.0,48
2019-04-18,7400.0,7400.0,7000.0,7100.0,7100.0,47
2019-04-22,7400.0,7500.0,7200.0,7200.0,7200.0,41
2019-04-23,7200.0,7400.0,7000.0,7200.0,7200.0,54
2019-04-24,7300.0,7400.0,7100.0,7300.0,7300.0,41
2019-04-25,7500.0,7500.0,7100.0,7200.0,7200.0,38
2019-04-26,7200.0,7200.0,6900.0,7000.0,7000.0,63
2019-04-29,7000.0,7300.0,6700.0,7300.0,7300.0,130
2019-04-30,7300.0,7300.0,6900.0,6900.0,6900.0,46
2019-05-01,7100.0,7100.0,6700.0,6800.0,6800.0,45
2019-05-02,6900.0,6900.0,6700.0,6800.0,6800.0,35
2019-05-03,6700.0,7300.0,6700.0,7200.0,7200.0,83
2019-05-06,7200.0,7400.0,6900.0,7100.0,7100.0,35
2019-05-07,7200.0,7200.0,6900.0,6900.0,6900.0,37
2019-05-08,7100.0,7100.0,6900.0,6900.0,6900.0,27
2019-05-09,7100.0,7100.0,6900.0,7000.0,7000.0,32
2019-05-10,6900.0,7200.0,6900.0,6900.0,6900.0,30
2019-05-13,6900.0,7000.0,6700.0,6800.0,6800.0,31
2019-05-14,6800.0,6800.0,6700.0,6700.0,6700.0,50
2019-05-15,6800.0,6800.0,6600.0,6700.0,6700.0,47
2019-05-16,6700.0,7000.0,6600.0,6700.0,6700.0,92
2019-05-17,6700.0,6700.0,6400.0,6500.0,6500.0,74
2019-05-20,6200.0,6400.0,6100.0,6200.0,6200.0,34
2019-05-21,6200.0,6700.0,6100.0,6400.0,6400.0,38
2019-05-22,6600.0,6600.0,6300.0,6400.0,6400.0,22
2019-05-23,6300.0,6300.0,6000.0,6100.0,6100.0,34
2019-05-24,6300.0,6300.0,5800.0,6000.0,6000.0,47
2019-05-28,6100.0,6100.0,5800.0,6000.0,6000.0,30
2019-05-29,6000.0,6000.0,5700.0,5900.0,5900.0,26
2019-05-30,5700.0,5700.0,5500.0,5600.0,5600.0,38
2019-05-31,5500.0,5600.0,5200.0,5300.0,5300.0,70
2019-06-03,5300.0,5500.0,5200.0,5400.0,5400.0,15
2019-06-04,5400.0,5800.0,5300.0,5600.0,5600.0,69
2019-06-05,5600.0,5600.0,5100.0,5200.0,5200.0,38
2019-06-06,5000.0,5300.0,4800.0,4800.0,4800.0,51
2019-06-07,4900.0,5100.0,4800.0,4900.0,4900.0,24
2019-06-10,5000.0,5000.0,4800.0,4800.0,4800.0,40
2019-06-11,4800.0,4900.0,4700.0,4800.0,4800.0,38
2019-06-12,4900.0,4900.0,4500.0,4600.0,4600.0,49
2019-06-13,5000.0,5700.0,4700.0,5200.0,5200.0,217
2019-06-14,5200.0,5200.0,4700.0,4800.0,4800.0,43
2019-06-17,5000.0,5000.0,4600.0,4700.0,4700.0,18
2019-06-18,4800.0,4800.0,4600.0,4600.0,4600.0,38
2019-06-19,4600.0,4700.0,4300.0,4600.0,4600.0,33
2019-06-20,4600.0,4800.0,4500.0,4600.0,4600.0,43
2019-06-21,4600.0,4700.0,4400.0,4600.0,4600.0,35
2019-06-24,4800.0,4800.0,4400.0,4400.0,4400.0,22
2019-06-25,4400.0,4600.0,4400.0,4500.0,4500.0,35
2019-06-26,4500.0,4600.0,4400.0,4500.0,4500.0,20
2019-06-27,4500.0,4500.0,4300.0,4400.0,4400.0,35
2019-06-28,4500.0,4600.0,4400.0,4500.0,4500.0,24
2019-07-01,4500.0,4600.0,4500.0,4500.0,4500.0,25
2019-07-02,4500.0,4600.0,4300.0,4300.0,4300.0,26
2019-07-03,4500.0,4600.0,4300.0,4400.0,4400.0,13
2019-07-05,4500.0,4700.0,4400.0,4500.0,4500.0,41
2019-07-08,4600.0,4700.0,4500.0,4600.0,4600.0,22
2019-07-09,4500.0,6800.0,4300.0,6500.0,6500.0,481
2019-07-10,6000.0,6000.0,5000.0,5200.0,5200.0,230
2019-07-11,5300.0,5400.0,5000.0,5100.0,5100.0,80
2019-07-12,4900.0,5000.0,4800.0,4800.0,4800.0,53
2019-07-15,5000.0,5000.0,4600.0,4900.0,4900.0,57
2019-07-16,4900.0,5000.0,4700.0,4900.0,4900.0,35
2019-07-17,5100.0,5600.0,4700.0,5000.0,5000.0,240
2019-07-18,4700.0,5000.0,4600.0,4700.0,4700.0,75
2019-07-19,4700.0,4800.0,4600.0,4700.0,4700.0,34
2019-07-22,4500.0,4800.0,4400.0,4700.0,4700.0,107
2019-07-23,4700.0,4800.0,4600.0,4700.0,4700.0,40
2019-07-24,4500.0,4700.0,4500.0,4600.0,4600.0,24
2019-07-25,4600.0,4700.0,4500.0,4600.0,4600.0,31
2019-07-26,4600.0,4600.0,4400.0,4500.0,4500.0,81
2019-07-29,4000.0,4000.0,3600.0,4000.0,4000.0,202
2019-07-30,3900.0,4000.0,3700.0,3700.0,3700.0,67
2019-07-31,3700.0,3800.0,3700.0,3700.0,3700.0,43
2019-08-01,3800.0,3900.0,3700.0,3700.0,3700.0,39
2019-08-02,3800.0,3800.0,3400.0,3500.0,3500.0,54
2019-08-05,3700.0,3700.0,3300.0,3400.0,3400.0,38
2019-08-06,3400.0,3800.0,3400.0,3600.0,3600.0,86
2019-08-07,3600.0,3600.0,3400.0,3500.0,3500.0,21
2019-08-08,3500.0,3700.0,3400.0,3600.0,3600.0,42
2019-08-09,3400.0,3700.0,3400.0,3500.0,3500.0,19
2019-08-12,3500.0,3700.0,3500.0,3500.0,3500.0,18
2019-08-13,3600.0,3600.0,3500.0,3500.0,3500.0,26
2019-08-14,3600.0,3600.0,3300.0,3500.0,3500.0,34
2019-08-15,3200.0,3500.0,3000.0,3200.0,3200.0,87
2019-08-16,3100.0,3300.0,3100.0,3300.0,3300.0,40
2019-08-19,3600.0,4200.0,3300.0,3900.0,3900.0,208
2019-08-20,3900.0,4100.0,3700.0,3700.0,3700.0,99
2019-08-21,3800.0,3800.0,3300.0,3500.0,3500.0,155
2019-08-22,2930.0,3880.0,2700.0,3200.0,3200.0,1093
2019-08-23,2910.0,3125.0,2820.0,2945.0,2945.0,350
2019-08-26,2885.0,3115.0,2875.0,3080.0,3080.0,290
2019-08-27,3115.0,3205.0,2875.0,2905.0,2905.0,182
2019-08-28,2935.0,4125.0,2875.0,3405.0,3405.0,1323
2019-08-29,3390.0,3505.0,3215.0,3425.0,3425.0,258
2019-08-30,3395.0,3670.0,3315.0,3410.0,3410.0,174
2019-09-03,3505.0,3505.0,3285.0,3330.0,3330.0,402
2019-09-04,4250.0,4590.0,3660.0,3815.0,3815.0,5842
2019-09-05,3600.0,3690.0,3355.0,3600.0,3600.0,653
2019-09-06,3430.0,3750.0,3425.0,3695.0,3695.0,211
2019-09-09,3680.0,4855.0,3575.0,4370.0,4370.0,1427
2019-09-10,4340.0,4605.0,4005.0,4150.0,4150.0,709
2019-09-11,2475.0,2500.0,2125.0,2165.0,2165.0,4707
2019-09-12,2000.0,2000.0,1835.0,1905.0,1905.0,1775
2019-09-13,1935.0,1940.0,1825.0,1910.0,1910.0,594
2019-09-16,1950.0,1995.0,1865.0,1895.0,1895.0,1033
2019-09-17,1955.0,1955.0,1645.0,1650.0,1650.0,1905
2019-09-18,1645.0,1665.0,1405.0,1560.0,1560.0,1941
2019-09-19,1540.0,1610.0,1350.0,1585.0,1585.0,588
2019-09-20,1555.0,1640.0,1550.0,1600.0,1600.0,351
2019-09-23,1600.0,1675.0,1525.0,1560.0,1560.0,467
2019-09-24,1525.0,1530.0,1440.0,1470.0,1470.0,525
2019-09-25,1455.0,1580.0,1430.0,1495.0,1495.0,491
2019-09-26,1500.0,1540.0,1430.0,1460.0,1460.0,544
2019-09-27,1460.0,1535.0,1395.0,1420.0,1420.0,498
2019-09-30,1405.0,1425.0,1350.0,1400.0,1400.0,321
2019-10-01,1410.0,1490.0,1375.0,1445.0,1445.0,549
2019-10-02,1420.0,1480.0,1365.0,1430.0,1430.0,408
2019-10-03,1410.0,1490.0,1400.0,1480.0,1480.0,843
2019-10-04,1460.0,1615.0,1460.0,1580.0,1580.0,1268
2019-10-07,1545.0,1615.0,1515.0,1520.0,1520.0,453
2019-10-08,1510.0,1600.0,1500.0,1515.0,1515.0,589
2019-10-09,1540.0,1760.0,1540.0,1665.0,1665.0,2339
2019-10-10,1665.0,1735.0,1580.0,1600.0,1600.0,1603
2019-10-11,1660.0,1715.0,1610.0,1645.0,1645.0,997
2019-10-14,1665.0,2145.0,1655.0,2030.0,2030.0,4825
2019-10-15,2020.0,2020.0,1835.0,1990.0,1990.0,1782
2019-10-16,1915.0,2100.0,1885.0,2090.0,2090.0,1110
2019-10-17,2100.0,2400.0,1990.0,2295.0,2295.0,2517
2019-10-18,2230.0,2325.0,2160.0,2185.0,2185.0,920
2019-10-21,2155.0,2245.0,2060.0,2115.0,2115.0,742
2019-10-22,1770.0,1940.0,1650.0,1720.0,1720.0,1647
2019-10-23,1750.0,1820.0,1650.0,1710.0,1710.0,894
2019-10-24,1690.0,1715.0,1540.0,1540.0,1540.0,1002
2019-10-25,1540.0,1595.0,1490.0,1515.0,1515.0,814
2019-10-28,1495.0,1670.0,1460.0,1625.0,1625.0,1350
2019-10-29,1720.0,1765.0,1575.0,1630.0,1630.0,1444
2019-10-30,1605.0,1630.0,1535.0,1535.0,1535.0,655
2019-10-31,1550.0,1625.0,1495.0,1600.0,1600.0,873
2019-11-01,1615.0,1680.0,1550.0,1620.0,1620.0,1006
2019-11-04,1610.0,1700.0,1600.0,1620.0,1620.0,814
2019-11-05,1500.0,1575.0,1420.0,1465.0,1465.0,1854
2019-11-06,1445.0,1485.0,1405.0,1420.0,1420.0,618
2019-11-07,740.0,750.0,590.0,615.0,615.0,9679
2019-11-08,625.0,625.0,520.0,530.0,530.0,3385
2019-11-11,535.0,560.0,460.0,505.0,505.0,3096
2019-11-12,515.0,515.0,470.0,475.0,475.0,928
2019-11-13,520.0,520.0,435.0,475.0,475.0,1512
2019-11-14,480.0,480.0,445.0,465.0,465.0,714
2019-11-15,465.0,465.0,410.0,420.0,420.0,1875
2019-11-18,405.0,405.0,345.0,360.0,360.0,1916
2019-11-19,360.0,380.0,340.0,375.0,375.0,990
2019-11-20,370.0,375.0,340.0,340.0,340.0,1291
2019-11-21,340.0,355.0,335.0,335.0,335.0,1101
2019-11-22,370.0,375.0,315.0,325.0,325.0,2836
2019-11-25,325.0,370.0,305.0,345.0,345.0,1993
2019-11-26,355.0,365.0,325.0,345.0,345.0,627
2019-11-27,350.0,370.0,335.0,365.0,365.0,769
2019-11-29,360.0,390.0,360.0,385.0,385.0,588
2019-12-02,385.0,430.0,385.0,405.0,405.0,1351
2019-12-03,410.0,415.0,360.0,390.0,390.0,432
2019-12-04,390.0,395.0,340.0,390.0,390.0,460
2019-12-05,375.0,390.0,365.0,385.0,385.0,176
2019-12-06,385.0,390.0,370.0,380.0,380.0,251
2019-12-09,380.0,380.0,355.0,370.0,370.0,350
2019-12-10,360.0,375.0,360.0,365.0,365.0,330
2019-12-11,365.0,380.0,360.0,375.0,375.0,326
2019-12-12,370.0,555.0,365.0,465.0,465.0,6707
2019-12-13,425.0,470.0,400.0,455.0,455.0,1275
2019-12-16,440.0,455.0,410.0,420.0,420.0,483
2019-12-17,440.0,440.0,410.0,435.0,435.0,397
2019-12-18,435.0,475.0,415.0,440.0,440.0,662
2019-12-19,470.0,490.0,425.0,475.0,475.0,1081
2019-12-20,475.0,475.0,445.0,450.0,450.0,476
2019-12-23,450.0,455.0,410.0,420.0,420.0,1039
2019-12-24,435.0,435.0,410.0,425.0,425.0,437
2019-12-26,415.0,420.0,400.0,415.0,415.0,406
2019-12-27,425.0,430.0,400.0,425.0,425.0,805
2019-12-30,425.0,425.0,400.0,410.0,410.0,989
2019-12-31,420.0,420.0,380.0,400.0,400.0,1238
2020-01-02,385.0,405.0,380.0,395.0,395.0,390
2020-01-03,395.0,490.0,395.0,480.0,480.0,2649
2020-01-06,530.0,575.0,475.0,475.0,475.0,2545
2020-01-07,460.0,480.0,450.0,465.0,465.0,817
2020-01-08,475.0,475.0,430.0,440.0,440.0,510
2020-01-09,450.0,490.0,450.0,455.0,455.0,418
2020-01-10,465.0,465.0,445.0,455.0,455.0,420
2020-01-13,455.0,470.0,425.0,425.0,425.0,519
2020-01-14,430.0,430.0,410.0,430.0,430.0,473
2020-01-15,420.0,445.0,405.0,445.0,445.0,500
2020-01-16,435.0,480.0,420.0,475.0,475.0,1085
2020-01-17,465.0,490.0,450.0,475.0,475.0,731
2020-01-21,475.0,490.0,440.0,450.0,450.0,519
2020-01-22,410.0,420.0,395.0,405.0,405.0,1394
2020-01-23,400.0,405.0,370.0,375.0,375.0,1644
2020-01-24,385.0,385.0,335.0,340.0,340.0,1313
2020-01-27,350.0,350.0,330.0,335.0,335.0,654
2020-01-28,330.0,350.0,325.0,335.0,335.0,536
2020-01-29,335.0,375.0,330.0,355.0,355.0,1151
2020-01-30,360.0,365.0,340.0,340.0,340.0,272
2020-01-31,350.0,350.0,325.0,335.0,335.0,527
2020-02-03,340.0,360.0,335.0,340.0,340.0,494
2020-02-04,335.0,350.0,335.0,350.0,350.0,241
2020-02-05,350.0,350.0,340.0,350.0,350.0,225
2020-02-06,345.0,375.0,340.0,350.0,350.0,724
2020-02-07,340.0,350.0,335.0,345.0,345.0,301
2020-02-10,340.0,340.0,335.0,335.0,335.0,361
2020-02-11,340.0,345.0,330.0,335.0,335.0,164
2020-02-12,325.0,385.0,305.0,325.0,325.0,1751
2020-02-13,340.0,340.0,315.0,320.0,320.0,762
2020-02-14,320.0,325.0,315.0,320.0,320.0,699
2020-02-18,330.0,330.0,310.0,315.0,315.0,678
2020-02-19,315.0,320.0,290.0,295.0,295.0,1255
2020-02-20,295.0,295.0,270.0,285.0,285.0,865
2020-02-21,300.0,320.0,240.0,250.0,250.0,4164
2020-02-24,240.0,240.0,215.0,225.0,225.0,1105
2020-02-25,240.0,240.0,200.0,200.0,200.0,2042
2020-02-26,205.0,210.0,170.0,180.0,180.0,3474
2020-02-27,170.0,170.0,150.0,160.0,160.0,2906
2020-02-28,155.0,165.0,145.0,165.0,165.0,2455
2020-03-02,180.0,180.0,135.0,135.0,135.0,3028
2020-03-03,150.0,175.0,135.0,135.0,135.0,12828
2020-03-04,150.0,185.0,125.0,130.0,130.0,59451
2020-03-05,120.0,125.0,105.0,120.0,120.0,11094
2020-03-06,105.0,120.0,100.0,110.0,110.0,6472
2020-03-09,95.0,95.0,85.0,90.0,90.0,5762
2020-03-10,110.0,110.0,90.0,105.0,105.0,5457
2020-03-11,105.0,115.0,95.0,100.0,100.0,4808
2020-03-12,80.0,80.0,55.0,70.0,70.0,6752
2020-03-13,80.0,95.0,60.0,60.0,60.0,15211
2020-03-16,65.0,65.0,45.0,55.0,55.0,8829
2020-03-17,65.0,70.0,50.0,50.0,50.0,20559
2020-03-18,40.0,50.0,40.0,45.0,45.0,10092
2020-03-19,45.0,50.0,40.0,45.0,45.0,10910
2020-03-20,55.0,55.0,45.0,50.0,50.0,25511
2020-03-23,50.0,50.0,45.0,50.0,50.0,15276
2020-03-24,50.0,50.0,40.0,45.0,45.0,18964
2020-03-25,45.0,55.0,45.0,45.0,45.0,56951
2020-03-26,45.0,50.0,40.0,40.0,40.0,68499
2020-03-27,45.0,160.0,40.0,115.0,115.0,727936
2020-03-30,190.0,310.0,180.0,270.0,270.0,652592
2020-03-31,120.0,180.0,110.0,125.0,125.0,393032
2020-04-01,120.0,145.0,100.0,115.0,115.0,147632
2020-04-02,125.0,135.0,100.0,110.0,110.0,89576
2020-04-03,115.0,115.0,80.0,95.0,95.0,74175
2020-04-06,100.0,130.0,90.0,120.0,120.0,220803
2020-04-07,195.0,200.0,140.0,165.0,165.0,318825
2020-04-08,145.0,160.0,135.0,155.0,155.0,96036
2020-04-09,150.0,165.0,140.0,145.0,145.0,72428
2020-04-13,150.0,150.0,130.0,135.0,135.0,47202
2020-04-14,135.0,145.0,115.0,140.0,140.0,62870
2020-04-15,100.0,115.0,95.0,115.0,115.0,205917
2020-04-16,105.0,110.0,100.0,105.0,105.0,59009
2020-04-17,110.0,130.0,110.0,115.0,115.0,90001
2020-04-20,130.0,150.0,115.0,140.0,140.0,293917
2020-04-21,155.0,170.0,140.0,145.0,145.0,250919
2020-04-22,145.0,145.0,125.0,130.0,130.0,85633
2020-04-23,120.0,140.0,115.0,130.0,130.0,124161
2020-04-24,145.0,145.0,130.0,130.0,130.0,87294
2020-04-27,135.0,140.0,125.0,130.0,130.0,59720
2020-04-28,115.0,125.0,110.0,120.0,120.0,203720
2020-04-29,115.0,115.0,110.0,110.0,110.0,160622
2020-04-30,110.0,115.0,110.0,115.0,115.0,81719
2020-05-01,110.0,110.0,105.0,105.0,105.0,44568
2020-05-04,110.0,110.0,105.0,110.0,110.0,36225
2020-05-05,105.0,110.0,100.0,100.0,100.0,56380
2020-05-06,100.0,105.0,95.0,95.0,95.0,46136
2020-05-07,100.0,110.0,95.0,100.0,100.0,55828
2020-05-08,105.0,110.0,105.0,105.0,105.0,68535
2020-05-11,115.0,115.0,105.0,105.0,105.0,63963
2020-05-12,105.0,105.0,100.0,100.0,100.0,44083
2020-05-13,100.0,100.0,95.0,95.0,95.0,40679
2020-05-14,100.0,100.0,90.0,95.0,95.0,36183
2020-05-15,75.0,80.0,70.0,70.0,70.0,243620
2020-05-18,75.0,80.0,75.0,75.0,75.0,103432
2020-05-19,80.0,90.0,70.0,75.0,75.0,304059
2020-05-20,75.0,75.0,70.0,75.0,75.0,80357
2020-05-21,75.0,75.0,70.0,70.0,70.0,60318
2020-05-22,75.0,75.0,70.0,70.0,70.0,50419
2020-05-26,75.0,75.0,65.0,70.0,70.0,81923
2020-05-27,70.0,70.0,65.0,70.0,70.0,53889
2020-05-28,70.0,70.0,65.0,65.0,65.0,50113
2020-05-29,65.0,65.0,60.0,65.0,65.0,60364
2020-06-01,70.0,70.0,65.0,65.0,65.0,43377
2020-06-02,65.0,65.0,65.0,65.0,65.0,38263
2020-06-03,65.0,65.0,65.0,65.0,65.0,45712
2020-06-04,65.0,80.0,60.0,75.0,75.0,229242
2020-06-05,110.0,150.0,95.0,115.0,115.0,891961
2020-06-08,80.0,125.0,75.0,105.0,105.0,1313008
2020-06-09,105.0,115.0,95.0,100.0,100.0,352738
2020-06-10,105.0,105.0,85.0,90.0,90.0,230310
2020-06-11,75.0,80.0,70.0,70.0,70.0,492401
2020-06-12,80.0,85.0,75.0,80.0,80.0,268292
2020-06-15,75.0,75.0,70.0,75.0,75.0,316021
2020-06-16,80.0,80.0,75.0,75.0,75.0,214490
2020-06-17,75.0,80.0,70.0,75.0,75.0,150486
2020-06-18,75.0,80.0,70.0,75.0,75.0,160968
2020-06-19,80.0,80.0,35.0,75.0,75.0,147485
2020-06-22,75.0,75.0,70.0,75.0,75.0,109844
2020-06-23,75.0,95.0,75.0,85.0,85.0,764660
2020-06-24,70.0,75.0,70.0,70.0,70.0,707898
2020-06-25,70.0,75.0,70.0,70.0,70.0,259960
2020-06-26,70.0,70.0,65.0,65.0,65.0,307328
2020-06-29,70.0,70.0,65.0,70.0,70.0,135040
2020-06-30,70.0,70.0,65.0,70.0,70.0,138272
2020-07-01,70.0,70.0,65.0,70.0,70.0,111240
2020-07-02,65.0,70.0,65.0,65.0,65.0,114552
2020-07-06,65.0,70.0,65.0,65.0,65.0,115091
2020-07-07,55.0,55.0,50.0,55.0,55.0,595904
2020-07-08,55.0,60.0,55.0,55.0,55.0,291709
2020-07-09,55.0,60.0,55.0,55.0,55.0,159959
2020-07-10,55.0,60.0,55.0,55.0,55.0,227428
2020-07-13,55.0,55.0,50.0,55.0,55.0,173160
2020-07-14,55.0,55.0,50.0,50.0,50.0,136629
2020-07-15,55.0,55.0,50.0,55.0,55.0,136167
2020-07-16,55.0,55.0,50.0,55.0,55.0,129492
2020-07-17,55.0,60.0,55.0,55.0,55.0,197783
2020-07-20,55.0,55.0,55.0,55.0,55.0,121608
2020-07-21,55.0,60.0,55.0,55.0,55.0,202531
2020-07-22,55.0,55.0,55.0,55.0,55.0,89721
2020-07-23,55.0,55.0,55.0,55.0,55.0,84452
2020-07-24,55.0,55.0,50.0,55.0,55.0,80330
2020-07-27,55.0,55.0,50.0,50.0,50.0,104747
2020-07-28,50.0,55.0,50.0,55.0,55.0,93508
2020-07-29,55.0,55.0,50.0,50.0,50.0,79428
2020-07-30,50.0,50.0,50.0,50.0,50.0,102598
2020-07-31,50.0,50.0,50.0,50.0,50.0,95604
2020-08-03,50.0,50.0,45.0,50.0,50.0,175732
2020-08-04,50.0,50.0,45.0,50.0,50.0,104951
2020-08-05,50.0,55.0,50.0,50.0,50.0,175561
2020-08-06,50.0,55.0,50.0,50.0,50.0,97518
2020-08-07,50.0,50.0,45.0,45.0,45.0,360302
2020-08-10,31.200000762939453,34.79999923706055,27.600000381469727,34.400001525878906,34.400001525878906,928625
2020-08-11,34.79999923706055,34.79999923706055,30.799999237060547,31.600000381469727,31.600000381469727,260175
2020-08-12,31.0,31.399999618530273,26.799999237060547,27.0,27.0,299980
2020-08-13,28.399999618530273,28.600000381469727,27.0,27.399999618530273,27.399999618530273,167845
2020-08-14,27.600000381469727,27.600000381469727,25.200000762939453,25.600000381469727,25.600000381469727,206025
2020-08-17,25.0,29.0,22.399999618530273,27.200000762939453,27.200000762939453,612735
2020-08-18,26.399999618530273,26.399999618530273,23.0,23.200000762939453,23.200000762939453,251000
2020-08-19,24.600000381469727,24.600000381469727,22.799999237060547,23.200000762939453,23.200000762939453,187005
2020-08-20,22.600000381469727,36.0,20.200000762939453,34.599998474121094,34.599998474121094,2871725
2020-08-21,32.0,33.0,26.0,28.399999618530273,28.399999618530273,1106180
2020-08-24,27.600000381469727,29.0,26.399999618530273,27.399999618530273,27.399999618530273,233975
2020-08-25,27.600000381469727,29.0,25.600000381469727,28.0,28.0,259835
2020-08-26,27.600000381469727,29.799999237060547,25.799999237060547,26.399999618530273,26.399999618530273,261600
2020-08-27,26.200000762939453,27.0,24.600000381469727,25.799999237060547,25.799999237060547,192730
2020-08-28,25.600000381469727,28.200000762939453,24.799999237060547,26.600000381469727,26.600000381469727,301680
2020-08-31,26.399999618530273,28.0,25.600000381469727,25.799999237060547,25.799999237060547,321235
2020-09-01,26.0,26.0,24.799999237060547,25.399999618530273,25.399999618530273,169830
2020-09-02,25.799999237060547,26.0,24.0,24.799999237060547,24.799999237060547,133890
2020-09-03,24.0,24.600000381469727,22.399999618530273,22.799999237060547,22.799999237060547,174905
2020-09-04,23.200000762939453,23.600000381469727,21.0,22.0,22.0,182505
2020-09-08,21.600000381469727,22.0,20.600000381469727,21.600000381469727,21.600000381469727,120740
2020-09-09,21.600000381469727,25.200000762939453,21.200000762939453,22.399999618530273,22.399999618530273,234955
2020-09-10,23.200000762939453,24.200000762939453,22.0,22.399999618530273,22.399999618530273,135910
2020-09-11,23.0,23.0,21.600000381469727,22.0,22.0,97165
2020-09-14,22.200000762939453,22.399999618530273,21.600000381469727,22.200000762939453,22.200000762939453,74155
2020-09-15,22.399999618530273,22.600000381469727,21.600000381469727,21.799999237060547,21.799999237060547,66895
2020-09-16,22.0,24.0,21.799999237060547,23.0,23.0,130855
2020-09-17,23.0,23.399999618530273,22.200000762939453,22.600000381469727,22.600000381469727,58345
2020-09-18,22.799999237060547,25.600000381469727,22.600000381469727,23.799999237060547,23.799999237060547,246285
2020-09-21,23.399999618530273,23.600000381469727,22.399999618530273,22.799999237060547,22.799999237060547,80150
2020-09-22,23.0,23.600000381469727,22.399999618530273,22.399999618530273,22.399999618530273,83615
2020-09-23,22.600000381469727,23.200000762939453,21.0,21.399999618530273,21.399999618530273,132540
2020-09-24,21.0,21.200000762939453,19.0,19.799999237060547,19.799999237060547,194425
2020-09-25,20.200000762939453,21.200000762939453,19.799999237060547,20.399999618530273,20.399999618530273,117760
2020-09-28,21.399999618530273,22.399999618530273,20.799999237060547,21.200000762939453,21.200000762939453,135170
2020-09-29,21.600000381469727,23.799999237060547,21.0,21.600000381469727,21.600000381469727,231540
2020-09-30,21.799999237060547,22.0,21.200000762939453,21.600000381469727,21.600000381469727,77025
2020-10-01,22.0,23.399999618530273,21.200000762939453,22.799999237060547,22.799999237060547,127715
2020-10-02,22.0,23.0,21.399999618530273,22.600000381469727,22.600000381469727,61505
2020-10-05,23.0,23.600000381469727,22.200000762939453,23.0,23.0,106815
2020-10-06,22.799999237060547,25.200000762939453,22.600000381469727,23.600000381469727,23.600000381469727,234760
2020-10-07,24.0,25.799999237060547,23.600000381469727,24.399999618530273,24.399999618530273,169455
2020-10-08,24.799999237060547,25.0,23.200000762939453,23.799999237060547,23.799999237060547,125155
2020-10-09,24.0,25.600000381469727,23.600000381469727,25.0,25.0,149150
2020-10-12,26.0,26.200000762939453,24.200000762939453,25.0,25.0,172645
2020-10-13,25.0,25.0,23.399999618530273,23.600000381469727,23.600000381469727,86450
2020-10-14,24.200000762939453,24.200000762939453,23.0,23.200000762939453,23.200000762939453,66195
2020-10-15,23.0,24.0,22.200000762939453,23.399999618530273,23.399999618530273,83545
2020-10-16,23.799999237060547,23.799999237060547,22.399999618530273,22.600000381469727,22.600000381469727,62155
2020-10-19,22.799999237060547,23.200000762939453,22.399999618530273,22.600000381469727,22.600000381469727,53335
2020-10-20,22.799999237060547,23.0,22.0,22.200000762939453,22.200000762939453,52945
2020-10-21,22.200000762939453,22.399999618530273,21.399999618530273,21.399999618530273,21.399999618530273,67385
2020-10-22,21.399999618530273,24.0,21.399999618530273,22.600000381469727,22.600000381469727,281335
2020-10-23,22.799999237060547,23.399999618530273,21.799999237060547,22.200000762939453,22.200000762939453,63940
2020-10-26,22.200000762939453,22.200000762939453,20.799999237060547,21.200000762939453,21.200000762939453,90890
2020-10-27,21.600000381469727,21.600000381469727,20.600000381469727,20.600000381469727,20.600000381469727,59105
2020-10-28,20.600000381469727,21.399999618530273,20.0,21.200000762939453,21.200000762939453,158640
2020-10-29,21.399999618530273,21.399999618530273,20.399999618530273,20.799999237060547,20.799999237060547,73250
2020-10-30,20.799999237060547,21.0,20.0,20.399999618530273,20.399999618530273,91135
2020-11-02,20.600000381469727,20.799999237060547,20.0,20.399999618530273,20.399999618530273,50495
2020-11-03,20.399999618530273,21.200000762939453,20.399999618530273,20.799999237060547,20.799999237060547,62575
2020-11-04,21.0,21.0,20.0,20.399999618530273,20.399999618530273,50280
2020-11-05,20.200000762939453,21.0,20.200000762939453,20.799999237060547,20.799999237060547,57280
2020-11-06,20.600000381469727,21.0,20.200000762939453,21.0,21.0,94110
2020-11-09,21.600000381469727,22.399999618530273,21.0,21.600000381469727,21.600000381469727,148740
2020-11-10,21.799999237060547,23.600000381469727,21.600000381469727,23.0,23.0,154505
2020-11-11,23.600000381469727,23.600000381469727,22.0,22.600000381469727,22.600000381469727,195735
2020-11-12,23.600000381469727,24.600000381469727,22.0,22.799999237060547,22.799999237060547,274450
2020-11-13,22.399999618530273,22.600000381469727,21.600000381469727,22.0,22.0,102980
2020-11-16,23.0,23.0,21.799999237060547,22.200000762939453,22.200000762939453,78910
2020-11-17,22.0,22.600000381469727,21.600000381469727,22.600000381469727,22.600000381469727,105460
2020-11-18,22.600000381469727,22.799999237060547,22.200000762939453,22.200000762939453,22.200000762939453,97895
2020-11-19,22.399999618530273,22.399999618530273,21.600000381469727,22.399999618530273,22.399999618530273,80000
2020-11-20,22.200000762939453,23.200000762939453,22.0,22.399999618530273,22.399999618530273,78595
2020-11-23,23.0,25.0,22.600000381469727,24.0,24.0,181460
2020-11-24,24.799999237060547,26.799999237060547,23.200000762939453,23.799999237060547,23.799999237060547,403665
2020-11-25,24.0,24.799999237060547,23.200000762939453,24.799999237060547,24.799999237060547,113405
2020-11-27,24.799999237060547,25.399999618530273,23.600000381469727,24.399999618530273,24.399999618530273,67825
2020-11-30,24.200000762939453,24.399999618530273,23.200000762939453,23.399999618530273,23.399999618530273,96040
2020-12-01,23.399999618530273,24.0,22.200000762939453,22.399999618530273,22.399999618530273,133075
2020-12-02,22.600000381469727,23.399999618530273,22.399999618530273,23.200000762939453,23.200000762939453,71555
2020-12-03,23.200000762939453,24.799999237060547,23.200000762939453,23.799999237060547,23.799999237060547,124240
2020-12-04,23.799999237060547,34.400001525878906,23.799999237060547,33.0,33.0,1562545
2020-12-07,30.399999618530273,32.400001525878906,27.799999237060547,29.799999237060547,29.799999237060547,449735
2020-12-08,30.200000762939453,31.799999237060547,26.399999618530273,27.399999618530273,27.399999618530273,248025
2020-12-09,29.399999618530273,29.399999618530273,24.200000762939453,24.399999618530273,24.399999618530273,346015
2020-12-10,24.600000381469727,27.799999237060547,24.0,27.600000381469727,27.600000381469727,217425
2020-12-11,27.0,27.399999618530273,25.799999237060547,26.399999618530273,26.399999618530273,95865
2020-12-14,26.799999237060547,27.0,25.200000762939453,25.600000381469727,25.600000381469727,119000
2020-12-15,25.399999618530273,26.200000762939453,24.799999237060547,25.799999237060547,25.799999237060547,76830
2020-12-16,26.399999618530273,26.600000381469727,24.799999237060547,25.399999618530273,25.399999618530273,86045
2020-12-17,25.200000762939453,25.200000762939453,24.399999618530273,24.600000381469727,24.600000381469727,87210
2020-12-18,25.0,25.0,23.799999237060547,24.0,24.0,86420
2020-12-21,24.0,24.200000762939453,23.200000762939453,23.799999237060547,23.799999237060547,100705
2020-12-22,24.0,24.0,23.200000762939453,23.600000381469727,23.600000381469727,105470
2020-12-23,23.600000381469727,25.600000381469727,23.200000762939453,24.600000381469727,24.600000381469727,163715
2020-12-24,25.399999618530273,25.600000381469727,24.399999618530273,24.799999237060547,24.799999237060547,85380
2020-12-28,25.0,25.600000381469727,24.0,24.200000762939453,24.200000762939453,118335
2020-12-29,24.200000762939453,24.200000762939453,23.200000762939453,23.799999237060547,23.799999237060547,99840
2020-12-30,24.399999618530273,25.0,23.799999237060547,24.0,24.0,125670
2020-12-31,24.399999618530273,27.0,24.200000762939453,24.200000762939453,24.200000762939453,345210
2021-01-04,25.0,25.0,23.200000762939453,24.600000381469727,24.600000381469727,106185
2021-01-05,24.799999237060547,27.399999618530273,24.200000762939453,26.600000381469727,26.600000381469727,381410
2021-01-06,27.0,27.399999618530273,25.0,25.799999237060547,25.799999237060547,150330
2021-01-07,26.399999618530273,29.799999237060547,26.0,28.600000381469727,28.600000381469727,305220
2021-01-08,29.600000381469727,30.200000762939453,27.600000381469727,28.399999618530273,28.399999618530273,235405
2021-01-11,29.0,35.599998474121094,28.399999618530273,33.0,33.0,575815
2021-01-12,33.20000076293945,38.79999923706055,33.0,34.400001525878906,34.400001525878906,480330
2021-01-13,35.0,35.599998474121094,31.0,31.799999237060547,31.799999237060547,270955
2021-01-14,32.400001525878906,33.599998474121094,30.200000762939453,32.20000076293945,32.20000076293945,215950
2021-01-15,32.20000076293945,32.20000076293945,30.0,30.200000762939453,30.200000762939453,119295
2021-01-19,31.399999618530273,32.599998474121094,30.799999237060547,31.600000381469727,31.600000381469727,136995
2021-01-20,32.400001525878906,32.400001525878906,29.600000381469727,31.0,31.0,138505
2021-01-21,31.600000381469727,34.79999923706055,30.0,32.79999923706055,32.79999923706055,322645
2021-01-22,33.0,33.0,31.399999618530273,32.79999923706055,32.79999923706055,115510
2021-01-25,33.599998474121094,41.20000076293945,31.799999237060547,39.400001525878906,39.400001525878906,617235
2021-01-26,41.20000076293945,41.400001525878906,36.400001525878906,38.79999923706055,38.79999923706055,357635
2021-01-27,35.400001525878906,37.599998474121094,31.600000381469727,33.0,33.0,378135
2021-01-28,37.20000076293945,38.400001525878906,35.0,35.79999923706055,35.79999923706055,296360
2021-01-29,37.400001525878906,55.0,35.400001525878906,42.0,42.0,1727265
2021-02-01,42.0,43.79999923706055,38.400001525878906,41.599998474121094,41.599998474121094,290390
2021-02-02,40.599998474121094,41.20000076293945,37.599998474121094,40.0,40.0,193130
2021-02-03,41.599998474121094,42.79999923706055,40.400001525878906,42.0,42.0,233130
2021-02-04,42.599998474121094,43.400001525878906,41.20000076293945,43.20000076293945,43.20000076293945,189320
2021-02-05,44.400001525878906,44.599998474121094,40.599998474121094,42.400001525878906,42.400001525878906,208135
2021-02-08,43.0,47.0,41.400001525878906,46.20000076293945,46.20000076293945,325530
2021-02-09,47.79999923706055,56.0,46.0,54.79999923706055,54.79999923706055,547245
2021-02-10,56.79999923706055,57.20000076293945,44.599998474121094,50.599998474121094,50.599998474121094,556705
2021-02-11,52.79999923706055,55.79999923706055,49.400001525878906,51.0,51.0,376640
2021-02-12,52.400001525878906,77.80000305175781,51.20000076293945,73.4000015258789,73.4000015258789,2795050
2021-02-16,66.80000305175781,75.80000305175781,62.0,73.80000305175781,73.80000305175781,818260
2021-02-17,68.4000015258789,68.80000305175781,57.400001525878906,63.599998474121094,63.599998474121094,376850
2021-02-18,62.0,63.0,53.599998474121094,53.599998474121094,53.599998474121094,275250
2021-02-19,56.400001525878906,62.0,56.400001525878906,58.400001525878906,58.400001525878906,236310
2021-02-22,57.599998474121094,64.0,57.20000076293945,57.599998474121094,57.599998474121094,205080
2021-02-23,54.20000076293945,54.20000076293945,44.20000076293945,50.79999923706055,50.79999923706055,256885
2021-02-24,53.0,55.0,51.599998474121094,52.20000076293945,52.20000076293945,126480
2021-02-25,53.20000076293945,54.0,47.599998474121094,48.599998474121094,48.599998474121094,143785
2021-02-26,47.79999923706055,49.599998474121094,43.0,47.0,47.0,147885
2021-03-01,48.79999923706055,51.0,47.0,47.400001525878906,47.400001525878906,111785
2021-03-02,48.0,52.0,47.400001525878906,49.599998474121094,49.599998474121094,127405
2021-03-03,50.20000076293945,51.0,46.0,46.400001525878906,46.400001525878906,91780
2021-03-04,46.400001525878906,46.400001525878906,39.599998474121094,41.599998474121094,41.599998474121094,175890
2021-03-05,42.0,43.0,35.400001525878906,40.79999923706055,40.79999923706055,175185
2021-03-08,41.79999923706055,43.79999923706055,41.20000076293945,42.599998474121094,42.599998474121094,101980
2021-03-09,44.20000076293945,48.0,42.0,47.599998474121094,47.599998474121094,117600
2021-03-10,49.0,49.0,44.400001525878906,48.79999923706055,48.79999923706055,137550
2021-03-11,50.79999923706055,53.0,47.599998474121094,48.20000076293945,48.20000076293945,217545
2021-03-12,48.20000076293945,51.599998474121094,47.400001525878906,49.79999923706055,49.79999923706055,189290
2021-03-15,52.599998474121094,53.599998474121094,48.599998474121094,51.79999923706055,51.79999923706055,137005
2021-03-16,54.599998474121094,55.599998474121094,48.599998474121094,51.20000076293945,51.20000076293945,227970
2021-03-17,50.79999923706055,51.79999923706055,48.599998474121094,51.400001525878906,51.400001525878906,87660
2021-03-18,51.0,52.400001525878906,46.79999923706055,47.599998474121094,47.599998474121094,139055
2021-03-19,48.20000076293945,48.79999923706055,45.0,47.400001525878906,47.400001525878906,82990
2021-03-22,48.400001525878906,48.599998474121094,44.79999923706055,45.20000076293945,45.20000076293945,83465
2021-03-23,45.400001525878906,45.79999923706055,40.400001525878906,41.400001525878906,41.400001525878906,153045
2021-03-24,42.400001525878906,43.79999923706055,40.20000076293945,40.79999923706055,40.79999923706055,94705
2021-03-25,40.20000076293945,41.79999923706055,37.0,41.0,41.0,160845
2021-03-26,42.0,43.20000076293945,39.20000076293945,41.20000076293945,41.20000076293945,94680
2021-03-29,41.20000076293945,41.20000076293945,37.0,38.400001525878906,38.400001525878906,93195
2021-03-30,35.400001525878906,39.400001525878906,35.400001525878906,38.599998474121094,38.599998474121094,86000
2021-03-31,38.79999923706055,39.79999923706055,37.599998474121094,37.79999923706055,37.79999923706055,92610
2021-04-01,38.400001525878906,40.599998474121094,38.0,39.79999923706055,39.79999923706055,66025
2021-04-05,40.0,40.0,36.400001525878906,37.20000076293945,37.20000076293945,110150
2021-04-06,37.599998474121094,37.79999923706055,36.0,36.599998474121094,36.599998474121094,59410
2021-04-07,36.79999923706055,36.79999923706055,34.599998474121094,36.0,36.0,78945
2021-04-08,36.0,36.400001525878906,33.79999923706055,35.400001525878906,35.400001525878906,74905
2021-04-09,34.79999923706055,35.599998474121094,34.0,34.20000076293945,34.20000076293945,46585
2021-04-12,35.0,35.0,31.799999237060547,31.799999237060547,31.799999237060547,70260
2021-04-13,32.0,32.599998474121094,30.399999618530273,31.0,31.0,91050
2021-04-14,30.600000381469727,36.0,30.600000381469727,33.79999923706055,33.79999923706055,172780
2021-04-15,34.400001525878906,35.79999923706055,31.399999618530273,31.799999237060547,31.799999237060547,120875
2021-04-16,31.200000762939453,31.399999618530273,28.200000762939453,29.0,29.0,175000
2021-04-19,29.0,30.200000762939453,28.200000762939453,29.0,29.0,71475
2021-04-20,29.0,29.0,26.799999237060547,27.399999618530273,27.399999618530273,89175
2021-04-21,27.799999237060547,29.600000381469727,26.799999237060547,28.200000762939453,28.200000762939453,97600
2021-04-22,29.399999618530273,31.799999237060547,28.200000762939453,30.0,30.0,103365
2021-04-23,29.799999237060547,31.600000381469727,29.799999237060547,30.399999618530273,30.399999618530273,66335
2021-04-26,31.600000381469727,33.79999923706055,31.0,33.400001525878906,33.400001525878906,74910
2021-04-27,35.0,36.20000076293945,33.0,35.0,35.0,90115
2021-04-28,35.20000076293945,36.599998474121094,33.79999923706055,36.599998474121094,36.599998474121094,59170
2021-04-29,37.599998474121094,37.599998474121094,33.20000076293945,34.599998474121094,34.599998474121094,93955
2021-04-30,34.400001525878906,34.79999923706055,33.0,33.599998474121094,33.599998474121094,61535
2021-05-03,33.599998474121094,51.400001525878906,33.20000076293945,41.599998474121094,41.599998474121094,1102110
2021-05-04,39.20000076293945,39.400001525878906,34.20000076293945,36.0,36.0,269565
2021-05-05,36.20000076293945,38.599998474121094,33.20000076293945,33.400001525878906,33.400001525878906,186370
2021-05-06,34.20000076293945,34.20000076293945,30.200000762939453,31.399999618530273,31.399999618530273,132590
2021-05-07,31.399999618530273,33.79999923706055,31.200000762939453,33.0,33.0,90400
2021-05-10,31.799999237060547,32.79999923706055,30.600000381469727,31.399999618530273,31.399999618530273,91165
2021-05-11,30.399999618530273,32.599998474121094,30.0,31.600000381469727,31.600000381469727,65085
2021-05-12,31.600000381469727,32.400001525878906,29.600000381469727,30.0,30.0,64645
2021-05-13,31.0,31.200000762939453,27.399999618530273,28.200000762939453,28.200000762939453,91580
2021-05-14,29.399999618530273,30.399999618530273,29.0,29.399999618530273,29.399999618530273,67905
2021-05-17,29.399999618530273,30.200000762939453,28.600000381469727,30.0,30.0,41760
2021-05-18,31.0,31.399999618530273,29.799999237060547,30.0,30.0,67135
2021-05-19,29.799999237060547,30.200000762939453,28.399999618530273,29.799999237060547,29.799999237060547,53530
2021-05-20,30.0,30.200000762939453,28.799999237060547,29.600000381469727,29.600000381469727,51470
2021-05-21,30.0,30.799999237060547,29.399999618530273,30.600000381469727,30.600000381469727,45725
2021-05-24,31.399999618530273,31.399999618530273,29.799999237060547,30.200000762939453,30.200000762939453,34705
2021-05-25,29.799999237060547,30.200000762939453,28.600000381469727,29.600000381469727,29.600000381469727,55915
2021-05-26,29.600000381469727,30.0,29.0,30.0,30.0,66990
2021-05-27,30.399999618530273,30.600000381469727,29.600000381469727,29.799999237060547,29.799999237060547,52805
2021-05-28,29.600000381469727,33.0,29.600000381469727,31.399999618530273,31.399999618530273,99210
2021-06-01,31.799999237060547,32.400001525878906,30.799999237060547,32.20000076293945,32.20000076293945,62635
2021-06-02,32.400001525878906,35.400001525878906,31.799999237060547,33.79999923706055,33.79999923706055,146380
2021-06-03,34.0,34.79999923706055,32.20000076293945,32.599998474121094,32.599998474121094,79175
2021-06-04,32.599998474121094,33.400001525878906,32.0,32.599998474121094,32.599998474121094,38225
2021-06-07,32.599998474121094,35.20000076293945,32.400001525878906,34.79999923706055,34.79999923706055,78145
2021-06-08,34.599998474121094,35.0,33.400001525878906,34.79999923706055,34.79999923706055,62680
2021-06-09,34.599998474121094,39.0,34.400001525878906,37.20000076293945,37.20000076293945,108210
2021-06-10,38.599998474121094,38.599998474121094,35.599998474121094,37.20000076293945,37.20000076293945,71865
2021-06-11,38.0,38.400001525878906,37.0,38.0,38.0,44590
2021-06-14,37.400001525878906,38.400001525878906,35.599998474121094,36.20000076293945,36.20000076293945,52920
2021-06-15,36.599998474121094,36.79999923706055,33.400001525878906,34.20000076293945,34.20000076293945,59735
2021-06-16,34.400001525878906,37.400001525878906,34.20000076293945,37.0,37.0,74685
2021-06-17,37.400001525878906,37.79999923706055,34.0,35.599998474121094,35.599998474121094,100885
2021-06-18,34.599998474121094,35.20000076293945,33.400001525878906,33.400001525878906,33.400001525878906,68540
2021-06-21,34.400001525878906,34.400001525878906,32.20000076293945,34.0,34.0,62930
2021-06-22,34.0,34.20000076293945,33.0,33.599998474121094,33.599998474121094,38220
2021-06-23,33.599998474121094,34.400001525878906,33.400001525878906,33.79999923706055,33.79999923706055,31295
2021-06-24,33.79999923706055,34.79999923706055,33.599998474121094,34.79999923706055,34.79999923706055,51445
2021-06-25,35.0,35.0,33.0,34.0,34.0,50855
2021-06-28,33.79999923706055,33.79999923706055,32.20000076293945,33.0,33.0,53815
2021-06-29,33.20000076293945,33.400001525878906,32.400001525878906,32.400001525878906,32.400001525878906,38475
2021-06-30,32.79999923706055,33.0,32.0,32.0,32.0,44700
2021-07-01,32.400001525878906,32.79999923706055,31.600000381469727,32.20000076293945,32.20000076293945,38305
2021-07-02,32.400001525878906,32.79999923706055,31.0,31.200000762939453,31.200000762939453,49545
2021-07-06,31.200000762939453,31.600000381469727,30.399999618530273,30.799999237060547,30.799999237060547,36525
2021-07-07,30.799999237060547,31.200000762939453,28.399999618530273,29.600000381469727,29.600000381469727,51070
2021-07-08,28.399999618530273,29.600000381469727,28.200000762939453,29.200000762939453,29.200000762939453,31520
2021-07-09,29.399999618530273,31.200000762939453,29.200000762939453,31.200000762939453,31.200000762939453,33810
2021-07-12,30.799999237060547,31.200000762939453,29.399999618530273,29.799999237060547,29.799999237060547,26235
2021-07-13,30.600000381469727,30.600000381469727,28.600000381469727,29.0,29.0,22400
2021-07-14,29.0,29.399999618530273,27.399999618530273,27.799999237060547,27.799999237060547,33745
2021-07-15,28.200000762939453,28.200000762939453,26.200000762939453,27.399999618530273,27.399999618530273,39770
2021-07-16,27.200000762939453,27.799999237060547,26.0,26.0,26.0,25230
2021-07-19,25.200000762939453,25.799999237060547,24.0,25.600000381469727,25.600000381469727,43680
2021-07-20,25.0,27.0,24.600000381469727,26.799999237060547,26.799999237060547,22660
2021-07-21,27.600000381469727,28.399999618530273,27.0,27.799999237060547,27.799999237060547,30465
2021-07-22,28.0,28.0,26.600000381469727,26.799999237060547,26.799999237060547,17990
2021-07-23,27.200000762939453,27.200000762939453,25.200000762939453,26.600000381469727,26.600000381469727,20560
2021-07-26,25.799999237060547,27.0,25.600000381469727,26.600000381469727,26.600000381469727,20560
2021-07-27,26.0,26.399999618530273,25.600000381469727,26.200000762939453,26.200000762939453,17125
2021-07-28,26.0,27.799999237060547,25.799999237060547,27.399999618530273,27.399999618530273,26660
2021-07-29,28.200000762939453,28.399999618530273,26.600000381469727,26.799999237060547,26.799999237060547,26380
2021-07-30,27.600000381469727,27.600000381469727,26.0,26.799999237060547,26.799999237060547,19670
2021-08-02,26.399999618530273,27.0,26.0,26.200000762939453,26.200000762939453,17600
2021-08-03,26.600000381469727,26.600000381469727,25.600000381469727,26.600000381469727,26.600000381469727,19605
2021-08-04,26.0,26.200000762939453,25.399999618530273,25.799999237060547,25.799999237060547,20295
2021-08-05,25.200000762939453,28.0,25.200000762939453,27.0,27.0,57165
2021-08-06,27.0,27.200000762939453,26.0,26.200000762939453,26.200000762939453,20100
2021-08-09,26.399999618530273,26.600000381469727,25.399999618530273,26.200000762939453,26.200000762939453,21795
2021-08-10,26.0,26.600000381469727,25.799999237060547,26.200000762939453,26.200000762939453,16420
2021-08-11,26.0,27.0,25.799999237060547,26.799999237060547,26.799999237060547,29895
2021-08-12,26.600000381469727,27.0,26.200000762939453,26.600000381469727,26.600000381469727,20360
2021-08-13,26.399999618530273,29.0,26.200000762939453,27.799999237060547,27.799999237060547,108305
2021-08-16,27.200000762939453,27.600000381469727,25.200000762939453,25.200000762939453,25.200000762939453,53130
2021-08-17,25.0,25.200000762939453,22.600000381469727,24.600000381469727,24.600000381469727,96970
2021-08-18,24.0,24.600000381469727,23.799999237060547,23.799999237060547,23.799999237060547,24475
2021-08-19,24.0,24.0,22.0,22.399999618530273,22.399999618530273,72935
2021-08-20,22.200000762939453,23.200000762939453,22.0,23.0,23.0,34400
2021-08-23,23.600000381469727,24.0,22.600000381469727,23.399999618530273,23.399999618530273,41355
2021-08-24,23.399999618530273,24.399999618530273,23.200000762939453,23.799999237060547,23.799999237060547,71485
2021-08-25,25.0,25.200000762939453,24.200000762939453,24.799999237060547,24.799999237060547,67410
2021-08-26,24.799999237060547,25.0,23.799999237060547,24.0,24.0,36600
2021-08-27,24.200000762939453,25.399999618530273,24.0,25.0,25.0,43495
2021-08-30,25.0,25.399999618530273,24.399999618530273,25.200000762939453,25.200000762939453,19195
2021-08-31,24.799999237060547,25.200000762939453,24.600000381469727,25.0,25.0,23585
2021-09-01,25.0,25.200000762939453,24.399999618530273,25.0,25.0,22815
2021-09-02,24.799999237060547,27.0,24.799999237060547,26.600000381469727,26.600000381469727,61840
2021-09-03,26.799999237060547,27.0,25.200000762939453,25.799999237060547,25.799999237060547,23575
2021-09-07,25.799999237060547,26.600000381469727,25.200000762939453,25.399999618530273,25.399999618530273,20575
2021-09-08,25.399999618530273,25.799999237060547,24.200000762939453,25.399999618530273,25.399999618530273,20075
2021-09-09,25.399999618530273,30.200000762939453,25.200000762939453,27.799999237060547,27.799999237060547,186295
2021-09-10,28.0,28.600000381469727,26.200000762939453,27.600000381469727,27.600000381469727,40105
2021-09-13,27.399999618530273,29.600000381469727,26.600000381469727,28.600000381469727,28.600000381469727,84015
2021-09-14,28.600000381469727,28.600000381469727,26.0,26.600000381469727,26.600000381469727,54175
2021-09-15,26.0,28.600000381469727,25.799999237060547,28.200000762939453,28.200000762939453,59015
2021-09-16,28.0,28.799999237060547,27.200000762939453,28.399999618530273,28.399999618530273,38145
2021-09-17,28.399999618530273,28.600000381469727,27.0,28.200000762939453,28.200000762939453,21725
2021-09-20,25.799999237060547,26.799999237060547,25.200000762939453,25.600000381469727,25.600000381469727,36560
2021-09-21,26.0,26.600000381469727,25.600000381469727,26.0,26.0,17015
2021-09-22,26.0,26.799999237060547,25.799999237060547,25.799999237060547,25.799999237060547,18925
2021-09-23,26.0,28.0,26.0,27.600000381469727,27.600000381469727,44185
2021-09-24,26.399999618530273,28.399999618530273,26.399999618530273,28.0,28.0,44025
2021-09-27,27.600000381469727,31.200000762939453,27.600000381469727,30.399999618530273,30.399999618530273,117235
2021-09-28,30.399999618530273,32.0,28.799999237060547,31.0,31.0,75305
2021-09-29,31.0,32.0,29.399999618530273,30.200000762939453,30.200000762939453,36865
2021-09-30,30.200000762939453,30.799999237060547,29.200000762939453,29.600000381469727,29.600000381469727,33020
2021-10-01,30.0,32.20000076293945,29.799999237060547,31.399999618530273,31.399999618530273,70375
2021-10-04,31.600000381469727,32.400001525878906,30.0,31.399999618530273,31.399999618530273,84810
2021-10-05,31.600000381469727,33.0,30.600000381469727,31.600000381469727,31.600000381469727,68095
2021-10-06,30.600000381469727,31.0,29.0,29.399999618530273,29.399999618530273,46665
2021-10-07,29.399999618530273,30.399999618530273,28.799999237060547,29.600000381469727,29.600000381469727,55330
2021-10-08,29.399999618530273,30.799999237060547,29.200000762939453,30.200000762939453,30.200000762939453,37740
2021-10-11,30.399999618530273,32.400001525878906,30.0,31.600000381469727,31.600000381469727,56255
2021-10-12,32.0,33.0,30.799999237060547,32.599998474121094,32.599998474121094,38545
2021-10-13,32.79999923706055,33.0,31.200000762939453,32.0,32.0,29750
2021-10-14,31.799999237060547,32.20000076293945,29.799999237060547,31.799999237060547,31.799999237060547,42580
2021-10-15,31.399999618530273,31.399999618530273,29.399999618530273,29.600000381469727,29.600000381469727,37035
2021-10-18,29.399999618530273,30.600000381469727,29.0,29.399999618530273,29.399999618530273,35785
2021-10-19,30.200000762939453,31.399999618530273,29.200000762939453,30.799999237060547,30.799999237060547,44655
2021-10-20,31.399999618530273,31.399999618530273,30.200000762939453,31.0,31.0,23085
2021-10-21,30.600000381469727,31.200000762939453,29.799999237060547,30.0,30.0,24780
2021-10-22,29.799999237060547,30.0,28.600000381469727,28.799999237060547,28.799999237060547,32930
2021-10-25,29.0,29.399999618530273,28.399999618530273,28.399999618530273,28.399999618530273,26175
2021-10-26,28.399999618530273,29.200000762939453,27.399999618530273,27.799999237060547,27.799999237060547,41760
2021-10-27,28.0,28.200000762939453,26.600000381469727,26.799999237060547,26.799999237060547,31095
2021-10-28,26.799999237060547,27.600000381469727,26.799999237060547,27.399999618530273,27.399999618530273,26620
2021-10-29,27.200000762939453,27.399999618530273,26.0,26.600000381469727,26.600000381469727,31985
2021-11-01,27.200000762939453,27.799999237060547,26.799999237060547,27.600000381469727,27.600000381469727,27200
2021-11-02,27.600000381469727,27.600000381469727,26.0,26.600000381469727,26.600000381469727,29845
2021-11-03,26.399999618530273,27.0,26.200000762939453,26.600000381469727,26.600000381469727,21990
2021-11-04,26.600000381469727,26.799999237060547,25.399999618530273,26.0,26.0,35620
2021-11-05,26.0,26.200000762939453,25.200000762939453,25.799999237060547,25.799999237060547,39130
2021-11-08,26.200000762939453,26.600000381469727,26.0,26.399999618530273,26.399999618530273,23600
2021-11-09,26.0,26.399999618530273,25.200000762939453,25.399999618530273,25.399999618530273,28390
2021-11-10,25.600000381469727,25.600000381469727,24.399999618530273,24.799999237060547,24.799999237060547,40320
2021-11-11,24.600000381469727,25.200000762939453,24.399999618530273,24.799999237060547,24.799999237060547,27140
2021-11-12,24.799999237060547,25.200000762939453,24.399999618530273,24.600000381469727,24.600000381469727,19285
2021-11-15,24.600000381469727,25.0,24.200000762939453,24.600000381469727,24.600000381469727,30555
2021-11-16,24.600000381469727,24.600000381469727,23.399999618530273,23.799999237060547,23.799999237060547,37730
2021-11-17,24.200000762939453,24.600000381469727,23.200000762939453,23.399999618530273,23.399999618530273,34915
2021-11-18,23.600000381469727,23.600000381469727,22.0,23.0,23.0,44105
2021-11-19,23.399999618530273,23.399999618530273,22.0,22.200000762939453,22.200000762939453,34740
2021-11-22,22.0,22.600000381469727,21.200000762939453,21.799999237060547,21.799999237060547,59765
2021-11-23,21.600000381469727,22.399999618530273,21.600000381469727,22.200000762939453,22.200000762939453,23825
2021-11-24,22.200000762939453,24.0,21.799999237060547,23.399999618530273,23.399999618530273,31955
2021-11-26,23.399999618530273,23.399999618530273,22.200000762939453,22.799999237060547,22.799999237060547,21300
2021-11-29,22.399999618530273,22.799999237060547,21.600000381469727,22.0,22.0,29945
2021-11-30,22.0,22.399999618530273,21.399999618530273,21.799999237060547,21.799999237060547,30130
2021-12-01,21.600000381469727,22.200000762939453,20.399999618530273,20.399999618530273,20.399999618530273,45975
2021-12-02,20.600000381469727,20.799999237060547,20.0,20.399999618530273,20.399999618530273,36735
2021-12-03,20.0,20.399999618530273,18.399999618530273,18.799999237060547,18.799999237060547,65640
2021-12-06,19.200000762939453,19.200000762939453,18.0,18.600000381469727,18.600000381469727,41430
2021-12-07,19.0,21.399999618530273,18.799999237060547,21.399999618530273,21.399999618530273,51025
2021-12-08,21.600000381469727,23.799999237060547,21.200000762939453,21.399999618530273,21.399999618530273,39375
2021-12-09,21.600000381469727,21.799999237060547,20.600000381469727,21.200000762939453,21.200000762939453,23165
2021-12-10,20.799999237060547,21.399999618530273,20.600000381469727,21.0,21.0,10820
2021-12-13,21.0,21.0,19.799999237060547,20.200000762939453,20.200000762939453,30775
2021-12-14,19.600000381469727,20.399999618530273,18.799999237060547,19.200000762939453,19.200000762939453,32725
2021-12-15,19.0,19.399999618530273,18.200000762939453,19.0,19.0,21640
2021-12-16,19.0,19.399999618530273,18.0,18.399999618530273,18.399999618530273,23850
2021-12-17,18.0,19.0,17.600000381469727,18.600000381469727,18.600000381469727,27590
2021-12-20,18.0,18.399999618530273,17.600000381469727,18.0,18.0,24855
2021-12-21,18.200000762939453,18.799999237060547,18.0,18.799999237060547,18.799999237060547,19535
2021-12-22,19.0,19.600000381469727,18.399999618530273,19.200000762939453,19.200000762939453,25570
2021-12-23,19.600000381469727,19.600000381469727,19.0,19.399999618530273,19.399999618530273,14635
2021-12-27,19.799999237060547,20.399999618530273,19.0,19.0,19.0,40820
2021-12-28,18.799999237060547,19.0,18.0,18.399999618530273,18.399999618530273,32610
2021-12-29,18.0,18.399999618530273,16.200000762939453,17.200000762939453,17.200000762939453,54960
2021-12-30,17.399999618530273,18.200000762939453,17.399999618530273,17.399999618530273,17.399999618530273,34395
2021-12-31,17.399999618530273,17.600000381469727,16.799999237060547,16.799999237060547,16.799999237060547,35850
2022-01-03,18.0,18.799999237060547,17.200000762939453,18.600000381469727,18.600000381469727,33755
2022-01-04,18.600000381469727,18.600000381469727,18.0,18.200000762939453,18.200000762939453,15150
2022-01-05,18.399999618530273,18.799999237060547,17.399999618530273,17.799999237060547,17.799999237060547,17035
2022-01-06,17.799999237060547,18.0,16.799999237060547,17.799999237060547,17.799999237060547,26035
2022-01-07,17.600000381469727,18.200000762939453,17.600000381469727,18.200000762939453,18.200000762939453,16210
2022-01-10,18.0,18.0,17.200000762939453,17.799999237060547,17.799999237060547,13360
2022-01-11,17.200000762939453,18.600000381469727,17.200000762939453,18.200000762939453,18.200000762939453,15175
2022-01-12,18.200000762939453,18.399999618530273,18.0,18.200000762939453,18.200000762939453,9620
2022-01-13,18.200000762939453,18.399999618530273,18.0,18.0,18.0,10540
2022-01-14,18.0,18.399999618530273,17.799999237060547,18.200000762939453,18.200000762939453,16850
2022-01-18,17.799999237060547,18.0,17.399999618530273,17.799999237060547,17.799999237060547,13045
2022-01-19,17.600000381469727,18.0,17.200000762939453,17.200000762939453,17.200000762939453,16800
2022-01-20,17.399999618530273,18.0,17.200000762939453,17.600000381469727,17.600000381469727,14025
2022-01-21,17.200000762939453,17.799999237060547,16.399999618530273,16.799999237060547,16.799999237060547,42145
2022-01-24,16.399999618530273,16.799999237060547,14.0,14.800000190734863,14.800000190734863,77790
2022-01-25,14.600000381469727,16.200000762939453,14.600000381469727,15.399999618530273,15.399999618530273,26665
2022-01-26,15.600000381469727,16.399999618530273,14.600000381469727,15.399999618530273,15.399999618530273,22460
2022-01-27,15.800000190734863,15.800000190734863,14.0,14.199999809265137,14.199999809265137,21935
2022-01-28,14.0,15.600000381469727,14.0,15.0,15.0,25410
2022-01-31,15.0,15.800000190734863,14.800000190734863,15.800000190734863,15.800000190734863,19185
2022-02-01,15.800000190734863,16.799999237060547,15.600000381469727,16.600000381469727,16.600000381469727,23255
2022-02-02,16.799999237060547,17.0,16.0,16.600000381469727,16.600000381469727,21220
2022-02-03,16.200000762939453,16.600000381469727,15.600000381469727,15.800000190734863,15.800000190734863,7945
2022-02-04,15.800000190734863,16.399999618530273,15.600000381469727,16.0,16.0,10500
2022-02-07,16.0,16.600000381469727,16.0,16.600000381469727,16.600000381469727,14500
2022-02-08,16.600000381469727,17.799999237060547,16.399999618530273,17.600000381469727,17.600000381469727,23225
2022-02-09,17.600000381469727,19.399999618530273,17.600000381469727,19.200000762939453,19.200000762939453,45300
2022-02-10,19.600000381469727,21.600000381469727,19.0,20.600000381469727,20.600000381469727,71565
2022-02-11,20.600000381469727,21.0,19.399999618530273,20.600000381469727,20.600000381469727,28790
2022-02-14,20.399999618530273,20.799999237060547,19.399999618530273,20.200000762939453,20.200000762939453,18310
2022-02-15,20.799999237060547,21.0,19.799999237060547,21.0,21.0,20145
2022-02-16,20.399999618530273,21.600000381469727,20.0,21.200000762939453,21.200000762939453,19875
2022-02-17,21.0,21.600000381469727,20.600000381469727,21.200000762939453,21.200000762939453,18005
2022-02-18,20.799999237060547,21.0,19.799999237060547,20.0,20.0,18385
2022-02-22,19.799999237060547,19.799999237060547,17.799999237060547,18.399999618530273,18.399999618530273,24340
2022-02-23,18.600000381469727,19.600000381469727,18.0,18.600000381469727,18.600000381469727,11135
2022-02-24,17.0,19.0,15.800000190734863,18.600000381469727,18.600000381469727,61745
2022-02-25,19.200000762939453,19.200000762939453,17.600000381469727,18.399999618530273,18.399999618530273,12050
2022-02-28,18.600000381469727,19.799999237060547,18.200000762939453,19.600000381469727,19.600000381469727,21190
2022-03-01,19.799999237060547,22.600000381469727,19.799999237060547,22.200000762939453,22.200000762939453,63395
2022-03-02,22.799999237060547,24.0,20.600000381469727,21.399999618530273,21.399999618530273,65195
2022-03-03,23.0,23.0,21.0,21.600000381469727,21.600000381469727,47020
2022-03-04,21.799999237060547,22.600000381469727,20.200000762939453,22.600000381469727,22.600000381469727,103720
2022-03-07,24.799999237060547,32.79999923706055,23.600000381469727,29.799999237060547,29.799999237060547,570225
2022-03-08,31.0,31.799999237060547,24.600000381469727,24.799999237060547,24.799999237060547,241120
2022-03-09,24.0,24.200000762939453,21.600000381469727,23.200000762939453,23.200000762939453,95045
2022-03-10,23.799999237060547,23.799999237060547,22.399999618530273,23.600000381469727,23.600000381469727,40120
2022-03-11,23.600000381469727,23.799999237060547,21.0,21.399999618530273,21.399999618530273,55045
2022-03-14,22.799999237060547,23.600000381469727,19.0,20.600000381469727,20.600000381469727,103435
2022-03-15,20.0,20.600000381469727,18.399999618530273,20.0,20.0,39295
2022-03-16,20.200000762939453,20.799999237060547,20.0,20.200000762939453,20.200000762939453,27540
2022-03-17,20.399999618530273,22.200000762939453,20.399999618530273,21.799999237060547,21.799999237060547,48445
2022-03-18,22.200000762939453,22.600000381469727,21.200000762939453,22.0,22.0,28590
2022-03-21,21.799999237060547,22.600000381469727,20.799999237060547,21.200000762939453,21.200000762939453,37730
2022-03-22,21.399999618530273,21.799999237060547,20.600000381469727,21.399999618530273,21.399999618530273,54695
2022-03-23,22.200000762939453,22.200000762939453,21.0,21.600000381469727,21.600000381469727,27040
2022-03-24,21.399999618530273,21.799999237060547,20.799999237060547,21.0,21.0,26685
2022-03-25,21.0,21.399999618530273,20.399999618530273,21.399999618530273,21.399999618530273,24805
2022-03-28,21.399999618530273,21.399999618530273,20.200000762939453,20.600000381469727,20.600000381469727,28390
2022-03-29,20.600000381469727,21.399999618530273,20.399999618530273,21.200000762939453,21.200000762939453,22660
2022-03-30,21.399999618530273,21.799999237060547,21.0,21.399999618530273,21.399999618530273,23045
2022-03-31,21.399999618530273,21.600000381469727,20.600000381469727,20.799999237060547,20.799999237060547,17325
2022-04-01,20.600000381469727,21.200000762939453,20.399999618530273,20.600000381469727,20.600000381469727,14285
2022-04-04,20.600000381469727,21.0,20.399999618530273,20.399999618530273,20.399999618530273,14010
2022-04-05,20.799999237060547,20.799999237060547,19.600000381469727,19.600000381469727,19.600000381469727,41530
2022-04-06,20.0,20.399999618530273,19.200000762939453,20.0,20.0,19655
2022-04-07,20.399999618530273,20.399999618530273,19.0,19.200000762939453,19.200000762939453,18440
2022-04-08,20.0,20.0,19.0,19.600000381469727,19.600000381469727,12815
2022-04-11,19.0,19.399999618530273,19.0,19.200000762939453,19.200000762939453,22160
2022-04-12,19.399999618530273,19.799999237060547,18.600000381469727,18.799999237060547,18.799999237060547,14800
2022-04-13,18.600000381469727,19.399999618530273,18.600000381469727,19.200000762939453,19.200000762939453,15015
2022-04-14,19.200000762939453,19.399999618530273,18.600000381469727,19.0,19.0,15485
2022-04-18,19.399999618530273,20.200000762939453,18.799999237060547,19.600000381469727,19.600000381469727,52225
2022-04-19,19.399999618530273,19.600000381469727,19.0,19.399999618530273,19.399999618530273,28015
2022-04-20,19.200000762939453,19.200000762939453,18.200000762939453,18.600000381469727,18.600000381469727,13210
2022-04-21,18.799999237060547,19.0,15.600000381469727,15.600000381469727,15.600000381469727,79565
2022-04-22,16.0,16.600000381469727,15.800000190734863,16.0,16.0,33445
2022-04-25,16.0,16.0,15.0,16.0,16.0,32510
2022-04-26,16.0,16.200000762939453,15.199999809265137,15.600000381469727,15.600000381469727,21045
2022-04-27,15.199999809265137,15.800000190734863,14.800000190734863,15.199999809265137,15.199999809265137,36960
2022-04-28,15.600000381469727,15.800000190734863,13.800000190734863,14.199999809265137,14.199999809265137,51660
2022-04-29,14.399999618530273,15.0,14.199999809265137,14.600000381469727,14.600000381469727,31335
2022-05-02,14.600000381469727,14.800000190734863,13.600000381469727,14.399999618530273,14.399999618530273,20145
2022-05-03,14.600000381469727,15.399999618530273,14.0,15.199999809265137,15.199999809265137,41925
2022-05-04,15.199999809265137,15.199999809265137,14.0,14.399999618530273,14.399999618530273,31065
2022-05-05,14.800000190734863,14.800000190734863,13.800000190734863,14.399999618530273,14.399999618530273,22925
2022-05-06,14.199999809265137,14.600000381469727,13.800000190734863,14.199999809265137,14.199999809265137,20310
2022-05-09,14.399999618530273,14.399999618530273,12.399999618530273,12.399999618530273,12.399999618530273,58585
2022-05-10,13.199999809265137,13.199999809265137,12.0,12.399999618530273,12.399999618530273,24525
2022-05-11,13.199999809265137,13.600000381469727,12.399999618530273,13.0,13.0,25345
2022-05-12,12.399999618530273,13.600000381469727,12.0,12.399999618530273,12.399999618530273,18115
2022-05-13,12.800000190734863,13.600000381469727,12.800000190734863,13.399999618530273,13.399999618530273,26700
2022-05-16,13.600000381469727,14.800000190734863,13.399999618530273,13.800000190734863,13.800000190734863,30285
2022-05-17,13.600000381469727,14.800000190734863,13.600000381469727,14.0,14.0,33035
2022-05-18,14.199999809265137,14.199999809265137,13.199999809265137,13.600000381469727,13.600000381469727,11365
2022-05-19,13.800000190734863,14.399999618530273,13.199999809265137,13.800000190734863,13.800000190734863,18965
2022-05-20,13.800000190734863,14.199999809265137,13.0,13.399999618530273,13.399999618530273,15650
2022-05-23,14.0,14.0,13.0,13.399999618530273,13.399999618530273,10190
2022-05-24,13.0,13.199999809265137,12.600000381469727,12.600000381469727,12.600000381469727,15180
2022-05-25,12.600000381469727,13.800000190734863,12.600000381469727,13.399999618530273,13.399999618530273,10730
2022-05-26,13.600000381469727,13.800000190734863,13.0,13.600000381469727,13.600000381469727,15935
2022-05-27,13.800000190734863,13.800000190734863,13.199999809265137,13.600000381469727,13.600000381469727,14480
2022-05-31,14.199999809265137,14.199999809265137,13.199999809265137,13.800000190734863,13.800000190734863,12075
2022-06-01,13.800000190734863,14.0,13.0,13.199999809265137,13.199999809265137,8495
2022-06-02,13.199999809265137,13.800000190734863,13.199999809265137,13.800000190734863,13.800000190734863,11545
2022-06-03,12.399999618530273,12.800000190734863,11.800000190734863,12.800000190734863,12.800000190734863,71225
2022-06-06,12.399999618530273,12.600000381469727,11.800000190734863,12.0,12.0,31865
2022-06-07,11.800000190734863,12.199999809265137,11.399999618530273,11.600000381469727,11.600000381469727,30870
2022-06-08,11.600000381469727,12.199999809265137,11.199999809265137,11.600000381469727,11.600000381469727,32120
2022-06-09,11.399999618530273,12.0,10.800000190734863,11.399999618530273,11.399999618530273,39320
2022-06-10,11.0,11.399999618530273,10.0,10.399999618530273,10.399999618530273,74940
2022-06-13,9.399999618530273,10.0,8.800000190734863,9.199999809265137,9.199999809265137,35250
2022-06-14,9.199999809265137,11.199999809265137,8.399999618530273,9.0,9.0,88765
2022-06-15,9.0,9.600000381469727,8.199999809265137,8.600000381469727,8.600000381469727,80145
2022-06-16,8.600000381469727,8.600000381469727,7.599999904632568,7.800000190734863,7.800000190734863,61705
2022-06-17,8.199999809265137,8.199999809265137,7.599999904632568,7.800000190734863,7.800000190734863,37700
2022-06-21,7.599999904632568,8.199999809265137,7.599999904632568,7.800000190734863,7.800000190734863,57070
2022-06-22,8.0,8.199999809265137,7.599999904632568,7.800000190734863,7.800000190734863,29960
2022-06-23,8.199999809265137,8.399999618530273,7.599999904632568,7.800000190734863,7.800000190734863,37985
2022-06-24,8.0,8.399999618530273,7.800000190734863,8.0,8.0,34400
2022-06-27,8.199999809265137,8.399999618530273,7.800000190734863,8.199999809265137,8.199999809265137,40110
2022-06-28,8.199999809265137,8.399999618530273,7.800000190734863,8.0,8.0,28945
2022-06-29,7.800000190734863,8.199999809265137,7.400000095367432,7.800000190734863,7.800000190734863,27435
2022-06-30,7.800000190734863,7.800000190734863,6.800000190734863,7.599999904632568,7.599999904632568,27240
2022-07-01,7.800000190734863,7.800000190734863,7.199999809265137,7.400000095367432,7.400000095367432,10475
2022-07-05,7.800000190734863,7.800000190734863,7.199999809265137,7.400000095367432,7.400000095367432,16015
2022-07-06,7.599999904632568,7.800000190734863,7.0,7.199999809265137,7.199999809265137,21750
2022-07-07,7.599999904632568,7.599999904632568,7.199999809265137,7.400000095367432,7.400000095367432,35905
2022-07-08,7.800000190734863,8.0,7.400000095367432,7.599999904632568,7.599999904632568,33370
2022-07-11,7.800000190734863,7.800000190734863,7.400000095367432,7.599999904632568,7.599999904632568,21250
2022-07-12,7.599999904632568,7.599999904632568,7.400000095367432,7.400000095367432,7.400000095367432,9425
2022-07-13,7.400000095367432,7.400000095367432,7.199999809265137,7.199999809265137,7.199999809265137,9120
2022-07-14,7.400000095367432,7.400000095367432,7.0,7.199999809265137,7.199999809265137,12160
2022-07-15,7.400000095367432,7.400000095367432,6.800000190734863,7.0,7.0,40570
2022-07-18,7.400000095367432,7.400000095367432,6.800000190734863,7.0,7.0,40245
2022-07-19,7.199999809265137,7.400000095367432,6.800000190734863,7.400000095367432,7.400000095367432,23345
2022-07-20,7.400000095367432,7.599999904632568,7.0,7.400000095367432,7.400000095367432,40650
2022-07-21,7.400000095367432,7.599999904632568,7.0,7.0,7.0,36920
2022-07-22,7.400000095367432,7.400000095367432,6.800000190734863,6.800000190734863,6.800000190734863,24170
2022-07-25,7.199999809265137,7.199999809265137,6.400000095367432,6.800000190734863,6.800000190734863,27290
2022-07-26,7.0,7.0,6.599999904632568,6.599999904632568,6.599999904632568,21545
2022-07-27,6.599999904632568,6.800000190734863,6.400000095367432,6.400000095367432,6.400000095367432,32545
2022-07-28,6.400000095367432,6.800000190734863,6.400000095367432,6.599999904632568,6.599999904632568,48930
2022-07-29,6.800000190734863,6.800000190734863,6.599999904632568,6.800000190734863,6.800000190734863,24305
2022-08-01,6.599999904632568,6.599999904632568,6.400000095367432,6.599999904632568,6.599999904632568,22325
2022-08-02,6.800000190734863,6.800000190734863,6.599999904632568,6.800000190734863,6.800000190734863,15610
2022-08-03,7.0,7.400000095367432,6.800000190734863,7.199999809265137,7.199999809265137,33745
2022-08-04,7.400000095367432,7.400000095367432,7.0,7.199999809265137,7.199999809265137,20585
2022-08-05,7.400000095367432,7.400000095367432,7.199999809265137,7.199999809265137,7.199999809265137,13630
2022-08-08,7.400000095367432,8.600000381469727,7.199999809265137,8.0,8.0,69595
2022-08-09,8.199999809265137,8.199999809265137,7.599999904632568,7.800000190734863,7.800000190734863,19345
2022-08-10,7.800000190734863,8.0,7.599999904632568,7.800000190734863,7.800000190734863,14995
2022-08-11,8.199999809265137,8.800000190734863,7.599999904632568,8.199999809265137,8.199999809265137,77980
2022-08-12,8.399999618530273,8.399999618530273,7.800000190734863,8.0,8.0,30985
2022-08-15,8.199999809265137,8.199999809265137,7.599999904632568,7.599999904632568,7.599999904632568,83450
2022-08-16,7.800000190734863,8.0,7.199999809265137,7.599999904632568,7.599999904632568,39115
2022-08-17,7.599999904632568,7.599999904632568,7.199999809265137,7.400000095367432,7.400000095367432,21915
2022-08-18,7.599999904632568,7.599999904632568,6.599999904632568,6.800000190734863,6.800000190734863,65355
2022-08-19,7.199999809265137,7.199999809265137,6.400000095367432,6.800000190734863,6.800000190734863,28175
2022-08-22,7.0,7.199999809265137,6.400000095367432,6.400000095367432,6.400000095367432,48880
2022-08-23,6.400000095367432,6.800000190734863,5.800000190734863,6.199999809265137,6.199999809265137,96225
2022-08-24,6.400000095367432,6.400000095367432,6.0,6.400000095367432,6.400000095367432,52260
2022-08-25,6.199999809265137,6.199999809265137,6.0,6.199999809265137,6.199999809265137,38620
2022-08-26,6.199999809265137,6.199999809265137,5.800000190734863,5.800000190734863,5.800000190734863,20275
2022-08-29,6.400000095367432,6.400000095367432,5.599999904632568,5.800000190734863,5.800000190734863,61325
2022-08-30,6.400000095367432,6.400000095367432,5.599999904632568,5.800000190734863,5.800000190734863,31625
2022-08-31,6.0,6.199999809265137,5.599999904632568,6.0,6.0,30320
2022-09-01,5.800000190734863,5.800000190734863,5.599999904632568,5.800000190734863,5.800000190734863,35725
2022-09-02,6.0,6.0,5.599999904632568,5.599999904632568,5.599999904632568,29100
2022-09-06,5.800000190734863,5.800000190734863,5.400000095367432,5.599999904632568,5.599999904632568,21350
2022-09-07,5.599999904632568,5.599999904632568,5.199999809265137,5.400000095367432,5.400000095367432,50525
2022-09-08,5.400000095367432,5.400000095367432,4.800000190734863,5.199999809265137,5.199999809265137,49660
2022-09-09,5.400000095367432,5.400000095367432,4.800000190734863,5.400000095367432,5.400000095367432,34455
2022-09-12,5.599999904632568,6.0,5.199999809265137,5.400000095367432,5.400000095367432,43495
2022-09-13,5.400000095367432,5.599999904632568,5.199999809265137,5.599999904632568,5.599999904632568,61420
2022-09-14,5.599999904632568,5.599999904632568,5.199999809265137,5.400000095367432,5.400000095367432,15170
2022-09-15,5.599999904632568,5.599999904632568,5.199999809265137,5.199999809265137,5.199999809265137,23165
2022-09-16,5.400000095367432,5.400000095367432,4.800000190734863,4.800000190734863,4.800000190734863,66715
2022-09-19,5.199999809265137,5.199999809265137,4.400000095367432,4.599999904632568,4.599999904632568,51670
2022-09-20,4.599999904632568,4.800000190734863,4.400000095367432,4.599999904632568,4.599999904632568,33990
2022-09-21,4.599999904632568,4.599999904632568,4.199999809265137,4.199999809265137,4.199999809265137,113385
2022-09-22,3.799999952316284,4.0,2.200000047683716,2.4000000953674316,2.4000000953674316,676135
2022-09-23,2.309999942779541,3.200000047683716,2.1500000953674316,2.5999999046325684,2.5999999046325684,6558500
2022-09-26,2.309999942779541,2.5399999618530273,2.200000047683716,2.380000114440918,2.380000114440918,424900
2022-09-27,2.359999895095825,2.450000047683716,2.25,2.3399999141693115,2.3399999141693115,215900
2022-09-28,2.869999885559082,3.8499999046325684,2.740000009536743,3.0299999713897705,3.0299999713897705,21483700
2022-09-29,2.6600000858306885,3.190000057220459,2.619999885559082,3.109999895095825,3.109999895095825,665500
2022-09-30,3.1600000858306885,3.380000114440918,3.0,3.0399999618530273,3.0399999618530273,432400
2022-10-03,3.069999933242798,3.299999952316284,3.0299999713897705,3.2699999809265137,3.2699999809265137,381100
2022-10-04,3.299999952316284,6.460000038146973,3.2699999809265137,5.429999828338623,5.429999828338623,16924600
2022-10-05,6.179999828338623,11.600000381469727,5.28000020980835,9.880000114440918,9.880000114440918,40839800
2022-10-06,8.029999732971191,9.6899995803833,6.239999771118164,6.400000095367432,6.400000095367432,7155300
2022-10-07,6.019999980926514,8.970000267028809,5.889999866485596,7.0,7.0,22966300
2022-10-10,7.090000152587891,9.0,6.0,6.0,6.0,14924700
2022-10-11,6.46999979019165,6.599999904632568,4.739999771118164,4.920000076293945,4.920000076293945,2907200
2022-10-12,4.840000152587891,6.230000019073486,4.75,5.539999961853027,5.539999961853027,4057700
2022-10-13,5.53000020980835,6.090000152587891,5.079999923706055,5.210000038146973,5.210000038146973,1317600
2022-10-14,5.199999809265137,5.480000019073486,4.909999847412109,5.050000190734863,5.050000190734863,947500
2022-10-17,5.039999961853027,5.380000114440918,4.550000190734863,4.599999904632568,4.599999904632568,974900
2022-10-18,4.510000228881836,4.840000152587891,4.300000190734863,4.460000038146973,4.460000038146973,680600
2022-10-19,4.28000020980835,5.559999942779541,4.28000020980835,5.5,5.5,1537200
2022-10-20,5.170000076293945,5.190000057220459,4.739999771118164,4.739999771118164,4.739999771118164,404100
2022-10-21,4.710000038146973,4.769999980926514,4.510000228881836,4.699999809265137,4.699999809265137,243000
2022-10-24,4.559999942779541,5.420000076293945,4.550000190734863,4.809999942779541,4.809999942779541,675000
2022-10-25,4.849999904632568,5.329999923706055,4.809999942779541,5.039999961853027,5.039999961853027,626600
2022-10-26,5.0,5.28000020980835,4.75,4.849999904632568,4.849999904632568,233700
2022-10-27,4.980000019073486,5.050000190734863,4.610000133514404,4.739999771118164,4.739999771118164,465300
2022-10-28,4.769999980926514,4.889999866485596,4.619999885559082,4.710000038146973,4.710000038146973,235300
2022-10-31,4.630000114440918,4.940000057220459,4.510000228881836,4.690000057220459,4.690000057220459,220000
2022-11-01,4.619999885559082,4.920000076293945,4.53000020980835,4.630000114440918,4.630000114440918,415500
2022-11-02,4.670000076293945,4.739999771118164,4.179999828338623,4.25,4.25,204800
2022-11-03,4.210000038146973,4.25,4.0,4.070000171661377,4.070000171661377,136300
2022-11-04,4.019999980926514,4.199999809265137,3.9000000953674316,4.050000190734863,4.050000190734863,182100
2022-11-07,4.019999980926514,4.150000095367432,3.869999885559082,3.9600000381469727,3.9600000381469727,129700
2022-11-08,3.819999933242798,3.869999885559082,3.430000066757202,3.440000057220459,3.440000057220459,238500
2022-11-09,3.440000057220459,3.609999895095825,3.200000047683716,3.2100000381469727,3.2100000381469727,129800
2022-11-10,3.299999952316284,3.6500000953674316,3.190000057220459,3.5799999237060547,3.5799999237060547,190900
2022-11-11,3.549999952316284,3.6500000953674316,3.4000000953674316,3.4200000762939453,3.4200000762939453,94500
2022-11-14,3.380000114440918,3.5,3.200000047683716,3.25,3.25,118100
2022-11-15,3.2300000190734863,3.5999999046325684,3.2200000286102295,3.4100000858306885,3.4100000858306885,156400
2022-11-16,3.3399999141693115,3.4800000190734863,3.319999933242798,3.4100000858306885,3.4100000858306885,56000
2022-11-17,3.369999885559082,3.430000066757202,3.25,3.3499999046325684,3.3499999046325684,61900
2022-11-18,3.2899999618530273,3.3299999237060547,3.200000047683716,3.25,3.25,71800
2022-11-21,3.2799999713897705,3.309999942779541,2.799999952316284,2.869999885559082,2.869999885559082,164800
2022-11-22,2.9000000953674316,2.9000000953674316,2.3499999046325684,2.3499999046325684,2.3499999046325684,239600
2022-11-23,2.359999895095825,2.359999895095825,2.2200000286102295,2.240000009536743,2.240000009536743,223100
2022-11-25,2.259999990463257,2.549999952316284,2.180000066757202,2.450000047683716,2.450000047683716,583800
2022-11-28,2.319999933242798,2.4200000762939453,2.2100000381469727,2.299999952316284,2.299999952316284,396100
2022-11-29,2.2799999713897705,2.3499999046325684,2.0199999809265137,2.0799999237060547,2.0799999237060547,644600
2022-11-30,2.2200000286102295,4.579999923706055,2.0299999713897705,3.0199999809265137,3.0199999809265137,23567900
2022-12-01,4.239999771118164,5.809999942779541,3.490000009536743,3.630000114440918,3.630000114440918,44284400
2022-12-02,5.920000076293945,5.940000057220459,4.25,4.440000057220459,4.440000057220459,31241000
2022-12-05,1.809999942779541,2.5,1.7300000190734863,2.200000047683716,2.200000047683716,29044900
2022-12-06,2.180000066757202,2.190000057220459,1.899999976158142,2.009999990463257,2.009999990463257,5299600
2022-12-07,1.9500000476837158,2.0,1.7999999523162842,1.8200000524520874,1.8200000524520874,3878800
2022-12-08,1.8700000047683716,1.8700000047683716,1.659999966621399,1.6799999475479126,1.6799999475479126,2754800
2022-12-09,1.659999966621399,1.6699999570846558,1.440000057220459,1.4500000476837158,1.4500000476837158,2802800
2022-12-12,1.4299999475479126,1.4500000476837158,1.2999999523162842,1.3600000143051147,1.3600000143051147,2302300
2022-12-13,1.4700000286102295,1.4900000095367432,1.350000023841858,1.3799999952316284,1.3799999952316284,1333100
2022-12-14,1.399999976158142,1.7300000190734863,1.350000023841858,1.5,1.5,4471300
2022-12-15,1.5,1.5399999618530273,1.409999966621399,1.4500000476837158,1.4500000476837158,1497700
2022-12-16,1.4299999475479126,1.440000057220459,1.3700000047683716,1.4199999570846558,1.4199999570846558,893200
2022-12-19,1.3600000143051147,1.3899999856948853,1.2400000095367432,1.2599999904632568,1.2599999904632568,937300
2022-12-20,1.2599999904632568,1.350000023841858,1.25,1.2699999809265137,1.2699999809265137,608400
2022-12-21,1.2899999618530273,1.3200000524520874,1.25,1.2699999809265137,1.2699999809265137,460700
2022-12-22,1.2599999904632568,1.2599999904632568,1.1299999952316284,1.1799999475479126,1.1799999475479126,1140200
2022-12-23,1.159999966621399,1.1799999475479126,1.1399999856948853,1.159999966621399,1.159999966621399,453000
2022-12-27,1.2000000476837158,1.2200000286102295,1.059999942779541,1.1100000143051147,1.1100000143051147,855400
2022-12-28,1.0800000429153442,1.1799999475479126,1.0399999618530273,1.159999966621399,1.159999966621399,832500
2022-12-29,1.1399999856948853,1.309999942779541,1.1100000143051147,1.2799999713897705,1.2799999713897705,1229000
2022-12-30,1.2899999618530273,1.3200000524520874,1.2100000381469727,1.2699999809265137,1.2699999809265137,734700
2023-01-03,1.2599999904632568,1.2699999809265137,1.159999966621399,1.2000000476837158,1.2000000476837158,407500
2023-01-04,1.1799999475479126,1.5299999713897705,1.1699999570846558,1.3799999952316284,1.3799999952316284,4905800
2023-01-05,1.2999999523162842,1.3700000047683716,1.25,1.2599999904632568,1.2599999904632568,1000400
2023-01-06,1.2599999904632568,1.2799999713897705,1.190000057220459,1.2100000381469727,1.2100000381469727,873800
2023-01-09,1.2100000381469727,1.2699999809265137,1.2100000381469727,1.2100000381469727,1.2100000381469727,480800
2023-01-10,1.2599999904632568,1.2599999904632568,1.190000057220459,1.2300000190734863,1.2300000190734863,433100
2023-01-11,1.25,1.3899999856948853,1.2200000286102295,1.25,1.25,1351600
2023-01-12,1.2799999713897705,1.3799999952316284,1.25,1.350000023841858,1.350000023841858,855400
2023-01-13,1.350000023841858,1.3600000143051147,1.2699999809265137,1.3300000429153442,1.3300000429153442,562000
2023-01-17,1.350000023841858,1.559999942779541,1.3200000524520874,1.5,1.5,1668200
2023-01-18,1.5800000429153442,1.6699999570846558,1.4500000476837158,1.4500000476837158,1.4500000476837158,1873500
2023-01-19,1.3600000143051147,1.5700000524520874,1.3600000143051147,1.5199999809265137,1.5199999809265137,689300
2023-01-20,1.5499999523162842,1.5800000429153442,1.4600000381469727,1.5,1.5,493600
2023-01-23,1.4900000095367432,1.5,1.4199999570846558,1.4500000476837158,1.4500000476837158,530300
2023-01-24,1.4600000381469727,1.4600000381469727,1.3799999952316284,1.409999966621399,1.409999966621399,399700
2023-01-25,1.399999976158142,1.399999976158142,1.3200000524520874,1.3300000429153442,1.3300000429153442,386800
2023-01-26,1.340000033378601,1.3700000047683716,1.3300000429153442,1.3700000047683716,1.3700000047683716,207600
2023-01-27,1.3799999952316284,1.3799999952316284,1.2799999713897705,1.340000033378601,1.340000033378601,426700
2023-01-30,1.3300000429153442,1.3799999952316284,1.2999999523162842,1.2999999523162842,1.2999999523162842,339500
2023-01-31,1.309999942779541,1.3799999952316284,1.2899999618530273,1.3300000429153442,1.3300000429153442,392300
2023-02-01,1.350000023841858,1.3899999856948853,1.309999942779541,1.3300000429153442,1.3300000429153442,436900
2023-02-02,1.3899999856948853,1.440000057220459,1.350000023841858,1.3799999952316284,1.3799999952316284,549600
2023-02-03,1.3899999856948853,1.4500000476837158,1.3600000143051147,1.4299999475479126,1.4299999475479126,389900
2023-02-06,1.4500000476837158,1.4500000476837158,1.3600000143051147,1.4199999570846558,1.4199999570846558,279600
2023-02-07,1.399999976158142,1.4500000476837158,1.3300000429153442,1.4299999475479126,1.4299999475479126,580100
2023-02-08,1.4299999475479126,1.4800000190734863,1.3899999856948853,1.4199999570846558,1.4199999570846558,299000
2023-02-09,1.4299999475479126,1.4500000476837158,1.3300000429153442,1.3300000429153442,1.3300000429153442,363600
2023-02-10,1.3300000429153442,1.350000023841858,1.2999999523162842,1.309999942779541,1.309999942779541,295300
2023-02-13,1.5399999618530273,2.1500000953674316,1.4199999570846558,1.649999976158142,1.649999976158142,94822100
2023-02-14,1.0499999523162842,1.0499999523162842,0.8600000143051147,0.9100000262260437,0.9100000262260437,21421000
2023-02-15,0.9100000262260437,0.9200000166893005,0.8399999737739563,0.8700000047683716,0.8700000047683716,6336400
2023-02-16,0.8600000143051147,0.8999999761581421,0.8399999737739563,0.8700000047683716,0.8700000047683716,2553100
2023-02-17,0.8799999952316284,0.8799999952316284,0.800000011920929,0.8100000023841858,0.8100000023841858,2542200
2023-02-21,0.8199999928474426,0.8299999833106995,0.75,0.7799999713897705,0.7799999713897705,1984300
2023-02-22,0.8199999928474426,0.8299999833106995,0.7599999904632568,0.7799999713897705,0.7799999713897705,2369900
2023-02-23,0.7699999809265137,0.800000011920929,0.7599999904632568,0.800000011920929,0.800000011920929,1326700
2023-02-24,0.7799999713897705,0.8500000238418579,0.7599999904632568,0.8399999737739563,0.8399999737739563,1492900
2023-02-27,0.8100000023841858,0.8299999833106995,0.800000011920929,0.800000011920929,0.800000011920929,833700
2023-02-28,0.7900000214576721,0.800000011920929,0.7699999809265137,0.7699999809265137,0.7699999809265137,899800
2023-03-01,0.7900000214576721,1.0,0.7799999713897705,0.9599999785423279,0.9599999785423279,15619100
2023-03-02,0.949999988079071,0.949999988079071,0.8399999737739563,0.9300000071525574,0.9300000071525574,2240100
2023-03-03,0.8899999856948853,0.949999988079071,0.8799999952316284,0.9200000166893005,0.9200000166893005,2267000
2023-03-06,0.9200000166893005,0.9200000166893005,0.8299999833106995,0.8399999737739563,0.8399999737739563,1171500
2023-03-07,0.8600000143051147,0.8600000143051147,0.800000011920929,0.8100000023841858,0.8100000023841858,776700
2023-03-08,0.9200000166893005,1.25,0.8299999833106995,1.0499999523162842,1.0499999523162842,49293500
2023-03-09,1.0199999809265137,1.0499999523162842,0.8700000047683716,0.9200000166893005,0.9200000166893005,7243400
2023-03-10,0.9200000166893005,1.1100000143051147,0.8799999952316284,0.949999988079071,0.949999988079071,6153800
2023-03-13,0.9200000166893005,1.0099999904632568,0.8700000047683716,0.9100000262260437,0.9100000262260437,3393500
2023-03-14,0.8899999856948853,0.9300000071525574,0.8700000047683716,0.8799999952316284,0.8799999952316284,1524000
2023-03-15,0.8500000238418579,0.8799999952316284,0.8199999928474426,0.8399999737739563,0.8399999737739563,1870800
2023-03-16,0.8299999833106995,0.8799999952316284,0.8199999928474426,0.8600000143051147,0.8600000143051147,736800
2023-03-17,0.8600000143051147,0.8799999952316284,0.8100000023841858,0.8500000238418579,0.8500000238418579,861600
2023-03-20,0.8299999833106995,0.8500000238418579,0.800000011920929,0.8199999928474426,0.8199999928474426,948500
2023-03-21,0.8299999833106995,0.9200000166893005,0.8100000023841858,0.8799999952316284,0.8799999952316284,1356100
2023-03-22,0.8799999952316284,0.9200000166893005,0.8399999737739563,0.8500000238418579,0.8500000238418579,758700
2023-03-23,0.8899999856948853,1.0,0.8199999928474426,0.8700000047683716,0.8700000047683716,5227100
2023-03-24,0.8700000047683716,0.8700000047683716,0.8299999833106995,0.8500000238418579,0.8500000238418579,742700
2023-03-27,0.8399999737739563,0.8999999761581421,0.8399999737739563,0.8899999856948853,0.8899999856948853,1078500
2023-03-28,0.8799999952316284,0.9599999785423279,0.8500000238418579,0.8899999856948853,0.8899999856948853,997700
2023-03-29,0.8899999856948853,0.9100000262260437,0.8600000143051147,0.8799999952316284,0.8799999952316284,898100
2023-03-30,0.9100000262260437,0.9100000262260437,0.8600000143051147,0.8899999856948853,0.8899999856948853,1261300
2023-03-31,0.8899999856948853,0.8999999761581421,0.8600000143051147,0.8799999952316284,0.8799999952316284,667800
2023-04-03,0.8999999761581421,0.8999999761581421,0.8700000047683716,0.8700000047683716,0.8700000047683716,630500
2023-04-04,0.8700000047683716,0.8799999952316284,0.8299999833106995,0.8799999952316284,0.8799999952316284,636000
2023-04-05,0.8700000047683716,0.8799999952316284,0.8399999737739563,0.8500000238418579,0.8500000238418579,344300
2023-04-06,0.8500000238418579,0.8700000047683716,0.8399999737739563,0.8600000143051147,0.8600000143051147,281800
2023-04-10,0.8500000238418579,0.8799999952316284,0.8299999833106995,0.8700000047683716,0.8700000047683716,544100
2023-04-11,0.8700000047683716,0.8999999761581421,0.8500000238418579,0.8600000143051147,0.8600000143051147,615100
2023-04-12,0.8700000047683716,0.8799999952316284,0.8399999737739563,0.8500000238418579,0.8500000238418579,264000
2023-04-13,0.8399999737739563,0.8799999952316284,0.8399999737739563,0.8500000238418579,0.8500000238418579,378900
2023-04-14,0.8600000143051147,0.8700000047683716,0.8399999737739563,0.8500000238418579,0.8500000238418579,316100
2023-04-17,0.8500000238418579,0.8600000143051147,0.8399999737739563,0.8500000238418579,0.8500000238418579,245100
2023-04-18,0.8399999737739563,0.8500000238418579,0.8199999928474426,0.8199999928474426,0.8199999928474426,295600
2023-04-19,0.8199999928474426,0.8399999737739563,0.800000011920929,0.8299999833106995,0.8299999833106995,351600
2023-04-20,0.8100000023841858,0.8299999833106995,0.7799999713897705,0.800000011920929,0.800000011920929,492700
2023-04-21,0.800000011920929,0.8100000023841858,0.7799999713897705,0.800000011920929,0.800000011920929,216100
2023-04-24,0.800000011920929,0.800000011920929,0.7799999713897705,0.7799999713897705,0.7799999713897705,277100
2023-04-25,0.7799999713897705,0.7900000214576721,0.699999988079071,0.7400000095367432,0.7400000095367432,819400
2023-04-26,0.7400000095367432,0.7400000095367432,0.6700000166893005,0.6800000071525574,0.6800000071525574,747200
2023-04-27,0.6899999976158142,0.699999988079071,0.6600000262260437,0.6899999976158142,0.6899999976158142,573400
2023-04-28,0.699999988079071,0.7900000214576721,0.699999988079071,0.7400000095367432,0.7400000095367432,1156700
2023-05-01,0.7599999904632568,0.7900000214576721,0.7200000286102295,0.7400000095367432,0.7400000095367432,329600
2023-05-02,0.7599999904632568,0.7599999904632568,0.699999988079071,0.7099999785423279,0.7099999785423279,286600
2023-05-03,0.7099999785423279,0.7400000095367432,0.699999988079071,0.7200000286102295,0.7200000286102295,193800
2023-05-04,0.7200000286102295,0.7300000190734863,0.6700000166893005,0.6899999976158142,0.6899999976158142,572600
2023-05-05,0.6899999976158142,0.7200000286102295,0.6899999976158142,0.7099999785423279,0.7099999785423279,278000
2023-05-08,0.7200000286102295,0.75,0.7099999785423279,0.7400000095367432,0.7400000095367432,460300
2023-05-09,0.7400000095367432,0.75,0.7099999785423279,0.7200000286102295,0.7200000286102295,249600
2023-05-10,0.7300000190734863,0.75,0.699999988079071,0.7300000190734863,0.7300000190734863,378700
2023-05-11,0.7200000286102295,0.7400000095367432,0.7099999785423279,0.7400000095367432,0.7400000095367432,143000
2023-05-12,0.7200000286102295,0.75,0.7200000286102295,0.7400000095367432,0.7400000095367432,324800
2023-05-15,0.7699999809265137,0.7699999809265137,0.7200000286102295,0.7300000190734863,0.7300000190734863,158700
2023-05-16,0.7200000286102295,0.7300000190734863,0.7200000286102295,0.7200000286102295,0.7200000286102295,75300
2023-05-17,0.7200000286102295,0.7300000190734863,0.7099999785423279,0.7200000286102295,0.7200000286102295,128500
2023-05-18,0.7300000190734863,0.7300000190734863,0.7099999785423279,0.7200000286102295,0.7200000286102295,171200
2023-05-19,0.75,0.75,0.7099999785423279,0.7200000286102295,0.7200000286102295,178100
2023-05-22,0.7200000286102295,0.7400000095367432,0.7099999785423279,0.7300000190734863,0.7300000190734863,186200
2023-05-23,0.7400000095367432,0.8299999833106995,0.7200000286102295,0.7699999809265137,0.7699999809265137,923400
2023-05-24,0.7900000214576721,0.800000011920929,0.7400000095367432,0.75,0.75,193100
2023-05-25,0.7699999809265137,0.7799999713897705,0.7099999785423279,0.7200000286102295,0.7200000286102295,305400
2023-05-26,0.75,0.75,0.7099999785423279,0.7300000190734863,0.7300000190734863,166500
2023-05-30,0.7200000286102295,0.7400000095367432,0.7200000286102295,0.7200000286102295,0.7200000286102295,144100
2023-05-31,0.7200000286102295,0.7300000190734863,0.7099999785423279,0.7099999785423279,0.7099999785423279,83400
2023-06-01,0.7300000190734863,0.7300000190734863,0.7099999785423279,0.7099999785423279,0.7099999785423279,132200
2023-06-02,0.7099999785423279,0.7200000286102295,0.6800000071525574,0.699999988079071,0.699999988079071,348200
2023-06-05,0.7200000286102295,0.7200000286102295,0.699999988079071,0.7099999785423279,0.7099999785423279,193300
2023-06-06,0.7099999785423279,0.7300000190734863,0.699999988079071,0.7200000286102295,0.7200000286102295,207000
2023-06-07,0.7300000190734863,0.75,0.699999988079071,0.699999988079071,0.699999988079071,267600
2023-06-08,0.699999988079071,0.7099999785423279,0.6899999976158142,0.699999988079071,0.699999988079071,194600
2023-06-09,0.6800000071525574,0.7099999785423279,0.6800000071525574,0.6899999976158142,0.6899999976158142,297200
2023-06-12,0.7200000286102295,0.7200000286102295,0.6800000071525574,0.6899999976158142,0.6899999976158142,308200
2023-06-13,0.699999988079071,0.699999988079071,0.6800000071525574,0.6899999976158142,0.6899999976158142,152100
2023-06-14,0.699999988079071,0.699999988079071,0.6600000262260437,0.6700000166893005,0.6700000166893005,377700
2023-06-15,0.6700000166893005,0.6899999976158142,0.6700000166893005,0.6700000166893005,0.6700000166893005,275100
2023-06-16,0.6800000071525574,0.6800000071525574,0.6600000262260437,0.6800000071525574,0.6800000071525574,396200
2023-06-20,0.6800000071525574,0.6800000071525574,0.6499999761581421,0.6600000262260437,0.6600000262260437,340600
2023-06-21,0.6800000071525574,0.6899999976158142,0.6499999761581421,0.6600000262260437,0.6600000262260437,528800
2023-06-22,0.6700000166893005,0.6700000166893005,0.6299999952316284,0.6399999856948853,0.6399999856948853,376900
2023-06-23,0.6299999952316284,0.6399999856948853,0.6200000047683716,0.6399999856948853,0.6399999856948853,176300
2023-06-26,0.6399999856948853,0.6399999856948853,0.6200000047683716,0.6299999952316284,0.6299999952316284,109700
2023-06-27,0.6299999952316284,0.6299999952316284,0.5600000023841858,0.5799999833106995,0.5799999833106995,532400
2023-06-28,0.6000000238418579,0.6000000238418579,0.5699999928474426,0.5699999928474426,0.5699999928474426,216000
2023-06-29,0.5799999833106995,0.5799999833106995,0.5600000023841858,0.5799999833106995,0.5799999833106995,199600
2023-06-30,0.5899999737739563,0.6100000143051147,0.5600000023841858,0.5699999928474426,0.5699999928474426,398500
2023-07-03,0.5899999737739563,0.6200000047683716,0.5699999928474426,0.6000000238418579,0.6000000238418579,291700
2023-07-05,0.6000000238418579,0.6200000047683716,0.6000000238418579,0.6200000047683716,0.6200000047683716,345500
2023-07-06,0.6399999856948853,0.6399999856948853,0.5899999737739563,0.6100000143051147,0.6100000143051147,159400
2023-07-07,0.6200000047683716,0.6399999856948853,0.6000000238418579,0.6200000047683716,0.6200000047683716,257200
2023-07-10,0.6399999856948853,0.6499999761581421,0.6200000047683716,0.6299999952316284,0.6299999952316284,216800
2023-07-11,0.6399999856948853,0.6499999761581421,0.6200000047683716,0.6299999952316284,0.6299999952316284,259800
2023-07-12,0.6299999952316284,0.6899999976158142,0.6299999952316284,0.6800000071525574,0.6800000071525574,774800
2023-07-13,0.6899999976158142,0.7900000214576721,0.6800000071525574,0.699999988079071,0.699999988079071,1844500
2023-07-14,0.699999988079071,0.7200000286102295,0.6899999976158142,0.699999988079071,0.699999988079071,303200
2023-07-17,0.699999988079071,0.699999988079071,0.6700000166893005,0.6899999976158142,0.6899999976158142,292600
2023-07-18,0.6700000166893005,0.699999988079071,0.6700000166893005,0.6899999976158142,0.6899999976158142,183000
2023-07-19,0.6800000071525574,0.699999988079071,0.6800000071525574,0.6800000071525574,0.6800000071525574,161500
2023-07-20,0.7300000190734863,0.75,0.6899999976158142,0.699999988079071,0.699999988079071,2311700
2023-07-21,0.7099999785423279,0.7200000286102295,0.6600000262260437,0.6800000071525574,0.6800000071525574,549800
2023-07-24,0.7099999785423279,0.7099999785423279,0.6800000071525574,0.699999988079071,0.699999988079071,265300
2023-07-25,0.699999988079071,0.699999988079071,0.6800000071525574,0.6899999976158142,0.6899999976158142,106400
2023-07-26,0.6899999976158142,0.699999988079071,0.6800000071525574,0.699999988079071,0.699999988079071,212400
2023-07-27,0.7099999785423279,0.7099999785423279,0.6800000071525574,0.6899999976158142,0.6899999976158142,129800
2023-07-28,0.6899999976158142,0.7099999785423279,0.6700000166893005,0.6899999976158142,0.6899999976158142,178800
2023-07-31,0.699999988079071,0.75,0.6800000071525574,0.7400000095367432,0.7400000095367432,579700
2023-08-01,0.7400000095367432,0.7400000095367432,0.699999988079071,0.7200000286102295,0.7200000286102295,152600
2023-08-02,0.7200000286102295,0.7300000190734863,0.6899999976158142,0.699999988079071,0.699999988079071,117500
2023-08-03,0.7099999785423279,0.7300000190734863,0.6499999761581421,0.6800000071525574,0.6800000071525574,1330200
2023-08-04,0.75,0.8299999833106995,0.699999988079071,0.7400000095367432,0.7400000095367432,6527400
2023-08-07,0.7300000190734863,0.7400000095367432,0.6800000071525574,0.6899999976158142,0.6899999976158142,847100
2023-08-08,0.6899999976158142,0.7200000286102295,0.6700000166893005,0.7099999785423279,0.7099999785423279,554600
2023-08-09,0.7099999785423279,0.7699999809265137,0.6800000071525574,0.7099999785423279,0.7099999785423279,964000
2023-08-10,0.7400000095367432,0.8399999737739563,0.7099999785423279,0.800000011920929,0.800000011920929,1657500
2023-08-11,0.8100000023841858,0.8299999833106995,0.7200000286102295,0.8199999928474426,0.8199999928474426,1420600
2023-08-14,0.800000011920929,0.8600000143051147,0.7699999809265137,0.8199999928474426,0.8199999928474426,817900
2023-08-15,0.800000011920929,0.8600000143051147,0.7799999713897705,0.8500000238418579,0.8500000238418579,710700
2023-08-16,0.8500000238418579,0.949999988079071,0.75,0.800000011920929,0.800000011920929,2217400
2023-08-17,0.7699999809265137,0.7900000214576721,0.7200000286102295,0.75,0.75,629000
2023-08-18,0.7400000095367432,0.7799999713897705,0.7400000095367432,0.7599999904632568,0.7599999904632568,235600
2023-08-21,0.7599999904632568,0.7599999904632568,0.699999988079071,0.7200000286102295,0.7200000286102295,404500
2023-08-22,0.7300000190734863,0.7400000095367432,0.7099999785423279,0.7300000190734863,0.7300000190734863,178500
2023-08-23,0.7099999785423279,0.7400000095367432,0.699999988079071,0.7200000286102295,0.7200000286102295,273900
2023-08-24,0.7099999785423279,0.7200000286102295,0.6899999976158142,0.7099999785423279,0.7099999785423279,215800
2023-08-25,0.699999988079071,0.7099999785423279,0.6899999976158142,0.699999988079071,0.699999988079071,95800
2023-08-28,0.7200000286102295,0.7200000286102295,0.699999988079071,0.7200000286102295,0.7200000286102295,104300
2023-08-29,0.7099999785423279,0.75,0.699999988079071,0.75,0.75,221900
2023-08-30,0.7400000095367432,0.7599999904632568,0.7300000190734863,0.75,0.75,100400
2023-08-31,0.75,0.7599999904632568,0.7300000190734863,0.75,0.75,164600
2023-09-01,0.75,0.7699999809265137,0.7300000190734863,0.75,0.75,197200
